flight_date,origin_state,phase_of_flight,wildlife_size,wildlife_species,time_of_day,cost_other,cost_repair,cost_total,speed_ias_in_knots
1990-01-08,Louisiana,Climb,Large,Turkey vulture,Day,0,0,0,300.0
1990-01-09,Louisiana,Approach,Medium,Unknown bird or bat,Night,0,0,0,200.0
1990-01-11,Louisiana,Take-off run,Medium,Unknown bird or bat,Day,0,0,0,130.0
1990-01-11,Louisiana,Take-off run,Small,Rock pigeon,Day,0,0,0,140.0
1990-01-12,Louisiana,Climb,Medium,Unknown bird or bat,Day,0,0,0,160.0
1990-02-02,Louisiana,Take-off run,Medium,Unknown bird or bat,Day,0,0,0,180.0
1990-02-06,Louisiana,Climb,Medium,Unknown bird or bat,Dusk,0,0,0,140.0
1990-02-22,DC,Approach,Large,Unknown bird - large,Night,0,0,0,190.0
1990-03-01,Louisiana,Climb,Medium,Unknown bird or bat,Day,0,0,0,180.0
1990-03-02,Louisiana,Take-off run,Medium,Unknown bird or bat,Dusk,0,0,0,130.0
1990-03-03,DC,Climb,Large,Unknown bird - large,Day,0,0,0,180.0
1990-03-08,Louisiana,Approach,Medium,Unknown bird or bat,Night,0,0,0,150.0
1990-03-09,DC,Approach,Medium,Unknown bird - medium,Night,0,0,0,200.0
1990-03-09,South Carolina,Approach,Medium,Unknown bird or bat,Night,0,0,0,190.0
1990-03-09,Louisiana,Take-off run,Medium,Unknown bird or bat,Night,0,0,0,150.0
1990-03-13,Louisiana,Approach,Medium,Unknown bird or bat,Day,0,4175,4175,250.0
1990-03-19,Louisiana,Approach,Medium,Unknown bird or bat,Dusk,0,0,0,150.0
1990-03-22,Missouri,Climb,Small,European starling,Day,0,0,0,160.0
1990-04-04,Louisiana,Approach,Medium,Unknown bird or bat,Night,0,0,0,135.0
1990-04-07,New York,Take-off run,Large,Canada goose,Day,0,0,0,140.0
1990-04-07,Louisiana,Take-off run,Medium,Unknown bird or bat,Dusk,0,0,0,120.0
1990-04-09,Louisiana,Approach,Medium,Unknown bird or bat,Day,0,0,0,210.0
1990-04-15,Louisiana,Climb,Medium,Unknown bird or bat,Day,0,0,0,180.0
1990-04-16,Louisiana,Climb,Medium,Unknown bird or bat,Dawn,0,0,0,150.0
1990-04-18,Louisiana,Take-off run,Medium,Unknown bird or bat,Day,0,0,0,140.0
1990-04-19,Louisiana,Approach,Medium,Unknown bird or bat,Day,0,0,0,180.0
1990-04-19,Louisiana,Take-off run,Medium,Unknown bird or bat,Night,0,0,0,140.0
1990-04-19,Louisiana,Approach,Small,Unknown bird - small,Day,0,0,0,235.0
1990-04-20,North Carolina,Approach,Medium,Unknown bird - medium,Day,0,0,0,105.0
1990-04-23,Louisiana,Approach,Medium,Unknown bird or bat,Dawn,0,0,0,190.0
1990-04-23,South Carolina,Take-off run,Medium,Unknown bird or bat,Night,0,0,0,160.0
1990-04-24,South Carolina,Approach,Medium,Unknown bird or bat,Day,0,0,0,200.0
1990-04-25,Louisiana,Approach,Medium,Unknown bird or bat,Dusk,0,0,0,140.0
1990-04-25,Louisiana,Approach,Medium,Unknown bird or bat,Night,0,0,0,170.0
1990-04-26,Louisiana,Approach,Medium,Unknown bird or bat,Night,0,0,0,180.0
1990-04-27,California,Climb,Medium,Unknown bird - medium,Day,0,0,0,230.0
1990-04-27,Illinois,Approach,Medium,Unknown bird - medium,Night,0,0,0,140.0
1990-04-28,Oregon,Approach,Medium,Unknown bird - medium,Night,0,0,0,127.0
1990-04-29,DC,Approach,Medium,Unknown bird - medium,Night,0,0,0,250.0
1990-04-30,Florida,Take-off run,Small,Unknown bird - small,Day,0,0,0,140.0
1990-05-01,Illinois,Climb,Large,White-tailed deer,Night,0,0,0,120.0
1990-05-01,Texas,Approach,Small,Unknown bird - small,Day,0,0,0,124.0
1990-05-02,Illinois,Approach,Medium,Unknown bird - medium,Night,0,0,0,130.0
1990-05-03,Texas,Descent,Small,Unknown bird - small,Night,0,0,0,320.0
1990-05-05,California,Approach,Medium,Unknown bird - medium,Night,0,0,0,260.0
1990-05-05,Oklahoma,Approach,Small,Unknown bird - small,Day,0,0,0,150.0
1990-05-05,Georgia,Approach,Small,Unknown bird - small,Night,0,0,0,180.0
1990-05-07,Indiana,Descent,Medium,Unknown bird - medium,Day,0,0,0,160.0
1990-05-07,Texas,Descent,Medium,Unknown bird - medium,Day,0,0,0,240.0
1990-05-08,Missouri,Approach,Medium,Unknown bird - medium,Night,0,0,0,180.0
1990-05-08,California,Take-off run,Small,American robin,Day,0,0,0,135.0
1990-05-10,California,Approach,Medium,Unknown bird - medium,Day,0,0,0,135.0
1990-05-10,Louisiana,Approach,Medium,Unknown bird or bat,Night,0,0,0,220.0
1990-05-11,Illinois,Climb,Medium,Unknown bird - medium,Night,0,0,0,250.0
1990-05-13,Tennessee,Approach,Small,Unknown bird - small,Day,0,0,0,140.0
1990-05-13,Texas,Approach,Small,Unknown bird - small,Day,0,0,0,160.0
1990-05-13,Tennessee,Climb,Small,European starling,Day,0,0,0,160.0
1990-05-13,Minnesota,Landing Roll,Small,American robin,Day,0,0,0,100.0
1990-05-14,Oregon,Descent,Medium,Unknown bird - medium,Night,0,0,0,200.0
1990-05-14,Missouri,Approach,Small,Unknown bird - small,Night,0,0,0,140.0
1990-05-15,Illinois,Take-off run,Large,Coyote,Day,0,0,0,150.0
1990-05-15,Illinois,Climb,Medium,Unknown bird - medium,Day,0,0,0,120.0
1990-05-15,Texas,Landing Roll,Medium,American crow,Day,0,0,0,135.0
1990-05-15,Utah,Landing Roll,Small,Common nighthawk,Day,0,0,0,150.0
1990-05-16,Hawaii,Landing Roll,Large,Unknown bird - large,Day,0,0,0,70.0
1990-05-16,Texas,Approach,Small,Unknown bird - small,Day,0,0,0,140.0
1990-05-18,Texas,Approach,Small,American robin,Night,0,0,0,122.0
1990-05-19,Missouri,Approach,Small,Unknown bird - small,Night,0,0,0,140.0
1990-05-20,DC,Approach,Small,Unknown bird - small,Night,0,0,0,120.0
1990-05-22,California,Approach,Small,Unknown bird - small,Night,0,0,0,140.0
1990-05-22,Illinois,Approach,Small,Unknown bird - small,Night,0,0,0,140.0
1990-05-23,California,Take-off run,Medium,Unknown bird - medium,Day,0,0,0,150.0
1990-05-24,South Carolina,Approach,Medium,Unknown bird or bat,Day,0,0,0,250.0
1990-05-24,Texas,Approach,Small,Unknown bird - small,Night,0,0,0,250.0
1990-05-26,Missouri,Descent,Medium,Unknown bird - medium,Day,0,0,0,160.0
1990-05-26,Texas,Take-off run,Medium,Unknown bird - medium,Day,0,0,0,140.0
1990-05-26,Ohio,Climb,Medium,Unknown bird - medium,Night,0,0,0,180.0
1990-05-26,Tennessee,Approach,Small,Unknown bird - small,Day,0,0,0,170.0
1990-05-27,California,Approach,Medium,Mallard,Day,0,0,0,140.0
1990-05-27,Kentucky,Climb,Medium,Unknown bird - medium,Night,0,0,0,180.0
1990-05-27,Texas,Approach,Small,American robin,Day,0,0,0,170.0
1990-05-29,Kentucky,Approach,Medium,Unknown bird - medium,Night,0,0,0,130.0
1990-05-29,Louisiana,Take-off run,Medium,Unknown bird or bat,Night,0,0,0,130.0
1990-05-29,Louisiana,Take-off run,Medium,Unknown bird or bat,Night,0,0,0,135.0
1990-05-29,Illinois,Climb,Small,European starling,Day,0,0,0,160.0
1990-05-30,Louisiana,Approach,Small,Unknown bird - small,Day,0,0,0,130.0
1990-05-30,Missouri,Landing Roll,Small,European starling,Day,0,0,0,140.0
1990-05-31,Missouri,Approach,Small,Unknown bird - small,Day,0,0,0,135.0
1990-05-31,Kentucky,Take-off run,Small,Unknown bird - small,Day,0,0,0,120.0
1990-06-01,Louisiana,Approach,Medium,Unknown bird or bat,Day,0,0,0,146.0
1990-06-01,Texas,Landing Roll,Small,European starling,Day,0,0,0,120.0
1990-06-04,Texas,Descent,Small,Unknown bird - small,Night,0,0,0,210.0
1990-06-05,Oklahoma,Climb,Small,Rock pigeon,Day,0,0,0,180.0
1990-06-06,Missouri,Approach,Small,Unknown bird - small,Night,0,0,0,210.0
1990-06-07,Pennsylvania,Landing Roll,Medium,Unknown bird or bat,Day,0,0,0,120.0
1990-06-07,Louisiana,Take-off run,Medium,Unknown bird or bat,Day,0,0,0,200.0
1990-06-07,Illinois,Approach,Small,Unknown bird - small,Day,0,0,0,210.0
1990-06-08,California,Approach,Small,Unknown bird - small,Day,0,0,0,135.0
1990-06-09,Tennessee,Approach,Small,Unknown bird - small,Day,0,0,0,136.0
1990-06-09,Maryland,Take-off run,Small,Unknown bird - small,Day,0,0,0,130.0
1990-06-11,Pennsylvania,Landing Roll,Small,Unknown bird - small,Day,0,0,0,140.0
1990-06-12,Louisiana,Take-off run,Medium,Unknown bird or bat,Day,0,0,0,150.0
1990-06-12,Oklahoma,Approach,Small,Mourning dove,Day,0,0,0,135.0
1990-06-14,Texas,Approach,Medium,Unknown bird - medium,Night,0,0,0,250.0
1990-06-14,Kentucky,Landing Roll,Small,American robin,Day,0,0,0,120.0
1990-06-14,Tennessee,Landing Roll,Small,American robin,Dusk,0,0,0,85.0
1990-06-17,Oklahoma,Climb,Medium,Unknown bird - medium,Night,0,0,0,180.0
1990-06-18,Massachusetts,Approach,Medium,Herring gull,Dawn,48704,0,48704,130.0
1990-06-19,Louisiana,Take-off run,Medium,Unknown bird or bat,Night,0,0,0,130.0
1990-06-19,Pennsylvania,Approach,Small,Unknown bird - small,Day,0,0,0,130.0
1990-06-20,California,Take-off run,Medium,Unknown bird - medium,Day,0,0,0,140.0
1990-06-21,Florida,Approach,Medium,Unknown bird - medium,Day,0,0,0,140.0
1990-06-22,Louisiana,Approach,Medium,Unknown bird or bat,Day,0,0,0,150.0
1990-06-23,Texas,Approach,Medium,Unknown bird - medium,Day,0,0,0,250.0
1990-06-23,Ohio,Landing Roll,Medium,American crow,Day,0,0,0,110.0
1990-06-23,Ohio,Landing Roll,Medium,American crow,Day,0,0,0,100.0
1990-06-23,California,Take-off run,Medium,Unknown bird - medium,Dusk,0,0,0,110.0
1990-06-23,Ohio,Climb,Small,Unknown bird - small,Day,0,0,0,140.0
1990-06-26,Louisiana,Climb,Medium,Unknown bird or bat,Night,0,0,0,160.0
1990-06-26,Nebraska,Approach,Small,Unknown bird - small,Day,0,0,0,140.0
1990-06-27,New Jersey,Landing Roll,Medium,Unknown bird - medium,Day,0,0,0,40.0
1990-06-28,Illinois,Approach,Small,Unknown bird - small,Day,0,0,0,130.0
1990-06-28,Texas,Approach,Small,Unknown bird - small,Night,0,0,0,250.0
1990-06-30,Illinois,Landing Roll,Small,Unknown bird - small,Day,0,0,0,145.0
1990-07-01,Texas,Approach,Small,Unknown bird - small,Day,0,0,0,140.0
1990-07-03,Hawaii,Approach,Medium,Unknown bird - medium,Night,0,0,0,137.0
1990-07-03,Texas,Approach,Small,Unknown bird - small,Day,0,0,0,140.0
1990-07-05,North Carolina,Approach,Small,Unknown bird - small,Day,0,0,0,125.0
1990-07-06,South Carolina,Take-off run,Medium,Unknown bird - medium,Day,0,0,0,100.0
1990-07-06,California,Approach,Small,Unknown bird - small,Day,0,0,0,125.0
1990-07-07,Kentucky,Take-off run,Small,Unknown bird - small,Day,0,0,0,140.0
1990-07-08,California,Take-off run,Medium,Unknown bird - medium,Day,0,0,0,140.0
1990-07-08,Utah,Approach,Medium,Unknown bird - medium,Day,0,0,0,140.0
1990-07-08,North Carolina,Approach,Small,Unknown bird - small,Day,0,0,0,134.0
1990-07-08,Illinois,Climb,Small,Unknown bird - small,Day,0,0,0,210.0
1990-07-09,Washington,Climb,Medium,Unknown bird - medium,Day,0,0,0,200.0
1990-07-10,Georgia,Approach,Medium,Unknown bird - medium,Day,0,0,0,140.0
1990-07-10,Tennessee,Approach,Small,Unknown bird - small,Night,0,0,0,130.0
1990-07-11,Utah,Descent,Large,Unknown bird - large,Day,0,0,0,350.0
1990-07-11,Georgia,Landing Roll,Small,European starling,Dawn,0,0,0,130.0
1990-07-11,California,Approach,Small,Unknown bird - small,Day,0,0,0,140.0
1990-07-12,Ohio,Approach,Small,American robin,Day,0,0,0,130.0
1990-07-13,Hawaii,Take-off run,Small,Short-eared owl,Dawn,0,0,0,85.0
1990-07-13,California,Landing Roll,Small,American kestrel,Day,0,0,0,125.0
1990-07-15,Pennsylvania,Approach,Medium,Unknown bird - medium,Night,0,0,0,160.0
1990-07-15,Tennessee,Landing Roll,Small,Unknown bird - small,Dusk,0,0,0,120.0
1990-07-16,California,Climb,Large,Canada goose,Dusk,0,0,0,130.0
1990-07-16,Missouri,Approach,Small,Unknown bird - small,Day,0,0,0,140.0
1990-07-16,New Jersey,Climb,Small,Laughing gull,Day,0,0,0,120.0
1990-07-17,Texas,Approach,Small,Unknown bird - small,Day,0,0,0,130.0
1990-07-17,New Jersey,Take-off run,Small,Laughing gull,Day,0,0,0,140.0
1990-07-19,Pennsylvania,Take-off run,Small,Unknown bird - small,Day,0,0,0,125.0
1990-07-20,Georgia,Climb,Medium,Unknown bird - medium,Day,0,0,0,190.0
1990-07-21,New Jersey,Landing Roll,Large,Unknown bird - large,Day,0,0,0,140.0
1990-07-22,Texas,Approach,Small,Unknown bird - small,Day,0,0,0,140.0
1990-07-23,Missouri,Landing Roll,Medium,Unknown bird - medium,Night,0,0,0,120.0
1990-07-23,New Jersey,Take-off run,Medium,Unknown bird - medium,Night,0,0,0,140.0
1990-07-23,Ohio,Climb,Small,Unknown bird - small,Day,0,0,0,140.0
1990-07-24,Missouri,Climb,Small,Unknown bird - small,Day,0,0,0,220.0
1990-07-25,Kentucky,Approach,Small,Unknown bird - small,Day,0,0,0,120.0
1990-07-26,Illinois,Approach,Medium,Unknown bird - medium,Day,0,0,0,135.0
1990-07-26,Texas,Approach,Small,Unknown bird - small,Day,0,0,0,130.0
1990-07-28,Texas,Take-off run,Medium,Unknown bird - medium,Day,0,0,0,120.0
1990-07-29,California,Approach,Medium,Unknown bird - medium,Day,0,0,0,100.0
1990-07-29,New Jersey,Climb,Small,Laughing gull,Day,0,0,0,140.0
1990-07-29,Texas,Climb,Small,Unknown bird - small,Day,0,0,0,250.0
1990-07-30,Pennsylvania,Approach,Large,Canada goose,Day,0,0,0,130.0
1990-07-30,Texas,Approach,Small,Unknown bird - small,Day,0,0,0,128.0
1990-07-31,Texas,Climb,Small,Unknown bird - small,Day,0,0,0,120.0
1990-08-01,Illinois,Approach,Small,Rock pigeon,Day,0,0,0,125.0
1990-08-01,Pennsylvania,Approach,Small,Unknown bird - small,Night,0,0,0,170.0
1990-08-02,New York,Approach,Medium,Herring gull,Day,0,0,0,140.0
1990-08-02,Texas,Take-off run,Small,Unknown bird - small,Day,0,0,0,110.0
1990-08-03,Texas,Approach,Medium,Unknown bird - medium,Day,0,0,0,210.0
1990-08-04,Louisiana,Approach,Medium,Unknown bird or bat,Day,0,0,0,165.0
1990-08-04,Illinois,Climb,Medium,Unknown bird - medium,Night,0,0,0,250.0
1990-08-05,Tennessee,Approach,Small,Unknown bird - small,Day,0,0,0,132.0
1990-08-05,Maryland,Landing Roll,Small,Unknown bird - small,Day,0,0,0,80.0
1990-08-05,Tennessee,Landing Roll,Small,Unknown bird - small,Day,0,0,0,130.0
1990-08-06,Louisiana,Approach,Medium,Unknown bird or bat,Day,0,0,0,165.0
1990-08-06,Texas,Landing Roll,Small,Unknown bird - small,Day,0,0,0,122.0
1990-08-06,Texas,Take-off run,Small,Unknown bird - small,Day,0,0,0,100.0
1990-08-09,California,Climb,Medium,Unknown bird - medium,Day,0,0,0,165.0
1990-08-09,Texas,Approach,Small,Horned lark,Day,0,0,0,132.0
1990-08-09,California,Landing Roll,Small,Rock pigeon,Day,0,0,0,100.0
1990-08-10,California,Approach,Medium,Unknown bird - medium,Night,0,0,0,180.0
1990-08-12,Arizona,Climb,Medium,Unknown bird - medium,Day,0,0,0,200.0
1990-08-12,California,Approach,Medium,Unknown bird - medium,Night,0,0,0,140.0
1990-08-13,New Jersey,Take-off run,Medium,Unknown bird - medium,Night,0,0,0,140.0
1990-08-13,Utah,Climb,Small,Unknown bird - small,Day,0,0,0,150.0
1990-08-15,Tennessee,Approach,Medium,Unknown bird - medium,Day,0,0,0,210.0
1990-08-15,New York,Approach,Small,American robin,Day,0,0,0,160.0
1990-08-16,North Carolina,Approach,Small,Rock pigeon,Day,0,0,0,130.0
1990-08-16,Tennessee,Take-off run,Small,Unknown bird - small,Day,0,0,0,160.0
1990-08-17,Louisiana,Approach,Medium,Unknown bird or bat,Day,0,0,0,145.0
1990-08-17,Illinois,Approach,Small,Unknown bird - small,Night,0,0,0,170.0
1990-08-18,Tennessee,Approach,Medium,Unknown bird - medium,Day,0,0,0,210.0
1990-08-18,Minnesota,Landing Roll,Medium,Unknown bird or bat,Day,0,0,0,123.0
1990-08-19,Oklahoma,Climb,Medium,Unknown bird - medium,Day,0,0,0,250.0
1990-08-19,Nebraska,Approach,Small,European starling,Day,0,0,0,135.0
1990-08-20,Texas,Approach,Small,Unknown bird - small,Night,0,0,0,150.0
1990-08-20,Texas,Descent,Small,Unknown bird - small,Night,0,0,0,250.0
1990-08-21,Illinois,Climb,Medium,Unknown bird - medium,Day,0,0,0,145.0
1990-08-21,Pennsylvania,Take-off run,Small,Unknown bird - small,Day,0,0,0,140.0
1990-08-22,Kentucky,Approach,Small,Unknown bird - small,Night,0,0,0,130.0
1990-08-23,Louisiana,Approach,Medium,Unknown bird or bat,Night,0,0,0,150.0
1990-08-23,Indiana,Take-off run,Small,Mourning dove,Day,0,0,0,95.0
1990-08-24,Pennsylvania,Approach,Medium,Unknown bird - medium,Night,0,0,0,140.0
1990-08-24,Texas,Climb,Small,Unknown bird - small,Day,0,0,0,150.0
1990-08-24,Pennsylvania,Approach,Small,Unknown bird - small,Day,0,0,0,135.0
1990-08-24,Pennsylvania,Approach,Small,Unknown bird - small,Day,0,0,0,145.0
1990-08-25,Illinois,Approach,Medium,Unknown bird - medium,Day,0,0,0,125.0
1990-08-25,Texas,Approach,Small,Unknown bird - small,Day,0,0,0,135.0
1990-08-25,California,Approach,Small,Unknown bird - small,Night,0,0,0,103.0
1990-08-27,California,Climb,Medium,Unknown bird - medium,Day,0,0,0,160.0
1990-08-27,California,Take-off run,Medium,Red-tailed hawk,Day,0,0,0,40.0
1990-08-27,Utah,Climb,Medium,Unknown bird - medium,Night,0,0,0,140.0
1990-08-28,Oklahoma,Descent,Large,Unknown bird - large,Night,0,0,0,250.0
1990-08-28,Texas,Climb,Medium,Unknown bird - medium,Night,0,0,0,250.0
1990-08-28,Texas,Climb,Small,Rock pigeon,Day,0,0,0,145.0
1990-08-28,Texas,Climb,Small,Unknown bird - small,Day,0,0,0,250.0
1990-08-29,Oregon,Approach,Small,Unknown bird - small,Day,0,0,0,130.0
1990-08-29,Louisiana,Climb,Small,Unknown bird - small,Day,0,0,0,180.0
1990-08-29,Texas,Approach,Small,Unknown bird - small,Night,0,0,0,140.0
1990-08-30,Tennessee,Approach,Medium,Unknown bird - medium,Day,0,0,0,140.0
1990-08-30,Texas,Approach,Small,Unknown bird - small,Day,0,0,0,210.0
1990-08-30,Texas,Climb,Small,Unknown bird - small,Day,0,0,0,195.0
1990-08-31,Texas,Descent,Medium,Unknown bird - medium,Day,0,0,0,250.0
1990-08-31,Michigan,Approach,Medium,Unknown bird - medium,Dusk,0,0,0,140.0
1990-08-31,Illinois,Approach,Medium,Unknown bird - medium,Night,0,0,0,170.0
1990-08-31,New York,Approach,Medium,Unknown bird - medium,Night,0,0,0,150.0
1990-08-31,Texas,Approach,Small,Unknown bird - small,Day,0,0,0,210.0
1990-09-01,Texas,Approach,Medium,Unknown bird - medium,Day,0,0,0,140.0
1990-09-01,North Carolina,Take-off run,Medium,Unknown bird - medium,Dusk,0,0,0,130.0
1990-09-01,Michigan,Take-off run,Small,Unknown bird - small,Day,0,0,0,150.0
1990-09-03,Texas,Approach,Medium,Unknown bird - medium,Night,0,0,0,250.0
1990-09-04,Georgia,Climb,Small,European starling,Day,0,0,0,150.0
1990-09-05,Pennsylvania,Approach,Small,Unknown bird - small,Day,0,0,0,180.0
1990-09-05,Pennsylvania,Take-off run,Small,European starling,Day,0,0,0,140.0
1990-09-05,Illinois,Approach,Small,Rock pigeon,Dusk,0,0,0,135.0
1990-09-06,DC,Climb,Small,Unknown bird - small,Day,0,0,0,240.0
1990-09-06,Illinois,Climb,Small,Unknown bird - small,Day,0,0,0,135.0
1990-09-06,Illinois,Climb,Small,Unknown bird - small,Day,0,0,0,250.0
1990-09-06,Tennessee,Approach,Small,Unknown bird - small,Dusk,0,0,0,140.0
1990-09-07,Missouri,Approach,Medium,Unknown bird - medium,Night,0,0,0,140.0
1990-09-07,Texas,Approach,Medium,Unknown bird - medium,Night,0,0,0,140.0
1990-09-07,New Jersey,Landing Roll,Small,American robin,Day,0,0,0,100.0
1990-09-07,Pennsylvania,Take-off run,Small,European starling,Day,0,0,0,120.0
1990-09-09,Texas,Approach,Small,Unknown bird - small,Dusk,0,0,0,140.0
1990-09-10,DC,Approach,Medium,Unknown bird - medium,Day,0,0,0,140.0
1990-09-10,Illinois,Approach,Medium,American crow,Day,0,0,0,150.0
1990-09-10,Hawaii,Approach,Medium,Unknown bird - medium,Night,0,0,0,125.0
1990-09-10,Louisiana,Approach,Small,Unknown bird - small,Day,0,0,0,155.0
1990-09-10,Oregon,Approach,Small,Rock pigeon,Day,0,0,0,115.0
1990-09-10,New Jersey,Landing Roll,Small,American kestrel,Day,0,0,0,140.0
1990-09-10,Indiana,Take-off run,Small,Mourning dove,Day,0,0,0,100.0
1990-09-10,DC,Approach,Small,Unknown bird - small,Night,0,0,0,160.0
1990-09-10,New York,Approach,Small,Unknown bird - small,Night,0,0,0,160.0
1990-09-11,North Carolina,Approach,Medium,Unknown bird - medium,Night,0,0,0,160.0
1990-09-12,Texas,Approach,Small,Unknown bird - small,Dawn,0,0,0,125.0
1990-09-12,Texas,Approach,Small,Unknown bird - small,Day,0,0,0,150.0
1990-09-12,Georgia,Approach,Small,Unknown bird - small,Night,0,0,0,135.0
1990-09-13,Kentucky,Climb,Medium,Unknown bird - medium,Night,0,0,0,230.0
1990-09-13,Pennsylvania,Take-off run,Small,European starling,Day,0,0,0,140.0
1990-09-14,Kentucky,Approach,Small,Unknown bird - small,Day,0,0,0,130.0
1990-09-14,Pennsylvania,Approach,Small,Unknown bird - small,Day,0,0,0,140.0
1990-09-14,Louisiana,Climb,Small,Killdeer,Day,0,0,0,130.0
1990-09-15,Texas,Approach,Small,Unknown bird - small,Day,0,0,0,150.0
1990-09-15,North Carolina,Climb,Small,Unknown bird - small,Day,0,0,0,160.0
1990-09-16,California,Climb,Medium,Unknown bird - medium,Day,0,0,0,320.0
1990-09-16,Ohio,Approach,Small,Unknown bird - small,Day,0,0,0,140.0
1990-09-17,New York,Climb,Medium,Unknown bird - medium,Day,0,0,0,210.0
1990-09-17,Georgia,Approach,Medium,Unknown bird - medium,Night,0,0,0,140.0
1990-09-17,Tennessee,Approach,Medium,Unknown bird - medium,Night,0,0,0,230.0
1990-09-17,Oregon,Climb,Small,Unknown bird - small,Day,0,0,0,125.0
1990-09-18,New Jersey,Landing Roll,Medium,Unknown bird or bat,Night,0,5218,5218,0.0
1990-09-18,Tennessee,Approach,Small,Unknown bird - small,Day,0,0,0,123.0
1990-09-18,Texas,Approach,Small,Unknown bird - small,Day,0,0,0,170.0
1990-09-18,California,Approach,Small,Unknown bird - small,Night,0,0,0,250.0
1990-09-20,Louisiana,Take-off run,Medium,Unknown bird or bat,Day,0,0,0,110.0
1990-09-20,California,Landing Roll,Small,Mourning dove,Day,0,0,0,90.0
1990-09-21,New York,Approach,Medium,Unknown bird - medium,Dusk,0,0,0,140.0
1990-09-21,Texas,Climb,Small,Rock pigeon,Day,0,0,0,110.0
1990-09-21,Utah,Take-off run,Small,Unknown bird - small,Day,0,0,0,100.0
1990-09-21,California,Taxi,Small,Unknown bird - small,Day,0,0,0,10.0
1990-09-22,Texas,Approach,Medium,Unknown bird - medium,Night,0,0,0,160.0
1990-09-22,Tennessee,Climb,Medium,Unknown bird - medium,Night,0,0,0,150.0
1990-09-22,Missouri,Take-off run,Small,Rock pigeon,Day,0,0,0,125.0
1990-09-22,Oregon,Take-off run,Small,Unknown bird - small,Day,0,0,0,140.0
1990-09-22,Texas,Approach,Small,Unknown bird - small,Night,0,0,0,135.0
1990-09-23,Hawaii,Descent,Medium,Unknown bird - medium,Day,0,0,0,60.0
1990-09-23,Louisiana,Approach,Small,Unknown bird - small,Night,0,0,0,180.0
1990-09-24,Tennessee,Approach,Medium,Unknown bird - medium,Dusk,0,0,0,140.0
1990-09-24,Missouri,Landing Roll,Small,Unknown bird - small,Day,0,0,0,140.0
1990-09-25,Louisiana,Approach,Medium,Unknown bird or bat,Night,0,0,0,127.0
1990-09-25,Michigan,Approach,Small,Unknown bird - small,Day,0,0,0,115.0
1990-09-25,Texas,Approach,Small,Unknown bird - small,Day,0,0,0,140.0
1990-09-25,Tennessee,Approach,Small,Unknown bird - small,Dusk,0,0,0,125.0
1990-09-26,New Jersey,Climb,Medium,Unknown bird - medium,Day,0,23656,23656,150.0
1990-09-26,Minnesota,Approach,Small,Unknown bird - small,Day,0,0,0,130.0
1990-09-26,Texas,Climb,Small,Unknown bird - small,Day,0,0,0,250.0
1990-09-27,Louisiana,Approach,Medium,Unknown bird or bat,Day,0,0,0,150.0
1990-09-27,Tennessee,Climb,Medium,Unknown bird - medium,Night,0,0,0,250.0
1990-09-27,New Jersey,Descent,Medium,Unknown bird - medium,Night,0,0,0,250.0
1990-09-27,Illinois,Approach,Small,Unknown bird - small,Day,0,0,0,150.0
1990-09-27,New York,Approach,Small,Unknown bird - small,Day,0,0,0,141.0
1990-09-28,California,Approach,Medium,Unknown bird - medium,Night,0,0,0,140.0
1990-09-28,California,Approach,Small,Unknown bird - small,Night,0,0,0,180.0
1990-09-30,Texas,Approach,Large,Unknown bird - large,Day,0,0,0,180.0
1990-09-30,Washington,Approach,Large,Canada goose,Dusk,0,0,0,140.0
1990-09-30,Kentucky,Approach,Medium,Unknown bird - medium,Night,0,0,0,140.0
1990-09-30,Illinois,Descent,Medium,Unknown bird - medium,Night,0,0,0,250.0
1990-09-30,Maryland,Take-off run,Small,Rock pigeon,Day,0,0,0,100.0
1990-10-01,Louisiana,Approach,Medium,Unknown bird or bat,Day,0,0,0,200.0
1990-10-01,Texas,Approach,Small,American robin,Day,0,0,0,140.0
1990-10-02,Florida,Approach,Small,Unknown bird - small,Night,0,0,0,140.0
1990-10-04,Tennessee,Approach,Small,Unknown bird - small,Day,0,0,0,140.0
1990-10-05,Louisiana,Approach,Medium,Unknown bird - medium,Night,0,0,0,160.0
1990-10-06,Hawaii,Approach,Small,Pacific golden-plover,Night,0,0,0,140.0
1990-10-07,Texas,Approach,Small,Unknown bird - small,Day,0,0,0,160.0
1990-10-09,Louisiana,Approach,Medium,Unknown bird or bat,Night,0,0,0,200.0
1990-10-10,Louisiana,Take-off run,Medium,Unknown bird or bat,Day,0,0,0,130.0
1990-10-10,Louisiana,Approach,Medium,Unknown bird or bat,Night,0,0,0,190.0
1990-10-10,New York,Approach,Medium,Unknown bird - medium,Night,0,0,0,180.0
1990-10-10,North Carolina,Landing Roll,Small,Unknown bird - small,Day,0,0,0,130.0
1990-10-10,Tennessee,Landing Roll,Small,Unknown bird - small,Day,0,0,0,140.0
1990-10-11,Texas,Descent,Large,Unknown bird - large,Night,0,0,0,250.0
1990-10-11,Texas,Take-off run,Medium,Unknown bird - medium,Day,0,0,0,200.0
1990-10-12,Massachusetts,Take-off run,Medium,Herring gull,Day,0,0,0,110.0
1990-10-12,Texas,Climb,Small,Unknown bird - small,Day,0,0,0,200.0
1990-10-12,Georgia,Approach,Small,Unknown bird - small,Night,0,0,0,170.0
1990-10-12,Illinois,Approach,Small,Unknown bird - small,Night,0,0,0,150.0
1990-10-12,Hawaii,Take-off run,Small,Pacific golden-plover,Night,0,0,0,120.0
1990-10-13,Hawaii,Landing Roll,Medium,Unknown bird - medium,Day,0,0,0,100.0
1990-10-13,Texas,Climb,Medium,Unknown bird - medium,Night,0,0,0,210.0
1990-10-14,Massachusetts,Approach,Medium,Unknown bird - medium,Day,0,0,0,140.0
1990-10-15,Louisiana,Approach,Medium,Unknown bird or bat,Day,0,0,0,190.0
1990-10-15,Hawaii,Take-off run,Medium,Unknown bird - medium,Day,0,0,0,120.0
1990-10-15,Maryland,Descent,Medium,Unknown bird - medium,Night,0,0,0,230.0
1990-10-15,New Jersey,Landing Roll,Medium,Unknown bird or bat,Night,0,0,0,0.0
1990-10-17,Pennsylvania,Approach,Small,Unknown bird - small,Night,0,0,0,140.0
1990-10-18,Georgia,Climb,Large,Unknown bird - large,Night,0,0,0,140.0
1990-10-18,Louisiana,Approach,Medium,Unknown bird or bat,Day,0,0,0,180.0
1990-10-18,Minnesota,Approach,Medium,Unknown bird - medium,Night,0,0,0,170.0
1990-10-18,Minnesota,Approach,Small,Unknown bird - small,Night,0,0,0,210.0
1990-10-19,North Carolina,Climb,Medium,Unknown bird - medium,Night,0,0,0,146.0
1990-10-19,California,Climb,Small,Unknown bird - small,Night,0,0,0,200.0
1990-10-20,Hawaii,Approach,Medium,Unknown bird - medium,Night,0,0,0,125.0
1990-10-21,Texas,Approach,Medium,Unknown bird - medium,Night,0,0,0,160.0
1990-10-21,Illinois,Climb,Small,Unknown bird - small,Night,0,0,0,150.0
1990-10-22,Georgia,Climb,Large,Unknown bird - large,Night,0,0,0,140.0
1990-10-22,North Carolina,Approach,Medium,Unknown bird - medium,Dawn,0,0,0,140.0
1990-10-22,Georgia,Approach,Medium,Unknown bird - medium,Day,0,0,0,133.0
1990-10-22,Indiana,Approach,Medium,Unknown bird - medium,Night,0,0,0,210.0
1990-10-22,Pennsylvania,Approach,Medium,Unknown bird - medium,Night,0,0,0,160.0
1990-10-22,Michigan,Approach,Small,Unknown bird - small,Night,0,0,0,130.0
1990-10-22,Texas,Approach,Small,Unknown bird - small,Night,0,0,0,180.0
1990-10-23,Kentucky,Descent,Large,Unknown bird - large,Night,0,0,0,250.0
1990-10-23,New York,Approach,Medium,Unknown bird - medium,Night,0,0,0,145.0
1990-10-23,Florida,Approach,Small,Unknown bird - small,Day,0,0,0,140.0
1990-10-24,New Jersey,Approach,Large,Unknown bird - large,Night,0,0,0,160.0
1990-10-24,Hawaii,Landing Roll,Medium,Unknown bird or bat,Day,0,0,0,0.0
1990-10-24,Missouri,Approach,Medium,Unknown bird - medium,Night,0,0,0,140.0
1990-10-24,Maryland,Approach,Medium,Unknown bird - medium,Night,0,0,0,140.0
1990-10-24,New Jersey,Approach,Medium,Unknown bird - medium,Night,0,0,0,140.0
1990-10-24,New York,Approach,Medium,Unknown bird - medium,Night,0,0,0,127.0
1990-10-24,New York,Approach,Medium,Unknown bird - medium,Night,0,0,0,220.0
1990-10-24,New Jersey,Climb,Medium,Unknown bird - medium,Night,0,0,0,140.0
1990-10-24,New Jersey,Take-off run,Medium,Unknown bird - medium,Night,0,0,0,140.0
1990-10-24,New Jersey,Approach,Small,Unknown bird - small,Night,0,0,0,180.0
1990-10-24,Tennessee,Approach,Small,Unknown bird - small,Night,0,0,0,160.0
1990-10-24,Texas,Approach,Small,Unknown bird - small,Night,0,0,0,140.0
1990-10-25,DC,Approach,Large,Unknown bird - large,Day,0,0,0,120.0
1990-10-25,DC,Approach,Large,Canada goose,Day,0,0,0,120.0
1990-10-25,Hawaii,Approach,Medium,Unknown bird - medium,Day,0,0,0,30.0
1990-10-25,DC,Approach,Medium,Unknown bird - medium,Night,0,0,0,150.0
1990-10-25,Texas,Climb,Medium,Unknown bird - medium,Night,0,0,0,250.0
1990-10-25,New Jersey,Descent,Medium,Unknown bird - medium,Night,0,0,0,185.0
1990-10-25,Kentucky,Approach,Small,Unknown bird - small,Day,0,0,0,140.0
1990-10-26,DC,Approach,Medium,Unknown bird - medium,Night,0,0,0,125.0
1990-10-26,Oregon,Approach,Medium,Unknown bird - medium,Night,0,0,0,140.0
1990-10-27,Louisiana,Approach,Medium,Unknown bird or bat,Day,0,0,0,0.0
1990-10-27,Nebraska,Descent,Medium,Unknown bird - medium,Night,0,0,0,230.0
1990-10-28,South Carolina,Approach,Medium,Unknown bird - medium,Night,0,0,0,245.0
1990-10-29,New York,Descent,Medium,Unknown bird - medium,Night,0,136109,136109,140.0
1990-10-30,Massachusetts,Approach,Small,Mourning dove,Day,0,0,0,140.0
1990-10-31,New Jersey,Approach,Medium,Unknown bird - medium,Day,0,0,0,140.0
1990-10-31,Louisiana,Approach,Medium,Unknown bird or bat,Dusk,0,0,0,150.0
1990-10-31,Texas,Approach,Medium,Unknown bird - medium,Night,0,0,0,150.0
1990-11-01,DC,Approach,Small,Unknown bird - small,Night,0,0,0,150.0
1990-11-02,Oregon,Approach,Large,Unknown bird - large,Dusk,17394,1739,19133,175.0
1990-11-02,California,Climb,Small,Unknown bird - small,Dawn,0,0,0,150.0
1990-11-02,California,Take-off run,Small,Unknown bird - small,Day,0,0,0,145.0
1990-11-03,California,Climb,Small,Rock pigeon,Day,0,0,0,140.0
1990-11-04,Texas,Approach,Medium,Unknown bird - medium,Night,0,0,0,210.0
1990-11-04,Florida,Climb,Small,European starling,Day,0,0,0,125.0
1990-11-04,Massachusetts,Landing Roll,Small,Unknown bird - small,Day,0,0,0,140.0
1990-11-05,Maryland,Climb,Small,Mourning dove,Day,0,0,0,140.0
1990-11-05,Texas,Approach,Small,Unknown bird - small,Night,0,0,0,230.0
1990-11-06,New York,Take-off run,Medium,Herring gull,Day,0,0,0,140.0
1990-11-06,Maryland,Approach,Medium,Unknown bird - medium,Night,0,0,0,160.0
1990-11-06,Tennessee,Approach,Medium,Unknown bird - medium,Night,0,0,0,210.0
1990-11-06,DC,Climb,Medium,Unknown bird - medium,Night,0,0,0,200.0
1990-11-07,Missouri,Approach,Large,Canada goose,Night,0,0,0,210.0
1990-11-07,Louisiana,Approach,Medium,Unknown bird or bat,Day,0,783,783,160.0
1990-11-07,California,Take-off run,Medium,Unknown bird - medium,Day,0,0,0,140.0
1990-11-08,New Jersey,Take-off run,Medium,Unknown bird - medium,Day,0,0,0,140.0
1990-11-08,New York,Approach,Medium,Unknown bird - medium,Night,0,780010,780010,140.0
1990-11-08,New York,Climb,Medium,Unknown bird - medium,Night,0,0,0,230.0
1990-11-08,New York,Approach,Small,Unknown bird - small,Night,0,0,0,210.0
1990-11-09,Louisiana,Approach,Medium,Unknown bird - medium,Day,0,0,0,140.0
1990-11-09,Louisiana,Approach,Medium,Unknown bird or bat,Night,0,0,0,145.0
1990-11-09,Louisiana,Approach,Medium,Unknown bird or bat,Night,0,0,0,152.0
1990-11-09,Kentucky,Approach,Small,Unknown bird - small,Night,0,0,0,140.0
1990-11-10,Tennessee,Climb,Small,European starling,Day,0,0,0,150.0
1990-11-10,Georgia,Take-off run,Small,Rock pigeon,Dusk,0,0,0,103.0
1990-11-11,North Carolina,Take-off run,Small,Unknown bird - small,Day,0,0,0,120.0
1990-11-11,Georgia,Approach,Small,Blackbirds,Dusk,0,0,0,140.0
1990-11-12,Pennsylvania,Approach,Large,Unknown bird - large,Night,0,0,0,190.0
1990-11-12,Illinois,Approach,Large,Canada goose,Night,0,0,0,180.0
1990-11-12,Tennessee,Approach,Small,Unknown bird - small,Day,0,0,0,120.0
1990-11-13,Texas,Climb,Small,Unknown bird - small,Day,0,0,0,140.0
1990-11-14,Texas,Landing Roll,Small,Unknown bird - small,Day,0,0,0,130.0
1990-11-16,Hawaii,Landing Roll,Medium,Unknown bird - medium,Day,0,0,0,100.0
1990-11-16,Texas,Climb,Medium,Unknown bird - medium,Night,0,0,0,240.0
1990-11-17,Texas,Approach,Small,Unknown bird - small,Night,0,0,0,160.0
1990-11-18,Texas,Landing Roll,Medium,Unknown bird - medium,Day,0,0,0,140.0
1990-11-19,Louisiana,Approach,Medium,Unknown bird or bat,Day,0,16916,16916,260.0
1990-11-19,New Jersey,Take-off run,Medium,Unknown bird - medium,Night,0,0,0,140.0
1990-11-21,California,Approach,Small,Unknown bird - small,Day,0,0,0,135.0
1990-11-24,New York,Approach,Small,European starling,Day,0,0,0,130.0
1990-11-26,Indiana,Climb,Small,Mourning dove,Day,0,0,0,180.0
1990-11-26,New York,Take-off run,Small,Unknown bird - small,Day,0,0,0,125.0
1990-11-27,California,Take-off run,Medium,Unknown bird - medium,Day,0,0,0,140.0
1990-11-27,California,Approach,Medium,Unknown bird - medium,Night,0,0,0,120.0
1990-11-27,Massachusetts,Take-off run,Small,Rock pigeon,Day,0,0,0,135.0
1990-11-28,Texas,Climb,Medium,Unknown bird - medium,Night,0,0,0,250.0
1990-11-30,Louisiana,Climb,Small,Cattle egret,Day,0,67435,67435,175.0
1990-12-03,Tennessee,Approach,Large,Unknown bird - large,Night,0,0,0,140.0
1990-12-03,Missouri,Take-off run,Medium,Unknown bird - medium,Day,0,0,0,130.0
1990-12-03,Louisiana,Approach,Medium,Unknown bird or bat,Night,0,0,0,145.0
1990-12-03,Hawaii,Approach,Small,Unknown bird - small,Day,0,0,0,128.0
1990-12-04,DC,Climb,Small,Unknown bird - small,Dawn,0,0,0,180.0
1990-12-04,California,Approach,Small,Unknown bird - small,Day,0,0,0,120.0
1990-12-05,Ohio,Approach,Small,European starling,Day,0,0,0,140.0
1990-12-08,Texas,Approach,Small,Unknown bird - small,Day,0,0,0,140.0
1990-12-09,Oklahoma,Approach,Small,Unknown bird - small,Day,0,0,0,130.0
1990-12-11,Hawaii,Landing Roll,Medium,Unknown bird - medium,Day,0,0,0,140.0
1990-12-11,Massachusetts,Landing Roll,Medium,Unknown bird - medium,Night,0,0,0,140.0
1990-12-13,Pennsylvania,Approach,Small,Unknown bird - small,Day,0,0,0,125.0
1990-12-17,New York,Approach,Medium,Unknown bird - medium,Night,0,0,0,140.0
1990-12-17,Texas,Approach,Small,Unknown bird - small,Night,0,0,0,140.0
1990-12-20,Kentucky,Climb,Medium,Unknown bird - medium,Dusk,0,0,0,140.0
1990-12-20,Texas,Approach,Medium,Unknown bird - medium,Dusk,0,0,0,110.0
1990-12-20,Kentucky,Take-off run,Small,Unknown bird - small,Day,0,0,0,140.0
1990-12-21,Pennsylvania,Approach,Medium,Unknown bird - medium,Night,0,0,0,250.0
1990-12-22,Texas,Landing Roll,Small,Unknown bird - small,Day,0,0,0,80.0
1990-12-23,Louisiana,Climb,Medium,Ring-billed gull,Dawn,0,0,0,140.0
1990-12-24,Texas,Approach,Small,Unknown bird - small,Night,0,0,0,230.0
1991-01-01,New York,Take-off run,Medium,Ring-billed gull,Day,0,0,0,140.0
1991-01-02,Texas,Approach,Medium,Unknown bird - medium,Night,0,0,0,140.0
1991-01-04,Nebraska,Approach,Medium,Unknown bird - medium,Night,0,0,0,180.0
1991-01-05,Texas,Approach,Small,Unknown bird - small,Night,0,0,0,150.0
1991-01-06,New York,Approach,Large,Canada goose,Night,0,0,0,130.0
1991-01-06,New York,Approach,Medium,Unknown bird - medium,Dusk,0,0,0,130.0
1991-01-07,Pennsylvania,Landing Roll,Large,Great blue heron,Day,0,0,0,120.0
1991-01-09,Pennsylvania,Approach,Large,Unknown bird - large,Day,0,0,0,100.0
1991-01-14,Texas,Take-off run,Small,Unknown bird - small,Day,0,0,0,120.0
1991-01-16,Maryland,Take-off run,Medium,Unknown bird - medium,Night,0,0,0,140.0
1991-01-19,New York,Take-off run,Medium,Herring gull,Day,0,0,0,110.0
1991-01-21,Louisiana,Climb,Medium,Unknown bird - medium,Night,0,0,0,150.0
1991-01-22,Louisiana,Take-off run,Medium,Unknown bird or bat,Day,0,359,359,155.0
1991-01-23,Texas,Approach,Small,European starling,Day,0,0,0,135.0
1991-01-23,Texas,Approach,Small,European starling,Day,0,0,0,140.0
1991-01-24,DC,Approach,Small,European starling,Day,0,0,0,110.0
1991-01-25,Tennessee,Approach,Small,Unknown bird - small,Night,0,0,0,140.0
1991-01-31,Texas,Approach,Medium,Unknown bird - medium,Night,0,0,0,210.0
1991-01-31,DC,Landing Roll,Small,Rock pigeon,Day,0,0,0,85.0
1991-02-05,California,Approach,Medium,Unknown bird - medium,Night,0,0,0,135.0
1991-02-05,California,Approach,Small,Unknown bird - small,Dusk,0,0,0,120.0
1991-02-07,Texas,Climb,Medium,Unknown bird - medium,Day,0,0,0,150.0
1991-02-11,Tennessee,Approach,Small,Unknown bird - small,Day,0,0,0,145.0
1991-02-19,Louisiana,Take-off run,Medium,Unknown bird or bat,Day,0,0,0,145.0
1991-02-22,Louisiana,Climb,Small,Unknown bird - small,Day,0,0,0,170.0
1991-02-22,Tennessee,Approach,Small,Unknown bird - small,Night,0,0,0,130.0
1991-02-23,Texas,Approach,Small,Unknown bird - small,Day,0,0,0,210.0
1991-02-24,California,Approach,Medium,Unknown bird - medium,Dusk,0,0,0,130.0
1991-02-24,Texas,Approach,Small,Unknown bird - small,Day,0,0,0,250.0
1991-02-26,Illinois,Approach,Small,Rock pigeon,Day,0,0,0,140.0
1991-02-28,Pennsylvania,Approach,Large,Unknown bird - large,Night,0,0,0,140.0
1991-02-28,Pennsylvania,Take-off run,Small,Unknown bird - small,Day,0,0,0,140.0
1991-03-03,New York,Approach,Medium,Herring gull,Day,0,0,0,140.0
1991-03-05,Indiana,Landing Roll,Medium,Unknown bird - medium,Dusk,0,0,0,135.0
1991-03-05,Louisiana,Approach,Medium,Unknown bird or bat,Night,0,0,0,180.0
1991-03-06,New Jersey,Climb,Medium,Herring gull,Day,0,0,0,150.0
1991-03-06,New Jersey,Climb,Medium,Unknown bird - medium,Day,0,0,0,140.0
1991-03-07,Hawaii,Take-off run,Small,Zebra dove,Day,0,0,0,117.0
1991-03-08,Kentucky,Approach,Small,Unknown bird - small,Night,0,0,0,210.0
1991-03-12,Louisiana,Descent,Large,Unknown bird - large,Day,0,0,0,280.0
1991-03-13,South Carolina,Take-off run,Medium,Unknown bird or bat,Day,0,0,0,100.0
1991-03-16,Ohio,Climb,Medium,Unknown bird - medium,Day,0,0,0,320.0
1991-03-18,Texas,Climb,Medium,Unknown bird - medium,Night,0,0,0,250.0
1991-03-18,Texas,Descent,Medium,Unknown bird - medium,Night,0,0,0,250.0
1991-03-19,Texas,Approach,Medium,Unknown bird - medium,Night,0,0,0,250.0
1991-03-19,California,Approach,Small,American robin,Day,0,0,0,150.0
1991-03-19,Washington,Take-off run,Small,Barn owl,Night,0,0,0,120.0
1991-03-20,North Carolina,Approach,Large,Canada goose,Night,0,0,0,90.0
1991-03-20,Louisiana,Take-off run,Medium,Unknown bird or bat,Day,0,85,85,170.0
1991-03-20,DC,Approach,Medium,Unknown bird - medium,Night,0,0,0,140.0
1991-03-21,Pennsylvania,Approach,Large,Canada goose,Day,0,0,0,110.0
1991-03-22,Texas,Climb,Small,Mourning dove,Day,0,0,0,155.0
1991-03-23,Texas,Take-off run,Small,Unknown bird - small,Day,0,0,0,130.0
1991-03-24,Maryland,Climb,Medium,Unknown bird - medium,Night,0,0,0,90.0
1991-03-25,Hawaii,Landing Roll,Small,Zebra dove,Day,0,0,0,45.0
1991-03-25,Texas,Approach,Small,Unknown bird - small,Night,0,0,0,140.0
1991-03-26,North Carolina,Climb,Medium,Unknown bird - medium,Dusk,0,0,0,160.0
1991-03-28,South Carolina,Approach,Medium,Unknown bird or bat,Day,0,0,0,200.0
1991-03-28,Texas,Climb,Medium,Unknown bird - medium,Day,0,0,0,160.0
1991-03-29,Illinois,Descent,Medium,Unknown bird - medium,Night,0,0,0,290.0
1991-03-29,Florida,Landing Roll,Medium,Unknown bird - medium,Night,0,0,0,140.0
1991-03-29,Texas,Climb,Small,Rock pigeon,Day,0,0,0,180.0
1991-03-31,DC,Approach,Medium,Unknown bird - medium,Night,0,0,0,150.0
1991-04-04,California,Approach,Small,Unknown bird - small,Night,0,0,0,147.0
1991-04-06,Texas,Approach,Medium,Unknown bird - medium,Day,0,0,0,125.0
1991-04-07,Maryland,Landing Roll,Medium,Unknown bird - medium,Day,0,0,0,110.0
1991-04-07,Texas,Approach,Small,Unknown bird - small,Day,0,0,0,140.0
1991-04-07,California,Climb,Small,Unknown bird - small,Day,0,0,0,130.0
1991-04-08,Louisiana,Climb,Medium,Unknown bird or bat,Dusk,0,0,0,130.0
1991-04-08,Texas,Climb,Medium,Unknown bird - medium,Night,0,0,0,240.0
1991-04-09,New York,Climb,Medium,Unknown bird - medium,Day,0,0,0,200.0
1991-04-09,Tennessee,Take-off run,Small,American robin,Day,0,0,0,120.0
1991-04-10,Texas,Climb,Medium,Unknown bird - medium,Dusk,0,111815,111815,140.0
1991-04-12,Texas,Landing Roll,Small,Unknown bird - small,Day,0,0,0,140.0
1991-04-15,Louisiana,Approach,Medium,Unknown bird or bat,Night,0,0,0,140.0
1991-04-15,Florida,Approach,Small,Unknown bird - small,Day,0,0,0,140.0
1991-04-15,California,Landing Roll,Small,Unknown bird - small,Day,0,0,0,140.0
1991-04-16,Tennessee,Descent,Medium,Unknown bird - medium,Night,0,0,0,210.0
1991-04-17,Illinois,Climb,Large,Canada goose,Day,0,0,0,145.0
1991-04-17,DC,Climb,Medium,Ring-billed gull,Day,0,0,0,150.0
1991-04-17,DC,Take-off run,Medium,Unknown bird - medium,Day,0,0,0,140.0
1991-04-17,Illinois,Approach,Medium,Unknown bird - medium,Night,0,3388,3388,240.0
1991-04-17,Texas,Climb,Small,Unknown bird - small,Night,0,0,0,180.0
1991-04-18,Louisiana,Take-off run,Medium,Unknown bird or bat,Night,0,0,0,140.0
1991-04-18,California,Approach,Small,European starling,Day,0,0,0,100.0
1991-04-19,Texas,Landing Roll,Small,Rock pigeon,Day,0,0,0,120.0
1991-04-21,Texas,Approach,Small,Unknown bird - small,Night,0,0,0,140.0
1991-04-22,Nebraska,Approach,Small,Unknown bird - small,Night,0,0,0,140.0
1991-04-23,Texas,Landing Roll,Small,American robin,Night,0,0,0,140.0
1991-04-24,Louisiana,Approach,Medium,Unknown bird or bat,Day,0,0,0,155.0
1991-04-24,Texas,Climb,Medium,Unknown bird - medium,Day,0,0,0,160.0
1991-04-24,Texas,Approach,Medium,Unknown bird - medium,Night,0,0,0,170.0
1991-04-25,Missouri,Landing Roll,Small,American robin,Day,0,0,0,140.0
1991-04-25,Tennessee,Take-off run,Small,American robin,Day,0,0,0,125.0
1991-04-25,Georgia,Approach,Small,European starling,Dusk,0,0,0,130.0
1991-04-28,Indiana,Take-off run,Small,Unknown bird - small,Day,0,0,0,140.0
1991-04-28,Texas,Climb,Small,Unknown bird - small,Night,0,0,0,200.0
1991-05-01,Louisiana,Approach,Medium,Unknown bird - medium,Night,0,0,0,150.0
1991-05-01,Louisiana,Approach,Medium,Unknown bird - medium,Night,0,0,0,200.0
1991-05-02,Louisiana,Approach,Small,Cattle egret,Night,0,0,0,0.0
1991-05-02,California,Landing Roll,Small,Rock pigeon,Night,0,0,0,100.0
1991-05-03,Texas,Approach,Medium,Unknown bird - medium,Day,0,0,0,135.0
1991-05-03,Texas,Landing Roll,Medium,Unknown bird - medium,Day,0,0,0,115.0
1991-05-03,Georgia,Approach,Medium,Unknown bird - medium,Night,0,0,0,131.0
1991-05-03,Maryland,Landing Roll,Small,European starling,Day,0,0,0,140.0
1991-05-04,Kentucky,Approach,Medium,Unknown bird - medium,Day,0,0,0,180.0
1991-05-04,Texas,Take-off run,Medium,Unknown bird - medium,Day,0,0,0,120.0
1991-05-04,DC,Climb,Small,Unknown bird - small,Day,0,0,0,139.0
1991-05-05,California,Climb,Medium,Unknown bird - medium,Day,0,0,0,220.0
1991-05-05,Texas,Landing Roll,Small,Unknown bird - small,Day,0,0,0,110.0
1991-05-06,Texas,Take-off run,Medium,Unknown bird - medium,Day,0,0,0,100.0
1991-05-06,Louisiana,Approach,Medium,Unknown bird or bat,Night,0,0,0,180.0
1991-05-06,Tennessee,Approach,Small,Unknown bird - small,Dusk,0,0,0,130.0
1991-05-07,New York,Take-off run,Medium,Unknown bird - medium,Day,67767,271066,338833,80.0
1991-05-07,Oklahoma,Approach,Medium,Unknown bird - medium,Day,0,0,0,160.0
1991-05-07,Texas,Approach,Medium,Unknown bird - medium,Night,0,0,0,140.0
1991-05-07,Louisiana,Climb,Medium,Unknown bird or bat,Night,0,0,0,160.0
1991-05-07,Texas,Landing Roll,Small,Killdeer,Day,0,0,0,90.0
1991-05-08,Texas,Approach,Medium,Unknown bird - medium,Day,0,0,0,200.0
1991-05-08,Louisiana,Approach,Medium,Unknown bird or bat,Dusk,0,0,0,150.0
1991-05-09,Massachusetts,Approach,Large,Unknown bird - large,Night,0,0,0,160.0
1991-05-09,Florida,Climb,Medium,Unknown bird - medium,Day,0,0,0,140.0
1991-05-09,New York,Landing Roll,Medium,Herring gull,Day,0,0,0,140.0
1991-05-09,New Jersey,Approach,Medium,Unknown bird - medium,Night,0,0,0,150.0
1991-05-09,DC,Climb,Small,Unknown bird - small,Day,0,0,0,160.0
1991-05-10,Massachusetts,Approach,Medium,Unknown bird - medium,Night,0,0,0,170.0
1991-05-10,Texas,Approach,Small,European starling,Day,0,0,0,145.0
1991-05-10,Georgia,Approach,Small,Unknown bird - small,Dusk,0,0,0,130.0
1991-05-11,Minnesota,Approach,Medium,Unknown bird - medium,Day,0,0,0,150.0
1991-05-11,Texas,Climb,Small,Unknown bird - small,Day,0,0,0,250.0
1991-05-12,Louisiana,Approach,Medium,Unknown bird or bat,Day,0,0,0,160.0
1991-05-12,Arizona,Approach,Medium,Unknown bird - medium,Night,0,0,0,200.0
1991-05-12,Tennessee,Approach,Small,Unknown bird - small,Day,0,0,0,140.0
1991-05-13,Texas,Take-off run,Small,Unknown bird - small,Day,0,0,0,135.0
1991-05-13,Nebraska,Approach,Small,Unknown bird - small,Night,0,0,0,150.0
1991-05-14,Louisiana,Approach,Large,Turkey vulture,Day,0,160764,160764,140.0
1991-05-14,Ohio,Landing Roll,Medium,Unknown bird - medium,Day,0,0,0,128.0
1991-05-15,New Jersey,Approach,Medium,Unknown bird - medium,Dusk,0,0,0,170.0
1991-05-15,Texas,Climb,Medium,Unknown bird - medium,Night,0,0,0,250.0
1991-05-15,Texas,Climb,Small,Unknown bird - small,Day,0,0,0,170.0
1991-05-15,Hawaii,Landing Roll,Small,Unknown bird - small,Day,0,0,0,110.0
1991-05-16,Oregon,Climb,Small,Unknown bird - small,Day,0,0,0,200.0
1991-05-17,Kentucky,Landing Roll,Small,Unknown bird - small,Day,0,0,0,120.0
1991-05-18,Tennessee,Approach,Small,Unknown bird - small,Night,0,0,0,130.0
1991-05-19,Oregon,Approach,Medium,Unknown bird - medium,Night,0,0,0,170.0
1991-05-19,Michigan,Climb,Small,Unknown bird - small,Day,0,0,0,230.0
1991-05-19,Texas,Approach,Small,Unknown bird - small,Day,0,0,0,128.0
1991-05-19,DC,Landing Roll,Small,European starling,Day,0,0,0,140.0
1991-05-20,Kentucky,Approach,Medium,Unknown bird - medium,Day,0,0,0,116.0
1991-05-20,Louisiana,Approach,Medium,Unknown bird or bat,Day,0,0,0,180.0
1991-05-20,New Jersey,Approach,Small,Unknown bird - small,Night,0,0,0,150.0
1991-05-22,Louisiana,Take-off run,Medium,Unknown bird or bat,Dawn,0,2711,2711,0.0
1991-05-22,New York,Approach,Small,Unknown bird - small,Day,0,0,0,140.0
1991-05-22,Tennessee,Climb,Small,Unknown bird - small,Day,0,0,0,160.0
1991-05-27,California,Approach,Medium,Unknown bird - medium,Day,0,0,0,110.0
1991-05-29,DC,Take-off run,Small,Mourning dove,Day,0,0,0,55.0
1991-05-29,Texas,Take-off run,Small,American robin,Day,0,0,0,150.0
1991-05-29,Massachusetts,Approach,Small,Unknown bird - small,Night,0,0,0,210.0
1991-05-31,Pennsylvania,Approach,Small,European starling,Day,0,0,0,140.0
1991-05-31,Texas,Landing Roll,Small,European starling,Day,0,0,0,120.0
1991-06-02,Missouri,Climb,Large,Unknown bird - large,Day,0,0,0,170.0
1991-06-02,Massachusetts,Approach,Medium,Mallard,Day,0,0,0,138.0
1991-06-03,Kentucky,Approach,Small,Unknown bird - small,Night,0,0,0,210.0
1991-06-05,Massachusetts,Approach,Medium,Unknown bird - medium,Night,0,0,0,170.0
1991-06-06,Texas,Landing Roll,Small,Unknown bird - small,Day,0,0,0,130.0
1991-06-07,Texas,Taxi,Medium,Unknown bird - medium,Day,0,0,0,140.0
1991-06-08,Texas,Approach,Small,Unknown bird - small,Day,0,0,0,140.0
1991-06-09,Tennessee,Landing Roll,Small,Unknown bird - small,Day,0,0,0,125.0
1991-06-09,Kentucky,Approach,Small,Unknown bird - small,Dusk,0,0,0,160.0
1991-06-10,Tennessee,Approach,Small,Unknown bird - small,Day,0,0,0,125.0
1991-06-11,Ohio,Landing Roll,Small,European starling,Day,0,0,0,100.0
1991-06-11,Pennsylvania,Landing Roll,Small,Unknown bird - small,Day,0,0,0,130.0
1991-06-11,North Carolina,Take-off run,Small,Eastern meadowlark,Day,0,0,0,130.0
1991-06-11,Pennsylvania,Take-off run,Small,Unknown bird - small,Day,0,0,0,142.0
1991-06-12,Tennessee,Approach,Small,Unknown bird - small,Day,0,0,0,140.0
1991-06-13,Texas,Landing Roll,Medium,Unknown bird - medium,Night,0,0,0,150.0
1991-06-14,Louisiana,Climb,Medium,Unknown bird - medium,Day,0,0,0,170.0
1991-06-15,Missouri,Climb,Medium,Unknown bird - medium,Day,0,0,0,125.0
1991-06-16,Texas,Climb,Medium,Unknown bird - medium,Day,0,0,0,250.0
1991-06-17,Minnesota,Take-off run,Small,European starling,Day,0,0,0,130.0
1991-06-17,Minnesota,Take-off run,Small,Unknown bird - small,Day,0,0,0,120.0
1991-06-17,Texas,Take-off run,Small,Rock pigeon,Day,0,0,0,138.0
1991-06-18,Nebraska,Landing Roll,Small,Unknown bird - small,Day,0,0,0,90.0
1991-06-19,Louisiana,Approach,Medium,Unknown bird or bat,Day,0,0,0,150.0
1991-06-20,North Carolina,Landing Roll,Large,Canada goose,Day,0,0,0,55.0
1991-06-22,South Carolina,Approach,Medium,Unknown bird or bat,Day,0,37234,37234,200.0
1991-06-22,Hawaii,Landing Roll,Medium,Unknown bird - medium,Day,0,0,0,151.0
1991-06-22,Kentucky,Landing Roll,Small,Mourning dove,Day,0,0,0,80.0
1991-06-25,Tennessee,Take-off run,Small,Unknown bird - small,Day,0,0,0,140.0
1991-06-25,Tennessee,Climb,Small,Unknown bird - small,Night,0,0,0,140.0
1991-06-26,Tennessee,Take-off run,Small,Unknown bird - small,Dusk,0,0,0,160.0
1991-06-28,Texas,Climb,Small,European starling,Day,0,0,0,150.0
1991-06-29,North Carolina,Approach,Small,Unknown bird - small,Dawn,0,0,0,160.0
1991-07-01,Louisiana,Take-off run,Medium,Unknown bird or bat,Night,0,0,0,70.0
1991-07-02,California,Climb,Small,American robin,Day,0,0,0,145.0
1991-07-03,Louisiana,Take-off run,Medium,Unknown bird or bat,Night,0,0,0,130.0
1991-07-03,Georgia,Approach,Small,Unknown bird - small,Dawn,0,0,0,120.0
1991-07-03,New York,Landing Roll,Small,Laughing gull,Day,0,0,0,140.0
1991-07-05,Texas,Approach,Small,Unknown bird - small,Day,0,0,0,210.0
1991-07-08,Oklahoma,Climb,Small,Rock pigeon,Day,0,0,0,165.0
1991-07-08,Kentucky,Landing Roll,Small,Unknown bird - small,Day,0,0,0,130.0
1991-07-09,Louisiana,Approach,Medium,Unknown bird or bat,Night,0,0,0,250.0
1991-07-09,Texas,Approach,Small,Unknown bird - small,Night,0,0,0,140.0
1991-07-10,Indiana,Take-off run,Medium,Unknown bird - medium,Dusk,0,0,0,90.0
1991-07-10,Kentucky,Climb,Small,Mourning dove,Day,0,0,0,140.0
1991-07-10,New York,Take-off run,Small,Unknown bird - small,Day,0,0,0,100.0
1991-07-11,Louisiana,Approach,Medium,Unknown bird or bat,Day,0,0,0,160.0
1991-07-12,Louisiana,Approach,Medium,Unknown bird or bat,Day,0,0,0,180.0
1991-07-12,Georgia,Climb,Medium,Unknown bird - medium,Day,0,0,0,130.0
1991-07-13,California,Climb,Small,Rock pigeon,Day,0,0,0,140.0
1991-07-13,Nebraska,Landing Roll,Small,European starling,Day,0,0,0,120.0
1991-07-13,Tennessee,Take-off run,Small,Unknown bird - small,Day,0,0,0,137.0
1991-07-13,Tennessee,Take-off run,Small,Unknown bird - small,Day,0,0,0,125.0
1991-07-14,Louisiana,Approach,Medium,Unknown bird or bat,Day,0,0,0,160.0
1991-07-14,Texas,Approach,Small,Unknown bird - small,Day,0,0,0,160.0
1991-07-16,Oregon,Approach,Medium,Unknown bird - medium,Day,0,0,0,150.0
1991-07-16,New Jersey,Approach,Small,Unknown bird - small,Night,0,0,0,140.0
1991-07-17,Hawaii,Take-off run,Medium,Unknown bird or bat,Day,0,0,0,140.0
1991-07-17,Louisiana,Climb,Medium,Unknown bird or bat,Night,0,0,0,180.0
1991-07-18,Kentucky,Landing Roll,Small,American kestrel,Day,0,0,0,85.0
1991-07-18,Texas,Take-off run,Small,Mourning dove,Day,0,0,0,120.0
1991-07-18,Kentucky,Approach,Small,Unknown bird - small,Night,0,0,0,110.0
1991-07-20,Texas,Approach,Small,Unknown bird - small,Night,0,0,0,140.0
1991-07-22,Pennsylvania,Approach,Small,European starling,Day,0,0,0,122.0
1991-07-23,Illinois,Climb,Large,Canada goose,Day,0,0,0,150.0
1991-07-23,Kentucky,Climb,Small,Unknown bird - small,Day,0,0,0,130.0
1991-07-24,Louisiana,Approach,Medium,Unknown bird or bat,Day,0,0,0,145.0
1991-07-24,Hawaii,Climb,Medium,Unknown bird - medium,Night,0,0,0,170.0
1991-07-24,Missouri,Landing Roll,Small,Unknown bird - small,Dusk,0,0,0,100.0
1991-07-26,New Jersey,Landing Roll,Small,Laughing gull,Day,0,0,0,100.0
1991-07-27,New Jersey,Landing Roll,Small,Tree swallow,Day,0,0,0,100.0
1991-07-29,Tennessee,Approach,Small,Unknown bird - small,Day,0,0,0,140.0
1991-07-29,California,Landing Roll,Small,American kestrel,Day,0,0,0,140.0
1991-07-31,California,Approach,Medium,Unknown bird - medium,Day,0,0,0,160.0
1991-08-01,South Carolina,Take-off run,Medium,Unknown bird or bat,Day,0,0,0,126.0
1991-08-01,Missouri,Approach,Small,Unknown bird - small,Day,0,0,0,140.0
1991-08-02,Pennsylvania,Take-off run,Medium,Unknown bird - medium,Day,0,0,0,140.0
1991-08-02,Missouri,Approach,Small,Unknown bird - small,Night,0,0,0,160.0
1991-08-03,Florida,Landing Roll,Large,White-tailed deer,Day,0,0,0,140.0
1991-08-03,Illinois,Climb,Medium,Unknown bird - medium,Night,0,0,0,250.0
1991-08-03,New Jersey,Approach,Small,Rock pigeon,Day,0,0,0,140.0
1991-08-03,North Carolina,Descent,Small,Unknown bird - small,Day,0,0,0,250.0
1991-08-04,Tennessee,Approach,Small,Mourning dove,Day,0,0,0,140.0
1991-08-04,Tennessee,Approach,Small,Mourning dove,Day,0,0,0,130.0
1991-08-05,New York,Approach,Small,Unknown bird - small,Night,0,0,0,150.0
1991-08-05,New York,Approach,Small,Unknown bird - small,Night,0,0,0,131.0
1991-08-06,Louisiana,Take-off run,Medium,Unknown bird or bat,Day,0,0,0,135.0
1991-08-06,Louisiana,Approach,Small,Barn swallow,Day,0,0,0,130.0
1991-08-07,Georgia,Climb,Small,Unknown bird - small,Day,0,0,0,170.0
1991-08-07,Maryland,Climb,Small,Unknown bird - small,Day,0,0,0,140.0
1991-08-07,Kentucky,Approach,Small,Unknown bird - small,Night,0,0,0,140.0
1991-08-07,Maryland,Climb,Small,Unknown bird - small,Night,0,0,0,140.0
1991-08-08,Louisiana,Approach,Medium,Unknown bird or bat,Night,0,0,0,135.0
1991-08-08,Illinois,Approach,Small,Unknown bird - small,Day,0,0,0,200.0
1991-08-09,Oregon,Approach,Medium,Unknown bird - medium,Night,0,0,0,200.0
1991-08-09,Texas,Approach,Small,Unknown bird - small,Day,0,0,0,150.0
1991-08-11,New York,Approach,Medium,Unknown bird - medium,Day,0,0,0,150.0
1991-08-11,Indiana,Approach,Medium,Unknown bird - medium,Night,0,0,0,105.0
1991-08-11,Indiana,Landing Roll,Small,European starling,Night,0,0,0,140.0
1991-08-12,California,Climb,Medium,Red-tailed hawk,Day,0,0,0,100.0
1991-08-12,Louisiana,Climb,Medium,Unknown bird or bat,Dusk,0,0,0,150.0
1991-08-12,Hawaii,Landing Roll,Small,Zebra dove,Day,0,0,0,110.0
1991-08-15,DC,Approach,Medium,Unknown bird - medium,Day,0,0,0,140.0
1991-08-15,South Carolina,Approach,Medium,Unknown bird or bat,Day,0,0,0,130.0
1991-08-15,Texas,Take-off run,Small,Rock pigeon,Day,0,0,0,140.0
1991-08-15,Massachusetts,Approach,Small,Unknown bird - small,Night,0,0,0,125.0
1991-08-16,Hawaii,Climb,Small,American robin,Day,0,0,0,140.0
1991-08-16,Pennsylvania,Take-off run,Small,Unknown bird - small,Day,0,0,0,140.0
1991-08-17,Pennsylvania,Climb,Medium,Unknown bird - medium,Day,0,0,0,140.0
1991-08-17,New York,Approach,Small,European starling,Day,0,0,0,135.0
1991-08-17,Texas,Approach,Small,American robin,Day,0,0,0,130.0
1991-08-18,Tennessee,Climb,Medium,Unknown bird - medium,Night,0,0,0,250.0
1991-08-18,Missouri,Approach,Small,Unknown bird - small,Night,0,0,0,210.0
1991-08-18,Massachusetts,Landing Roll,Small,Unknown bird - small,Night,0,0,0,140.0
1991-08-19,California,Take-off run,Large,Coyote,Dawn,0,0,0,100.0
1991-08-19,Kentucky,Climb,Medium,Unknown bird - medium,Day,0,0,0,180.0
1991-08-19,Tennessee,Approach,Small,Unknown bird - small,Day,0,0,0,120.0
1991-08-19,Texas,Landing Roll,Small,Unknown bird - small,Day,0,0,0,120.0
1991-08-19,DC,Approach,Small,Unknown bird - small,Night,0,0,0,130.0
1991-08-20,Pennsylvania,Approach,Medium,Unknown bird - medium,Night,0,0,0,135.0
1991-08-20,Tennessee,Approach,Small,Unknown bird - small,Day,0,0,0,146.0
1991-08-21,Illinois,Approach,Medium,Unknown bird - medium,Day,0,0,0,130.0
1991-08-22,New York,Climb,Small,Unknown bird - small,Day,0,0,0,190.0
1991-08-23,Georgia,Approach,Medium,Unknown bird - medium,Day,0,0,0,131.0
1991-08-24,Texas,Approach,Small,Unknown bird - small,Day,0,0,0,170.0
1991-08-25,Louisiana,Approach,Medium,Unknown bird or bat,Day,0,0,0,135.0
1991-08-26,Louisiana,Approach,Medium,Unknown bird or bat,Day,0,0,0,140.0
1991-08-26,Texas,Approach,Small,Unknown bird - small,Day,0,0,0,140.0
1991-08-26,Texas,Approach,Small,Unknown bird - small,Day,0,0,0,180.0
1991-08-28,Louisiana,Take-off run,Medium,Unknown bird or bat,Day,0,0,0,136.0
1991-08-28,Louisiana,Approach,Medium,Unknown bird or bat,Night,0,0,0,150.0
1991-08-28,Tennessee,Climb,Small,Unknown bird - small,Day,0,0,0,140.0
1991-08-28,Missouri,Take-off run,Small,Killdeer,Day,0,0,0,130.0
1991-08-29,Texas,Approach,Medium,Unknown bird - medium,Day,0,0,0,170.0
1991-08-29,Georgia,Approach,Medium,Unknown bird - medium,Night,0,0,0,210.0
1991-08-29,Ohio,Approach,Medium,Unknown bird - medium,Night,0,0,0,150.0
1991-08-29,Missouri,Climb,Small,Unknown bird - small,Day,0,0,0,120.0
1991-08-29,Tennessee,Landing Roll,Small,Unknown bird - small,Night,0,0,0,100.0
1991-08-30,Utah,Approach,Medium,Unknown bird - medium,Day,0,0,0,140.0
1991-08-30,Nebraska,Approach,Small,Unknown bird - small,Day,0,0,0,140.0
1991-08-30,Texas,Approach,Small,American robin,Day,0,0,0,135.0
1991-08-31,Missouri,Descent,Large,Turkey vulture,Day,0,0,0,230.0
1991-08-31,South Carolina,Approach,Medium,Red-tailed hawk,Day,0,16313,16313,200.0
1991-09-01,Texas,Climb,Medium,Unknown bird - medium,Day,0,0,0,180.0
1991-09-01,Tennessee,Climb,Medium,Unknown bird - medium,Day,0,0,0,140.0
1991-09-01,Maryland,Approach,Medium,Unknown bird - medium,Day,0,0,0,130.0
1991-09-01,North Carolina,Landing Roll,Medium,Red-tailed hawk,Dusk,0,0,0,100.0
1991-09-01,Maryland,Climb,Medium,Unknown bird - medium,Night,0,0,0,230.0
1991-09-01,Texas,Approach,Small,Unknown bird - small,Day,0,0,0,130.0
1991-09-01,Maryland,Approach,Small,Unknown bird - small,Night,0,0,0,210.0
1991-09-02,New Jersey,Descent,Medium,Unknown bird - medium,Night,0,0,0,250.0
1991-09-02,South Carolina,Approach,Small,Unknown bird - small,Day,0,0,0,85.0
1991-09-02,Pennsylvania,Climb,Small,Unknown bird - small,Dusk,0,0,0,160.0
1991-09-02,Tennessee,Climb,Small,Unknown bird - small,Night,0,0,0,225.0
1991-09-03,Tennessee,Approach,Large,Unknown bird - large,Day,0,0,0,130.0
1991-09-03,Hawaii,Landing Roll,Medium,Unknown bird - medium,Day,0,0,0,100.0
1991-09-03,Tennessee,Approach,Small,Unknown bird - small,Day,0,0,0,130.0
1991-09-04,Tennessee,Approach,Medium,Unknown bird - medium,Dusk,0,0,0,130.0
1991-09-04,Louisiana,Approach,Medium,Unknown bird or bat,Night,0,0,0,160.0
1991-09-04,Louisiana,Take-off run,Medium,Unknown bird or bat,Night,0,0,0,150.0
1991-09-04,Nebraska,Approach,Small,Unknown bird - small,Day,0,0,0,140.0
1991-09-04,Texas,Climb,Small,Unknown bird - small,Day,0,0,0,150.0
1991-09-05,DC,Approach,Large,Unknown bird - large,Day,8471,67767,76238,130.0
1991-09-05,Kentucky,Approach,Large,Canada goose,Day,0,0,0,126.0
1991-09-05,Kentucky,Climb,Large,Unknown bird - large,Night,0,0,0,230.0
1991-09-05,Maryland,Take-off run,Medium,American crow,Day,0,0,0,140.0
1991-09-06,Tennessee,Climb,Small,Unknown bird - small,Day,0,0,0,250.0
1991-09-07,New Jersey,Approach,Large,Unknown bird - large,Day,0,0,0,120.0
1991-09-07,Massachusetts,Approach,Small,European starling,Day,0,0,0,130.0
1991-09-07,Tennessee,Approach,Small,Unknown bird - small,Day,0,0,0,150.0
1991-09-07,Tennessee,Approach,Small,Unknown bird - small,Day,0,0,0,160.0
1991-09-07,Massachusetts,Take-off run,Small,Unknown bird - small,Day,0,0,0,140.0
1991-09-08,California,Approach,Small,Unknown bird - small,Day,0,0,0,138.0
1991-09-08,New Jersey,Landing Roll,Small,Unknown bird - small,Day,0,0,0,40.0
1991-09-08,California,Take-off run,Small,Unknown bird - small,Day,0,0,0,120.0
1991-09-09,Texas,Climb,Medium,Unknown bird - medium,Night,0,0,0,160.0
1991-09-09,Indiana,Landing Roll,Small,Killdeer,Day,0,0,0,95.0
1991-09-10,Illinois,Climb,Medium,Unknown bird - medium,Night,0,0,0,215.0
1991-09-10,DC,Approach,Small,Unknown bird - small,Day,0,0,0,125.0
1991-09-10,Illinois,Approach,Small,Unknown bird - small,Day,0,0,0,150.0
1991-09-10,Ohio,Approach,Small,Unknown bird - small,Night,0,0,0,170.0
1991-09-11,DC,Descent,Small,Mourning dove,Day,0,0,0,140.0
1991-09-11,Kentucky,Approach,Small,Unknown bird - small,Day,0,0,0,120.0
1991-09-12,Texas,Take-off run,Medium,Unknown bird - medium,Dawn,0,0,0,135.0
1991-09-12,Texas,Approach,Medium,Unknown bird - medium,Day,0,0,0,130.0
1991-09-12,DC,Approach,Medium,Unknown bird - medium,Night,0,0,0,170.0
1991-09-12,Texas,Climb,Medium,Unknown bird - medium,Night,0,0,0,180.0
1991-09-12,Pennsylvania,Climb,Small,Mourning dove,Day,0,0,0,110.0
1991-09-12,Illinois,Take-off run,Small,Unknown bird - small,Day,0,0,0,120.0
1991-09-13,California,Approach,Small,Rock pigeon,Day,0,0,0,130.0
1991-09-14,Texas,Take-off run,Small,Unknown bird - small,Day,0,0,0,130.0
1991-09-15,Maryland,Approach,Medium,Unknown bird - medium,Night,0,0,0,120.0
1991-09-15,Tennessee,Climb,Small,Mourning dove,Day,0,0,0,180.0
1991-09-16,Louisiana,Take-off run,Medium,Unknown bird or bat,Day,0,0,0,130.0
1991-09-16,Ohio,Approach,Small,Unknown bird - small,Night,0,0,0,180.0
1991-09-17,Louisiana,Approach,Medium,Unknown bird or bat,Day,0,0,0,200.0
1991-09-17,New Jersey,Take-off run,Medium,Unknown bird - medium,Day,0,0,0,140.0
1991-09-17,Louisiana,Approach,Medium,Unknown bird or bat,Night,0,0,0,165.0
1991-09-17,Texas,Climb,Medium,Unknown bird - medium,Night,0,0,0,200.0
1991-09-17,Texas,Climb,Medium,Unknown bird - medium,Night,0,0,0,250.0
1991-09-17,Kentucky,Climb,Small,Unknown bird - small,Day,0,0,0,200.0
1991-09-18,Louisiana,Approach,Medium,Unknown bird or bat,Night,0,0,0,120.0
1991-09-18,Louisiana,Approach,Medium,Unknown bird or bat,Night,0,0,0,160.0
1991-09-18,Massachusetts,Approach,Medium,Unknown bird - medium,Night,0,0,0,170.0
1991-09-18,North Carolina,Approach,Small,Rock pigeon,Day,0,0,0,130.0
1991-09-19,South Carolina,Approach,Medium,Unknown bird or bat,Day,0,0,0,130.0
1991-09-19,Hawaii,Landing Roll,Medium,Unknown bird or bat,Day,0,0,0,149.0
1991-09-19,Louisiana,Take-off run,Medium,Unknown bird or bat,Day,0,0,0,125.0
1991-09-19,Louisiana,Approach,Medium,Unknown bird or bat,Night,0,0,0,160.0
1991-09-20,Illinois,Approach,Medium,Unknown bird - medium,Day,0,0,0,140.0
1991-09-20,Kentucky,Approach,Medium,Unknown bird - medium,Day,0,0,0,110.0
1991-09-20,Indiana,Approach,Medium,Unknown bird - medium,Night,0,0,0,140.0
1991-09-20,Kentucky,Approach,Medium,Unknown bird - medium,Night,0,0,0,130.0
1991-09-20,North Carolina,Approach,Small,Blackbirds,Day,0,0,0,170.0
1991-09-20,Ohio,Approach,Small,Unknown bird - small,Day,0,0,0,125.0
1991-09-20,Texas,Approach,Small,Unknown bird - small,Night,0,0,0,190.0
1991-09-21,Maryland,Approach,Medium,Unknown bird - medium,Night,0,0,0,140.0
1991-09-21,Texas,Approach,Small,Unknown bird - small,Night,0,0,0,130.0
1991-09-21,Utah,Approach,Small,Unknown bird - small,Night,0,0,0,130.0
1991-09-23,Louisiana,Approach,Medium,Unknown bird or bat,Day,0,0,0,150.0
1991-09-23,Illinois,Approach,Medium,Unknown bird - medium,Night,0,0,0,200.0
1991-09-23,Kentucky,Approach,Small,Unknown bird - small,Day,0,0,0,200.0
1991-09-23,Nebraska,Approach,Small,Unknown bird - small,Day,0,0,0,125.0
1991-09-23,California,Approach,Small,Unknown bird - small,Night,0,0,0,116.0
1991-09-24,Washington,Approach,Large,Unknown bird - large,Night,0,0,0,140.0
1991-09-24,Texas,Approach,Small,Unknown bird - small,Night,0,0,0,135.0
1991-09-25,Louisiana,Approach,Medium,Unknown bird or bat,Night,0,0,0,165.0
1991-09-25,Louisiana,Climb,Medium,Unknown bird or bat,Night,0,0,0,150.0
1991-09-26,California,Landing Roll,Large,Turkey vulture,Day,0,0,0,110.0
1991-09-26,Texas,Approach,Medium,Unknown bird - medium,Day,0,0,0,135.0
1991-09-26,Louisiana,Approach,Medium,Unknown bird or bat,Night,0,0,0,150.0
1991-09-26,Minnesota,Approach,Medium,Unknown bird - medium,Night,0,0,0,165.0
1991-09-26,South Carolina,Approach,Medium,Unknown bird or bat,Night,0,0,0,150.0
1991-09-27,Hawaii,Take-off run,Small,Zebra dove,Day,0,0,0,130.0
1991-09-30,Tennessee,Approach,Medium,Unknown bird - medium,Day,0,0,0,120.0
1991-09-30,Illinois,Take-off run,Medium,Unknown bird - medium,Day,0,0,0,135.0
1991-09-30,Tennessee,Approach,Small,Unknown bird - small,Day,0,0,0,130.0
1991-09-30,Texas,Landing Roll,Small,Unknown bird - small,Day,0,0,0,110.0
1991-09-30,Georgia,Approach,Small,Unknown bird - small,Night,0,0,0,115.0
1991-09-30,Massachusetts,Approach,Small,European starling,Night,0,0,0,140.0
1991-10-01,Illinois,Approach,Small,Unknown bird - small,Day,0,0,0,125.0
1991-10-02,Texas,Approach,Small,Unknown bird - small,Day,0,0,0,120.0
1991-10-03,Massachusetts,Take-off run,Medium,Unknown bird - medium,Dawn,0,0,0,140.0
1991-10-03,Tennessee,Approach,Small,Unknown bird - small,Day,0,0,0,140.0
1991-10-03,Missouri,Climb,Small,Unknown bird - small,Day,0,0,0,210.0
1991-10-04,New Jersey,Climb,Medium,Unknown bird - medium,Night,0,0,0,250.0
1991-10-05,Tennessee,Approach,Medium,Unknown bird - medium,Night,0,0,0,150.0
1991-10-05,Georgia,Approach,Small,Unknown bird - small,Night,0,0,0,200.0
1991-10-06,DC,Approach,Medium,Unknown bird - medium,Night,0,0,0,140.0
1991-10-06,North Carolina,Climb,Medium,Unknown bird - medium,Night,0,0,0,230.0
1991-10-06,Texas,Take-off run,Small,Unknown bird - small,Day,0,0,0,140.0
1991-10-06,DC,Approach,Small,Unknown bird - small,Night,0,0,0,150.0
1991-10-07,Hawaii,Approach,Medium,Unknown bird - medium,Day,0,0,0,145.0
1991-10-07,South Carolina,Approach,Medium,Unknown bird or bat,Day,0,0,0,130.0
1991-10-07,Louisiana,Approach,Medium,Unknown bird or bat,Night,0,0,0,210.0
1991-10-07,South Carolina,Approach,Medium,Unknown bird or bat,Night,0,0,0,140.0
1991-10-07,Tennessee,Climb,Small,Unknown bird - small,Day,0,0,0,230.0
1991-10-08,Ohio,Landing Roll,Medium,American crow,Day,0,0,0,105.0
1991-10-08,Minnesota,Take-off run,Medium,Unknown bird - medium,Night,0,0,0,125.0
1991-10-08,Texas,Descent,Small,Unknown bird - small,Day,0,0,0,140.0
1991-10-08,Illinois,Climb,Small,Unknown bird - small,Night,0,0,0,250.0
1991-10-09,Texas,Approach,Medium,Unknown bird - medium,Dusk,0,0,0,140.0
1991-10-09,Louisiana,Approach,Medium,Unknown bird or bat,Night,0,0,0,180.0
1991-10-09,Indiana,Approach,Small,Unknown bird - small,Day,0,0,0,135.0
1991-10-09,Texas,Climb,Small,Unknown bird - small,Day,0,0,0,170.0
1991-10-10,Louisiana,Approach,Medium,Unknown bird or bat,Night,0,0,0,150.0
1991-10-10,Pennsylvania,Approach,Medium,Unknown bird - medium,Night,0,0,0,140.0
1991-10-10,Illinois,Climb,Small,Rock pigeon,Day,0,0,0,180.0
1991-10-10,Texas,Approach,Small,Unknown bird - small,Day,0,0,0,140.0
1991-10-10,Pennsylvania,Approach,Small,Unknown bird - small,Night,0,0,0,140.0
1991-10-11,Illinois,Approach,Medium,Unknown bird - medium,Night,0,0,0,210.0
1991-10-11,Texas,Approach,Medium,Unknown bird - medium,Night,0,0,0,150.0
1991-10-11,Tennessee,Climb,Medium,Unknown bird - medium,Night,0,0,0,180.0
1991-10-11,Kentucky,Approach,Small,Unknown bird - small,Night,0,0,0,167.0
1991-10-12,California,Approach,Medium,Unknown bird - medium,Day,0,0,0,140.0
1991-10-13,DC,Approach,Medium,Unknown bird - medium,Night,0,0,0,150.0
1991-10-13,Maryland,Approach,Medium,Unknown bird - medium,Night,0,0,0,180.0
1991-10-13,Pennsylvania,Approach,Medium,Unknown bird - medium,Night,0,0,0,150.0
1991-10-14,New York,Approach,Medium,Unknown bird - medium,Night,0,0,0,141.0
1991-10-14,Texas,Approach,Medium,Unknown bird - medium,Night,0,0,0,140.0
1991-10-15,Louisiana,Approach,Medium,Unknown bird or bat,Night,0,0,0,155.0
1991-10-15,Louisiana,Approach,Medium,Unknown bird or bat,Night,0,0,0,180.0
1991-10-15,Tennessee,Approach,Medium,Unknown bird - medium,Night,0,0,0,140.0
1991-10-15,Pennsylvania,Take-off run,Small,Rock pigeon,Dawn,0,0,0,100.0
1991-10-16,Kentucky,Approach,Large,Unknown bird - large,Night,0,0,0,170.0
1991-10-16,Tennessee,Descent,Medium,Unknown bird - medium,Night,0,0,0,240.0
1991-10-16,Louisiana,Approach,Medium,Unknown bird or bat,Night,0,0,0,130.0
1991-10-16,Kentucky,Approach,Small,Unknown bird - small,Night,0,0,0,120.0
1991-10-17,Kentucky,Descent,Large,Unknown bird - large,Night,0,0,0,280.0
1991-10-17,Louisiana,Approach,Medium,Unknown bird or bat,Night,0,0,0,180.0
1991-10-17,Hawaii,Take-off run,Small,Pacific golden-plover,Day,0,0,0,85.0
1991-10-18,Pennsylvania,Climb,Medium,Unknown bird - medium,Day,0,0,0,200.0
1991-10-19,New Jersey,Approach,Medium,Unknown bird - medium,Night,0,0,0,130.0
1991-10-20,South Carolina,Approach,Medium,Unknown bird or bat,Day,0,0,0,200.0
1991-10-20,Pennsylvania,Approach,Medium,Unknown bird - medium,Night,0,0,0,230.0
1991-10-20,Maryland,Climb,Small,Unknown bird - small,Dusk,0,0,0,250.0
1991-10-22,California,Climb,Small,Unknown bird - small,Day,0,0,0,150.0
1991-10-22,Texas,Approach,Small,Unknown bird - small,Night,0,0,0,130.0
1991-10-23,New Jersey,Approach,Medium,Unknown bird - medium,Night,0,0,0,142.0
1991-10-24,Texas,Landing Roll,Medium,Unknown bird - medium,Day,0,0,0,90.0
1991-10-25,DC,Landing Roll,Large,White-tailed deer,Night,0,0,0,140.0
1991-10-25,Texas,Take-off run,Medium,Unknown bird - medium,Day,0,0,0,140.0
1991-10-25,Kentucky,Approach,Medium,Unknown bird - medium,Day,0,0,0,140.0
1991-10-26,Texas,Climb,Large,Turkey vulture,Day,0,0,0,140.0
1991-10-26,North Carolina,Approach,Medium,Unknown bird - medium,Night,0,0,0,120.0
1991-10-29,Massachusetts,Take-off run,Medium,Unknown bird - medium,Dusk,0,0,0,140.0
1991-10-29,California,Approach,Medium,Unknown bird - medium,Night,0,0,0,135.0
1991-10-29,Texas,Approach,Medium,Unknown bird - medium,Night,0,0,0,180.0
1991-10-29,Texas,Climb,Medium,Unknown bird - medium,Night,0,0,0,180.0
1991-10-30,Kentucky,Approach,Medium,Unknown bird - medium,Night,0,0,0,190.0
1991-10-30,Georgia,Approach,Small,Unknown bird - small,Night,0,0,0,200.0
1991-10-30,Washington,Approach,Small,Short-eared owl,Night,0,0,0,110.0
1991-10-31,Texas,Approach,Medium,Unknown bird - medium,Day,0,0,0,140.0
1991-10-31,Louisiana,Approach,Medium,Unknown bird or bat,Night,0,0,0,154.0
1991-11-01,Tennessee,Climb,Small,Unknown bird - small,Day,0,0,0,120.0
1991-11-01,North Carolina,Take-off run,Small,Unknown bird - small,Night,0,0,0,140.0
1991-11-02,Florida,Descent,Medium,Unknown bird - medium,Day,0,0,0,270.0
1991-11-03,DC,Landing Roll,Large,White-tailed deer,Night,0,0,0,100.0
1991-11-03,Texas,Approach,Medium,Unknown bird - medium,Day,0,0,0,145.0
1991-11-03,Illinois,Climb,Medium,Unknown bird - medium,Day,0,0,0,170.0
1991-11-03,Oklahoma,Climb,Medium,Unknown bird - medium,Day,0,0,0,140.0
1991-11-03,Illinois,Approach,Medium,Unknown bird - medium,Night,0,0,0,150.0
1991-11-03,New Jersey,Approach,Small,Unknown bird - small,Night,0,0,0,180.0
1991-11-04,Texas,Approach,Medium,Unknown bird - medium,Dawn,0,0,0,130.0
1991-11-04,Texas,Approach,Medium,Unknown bird - medium,Day,0,0,0,140.0
1991-11-04,North Carolina,Approach,Medium,Unknown bird - medium,Night,0,0,0,140.0
1991-11-04,Louisiana,Climb,Medium,Unknown bird or bat,Night,0,0,0,170.0
1991-11-04,California,Approach,Small,European starling,Day,0,0,0,132.0
1991-11-04,Texas,Landing Roll,Small,Unknown bird - small,Day,0,0,0,110.0
1991-11-05,Texas,Climb,Small,Mourning dove,Day,0,0,0,170.0
1991-11-06,Kentucky,Approach,Large,Unknown bird - large,Dusk,0,0,0,140.0
1991-11-06,Louisiana,Approach,Medium,Unknown bird or bat,Day,0,0,0,0.0
1991-11-06,Louisiana,Climb,Medium,Unknown bird or bat,Night,0,0,0,140.0
1991-11-07,Texas,Approach,Small,Unknown bird - small,Night,0,0,0,180.0
1991-11-08,California,Approach,Large,Unknown bird - large,Night,0,0,0,240.0
1991-11-08,Texas,Approach,Medium,Unknown bird - medium,Night,0,0,0,160.0
1991-11-08,Texas,Climb,Medium,Unknown bird - medium,Night,0,0,0,140.0
1991-11-08,New York,Approach,Small,Unknown bird - small,Night,0,0,0,170.0
1991-11-08,Tennessee,Approach,Small,Unknown bird - small,Night,0,0,0,145.0
1991-11-08,Washington,Approach,Small,Rock pigeon,Night,0,0,0,120.0
1991-11-09,Pennsylvania,Climb,Medium,Unknown bird - medium,Day,0,0,0,140.0
1991-11-10,Oklahoma,Approach,Small,Unknown bird - small,Night,0,0,0,145.0
1991-11-11,Massachusetts,Take-off run,Medium,Unknown bird - medium,Day,0,0,0,140.0
1991-11-11,Texas,Approach,Medium,Unknown bird - medium,Night,0,0,0,170.0
1991-11-11,Texas,Climb,Medium,Unknown bird - medium,Night,0,0,0,200.0
1991-11-11,Georgia,Approach,Small,European starling,Day,0,0,0,140.0
1991-11-11,Pennsylvania,Approach,Small,Unknown bird - small,Night,0,0,0,110.0
1991-11-12,Massachusetts,Landing Roll,Medium,Unknown bird - medium,Day,0,0,0,140.0
1991-11-12,Louisiana,Climb,Medium,Unknown bird or bat,Night,0,0,0,150.0
1991-11-12,Texas,Take-off run,Small,Unknown bird - small,Dawn,0,0,0,140.0
1991-11-13,Minnesota,Approach,Medium,Unknown bird - medium,Night,0,0,0,150.0
1991-11-14,New York,Approach,Medium,Unknown bird - medium,Night,0,0,0,250.0
1991-11-14,New York,Approach,Medium,Unknown bird - medium,Night,0,0,0,140.0
1991-11-15,Hawaii,Landing Roll,Medium,Unknown bird - medium,Night,0,0,0,140.0
1991-11-16,DC,Descent,Large,Unknown bird - large,Night,0,0,0,280.0
1991-11-16,Massachusetts,Landing Roll,Medium,Unknown bird - medium,Day,0,0,0,140.0
1991-11-16,Pennsylvania,Approach,Small,Unknown bird - small,Day,0,0,0,130.0
1991-11-17,Texas,Landing Roll,Medium,Unknown bird - medium,Day,0,0,0,140.0
1991-11-17,Maryland,Climb,Medium,Unknown bird - medium,Night,0,0,0,200.0
1991-11-17,New Jersey,Climb,Small,Unknown bird - small,Dusk,0,0,0,155.0
1991-11-18,Texas,Approach,Medium,Unknown bird - medium,Night,0,0,0,180.0
1991-11-19,Missouri,Approach,Medium,Unknown bird - medium,Day,0,0,0,150.0
1991-11-20,California,Approach,Small,Unknown bird - small,Night,0,0,0,128.0
1991-11-22,Kentucky,Climb,Large,Unknown bird - large,Night,0,0,0,250.0
1991-11-22,North Carolina,Climb,Large,Unknown bird - large,Night,0,0,0,140.0
1991-11-22,Maryland,Take-off run,Medium,Herring gull,Day,0,0,0,135.0
1991-11-22,South Carolina,Approach,Medium,Unknown bird or bat,Night,0,0,0,160.0
1991-11-22,Tennessee,Descent,Medium,Unknown bird - medium,Night,0,0,0,250.0
1991-11-23,DC,Take-off run,Large,White-tailed deer,Day,0,0,0,140.0
1991-11-23,Texas,Approach,Small,Unknown bird - small,Day,0,0,0,145.0
1991-11-24,Louisiana,Approach,Small,Unknown bird - small,Day,0,0,0,140.0
1991-11-25,Missouri,Climb,Small,Unknown bird - small,Dawn,0,0,0,165.0
1991-11-25,Tennessee,Take-off run,Small,Unknown bird - small,Day,0,0,0,140.0
1991-11-26,Pennsylvania,Take-off run,Large,White-tailed deer,Night,0,0,0,140.0
1991-11-26,DC,Descent,Medium,Unknown bird - medium,Night,0,0,0,220.0
1991-11-26,California,Take-off run,Small,Rock pigeon,Day,0,0,0,110.0
1991-11-27,Florida,Landing Roll,Small,Unknown bird - small,Day,0,0,0,120.0
1991-12-04,Louisiana,Take-off run,Medium,Unknown bird or bat,Day,0,0,0,130.0
1991-12-04,Tennessee,Climb,Medium,Unknown bird - medium,Night,0,0,0,160.0
1991-12-05,DC,Approach,Medium,Unknown bird - medium,Night,0,0,0,180.0
1991-12-05,Illinois,Approach,Small,Unknown bird - small,Day,0,0,0,100.0
1991-12-06,DC,Approach,Medium,Unknown bird - medium,Night,0,0,0,140.0
1991-12-06,Texas,Approach,Small,Unknown bird - small,Day,0,0,0,145.0
1991-12-07,Florida,Take-off run,Large,Unknown bird - large,Night,0,0,0,135.0
1991-12-09,California,Landing Roll,Medium,Unknown bird or bat,Night,0,0,0,140.0
1991-12-10,DC,Approach,Medium,Ring-billed gull,Day,0,0,0,130.0
1991-12-10,Georgia,Approach,Small,European starling,Day,0,0,0,145.0
1991-12-11,Pennsylvania,Landing Roll,Large,White-tailed deer,Night,0,0,0,140.0
1991-12-11,Illinois,Take-off run,Medium,American crow,Day,0,0,0,159.0
1991-12-11,Illinois,Climb,Medium,Unknown bird - medium,Day,0,0,0,140.0
1991-12-12,Tennessee,Descent,Large,Unknown bird - large,Night,0,0,0,320.0
1991-12-12,California,Approach,Large,Unknown bird - large,Night,0,0,0,130.0
1991-12-12,Texas,Approach,Medium,Unknown bird - medium,Night,0,0,0,140.0
1991-12-12,Kentucky,Landing Roll,Small,Unknown bird - small,Night,0,0,0,100.0
1991-12-13,Oregon,Approach,Medium,Unknown bird - medium,Night,0,0,0,140.0
1991-12-13,Louisiana,Climb,Small,Unknown bird - small,Night,0,0,0,140.0
1991-12-17,Massachusetts,Landing Roll,Medium,Unknown bird - medium,Dawn,0,0,0,140.0
1991-12-18,Hawaii,Approach,Small,Pacific golden-plover,Day,0,0,0,135.0
1991-12-19,Hawaii,Take-off run,Medium,Unknown bird - medium,Day,0,0,0,140.0
1991-12-20,Texas,Approach,Medium,Unknown bird - medium,Day,0,0,0,140.0
1991-12-21,Texas,Climb,Medium,Unknown bird - medium,Night,0,0,0,250.0
1991-12-21,Hawaii,Landing Roll,Small,Unknown bird - small,Day,0,0,0,120.0
1991-12-22,Massachusetts,Approach,Medium,Unknown bird - medium,Day,0,0,0,140.0
1991-12-22,Texas,Climb,Medium,Unknown bird - medium,Dusk,0,0,0,140.0
1991-12-24,Texas,Approach,Medium,Unknown bird - medium,Night,0,0,0,180.0
1991-12-24,Hawaii,Take-off run,Small,Pacific golden-plover,Day,0,0,0,140.0
1991-12-25,Massachusetts,Climb,Medium,Unknown bird - medium,Day,0,0,0,140.0
1991-12-30,Louisiana,Approach,Large,Turkey vulture,Day,0,983,983,210.0
1991-12-30,Pennsylvania,Take-off run,Medium,Unknown bird - medium,Day,0,0,0,140.0
1991-12-31,Washington,Approach,Small,Unknown bird - small,Dawn,0,0,0,120.0
1991-12-31,Pennsylvania,Approach,Small,European starling,Day,0,0,0,140.0
1992-01-02,California,Take-off run,Medium,Unknown bird - medium,Dawn,0,0,0,140.0
1992-01-03,Florida,Climb,Medium,Unknown bird - medium,Day,0,0,0,160.0
1992-01-03,Texas,Take-off run,Medium,Unknown bird - medium,Night,0,0,0,110.0
1992-01-05,California,Descent,Large,Unknown bird - large,Night,0,0,0,170.0
1992-01-07,Kentucky,Approach,Medium,Unknown bird - medium,Day,0,0,0,140.0
1992-01-10,Ohio,Approach,Large,Canada goose,Night,0,0,0,120.0
1992-01-12,California,Approach,Large,Canada goose,Day,0,0,0,130.0
1992-01-17,California,Descent,Medium,Unknown bird - medium,Night,0,0,0,135.0
1992-01-17,Hawaii,Approach,Small,Zebra dove,Day,0,0,0,135.0
1992-01-17,Hawaii,Landing Roll,Small,Zebra dove,Day,0,0,0,100.0
1992-01-19,California,Approach,Medium,Unknown bird - medium,Night,0,0,0,110.0
1992-01-20,Tennessee,Approach,Medium,Unknown bird - medium,Night,0,0,0,140.0
1992-01-24,New York,Climb,Medium,Unknown bird - medium,Day,0,0,0,190.0
1992-01-24,Florida,Climb,Medium,Unknown bird - medium,Day,0,0,0,175.0
1992-01-25,DC,Approach,Medium,Ring-billed gull,Day,0,0,0,125.0
1992-01-28,Hawaii,Landing Roll,Medium,Unknown bird or bat,Day,0,0,0,140.0
1992-01-29,Texas,Approach,Medium,Unknown bird - medium,Day,0,0,0,140.0
1992-01-29,California,Climb,Small,Unknown bird - small,Dawn,0,0,0,150.0
1992-01-29,California,Take-off run,Small,Rock pigeon,Day,0,0,0,120.0
1992-01-30,Pennsylvania,Approach,Large,Unknown bird - large,Night,0,0,0,180.0
1992-01-31,South Carolina,Approach,Medium,Unknown bird or bat,Day,0,0,0,139.0
1992-02-02,Texas,Take-off run,Small,Unknown bird - small,Day,0,0,0,120.0
1992-02-04,New York,Approach,Medium,Unknown bird - medium,Night,0,0,0,135.0
1992-02-07,Kentucky,Landing Roll,Small,Unknown bird - small,Day,0,0,0,135.0
1992-02-11,Texas,Approach,Medium,Unknown bird - medium,Day,0,0,0,140.0
1992-02-15,California,Landing Roll,Small,Unknown bird - small,Day,0,0,0,100.0
1992-02-16,New Jersey,Approach,Large,Unknown bird - large,Night,0,0,0,140.0
1992-02-17,California,Approach,Small,Unknown bird - small,Day,0,0,0,133.0
1992-02-17,Hawaii,Landing Roll,Small,Zebra dove,Day,0,0,0,120.0
1992-02-18,DC,Approach,Medium,Ring-billed gull,Day,0,0,0,120.0
1992-02-18,California,Approach,Small,Unknown bird - small,Day,0,0,0,115.0
1992-02-18,Hawaii,Take-off run,Small,Barn owl,Day,0,0,0,100.0
1992-02-20,Texas,Climb,Large,Unknown bird - large,Night,0,0,0,250.0
1992-02-21,California,Approach,Medium,Unknown bird - medium,Day,0,0,0,140.0
1992-02-23,California,Climb,Medium,Unknown bird - medium,Night,0,0,0,210.0
1992-02-28,South Carolina,Approach,Medium,Unknown bird or bat,Day,0,0,0,140.0
1992-02-28,Pennsylvania,Approach,Medium,Unknown bird - medium,Night,0,0,0,130.0
1992-02-29,Illinois,Approach,Small,Unknown bird - small,Day,0,0,0,145.0
1992-03-04,Louisiana,Take-off run,Medium,Unknown bird or bat,Dusk,0,0,0,130.0
1992-03-05,North Carolina,Landing Roll,Medium,Unknown bird - medium,Dawn,0,0,0,140.0
1992-03-06,Illinois,Approach,Medium,Unknown bird - medium,Night,0,0,0,134.0
1992-03-06,Kentucky,Approach,Medium,Unknown bird - medium,Night,0,0,0,140.0
1992-03-06,California,Approach,Small,Unknown bird - small,Night,0,0,0,135.0
1992-03-08,New Jersey,Take-off run,Medium,Unknown bird - medium,Day,0,0,0,140.0
1992-03-09,DC,Take-off run,Large,Unknown bird - large,Night,0,0,0,140.0
1992-03-09,Pennsylvania,Climb,Small,Unknown bird - small,Day,0,0,0,125.0
1992-03-09,Florida,Descent,Small,Unknown bird - small,Night,0,0,0,200.0
1992-03-10,New York,Climb,Medium,Herring gull,Day,0,0,0,140.0
1992-03-11,Nebraska,Climb,Medium,Unknown bird - medium,Day,0,0,0,170.0
1992-03-11,Louisiana,Take-off run,Medium,Unknown bird - medium,Day,0,0,0,140.0
1992-03-11,California,Climb,Medium,Unknown bird - medium,Night,0,0,0,160.0
1992-03-15,New York,Approach,Medium,Unknown bird - medium,Dusk,0,0,0,140.0
1992-03-15,Illinois,Approach,Medium,Unknown bird - medium,Night,0,0,0,140.0
1992-03-21,California,Approach,Medium,Unknown bird - medium,Day,0,0,0,150.0
1992-03-24,Ohio,Climb,Small,Unknown bird - small,Dawn,0,0,0,140.0
1992-03-24,California,Approach,Small,Unknown bird - small,Night,0,0,0,235.0
1992-03-24,Tennessee,Climb,Small,Unknown bird - small,Night,0,0,0,230.0
1992-03-26,Louisiana,Approach,Medium,Unknown bird or bat,Night,0,0,0,170.0
1992-03-27,California,Landing Roll,Large,Canada goose,Day,0,0,0,90.0
1992-03-30,Pennsylvania,Take-off run,Large,Canada goose,Day,0,0,0,140.0
1992-03-30,Washington,Approach,Small,Unknown bird - small,Day,0,0,0,180.0
1992-03-31,North Carolina,Landing Roll,Large,Canada goose,Day,0,0,0,118.0
1992-04-03,Tennessee,Landing Roll,Medium,Unknown bird - medium,Dusk,0,0,0,100.0
1992-04-03,New York,Take-off run,Medium,Unknown bird - medium,Night,0,0,0,105.0
1992-04-06,DC,Approach,Large,Canada goose,Night,0,0,0,160.0
1992-04-07,Texas,Approach,Small,Unknown bird - small,Night,0,0,0,210.0
1992-04-08,Maryland,Approach,Small,Unknown bird - small,Night,0,0,0,160.0
1992-04-09,California,Approach,Medium,Unknown bird - medium,Night,0,0,0,140.0
1992-04-09,Illinois,Approach,Medium,Unknown bird - medium,Night,0,0,0,170.0
1992-04-09,Louisiana,Approach,Medium,Unknown bird or bat,Night,0,0,0,125.0
1992-04-09,Nebraska,Approach,Medium,Unknown bird - medium,Night,0,0,0,135.0
1992-04-10,Texas,Approach,Medium,Unknown bird - medium,Day,0,0,0,140.0
1992-04-11,Texas,Approach,Medium,Unknown bird - medium,Day,0,0,0,115.0
1992-04-12,Pennsylvania,Approach,Large,Unknown bird - large,Night,0,0,0,180.0
1992-04-13,Louisiana,Approach,Large,Unknown bird - large,Day,0,0,0,210.0
1992-04-13,Georgia,Approach,Large,Unknown bird - large,Night,0,0,0,140.0
1992-04-13,Arizona,Climb,Small,Unknown bird - small,Day,0,0,0,250.0
1992-04-13,New Jersey,Take-off run,Small,Unknown bird - small,Day,0,0,0,140.0
1992-04-14,Kentucky,Approach,Medium,Unknown bird - medium,Night,0,0,0,125.0
1992-04-14,Louisiana,Approach,Medium,Unknown bird or bat,Night,0,0,0,150.0
1992-04-14,Tennessee,Approach,Small,Unknown bird - small,Day,0,0,0,170.0
1992-04-15,Massachusetts,Approach,Small,Unknown bird - small,Night,0,0,0,150.0
1992-04-16,New York,Climb,Medium,Unknown bird - medium,Night,0,0,0,120.0
1992-04-17,Georgia,Approach,Large,Unknown bird - large,Night,0,0,0,138.0
1992-04-17,Illinois,Approach,Medium,Unknown bird - medium,Night,0,0,0,140.0
1992-04-17,Texas,Landing Roll,Small,Unknown bird - small,Day,0,0,0,100.0
1992-04-19,Maryland,Approach,Medium,Unknown bird - medium,Night,0,0,0,140.0
1992-04-19,Texas,Approach,Small,Unknown bird - small,Day,0,0,0,140.0
1992-04-20,Pennsylvania,Approach,Large,Canada goose,Day,0,0,0,138.0
1992-04-20,California,Descent,Small,Unknown bird - small,Night,0,0,0,270.0
1992-04-21,Texas,Approach,Large,Unknown bird - large,Day,0,0,0,140.0
1992-04-21,California,Approach,Medium,Unknown bird - medium,Day,0,0,0,250.0
1992-04-21,Texas,Approach,Small,Unknown bird - small,Night,0,0,0,140.0
1992-04-22,Louisiana,Approach,Medium,Unknown bird or bat,Night,0,0,0,150.0
1992-04-22,Texas,Approach,Small,Unknown bird - small,Night,0,0,0,180.0
1992-04-23,Missouri,Approach,Large,Canada goose,Day,0,0,0,125.0
1992-04-23,Louisiana,Approach,Medium,Unknown bird or bat,Night,0,0,0,140.0
1992-04-23,Louisiana,Approach,Medium,Unknown bird or bat,Night,0,0,0,180.0
1992-04-23,Texas,Approach,Small,Unknown bird - small,Day,0,0,0,125.0
1992-04-23,Florida,Landing Roll,Small,Unknown bird - small,Day,0,0,0,140.0
1992-04-23,Kentucky,Approach,Small,Unknown bird - small,Night,0,0,0,170.0
1992-04-25,California,Approach,Large,Unknown bird - large,Night,0,0,0,250.0
1992-04-25,New York,Approach,Medium,Herring gull,Dawn,0,0,0,140.0
1992-04-25,Texas,Climb,Small,Unknown bird - small,Day,0,0,0,155.0
1992-04-25,Illinois,Landing Roll,Small,Unknown bird - small,Day,0,0,0,135.0
1992-04-27,Texas,Landing Roll,Medium,Unknown bird - medium,Day,0,0,0,140.0
1992-04-27,Louisiana,Take-off run,Medium,Unknown bird - medium,Day,0,0,0,140.0
1992-04-27,Tennessee,Take-off run,Medium,Unknown bird - medium,Day,0,0,0,105.0
1992-04-27,Texas,Take-off run,Medium,Unknown bird - medium,Day,0,0,0,140.0
1992-04-28,Louisiana,Approach,Medium,Unknown bird or bat,Night,0,0,0,170.0
1992-04-28,Louisiana,Approach,Medium,Unknown bird or bat,Night,0,0,0,180.0
1992-04-29,Louisiana,Take-off run,Medium,Unknown bird or bat,Night,0,0,0,140.0
1992-04-30,Kentucky,Approach,Medium,American crow,Day,248,0,248,140.0
1992-04-30,Louisiana,Approach,Medium,Unknown bird or bat,Night,0,0,0,140.0
1992-04-30,Louisiana,Take-off run,Medium,Unknown bird or bat,Night,0,0,0,190.0
1992-05-01,Louisiana,Approach,Medium,Unknown bird or bat,Night,0,0,0,200.0
1992-05-01,Tennessee,Take-off run,Small,Unknown bird - small,Day,0,0,0,140.0
1992-05-02,Illinois,Take-off run,Medium,Unknown bird - medium,Day,0,0,0,140.0
1992-05-02,Pennsylvania,Approach,Small,Unknown bird - small,Night,0,0,0,130.0
1992-05-02,Texas,Approach,Small,Unknown bird - small,Night,0,0,0,125.0
1992-05-03,Nebraska,Approach,Large,Unknown bird - large,Night,0,0,0,170.0
1992-05-03,California,Landing Roll,Small,Unknown bird - small,Day,0,0,0,50.0
1992-05-06,Louisiana,Approach,Medium,Unknown bird or bat,Day,0,0,0,160.0
1992-05-06,Louisiana,Take-off run,Medium,Unknown bird or bat,Night,0,0,0,185.0
1992-05-06,Oklahoma,Descent,Small,Unknown bird - small,Night,0,0,0,280.0
1992-05-07,Texas,Climb,Medium,Unknown bird - medium,Night,0,0,0,250.0
1992-05-07,Texas,Approach,Small,Unknown bird - small,Day,0,0,0,120.0
1992-05-07,Missouri,Climb,Small,Unknown bird - small,Night,0,0,0,140.0
1992-05-08,Louisiana,Approach,Small,Unknown bird - small,Day,0,0,0,120.0
1992-05-08,Kentucky,Climb,Small,European starling,Day,0,0,0,140.0
1992-05-08,DC,Landing Roll,Small,European starling,Day,0,0,0,90.0
1992-05-09,DC,Approach,Large,Unknown bird - large,Night,0,0,0,140.0
1992-05-09,Texas,Approach,Medium,Unknown bird - medium,Night,0,0,0,130.0
1992-05-09,Texas,Landing Roll,Small,American robin,Day,0,0,0,140.0
1992-05-09,Utah,Take-off run,Small,Unknown bird - small,Day,0,0,0,150.0
1992-05-09,Texas,Approach,Small,Unknown bird - small,Night,0,0,0,140.0
1992-05-11,New York,Approach,Medium,Herring gull,Day,0,0,0,140.0
1992-05-11,California,Climb,Small,Unknown bird - small,Dawn,0,0,0,160.0
1992-05-11,New York,Climb,Small,Unknown bird - small,Night,0,0,0,160.0
1992-05-12,Pennsylvania,Descent,Medium,Unknown bird - medium,Night,0,0,0,250.0
1992-05-12,Texas,Approach,Medium,Unknown bird - medium,Night,0,0,0,230.0
1992-05-12,Georgia,Approach,Small,Unknown bird - small,Night,0,0,0,180.0
1992-05-13,Arizona,Approach,Large,Unknown bird - large,Day,0,0,0,140.0
1992-05-13,Louisiana,Approach,Medium,Unknown bird or bat,Night,0,0,0,180.0
1992-05-13,Texas,Approach,Small,Unknown bird - small,Day,0,0,0,125.0
1992-05-13,Texas,Approach,Small,Unknown bird - small,Day,0,0,0,142.0
1992-05-13,Kentucky,Approach,Small,Unknown bird - small,Night,0,0,0,120.0
1992-05-14,Georgia,Approach,Medium,Unknown bird - medium,Night,0,0,0,160.0
1992-05-14,Texas,Landing Roll,Small,Unknown bird - small,Day,0,0,0,125.0
1992-05-14,New York,Climb,Small,Unknown bird - small,Night,0,0,0,180.0
1992-05-15,Kentucky,Descent,Medium,Unknown bird - medium,Night,0,0,0,210.0
1992-05-15,Missouri,Climb,Small,Unknown bird - small,Night,0,0,0,210.0
1992-05-16,Oregon,Take-off run,Large,Great blue heron,Day,0,0,0,140.0
1992-05-16,Illinois,Approach,Small,Unknown bird - small,Night,0,0,0,140.0
1992-05-17,DC,Approach,Medium,Unknown bird - medium,Night,0,0,0,140.0
1992-05-17,Texas,Descent,Medium,Unknown bird - medium,Night,0,0,0,210.0
1992-05-17,Oklahoma,Climb,Small,Unknown bird - small,Night,0,0,0,160.0
1992-05-18,Tennessee,Approach,Small,Unknown bird - small,Dusk,0,0,0,140.0
1992-05-18,New York,Approach,Small,Unknown bird - small,Night,0,0,0,145.0
1992-05-19,Utah,Climb,Small,Unknown bird - small,Day,0,0,0,160.0
1992-05-20,Texas,Landing Roll,Medium,Unknown bird - medium,Day,0,0,0,120.0
1992-05-20,Louisiana,Approach,Medium,Unknown bird or bat,Night,0,0,0,150.0
1992-05-20,Pennsylvania,Approach,Small,Unknown bird - small,Night,0,0,0,140.0
1992-05-21,Kentucky,Landing Roll,Medium,Unknown bird - medium,Dawn,0,0,0,120.0
1992-05-21,Texas,Landing Roll,Medium,Unknown bird - medium,Day,0,0,0,140.0
1992-05-21,Texas,Take-off run,Medium,Unknown bird - medium,Day,0,0,0,140.0
1992-05-21,Kentucky,Descent,Medium,Unknown bird - medium,Night,0,0,0,210.0
1992-05-21,Texas,Climb,Small,Unknown bird - small,Night,0,0,0,250.0
1992-05-22,New Jersey,Climb,Large,Canada goose,Day,0,0,0,120.0
1992-05-22,Illinois,Approach,Small,Unknown bird - small,Night,0,0,0,140.0
1992-05-24,Florida,Approach,Small,Unknown bird - small,Night,0,0,0,140.0
1992-05-25,Tennessee,Approach,Small,European starling,Day,0,0,0,150.0
1992-05-25,Tennessee,Approach,Small,Unknown bird - small,Day,0,0,0,120.0
1992-05-25,New Jersey,Climb,Small,Laughing gull,Day,0,0,0,140.0
1992-05-25,Texas,Take-off run,Small,European starling,Day,0,0,0,140.0
1992-05-25,California,Approach,Small,Unknown bird - small,Dusk,0,0,0,125.0
1992-05-26,Texas,Approach,Small,Unknown bird - small,Day,0,0,0,135.0
1992-05-26,Texas,Take-off run,Small,Rock pigeon,Day,0,0,0,130.0
1992-05-27,Nebraska,Approach,Medium,Unknown bird - medium,Day,0,0,0,135.0
1992-05-27,Texas,Take-off run,Medium,Unknown bird - medium,Day,0,0,0,140.0
1992-05-27,Louisiana,Take-off run,Medium,Unknown bird or bat,Night,0,0,0,210.0
1992-05-27,DC,Approach,Small,Unknown bird - small,Day,0,0,0,140.0
1992-05-27,Kentucky,Approach,Small,Unknown bird - small,Day,0,0,0,100.0
1992-05-27,Kentucky,Approach,Small,Unknown bird - small,Day,0,0,0,145.0
1992-05-27,Tennessee,Approach,Small,Unknown bird - small,Dusk,0,0,0,130.0
1992-05-28,Oregon,Approach,Medium,Unknown bird - medium,Day,0,0,0,145.0
1992-05-28,Utah,Approach,Medium,Unknown bird - medium,Day,0,0,0,130.0
1992-05-28,Tennessee,Take-off run,Medium,Unknown bird - medium,Night,0,0,0,150.0
1992-05-28,California,Approach,Small,Unknown bird - small,Day,0,0,0,125.0
1992-05-28,Pennsylvania,Landing Roll,Small,American robin,Day,0,0,0,120.0
1992-05-28,Texas,Take-off run,Small,Mourning dove,Day,0,0,0,120.0
1992-05-28,Kentucky,Landing Roll,Small,Common nighthawk,Night,0,0,0,120.0
1992-05-29,New York,Approach,Large,Unknown bird - large,Day,0,0,0,132.0
1992-05-29,Texas,Approach,Small,Unknown bird - small,Day,0,0,0,150.0
1992-05-30,Texas,Climb,Medium,Unknown bird - medium,Day,0,0,0,280.0
1992-05-30,California,Take-off run,Medium,Unknown bird - medium,Night,0,0,0,120.0
1992-05-30,Missouri,Approach,Small,Unknown bird - small,Day,0,0,0,150.0
1992-05-30,Nebraska,Approach,Small,Barn swallow,Day,0,0,0,160.0
1992-05-30,North Carolina,Climb,Small,Unknown bird - small,Day,0,0,0,165.0
1992-05-30,Hawaii,Landing Roll,Small,Zebra dove,Day,0,0,0,95.0
1992-06-01,Michigan,Approach,Medium,Unknown bird - medium,Day,0,0,0,140.0
1992-06-01,Kentucky,Approach,Small,Unknown bird - small,Day,0,0,0,125.0
1992-06-01,Tennessee,Take-off run,Small,Unknown bird - small,Day,0,0,0,120.0
1992-06-02,South Carolina,Approach,Medium,Unknown bird or bat,Day,0,0,0,150.0
1992-06-02,Tennessee,Approach,Medium,Unknown bird - medium,Day,0,0,0,140.0
1992-06-02,Maryland,Climb,Medium,Unknown bird - medium,Night,0,0,0,160.0
1992-06-03,Ohio,Approach,Medium,Unknown bird - medium,Day,0,0,0,130.0
1992-06-04,Washington,Climb,Medium,Unknown bird - medium,Day,0,0,0,140.0
1992-06-04,Michigan,Landing Roll,Small,European starling,Day,0,0,0,120.0
1992-06-05,Illinois,Approach,Medium,Unknown bird - medium,Night,0,0,0,130.0
1992-06-05,Tennessee,Approach,Small,Unknown bird - small,Day,0,0,0,130.0
1992-06-05,DC,Climb,Small,Unknown bird - small,Day,0,0,0,140.0
1992-06-06,Pennsylvania,Landing Roll,Large,White-tailed deer,Dusk,0,0,0,140.0
1992-06-07,Tennessee,Take-off run,Small,Unknown bird - small,Dusk,0,0,0,140.0
1992-06-07,California,Approach,Small,Unknown bird - small,Night,0,0,0,160.0
1992-06-08,Ohio,Approach,Small,Unknown bird - small,Dawn,0,0,0,150.0
1992-06-09,Utah,Approach,Large,Canada goose,Day,0,0,0,190.0
1992-06-09,Texas,Approach,Medium,Unknown bird - medium,Night,0,0,0,140.0
1992-06-09,Texas,Approach,Small,Unknown bird - small,Day,0,0,0,160.0
1992-06-09,Tennessee,Climb,Small,Unknown bird - small,Day,0,0,0,160.0
1992-06-11,Texas,Landing Roll,Medium,Unknown bird - medium,Day,0,0,0,110.0
1992-06-11,Texas,Approach,Small,Unknown bird - small,Day,0,0,0,135.0
1992-06-11,California,Landing Roll,Small,Unknown bird - small,Day,0,0,0,140.0
1992-06-11,Texas,Take-off run,Small,Unknown bird - small,Day,0,0,0,140.0
1992-06-12,Maryland,Approach,Medium,Mallard,Day,0,0,0,135.0
1992-06-12,Kentucky,Approach,Medium,Unknown bird - medium,Day,0,0,0,110.0
1992-06-13,Texas,Approach,Medium,Unknown bird - medium,Day,0,0,0,130.0
1992-06-14,Texas,Landing Roll,Medium,Unknown bird - medium,Day,0,0,0,140.0
1992-06-14,Utah,Landing Roll,Medium,Unknown bird - medium,Day,0,0,0,140.0
1992-06-14,Pennsylvania,Landing Roll,Small,Unknown bird - small,Day,0,0,0,140.0
1992-06-15,Texas,Landing Roll,Medium,Unknown bird - medium,Day,0,0,0,127.0
1992-06-15,Pennsylvania,Climb,Small,Unknown bird - small,Day,0,0,0,150.0
1992-06-15,Texas,Landing Roll,Small,Unknown bird - small,Day,0,0,0,110.0
1992-06-15,Oregon,Take-off run,Small,Unknown bird - small,Day,0,0,0,150.0
1992-06-15,Texas,Take-off run,Small,Unknown bird - small,Day,0,0,0,120.0
1992-06-16,California,Landing Roll,Medium,Unknown bird - medium,Day,0,0,0,135.0
1992-06-16,Louisiana,Take-off run,Medium,Unknown bird or bat,Day,0,0,0,136.0
1992-06-16,Kentucky,Approach,Small,Unknown bird - small,Day,0,0,0,150.0
1992-06-16,California,Climb,Small,Unknown bird - small,Day,0,0,0,175.0
1992-06-16,Ohio,Climb,Small,Unknown bird - small,Day,0,0,0,150.0
1992-06-16,Minnesota,Landing Roll,Small,Unknown bird - small,Day,0,0,0,140.0
1992-06-16,New York,Parked,Small,Rock pigeon,Day,0,0,0,140.0
1992-06-18,Tennessee,Approach,Small,Unknown bird - small,Day,0,0,0,250.0
1992-06-19,Texas,Approach,Small,Unknown bird - small,Day,0,0,0,140.0
1992-06-19,Texas,Climb,Small,Unknown bird - small,Day,0,0,0,160.0
1992-06-20,Texas,Approach,Small,Unknown bird - small,Day,0,0,0,120.0
1992-06-20,Massachusetts,Approach,Small,Rock pigeon,Dusk,0,0,0,140.0
1992-06-21,Florida,Climb,Small,Unknown bird - small,Dawn,0,0,0,250.0
1992-06-21,Louisiana,Approach,Small,Unknown bird - small,Dusk,0,0,0,130.0
1992-06-21,Kentucky,Approach,Small,Unknown bird - small,Night,0,0,0,130.0
1992-06-22,Georgia,Approach,Small,Rock pigeon,Day,0,0,0,115.0
1992-06-22,Maryland,Approach,Small,Blackbirds,Day,0,0,0,140.0
1992-06-22,Texas,Take-off run,Small,Unknown bird - small,Day,0,0,0,100.0
1992-06-23,Pennsylvania,Approach,Medium,Unknown bird - medium,Day,0,0,0,160.0
1992-06-24,Texas,Landing Roll,Medium,Unknown bird - medium,Day,0,0,0,140.0
1992-06-25,Missouri,Approach,Medium,Unknown bird - medium,Day,0,0,0,125.0
1992-06-25,California,Approach,Small,Rock pigeon,Day,0,0,0,133.0
1992-06-25,Ohio,Climb,Small,Unknown bird - small,Day,0,0,0,250.0
1992-06-25,Texas,Approach,Small,Unknown bird - small,Night,0,0,0,180.0
1992-06-26,California,Climb,Small,Unknown bird - small,Day,0,0,0,160.0
1992-06-27,Louisiana,Climb,Small,Unknown bird - small,Dawn,0,0,0,135.0
1992-06-27,New York,Take-off run,Small,Mourning dove,Day,0,0,0,140.0
1992-06-29,Texas,Climb,Small,Unknown bird - small,Dusk,0,0,0,140.0
1992-06-30,Texas,Landing Roll,Small,Unknown bird - small,Day,0,0,0,120.0
1992-07-01,Nebraska,Approach,Medium,Unknown bird - medium,Day,0,0,0,135.0
1992-07-01,Louisiana,Approach,Medium,Unknown bird or bat,Night,0,0,0,137.0
1992-07-01,Massachusetts,Approach,Small,Unknown bird - small,Night,0,0,0,137.0
1992-07-03,Kentucky,Take-off run,Medium,Unknown bird - medium,Day,0,0,0,150.0
1992-07-03,Kentucky,Landing Roll,Small,Mourning dove,Day,0,0,0,120.0
1992-07-04,Texas,Approach,Small,Unknown bird - small,Day,0,0,0,120.0
1992-07-06,Texas,Climb,Small,Unknown bird - small,Dusk,0,0,0,220.0
1992-07-07,Louisiana,Approach,Medium,Unknown bird - medium,Day,0,0,0,140.0
1992-07-07,Louisiana,Descent,Small,Unknown bird - small,Day,0,0,0,210.0
1992-07-08,Nebraska,Take-off run,Medium,Unknown bird - medium,Night,0,0,0,140.0
1992-07-08,Kentucky,Landing Roll,Small,Killdeer,Dusk,0,0,0,100.0
1992-07-08,Pennsylvania,Approach,Small,European starling,Night,0,0,0,130.0
1992-07-09,Tennessee,Approach,Small,Unknown bird - small,Day,0,0,0,145.0
1992-07-10,Texas,Approach,Medium,Unknown bird - medium,Night,0,0,0,250.0
1992-07-10,Illinois,Approach,Small,Unknown bird - small,Day,0,0,0,130.0
1992-07-10,Texas,Approach,Small,Unknown bird - small,Day,0,0,0,140.0
1992-07-10,South Carolina,Climb,Small,American robin,Day,0,0,0,130.0
1992-07-10,Texas,Landing Roll,Small,Unknown bird - small,Day,0,0,0,60.0
1992-07-10,Hawaii,Climb,Small,Unknown bird - small,Dusk,0,0,0,150.0
1992-07-11,New York,Approach,Large,Unknown bird - large,Day,0,0,0,145.0
1992-07-12,Texas,Approach,Medium,Unknown bird - medium,Day,0,0,0,140.0
1992-07-12,South Carolina,Approach,Small,Unknown bird - small,Day,0,0,0,125.0
1992-07-14,Texas,Approach,Small,Unknown bird - small,Day,0,0,0,135.0
1992-07-14,California,Take-off run,Small,American kestrel,Day,0,0,0,140.0
1992-07-15,California,Landing Roll,Large,Unknown bird - large,Day,0,0,0,150.0
1992-07-15,Kentucky,Climb,Small,Unknown bird - small,Day,0,0,0,180.0
1992-07-16,Illinois,Take-off run,Medium,Unknown bird - medium,Day,0,0,0,0.0
1992-07-16,Tennessee,Approach,Small,Unknown bird - small,Day,0,0,0,130.0
1992-07-16,Illinois,Climb,Small,Unknown bird - small,Day,0,0,0,150.0
1992-07-17,Louisiana,Approach,Medium,Unknown bird or bat,Day,0,0,0,140.0
1992-07-18,Pennsylvania,Approach,Small,Rock pigeon,Day,0,247514,247514,145.0
1992-07-18,Indiana,Take-off run,Small,Unknown bird - small,Day,0,0,0,170.0
1992-07-19,Tennessee,Approach,Small,European starling,Day,0,0,0,140.0
1992-07-19,Utah,Approach,Small,Unknown bird - small,Day,0,0,0,140.0
1992-07-20,Louisiana,Take-off run,Medium,Unknown bird or bat,Day,0,0,0,60.0
1992-07-21,Massachusetts,Take-off run,Medium,Unknown bird - medium,Day,0,0,0,140.0
1992-07-22,New Jersey,Approach,Small,Barn swallow,Day,0,0,0,151.0
1992-07-23,Utah,Climb,Medium,Unknown bird - medium,Night,0,0,0,140.0
1992-07-23,Kentucky,Approach,Small,Unknown bird - small,Day,0,0,0,125.0
1992-07-23,Illinois,Take-off run,Small,Unknown bird - small,Day,0,0,0,100.0
1992-07-24,Hawaii,Landing Roll,Medium,Unknown bird - medium,Day,0,0,0,100.0
1992-07-24,Louisiana,Take-off run,Medium,Unknown bird or bat,Day,0,0,0,100.0
1992-07-24,Nebraska,Landing Roll,Small,Unknown bird - small,Day,0,0,0,100.0
1992-07-25,California,Approach,Medium,Unknown bird - medium,Day,0,0,0,130.0
1992-07-25,Kentucky,Approach,Small,European starling,Day,0,0,0,140.0
1992-07-25,New Jersey,Approach,Small,American robin,Day,0,0,0,142.0
1992-07-26,Illinois,Climb,Medium,Unknown bird - medium,Day,0,0,0,140.0
1992-07-26,Maryland,Climb,Small,American robin,Day,0,0,0,140.0
1992-07-27,Michigan,Climb,Medium,Unknown bird - medium,Dawn,0,0,0,140.0
1992-07-27,California,Climb,Small,Unknown bird - small,Night,0,0,0,250.0
1992-07-28,Louisiana,Approach,Medium,Unknown bird or bat,Day,0,0,0,160.0
1992-07-28,Michigan,Descent,Medium,Unknown bird - medium,Day,0,0,0,300.0
1992-07-28,Ohio,Climb,Small,Unknown bird - small,Dawn,0,0,0,160.0
1992-07-28,Texas,Climb,Small,Unknown bird - small,Night,0,0,0,250.0
1992-07-29,Nebraska,Approach,Medium,Unknown bird - medium,Night,0,0,0,140.0
1992-07-29,Ohio,Climb,Small,Unknown bird - small,Day,0,0,0,155.0
1992-07-30,Pennsylvania,Approach,Medium,Unknown bird - medium,Day,0,0,0,128.0
1992-07-31,Ohio,Landing Roll,Medium,Ring-billed gull,Day,0,0,0,100.0
1992-07-31,Pennsylvania,Climb,Small,Unknown bird - small,Dusk,0,0,0,170.0
1992-07-31,Texas,Approach,Small,Unknown bird - small,Night,0,0,0,160.0
1992-08-01,Utah,Approach,Small,Unknown bird - small,Day,0,0,0,130.0
1992-08-01,Illinois,Take-off run,Small,European starling,Day,330,0,330,80.0
1992-08-01,New Jersey,Take-off run,Small,Mourning dove,Day,0,0,0,160.0
1992-08-02,Kentucky,Landing Roll,Small,Unknown bird - small,Day,0,0,0,70.0
1992-08-03,Illinois,Climb,Small,Unknown bird - small,Day,0,0,0,165.0
1992-08-03,Texas,Landing Roll,Small,Unknown bird - small,Day,0,0,0,125.0
1992-08-03,Pennsylvania,Climb,Small,Unknown bird - small,Night,0,0,0,160.0
1992-08-04,Louisiana,Take-off run,Medium,Unknown bird or bat,Day,0,0,0,100.0
1992-08-05,Tennessee,Approach,Medium,Unknown bird - medium,Day,0,0,0,125.0
1992-08-05,Texas,Landing Roll,Medium,Unknown bird - medium,Day,0,0,0,140.0
1992-08-05,Missouri,Climb,Small,Unknown bird - small,Day,0,0,0,220.0
1992-08-05,Missouri,Take-off run,Small,Unknown bird - small,Day,0,0,0,90.0
1992-08-05,Texas,Approach,Small,Unknown bird - small,Night,0,0,0,140.0
1992-08-06,Louisiana,Approach,Medium,Unknown bird or bat,Day,0,0,0,140.0
1992-08-06,New Jersey,Landing Roll,Medium,Herring gull,Dusk,0,0,0,100.0
1992-08-07,Pennsylvania,Approach,Medium,Unknown bird - medium,Dawn,0,0,0,135.0
1992-08-07,Utah,Landing Roll,Medium,Unknown bird - medium,Day,0,0,0,140.0
1992-08-07,Texas,Approach,Small,Unknown bird - small,Day,0,0,0,140.0
1992-08-07,Texas,Descent,Small,Unknown bird - small,Night,0,0,0,245.0
1992-08-08,South Carolina,Approach,Medium,Unknown bird or bat,Day,0,0,0,122.0
1992-08-08,Louisiana,Landing Roll,Medium,Unknown bird - medium,Day,0,0,0,130.0
1992-08-08,Utah,Landing Roll,Medium,Unknown bird - medium,Day,0,0,0,140.0
1992-08-08,Maryland,Landing Roll,Small,Unknown bird - small,Dawn,0,0,0,160.0
1992-08-08,Michigan,Landing Roll,Small,Rock pigeon,Day,0,0,0,90.0
1992-08-08,Tennessee,Landing Roll,Small,Unknown bird - small,Day,0,0,0,130.0
1992-08-10,Pennsylvania,Climb,Medium,Unknown bird - medium,Day,0,0,0,150.0
1992-08-10,Texas,Approach,Small,Unknown bird - small,Day,0,0,0,160.0
1992-08-10,Illinois,Approach,Small,Unknown bird - small,Dusk,0,0,0,180.0
1992-08-11,Oklahoma,Approach,Small,Unknown bird - small,Day,0,0,0,140.0
1992-08-12,Tennessee,Approach,Large,Turkey vulture,Day,0,0,0,143.0
1992-08-12,Utah,Landing Roll,Medium,Unknown bird - medium,Day,0,0,0,140.0
1992-08-13,Utah,Landing Roll,Medium,Unknown bird - medium,Day,0,0,0,140.0
1992-08-13,Louisiana,Approach,Medium,Unknown bird or bat,Night,0,0,0,115.0
1992-08-13,Louisiana,Approach,Medium,Unknown bird or bat,Night,0,0,0,130.0
1992-08-13,Louisiana,Climb,Medium,Unknown bird or bat,Night,0,0,0,0.0
1992-08-14,Utah,Landing Roll,Medium,Unknown bird - medium,Day,0,0,0,140.0
1992-08-14,Texas,Approach,Small,Unknown bird - small,Dawn,0,0,0,123.0
1992-08-14,Ohio,Climb,Small,Unknown bird - small,Day,0,0,0,170.0
1992-08-14,Pennsylvania,Landing Roll,Small,European starling,Day,0,0,0,100.0
1992-08-15,Texas,Landing Roll,Medium,Unknown bird - medium,Day,0,0,0,140.0
1992-08-15,Washington,Approach,Medium,Unknown bird - medium,Dusk,0,0,0,128.0
1992-08-15,Texas,Climb,Small,Unknown bird - small,Day,0,0,0,200.0
1992-08-15,Texas,Approach,Small,Unknown bird - small,Night,0,0,0,135.0
1992-08-16,Tennessee,Landing Roll,Medium,Unknown bird - medium,Day,0,0,0,80.0
1992-08-16,Tennessee,Approach,Small,Unknown bird - small,Day,0,0,0,80.0
1992-08-16,Texas,Approach,Small,Unknown bird - small,Day,0,0,0,140.0
1992-08-17,Kentucky,Climb,Medium,Unknown bird - medium,Night,0,0,0,180.0
1992-08-17,Kentucky,Approach,Small,European starling,Day,0,0,0,130.0
1992-08-17,Tennessee,Approach,Small,Unknown bird - small,Day,0,0,0,135.0
1992-08-18,Indiana,Climb,Small,Unknown bird - small,Day,0,0,0,150.0
1992-08-19,Louisiana,Approach,Medium,Unknown bird - medium,Day,0,0,0,130.0
1992-08-19,Louisiana,Approach,Medium,Unknown bird or bat,Night,0,0,0,170.0
1992-08-19,Illinois,Take-off run,Small,Unknown bird - small,Day,0,0,0,120.0
1992-08-20,Illinois,Approach,Medium,Unknown bird - medium,Day,0,0,0,150.0
1992-08-20,Massachusetts,Approach,Medium,Unknown bird - medium,Night,0,0,0,140.0
1992-08-20,Oregon,Approach,Small,Unknown bird - small,Day,0,0,0,105.0
1992-08-20,Texas,Approach,Small,European starling,Day,0,0,0,140.0
1992-08-20,Texas,Approach,Small,Unknown bird - small,Night,0,0,0,140.0
1992-08-21,Kentucky,Climb,Medium,Unknown bird - medium,Day,0,0,0,150.0
1992-08-21,Louisiana,Approach,Medium,Unknown bird or bat,Night,0,0,0,140.0
1992-08-21,Oklahoma,Take-off run,Small,Unknown bird - small,Day,0,0,0,100.0
1992-08-22,Louisiana,Approach,Medium,Unknown bird or bat,Night,0,0,0,150.0
1992-08-22,New York,Landing Roll,Small,Mourning dove,Day,0,0,0,140.0
1992-08-22,Kentucky,Approach,Small,Unknown bird - small,Night,0,0,0,130.0
1992-08-24,Nebraska,Approach,Small,Unknown bird - small,Dusk,0,0,0,140.0
1992-08-24,Indiana,Approach,Small,Unknown bird - small,Night,0,0,0,140.0
1992-08-25,Tennessee,Take-off run,Medium,Unknown bird - medium,Day,0,0,0,80.0
1992-08-25,Tennessee,Approach,Small,Unknown bird - small,Day,0,0,0,280.0
1992-08-26,Minnesota,Approach,Medium,Unknown bird - medium,Day,0,0,0,150.0
1992-08-26,Louisiana,Take-off run,Medium,Unknown bird or bat,Dusk,0,0,0,133.0
1992-08-26,Illinois,Climb,Small,Unknown bird - small,Day,0,0,0,160.0
1992-08-26,New York,Approach,Small,Unknown bird - small,Night,0,0,0,240.0
1992-08-26,New York,Approach,Small,Unknown bird - small,Night,0,0,0,180.0
1992-08-27,Missouri,Landing Roll,Large,Coyote,Night,0,0,0,140.0
1992-08-27,Louisiana,Approach,Medium,Unknown bird or bat,Night,0,0,0,180.0
1992-08-27,Texas,Approach,Small,Unknown bird - small,Day,0,0,0,140.0
1992-08-27,Missouri,Climb,Small,Unknown bird - small,Day,0,0,0,170.0
1992-08-27,Utah,Take-off run,Small,Unknown bird - small,Day,0,0,0,120.0
1992-08-28,Illinois,Take-off run,Medium,Unknown bird - medium,Day,0,0,0,140.0
1992-08-28,Florida,Approach,Medium,Unknown bird - medium,Day,0,0,0,115.0
1992-08-28,Louisiana,Approach,Medium,Unknown bird or bat,Day,0,0,0,150.0
1992-08-28,Illinois,Landing Roll,Medium,Unknown bird - medium,Day,0,0,0,140.0
1992-08-28,Maryland,Approach,Medium,Unknown bird - medium,Night,0,0,0,120.0
1992-08-28,Missouri,Approach,Small,Unknown bird - small,Day,0,0,0,160.0
1992-08-28,Kentucky,Landing Roll,Small,Unknown bird - small,Day,0,0,0,120.0
1992-08-29,Missouri,Approach,Small,Unknown bird - small,Day,0,0,0,180.0
1992-08-30,Illinois,Approach,Small,Unknown bird - small,Day,0,0,0,180.0
1992-08-30,Pennsylvania,Approach,Small,Unknown bird - small,Day,0,0,0,140.0
1992-08-30,Pennsylvania,Climb,Small,European starling,Day,0,0,0,140.0
1992-08-30,Pennsylvania,Take-off run,Small,Blackbirds,Day,0,0,0,147.0
1992-08-30,Illinois,Descent,Small,Unknown bird - small,Night,0,0,0,140.0
1992-08-31,Louisiana,Approach,Small,Unknown bird - small,Day,0,0,0,136.0
1992-08-31,Georgia,Approach,Small,Unknown bird - small,Dusk,0,0,0,120.0
1992-08-31,Illinois,Climb,Small,Unknown bird - small,Night,0,0,0,140.0
1992-09-01,DC,Climb,Medium,Unknown bird - medium,Dawn,0,0,0,200.0
1992-09-01,Louisiana,Approach,Medium,Unknown bird or bat,Night,0,0,0,140.0
1992-09-02,Massachusetts,Landing Roll,Medium,Unknown bird - medium,Day,0,0,0,140.0
1992-09-02,Illinois,Take-off run,Medium,Unknown bird or bat,Day,0,0,0,140.0
1992-09-02,North Carolina,Take-off run,Medium,Unknown bird - medium,Night,0,0,0,130.0
1992-09-02,New York,Landing Roll,Small,Mourning dove,Dawn,0,0,0,140.0
1992-09-03,Illinois,Approach,Medium,Unknown bird - medium,Dusk,0,0,0,150.0
1992-09-03,Texas,Approach,Small,Unknown bird - small,Day,0,0,0,130.0
1992-09-04,Tennessee,Approach,Medium,Unknown bird - medium,Day,0,0,0,140.0
1992-09-04,New York,Climb,Medium,Unknown bird - medium,Night,0,0,0,245.0
1992-09-04,Texas,Descent,Medium,Unknown bird - medium,Night,0,0,0,250.0
1992-09-04,Texas,Descent,Small,Unknown bird - small,Night,0,0,0,320.0
1992-09-04,Missouri,Approach,Small,Unknown bird - small,Night,0,0,0,140.0
1992-09-05,DC,Approach,Small,Unknown bird - small,Day,0,0,0,135.0
1992-09-06,Illinois,Climb,Medium,Unknown bird - medium,Night,0,0,0,250.0
1992-09-06,Pennsylvania,Approach,Small,Unknown bird - small,Day,0,0,0,130.0
1992-09-07,Louisiana,Take-off run,Medium,Unknown bird or bat,Day,0,0,0,150.0
1992-09-07,Maryland,Take-off run,Medium,Unknown bird - medium,Day,0,0,0,140.0
1992-09-07,Kentucky,Take-off run,Small,Mourning dove,Day,1091,0,1091,120.0
1992-09-08,Louisiana,Approach,Medium,Unknown bird or bat,Night,0,0,0,140.0
1992-09-08,Illinois,Climb,Medium,Unknown bird - medium,Night,0,0,0,250.0
1992-09-08,Tennessee,Climb,Small,Unknown bird - small,Day,0,0,0,200.0
1992-09-09,Kentucky,Take-off run,Medium,Unknown bird - medium,Day,0,0,0,150.0
1992-09-09,Texas,Approach,Medium,Unknown bird - medium,Night,0,0,0,135.0
1992-09-09,Hawaii,Landing Roll,Small,Unknown bird - small,Day,0,0,0,130.0
1992-09-09,Kentucky,Landing Roll,Small,Killdeer,Day,0,0,0,120.0
1992-09-10,Minnesota,Approach,Medium,Unknown bird - medium,Day,0,0,0,160.0
1992-09-10,Illinois,Approach,Medium,Unknown bird - medium,Night,0,0,0,170.0
1992-09-10,Louisiana,Approach,Medium,Unknown bird or bat,Night,0,0,0,140.0
1992-09-10,Texas,Approach,Medium,Unknown bird - medium,Night,0,0,0,135.0
1992-09-10,Texas,Approach,Medium,Unknown bird - medium,Night,0,0,0,165.0
1992-09-10,Texas,Landing Roll,Medium,Unknown bird - medium,Night,0,0,0,140.0
1992-09-10,Kentucky,Take-off run,Small,Unknown bird - small,Day,0,0,0,150.0
1992-09-11,New Jersey,Approach,Medium,Unknown bird - medium,Night,0,0,0,140.0
1992-09-11,New Jersey,Approach,Medium,Unknown bird - medium,Night,0,0,0,120.0
1992-09-11,New Jersey,Approach,Medium,Unknown bird - medium,Night,0,0,0,170.0
1992-09-11,Texas,Climb,Small,Unknown bird - small,Night,0,0,0,250.0
1992-09-12,Pennsylvania,Approach,Medium,Unknown bird - medium,Day,0,117399,117399,200.0
1992-09-12,Tennessee,Climb,Medium,Unknown bird - medium,Day,0,0,0,250.0
1992-09-13,California,Landing Roll,Medium,Unknown bird - medium,Day,0,0,0,120.0
1992-09-13,DC,Climb,Small,Unknown bird - small,Day,0,0,0,180.0
1992-09-13,Texas,Climb,Small,Unknown bird - small,Day,0,0,0,125.0
1992-09-15,Utah,Approach,Medium,Unknown bird - medium,Day,0,0,0,140.0
1992-09-16,Illinois,Approach,Medium,Unknown bird - medium,Dusk,0,0,0,140.0
1992-09-17,Illinois,Approach,Medium,Unknown bird - medium,Day,0,0,0,120.0
1992-09-17,Illinois,Landing Roll,Medium,Unknown bird or bat,Night,0,0,0,80.0
1992-09-17,California,Approach,Small,European starling,Day,0,0,0,75.0
1992-09-17,Florida,Approach,Small,Unknown bird - small,Night,0,0,0,132.0
1992-09-18,Nebraska,Approach,Medium,Unknown bird - medium,Night,0,0,0,180.0
1992-09-19,Louisiana,Approach,Medium,Unknown bird or bat,Day,0,0,0,160.0
1992-09-19,Louisiana,Approach,Medium,Unknown bird or bat,Day,0,0,0,220.0
1992-09-19,Texas,Approach,Medium,Unknown bird - medium,Night,0,0,0,150.0
1992-09-20,Louisiana,Approach,Medium,Unknown bird or bat,Day,0,0,0,200.0
1992-09-20,DC,Take-off run,Medium,Unknown bird - medium,Day,0,0,0,175.0
1992-09-20,North Carolina,Approach,Small,Unknown bird - small,Day,0,0,0,165.0
1992-09-20,Kentucky,Climb,Small,Unknown bird - small,Night,0,0,0,200.0
1992-09-22,Kentucky,Approach,Medium,Unknown bird - medium,Night,0,0,0,190.0
1992-09-22,Louisiana,Approach,Medium,Unknown bird or bat,Night,0,0,0,0.0
1992-09-22,Louisiana,Approach,Medium,Unknown bird or bat,Night,0,0,0,150.0
1992-09-22,Texas,Climb,Small,Unknown bird - small,Day,0,0,0,200.0
1992-09-22,Illinois,Approach,Small,Unknown bird - small,Night,0,0,0,140.0
1992-09-23,Tennessee,Approach,Large,Canada goose,Day,0,0,0,170.0
1992-09-23,Tennessee,Landing Roll,Medium,Unknown bird - medium,Day,0,0,0,140.0
1992-09-23,Louisiana,Approach,Medium,Unknown bird or bat,Night,0,0,0,160.0
1992-09-23,Louisiana,Approach,Medium,Unknown bird or bat,Night,0,0,0,185.0
1992-09-23,Texas,Approach,Medium,Unknown bird - medium,Night,0,0,0,170.0
1992-09-23,Tennessee,Climb,Small,Unknown bird - small,Day,0,0,0,200.0
1992-09-23,Texas,Approach,Small,Unknown bird - small,Night,0,0,0,180.0
1992-09-24,Texas,Approach,Medium,Unknown bird - medium,Day,0,0,0,140.0
1992-09-24,Kentucky,Approach,Small,Rock pigeon,Day,0,0,0,130.0
1992-09-24,Nebraska,Approach,Small,Unknown bird - small,Day,0,0,0,120.0
1992-09-24,Nebraska,Landing Roll,Small,Unknown bird - small,Day,0,0,0,110.0
1992-09-25,Kentucky,Approach,Small,Unknown bird - small,Dusk,0,0,0,135.0
1992-09-26,Texas,Descent,Medium,Unknown bird - medium,Night,0,0,0,140.0
1992-09-26,Utah,Take-off run,Small,Unknown bird - small,Day,0,0,0,135.0
1992-09-27,Indiana,Climb,Large,Unknown bird - large,Night,0,0,0,170.0
1992-09-27,Illinois,Take-off run,Medium,Unknown bird - medium,Day,0,0,0,140.0
1992-09-27,Tennessee,Climb,Medium,Unknown bird - medium,Dusk,0,0,0,140.0
1992-09-27,Texas,Climb,Small,Unknown bird - small,Day,0,0,0,150.0
1992-09-28,Illinois,Approach,Medium,Unknown bird - medium,Night,0,0,0,125.0
1992-09-28,Missouri,Approach,Small,Unknown bird - small,Day,0,0,0,135.0
1992-09-28,Tennessee,Approach,Small,Unknown bird - small,Day,0,0,0,120.0
1992-09-28,New Jersey,Approach,Small,Unknown bird - small,Night,0,0,0,250.0
1992-09-28,Illinois,Climb,Small,Unknown bird - small,Night,0,0,0,200.0
1992-09-29,Georgia,Climb,Large,Unknown bird - large,Night,0,0,0,200.0
1992-09-29,Texas,Approach,Small,Unknown bird - small,Night,0,0,0,200.0
1992-09-29,Texas,Approach,Small,Unknown bird - small,Night,0,0,0,250.0
1992-09-30,Louisiana,Take-off run,Medium,Unknown bird or bat,Dawn,0,0,0,100.0
1992-10-01,Minnesota,Approach,Medium,Unknown bird - medium,Day,0,0,0,130.0
1992-10-01,Florida,Approach,Small,Unknown bird - small,Night,0,0,0,143.0
1992-10-02,DC,Approach,Medium,Unknown bird - medium,Day,0,0,0,130.0
1992-10-02,Texas,Climb,Medium,Unknown bird - medium,Day,0,0,0,175.0
1992-10-02,Texas,Descent,Small,Unknown bird - small,Night,0,0,0,250.0
1992-10-03,Oregon,Approach,Small,Unknown bird - small,Dawn,0,0,0,140.0
1992-10-03,Texas,Descent,Small,Unknown bird - small,Day,0,0,0,250.0
1992-10-04,Illinois,Approach,Medium,Unknown bird - medium,Night,0,0,0,170.0
1992-10-04,Texas,Approach,Small,Unknown bird - small,Day,0,0,0,140.0
1992-10-04,Texas,Approach,Small,Unknown bird - small,Night,0,0,0,140.0
1992-10-05,Utah,Climb,Medium,Unknown bird - medium,Night,0,0,0,185.0
1992-10-05,Louisiana,Approach,Medium,Unknown bird or bat,Night,0,0,0,200.0
1992-10-05,North Carolina,Climb,Medium,Unknown bird - medium,Night,0,0,0,250.0
1992-10-05,Tennessee,Climb,Medium,Unknown bird - medium,Night,0,0,0,140.0
1992-10-05,Utah,Descent,Medium,Unknown bird - medium,Night,0,0,0,140.0
1992-10-05,Texas,Approach,Small,Unknown bird - small,Day,0,0,0,130.0
1992-10-05,Kentucky,Take-off run,Small,Rock pigeon,Day,0,0,0,100.0
1992-10-05,Pennsylvania,Approach,Small,Unknown bird - small,Night,0,0,0,140.0
1992-10-06,California,Approach,Medium,Unknown bird - medium,Dawn,0,0,0,140.0
1992-10-06,Louisiana,Approach,Medium,Unknown bird or bat,Night,0,0,0,100.0
1992-10-06,Louisiana,Approach,Medium,Unknown bird or bat,Night,0,0,0,160.0
1992-10-06,New York,Approach,Medium,Unknown bird - medium,Night,0,0,0,140.0
1992-10-06,Utah,Descent,Medium,Unknown bird - medium,Night,0,0,0,250.0
1992-10-06,Tennessee,Approach,Small,Unknown bird - small,Day,0,0,0,120.0
1992-10-07,South Carolina,Approach,Medium,Unknown bird or bat,Day,0,0,0,180.0
1992-10-08,Pennsylvania,Approach,Medium,Unknown bird - medium,Day,0,0,0,140.0
1992-10-08,Texas,Approach,Medium,Unknown bird - medium,Day,0,0,0,135.0
1992-10-08,California,Landing Roll,Small,Mourning dove,Day,0,0,0,135.0
1992-10-08,Texas,Descent,Small,Unknown bird - small,Night,0,0,0,280.0
1992-10-09,Hawaii,Take-off run,Medium,Unknown bird - medium,Dawn,0,1650,1650,110.0
1992-10-09,Kentucky,Climb,Small,Unknown bird - small,Day,0,0,0,100.0
1992-10-09,Georgia,Approach,Small,Unknown bird - small,Night,0,0,0,140.0
1992-10-09,Minnesota,Approach,Small,Unknown bird - small,Night,0,0,0,140.0
1992-10-10,Texas,Approach,Small,Unknown bird - small,Night,0,0,0,210.0
1992-10-11,Texas,Descent,Medium,Unknown bird - medium,Night,0,0,0,140.0
1992-10-11,Texas,Approach,Small,Unknown bird - small,Dawn,0,0,0,136.0
1992-10-11,Illinois,Approach,Small,Unknown bird - small,Night,0,0,0,140.0
1992-10-11,Tennessee,Approach,Small,Unknown bird - small,Night,0,0,0,200.0
1992-10-12,Kentucky,Take-off run,Small,European starling,Day,0,0,0,100.0
1992-10-12,Texas,Approach,Small,Unknown bird - small,Night,0,0,0,170.0
1992-10-13,New York,Climb,Large,Unknown bird - large,Day,0,0,0,180.0
1992-10-13,Texas,Approach,Medium,Unknown bird - medium,Day,0,0,0,130.0
1992-10-13,Tennessee,Climb,Small,Unknown bird - small,Night,0,0,0,140.0
1992-10-14,Kentucky,Take-off run,Small,Unknown bird - small,Day,0,0,0,140.0
1992-10-15,Illinois,Take-off run,Small,Unknown bird - small,Day,0,0,0,140.0
1992-10-15,Tennessee,Take-off run,Small,Unknown bird - small,Day,0,0,0,120.0
1992-10-16,Illinois,Approach,Medium,American crow,Day,0,0,0,140.0
1992-10-16,Louisiana,Approach,Medium,Unknown bird or bat,Night,0,0,0,167.0
1992-10-16,Texas,Approach,Medium,Unknown bird - medium,Night,0,0,0,250.0
1992-10-16,New Jersey,Landing Roll,Small,Eastern meadowlark,Day,0,0,0,140.0
1992-10-16,Texas,Approach,Small,Unknown bird - small,Night,0,0,0,180.0
1992-10-17,Texas,Take-off run,Medium,Unknown bird - medium,Night,0,0,0,140.0
1992-10-17,New York,Approach,Medium,Unknown bird - medium,Night,0,0,0,140.0
1992-10-18,Texas,Climb,Medium,Unknown bird - medium,Night,0,0,0,140.0
1992-10-18,Texas,Climb,Medium,Unknown bird - medium,Night,0,0,0,200.0
1992-10-19,Texas,Take-off run,Medium,Unknown bird - medium,Day,0,0,0,140.0
1992-10-19,Louisiana,Approach,Medium,Unknown bird or bat,Night,0,0,0,150.0
1992-10-19,Hawaii,Landing Roll,Small,Unknown bird - small,Day,0,0,0,120.0
1992-10-20,Hawaii,Take-off run,Small,Unknown bird - small,Dawn,0,0,0,140.0
1992-10-21,New York,Climb,Medium,Unknown bird - medium,Day,0,0,0,140.0
1992-10-21,Louisiana,Approach,Medium,Unknown bird or bat,Night,0,0,0,152.0
1992-10-22,Pennsylvania,Climb,Large,Unknown bird - large,Night,0,0,0,250.0
1992-10-22,Kentucky,Approach,Medium,Unknown bird - medium,Night,0,0,0,190.0
1992-10-22,New York,Approach,Medium,Unknown bird - medium,Night,0,0,0,160.0
1992-10-22,Pennsylvania,Approach,Small,Unknown bird - small,Day,0,0,0,170.0
1992-10-22,North Carolina,Approach,Small,Unknown bird - small,Night,0,0,0,150.0
1992-10-22,New Jersey,Approach,Small,Unknown bird - small,Night,0,0,0,170.0
1992-10-24,New York,Take-off run,Medium,Herring gull,Day,0,1237569,1237569,140.0
1992-10-24,Pennsylvania,Climb,Small,Rock pigeon,Day,0,0,0,140.0
1992-10-24,Louisiana,Take-off run,Small,Cattle egret,Day,0,0,0,140.0
1992-10-25,Pennsylvania,Approach,Medium,Unknown bird - medium,Night,0,0,0,115.0
1992-10-26,New York,Climb,Medium,Unknown bird - medium,Dusk,0,0,0,140.0
1992-10-26,New Jersey,Approach,Medium,Unknown bird - medium,Night,0,0,0,150.0
1992-10-26,Indiana,Climb,Medium,Unknown bird - medium,Night,0,0,0,250.0
1992-10-26,Louisiana,Climb,Medium,Unknown bird or bat,Night,0,0,0,150.0
1992-10-27,Texas,Climb,Medium,Unknown bird - medium,Night,0,0,0,250.0
1992-10-27,Louisiana,Take-off run,Medium,Unknown bird or bat,Night,0,0,0,125.0
1992-10-27,Kentucky,Approach,Small,Unknown bird - small,Night,0,0,0,140.0
1992-10-27,New York,Landing Roll,Small,Barn owl,Night,0,0,0,140.0
1992-10-28,Tennessee,Approach,Medium,Unknown bird - medium,Day,0,0,0,200.0
1992-10-28,Tennessee,Approach,Medium,Unknown bird - medium,Night,0,0,0,230.0
1992-10-30,Texas,Approach,Medium,Unknown bird - medium,Night,0,0,0,140.0
1992-10-31,California,Climb,Medium,Unknown bird - medium,Day,0,0,0,200.0
1992-10-31,Hawaii,Approach,Small,Unknown bird - small,Dawn,0,0,0,175.0
1992-10-31,Florida,Approach,Small,Unknown bird - small,Day,0,0,0,140.0
1992-10-31,Pennsylvania,Climb,Small,Unknown bird - small,Day,0,0,0,170.0
1992-10-31,California,Take-off run,Small,Unknown bird - small,Day,0,0,0,80.0
1992-11-01,New Jersey,Descent,Medium,Unknown bird - medium,Night,0,0,0,250.0
1992-11-03,Maryland,Approach,Medium,Unknown bird - medium,Night,0,0,0,145.0
1992-11-03,Maryland,Approach,Medium,Unknown bird - medium,Night,0,0,0,170.0
1992-11-03,Maryland,Approach,Medium,Unknown bird - medium,Night,0,0,0,250.0
1992-11-04,New York,Climb,Medium,Unknown bird - medium,Night,0,0,0,150.0
1992-11-04,Illinois,Approach,Small,Unknown bird - small,Night,0,0,0,160.0
1992-11-05,California,Descent,Medium,Unknown bird - medium,Night,0,0,0,180.0
1992-11-06,DC,Approach,Large,Canada goose,Day,0,0,0,170.0
1992-11-06,Florida,Take-off run,Small,Cattle egret,Day,0,0,0,180.0
1992-11-07,Pennsylvania,Descent,Medium,Unknown bird - medium,Night,0,0,0,140.0
1992-11-09,Texas,Take-off run,Medium,Unknown bird - medium,Day,0,0,0,140.0
1992-11-09,Tennessee,Approach,Small,Unknown bird - small,Night,0,0,0,125.0
1992-11-10,Utah,Climb,Medium,Unknown bird - medium,Night,0,0,0,190.0
1992-11-10,Utah,Approach,Medium,Unknown bird - medium,Night,0,0,0,140.0
1992-11-11,Florida,Approach,Large,Turkey vulture,Day,0,0,0,140.0
1992-11-12,South Carolina,Take-off run,Medium,Unknown bird or bat,Day,0,0,0,120.0
1992-11-12,Louisiana,Approach,Medium,Unknown bird or bat,Night,0,0,0,200.0
1992-11-15,Minnesota,Approach,Large,Canada goose,Day,0,0,0,133.0
1992-11-15,Maryland,Approach,Medium,Unknown bird - medium,Night,0,0,0,200.0
1992-11-15,New York,Approach,Small,Unknown bird - small,Night,0,0,0,145.0
1992-11-19,Hawaii,Approach,Small,Unknown bird - small,Day,0,0,0,130.0
1992-11-20,Oklahoma,Climb,Large,White-tailed deer,Night,0,0,0,140.0
1992-11-20,Texas,Landing Roll,Medium,Unknown bird - medium,Day,0,0,0,140.0
1992-11-21,Texas,Approach,Medium,Unknown bird - medium,Day,0,0,0,140.0
1992-11-23,DC,Landing Roll,Medium,Ring-billed gull,Dawn,0,0,0,140.0
1992-11-24,Illinois,Approach,Small,Rock pigeon,Day,0,0,0,135.0
1992-11-26,DC,Approach,Medium,Unknown bird - medium,Day,0,0,0,130.0
1992-11-26,New York,Approach,Medium,Unknown bird - medium,Night,0,0,0,140.0
1992-11-26,North Carolina,Approach,Small,Unknown bird - small,Day,0,0,0,120.0
1992-11-28,Texas,Landing Roll,Small,Unknown bird - small,Dusk,0,0,0,125.0
1992-11-29,New York,Climb,Medium,Unknown bird - medium,Dusk,0,0,0,140.0
1992-11-29,Ohio,Approach,Small,Unknown bird - small,Day,0,0,0,120.0
1992-11-30,Texas,Landing Roll,Medium,Unknown bird - medium,Day,0,0,0,140.0
1992-11-30,Texas,Take-off run,Medium,Red-tailed hawk,Day,0,0,0,140.0
1992-11-30,Hawaii,Climb,Medium,Unknown bird - medium,Night,0,0,0,140.0
1992-12-01,Louisiana,Approach,Medium,Unknown bird or bat,Dawn,0,0,0,160.0
1992-12-01,Texas,Climb,Medium,Unknown bird - medium,Day,0,0,0,170.0
1992-12-01,Washington,Climb,Medium,Unknown bird - medium,Day,0,0,0,140.0
1992-12-01,Tennessee,Approach,Small,Unknown bird - small,Night,0,0,0,140.0
1992-12-03,Kentucky,Approach,Small,Rock pigeon,Night,0,0,0,130.0
1992-12-04,California,Climb,Large,Unknown bird - large,Night,0,0,0,220.0
1992-12-04,South Carolina,Approach,Medium,Unknown bird or bat,Night,0,0,0,135.0
1992-12-05,Texas,Take-off run,Small,Unknown bird - small,Dawn,0,0,0,140.0
1992-12-15,Pennsylvania,Take-off run,Large,White-tailed deer,Night,0,0,0,140.0
1992-12-16,Texas,Approach,Medium,Unknown bird - medium,Day,0,0,0,135.0
1992-12-18,Louisiana,Approach,Large,Unknown bird - large,Night,8250,9901,18151,160.0
1992-12-18,Massachusetts,Take-off run,Medium,Unknown bird - medium,Dawn,0,0,0,140.0
1992-12-18,Texas,Landing Roll,Medium,Unknown bird - medium,Day,0,0,0,140.0
1992-12-19,Hawaii,Landing Roll,Medium,Unknown bird or bat,Night,0,0,0,0.0
1992-12-20,California,Approach,Small,Unknown bird - small,Day,0,0,0,150.0
1992-12-21,Texas,Approach,Small,Unknown bird - small,Dawn,0,0,0,133.0
1992-12-22,Florida,Climb,Large,Unknown bird - large,Day,0,0,0,180.0
1992-12-22,Texas,Take-off run,Medium,Unknown bird - medium,Day,0,0,0,130.0
1992-12-22,Florida,Approach,Small,Unknown bird - small,Day,0,0,0,135.0
1992-12-23,Texas,Climb,Small,Unknown bird - small,Day,0,0,0,230.0
1992-12-27,New York,Take-off run,Medium,Unknown bird - medium,Day,0,0,0,100.0
1992-12-27,Louisiana,Take-off run,Small,Mourning dove,Day,0,0,0,140.0
1992-12-28,DC,Climb,Medium,Unknown bird - medium,Day,0,0,0,145.0
1992-12-28,California,Approach,Medium,Unknown bird - medium,Night,0,0,0,150.0
1993-01-02,California,Climb,Large,Unknown bird - large,Night,0,321433,321433,170.0
1993-01-05,Texas,Approach,Small,Unknown bird - small,Day,0,0,0,142.0
1993-01-09,California,Approach,Medium,Unknown bird - medium,Day,0,0,0,175.0
1993-01-10,Florida,Climb,Large,Unknown bird - large,Day,0,0,0,200.0
1993-01-10,California,Approach,Medium,Unknown bird - medium,Day,0,0,0,140.0
1993-01-11,DC,Take-off run,Medium,Unknown bird - medium,Night,0,0,0,140.0
1993-01-11,Missouri,Landing Roll,Small,Unknown bird - small,Night,0,0,0,140.0
1993-01-12,Missouri,Approach,Large,Unknown bird - large,Night,0,0,0,135.0
1993-01-20,New York,Take-off run,Large,Canada goose,Night,0,0,0,100.0
1993-01-20,Hawaii,Take-off run,Medium,Zebra dove,Day,0,0,0,120.0
1993-01-20,Texas,Approach,Medium,Unknown bird - medium,Day,0,0,0,135.0
1993-01-21,Tennessee,Landing Roll,Small,Unknown bird - small,Day,0,0,0,140.0
1993-01-24,Hawaii,Approach,Small,Zebra dove,Day,0,0,0,140.0
1993-01-25,Illinois,Landing Roll,Medium,Red-tailed hawk,Day,0,0,0,80.0
1993-01-25,Louisiana,Take-off run,Medium,Unknown bird - medium,Dusk,0,0,0,140.0
1993-01-26,California,Approach,Medium,Unknown bird - medium,Night,0,0,0,140.0
1993-01-27,Hawaii,Approach,Medium,Unknown bird - medium,Day,0,0,0,150.0
1993-01-28,Texas,Approach,Small,Unknown bird - small,Day,0,0,0,130.0
1993-01-29,California,Take-off run,Small,Unknown bird - small,Day,0,0,0,135.0
1993-02-02,Texas,Take-off run,Small,Rock pigeon,Day,0,0,0,110.0
1993-02-03,Texas,Approach,Small,Unknown bird - small,Day,0,0,0,125.0
1993-02-03,Hawaii,Landing Roll,Small,Unknown bird - small,Day,0,0,0,80.0
1993-02-07,California,Climb,Small,Unknown bird - small,Day,0,0,0,130.0
1993-02-08,California,Approach,Medium,Unknown bird - medium,Night,0,0,0,150.0
1993-02-09,California,Approach,Large,Unknown bird - large,Night,0,0,0,140.0
1993-02-10,California,Climb,Large,Canada goose,Day,0,0,0,135.0
1993-02-11,Texas,Take-off run,Medium,Unknown bird - medium,Day,0,0,0,140.0
1993-02-12,Texas,Approach,Small,Unknown bird - small,Day,0,0,0,115.0
1993-02-15,Texas,Landing Roll,Small,Unknown bird - small,Day,0,0,0,80.0
1993-02-17,Hawaii,Take-off run,Medium,Unknown bird or bat,Day,0,0,0,130.0
1993-02-23,Florida,Landing Roll,Medium,Unknown bird - medium,Day,0,0,0,140.0
1993-02-23,Texas,Take-off run,Medium,Unknown bird - medium,Night,0,0,0,140.0
1993-02-23,Kentucky,Landing Roll,Small,Eastern meadowlark,Day,0,0,0,140.0
1993-02-25,Illinois,Descent,Large,Unknown bird - large,Dusk,0,0,0,140.0
1993-02-25,Louisiana,Take-off run,Medium,Unknown bird - medium,Dawn,0,0,0,140.0
1993-02-27,Florida,Climb,Large,Turkey vulture,Day,0,0,0,175.0
1993-03-01,Texas,Take-off run,Small,Unknown bird - small,Dawn,0,0,0,130.0
1993-03-03,Tennessee,Climb,Medium,Unknown bird - medium,Day,0,0,0,140.0
1993-03-09,Tennessee,Approach,Medium,Unknown bird - medium,Night,0,0,0,120.0
1993-03-10,Louisiana,Approach,Medium,Unknown bird - medium,Day,0,0,0,140.0
1993-03-10,Texas,Climb,Small,Unknown bird - small,Day,0,0,0,145.0
1993-03-11,Minnesota,Approach,Large,Unknown bird - large,Dusk,0,0,0,140.0
1993-03-11,California,Take-off run,Medium,Unknown bird - medium,Day,0,0,0,120.0
1993-03-16,North Carolina,Approach,Small,Unknown bird - small,Day,0,0,0,120.0
1993-03-18,Indiana,Landing Roll,Small,European starling,Day,0,0,0,130.0
1993-03-20,Texas,Approach,Medium,Unknown bird - medium,Day,0,0,0,135.0
1993-03-21,Tennessee,Landing Roll,Small,Unknown bird - small,Day,0,0,0,30.0
1993-03-23,Arizona,Climb,Medium,Unknown bird - medium,Dusk,0,0,0,200.0
1993-03-23,Texas,Climb,Medium,Unknown bird - medium,Dusk,0,0,0,250.0
1993-03-25,Texas,Approach,Medium,Unknown bird - medium,Dawn,0,0,0,140.0
1993-03-25,DC,Descent,Medium,Unknown bird - medium,Night,0,0,0,140.0
1993-03-25,California,Take-off run,Medium,Unknown bird - medium,Night,0,0,0,150.0
1993-03-26,New Jersey,Approach,Large,Unknown bird - large,Night,0,0,0,200.0
1993-03-29,Texas,Descent,Medium,Unknown bird - medium,Night,0,0,0,250.0
1993-03-29,Texas,Landing Roll,Small,Unknown bird - small,Day,0,0,0,120.0
1993-03-30,California,Approach,Medium,Unknown bird - medium,Day,0,0,0,150.0
1993-03-30,Illinois,Approach,Medium,Unknown bird - medium,Day,0,0,0,140.0
1993-03-30,DC,Approach,Medium,Unknown bird - medium,Night,0,0,0,250.0
1993-03-30,Kentucky,Climb,Small,Mourning dove,Day,0,0,0,131.0
1993-03-31,DC,Climb,Large,Unknown bird - large,Night,0,0,0,160.0
1993-03-31,Michigan,Take-off run,Medium,Unknown bird - medium,Day,0,0,0,140.0
1993-04-01,Florida,Approach,Medium,Unknown bird - medium,Dawn,0,0,0,150.0
1993-04-01,California,Take-off run,Medium,Mallard,Day,0,0,0,90.0
1993-04-01,Utah,Approach,Small,Unknown bird - small,Night,0,0,0,180.0
1993-04-02,Hawaii,Landing Roll,Small,Unknown bird - small,Day,0,0,0,90.0
1993-04-02,North Carolina,Approach,Small,American robin,Night,0,0,0,145.0
1993-04-04,Texas,Approach,Small,Unknown bird - small,Day,0,0,0,135.0
1993-04-06,California,Approach,Medium,Unknown bird - medium,Night,0,0,0,150.0
1993-04-06,Louisiana,Approach,Small,Unknown bird - small,Night,0,0,0,125.0
1993-04-07,Kentucky,Climb,Large,Unknown bird - large,Night,0,0,0,320.0
1993-04-07,DC,Approach,Medium,Unknown bird - medium,Night,0,0,0,240.0
1993-04-08,Florida,Climb,Medium,Unknown bird - medium,Day,0,0,0,180.0
1993-04-08,Louisiana,Approach,Medium,Unknown bird or bat,Night,0,0,0,340.0
1993-04-08,Louisiana,Take-off run,Small,Unknown bird - small,Day,0,0,0,160.0
1993-04-08,Texas,Approach,Small,Unknown bird - small,Night,0,0,0,150.0
1993-04-12,Hawaii,Climb,Medium,Short-eared owl,Day,0,0,0,140.0
1993-04-12,California,Approach,Small,Horned lark,Day,0,0,0,180.0
1993-04-13,Illinois,Climb,Large,Unknown bird - large,Night,0,0,0,250.0
1993-04-13,Indiana,Climb,Small,Unknown bird - small,Day,0,0,0,150.0
1993-04-13,DC,Approach,Small,Unknown bird - small,Dusk,0,0,0,140.0
1993-04-14,New Jersey,Approach,Large,Unknown bird - large,Night,0,0,0,132.0
1993-04-14,New York,Climb,Medium,Unknown bird - medium,Day,0,0,0,140.0
1993-04-14,Louisiana,Approach,Medium,Unknown bird or bat,Night,0,0,0,150.0
1993-04-14,Kentucky,Approach,Small,Unknown bird - small,Night,0,0,0,125.0
1993-04-15,Illinois,Approach,Large,Unknown bird - large,Night,0,0,0,155.0
1993-04-15,Louisiana,Climb,Medium,Unknown bird - medium,Day,0,0,0,170.0
1993-04-15,Oregon,Approach,Medium,Unknown bird - medium,Night,0,0,0,135.0
1993-04-16,Michigan,Take-off run,Medium,Unknown bird - medium,Day,0,0,0,140.0
1993-04-16,Louisiana,Climb,Small,Unknown bird - small,Night,0,0,0,140.0
1993-04-17,Texas,Landing Roll,Medium,Unknown bird - medium,Day,0,0,0,140.0
1993-04-17,Illinois,Approach,Small,Unknown bird - small,Day,0,0,0,140.0
1993-04-18,Massachusetts,Climb,Medium,Unknown bird - medium,Day,0,0,0,140.0
1993-04-18,Missouri,Climb,Medium,Unknown bird - medium,Night,0,0,0,210.0
1993-04-18,Florida,Take-off run,Small,Cattle egret,Day,0,0,0,131.0
1993-04-19,Texas,Take-off run,Medium,Unknown bird - medium,Dawn,0,0,0,140.0
1993-04-19,New York,Approach,Medium,Mallard,Day,0,0,0,140.0
1993-04-19,California,Climb,Medium,Unknown bird - medium,Day,0,0,0,160.0
1993-04-19,Illinois,Approach,Medium,Ring-billed gull,Dusk,0,0,0,138.0
1993-04-19,California,Approach,Medium,Unknown bird - medium,Night,0,0,0,140.0
1993-04-19,Louisiana,Approach,Medium,Unknown bird or bat,Night,0,0,0,130.0
1993-04-19,Texas,Approach,Small,Mourning dove,Day,0,0,0,140.0
1993-04-19,Texas,Take-off run,Small,Unknown bird - small,Day,0,0,0,115.0
1993-04-20,Louisiana,Approach,Medium,Unknown bird or bat,Night,0,0,0,131.0
1993-04-21,Texas,Approach,Medium,Unknown bird - medium,Night,0,0,0,140.0
1993-04-22,South Carolina,Climb,Medium,Unknown bird or bat,Day,0,0,0,160.0
1993-04-22,Louisiana,Approach,Medium,Unknown bird or bat,Night,0,0,0,150.0
1993-04-22,Louisiana,Approach,Medium,Unknown bird or bat,Night,0,0,0,160.0
1993-04-22,California,Approach,Small,Unknown bird - small,Day,0,0,0,140.0
1993-04-22,Missouri,Landing Roll,Small,European starling,Day,0,0,0,120.0
1993-04-22,Missouri,Landing Roll,Small,Unknown bird - small,Day,0,0,0,100.0
1993-04-22,Texas,Take-off run,Small,Rock pigeon,Day,0,0,0,90.0
1993-04-23,Louisiana,Take-off run,Medium,Unknown bird or bat,Day,0,0,0,145.0
1993-04-23,Louisiana,Approach,Medium,Unknown bird or bat,Night,0,0,0,135.0
1993-04-23,California,Climb,Small,Unknown bird - small,Day,0,0,0,150.0
1993-04-24,Illinois,Take-off run,Medium,Unknown bird - medium,Day,0,0,0,135.0
1993-04-24,Florida,Take-off run,Medium,Unknown bird - medium,Night,0,0,0,139.0
1993-04-25,North Carolina,Take-off run,Medium,Unknown bird - medium,Night,0,0,0,150.0
1993-04-26,Kentucky,Approach,Small,Unknown bird - small,Day,0,0,0,120.0
1993-04-26,Louisiana,Approach,Small,Unknown bird - small,Night,0,0,0,135.0
1993-04-27,South Carolina,Climb,Medium,Unknown bird or bat,Day,0,0,0,160.0
1993-04-27,Indiana,Take-off run,Medium,Unknown bird - medium,Day,0,0,0,100.0
1993-04-28,Louisiana,Approach,Medium,Unknown bird or bat,Night,0,0,0,150.0
1993-04-28,Louisiana,Approach,Medium,Unknown bird or bat,Night,0,0,0,180.0
1993-04-28,Louisiana,Approach,Medium,Unknown bird or bat,Night,0,0,0,200.0
1993-04-28,Texas,Approach,Medium,Unknown bird - medium,Night,0,0,0,140.0
1993-04-28,DC,Climb,Medium,Unknown bird - medium,Night,0,0,0,200.0
1993-04-28,Texas,Approach,Small,Unknown bird - small,Day,0,0,0,200.0
1993-04-28,Pennsylvania,Landing Roll,Small,Unknown bird - small,Day,0,0,0,155.0
1993-04-28,Texas,Approach,Small,Unknown bird - small,Dusk,0,0,0,210.0
1993-04-29,Louisiana,Approach,Medium,Unknown bird or bat,Night,0,0,0,140.0
1993-04-29,Louisiana,Approach,Medium,Unknown bird or bat,Night,0,0,0,175.0
1993-04-30,Louisiana,Take-off run,Medium,Unknown bird or bat,Day,0,0,0,120.0
1993-04-30,Missouri,Approach,Medium,Unknown bird - medium,Night,0,0,0,140.0
1993-04-30,Texas,Climb,Small,Unknown bird - small,Day,0,0,0,150.0
1993-05-01,Nebraska,Climb,Medium,Unknown bird - medium,Day,0,0,0,140.0
1993-05-01,Texas,Landing Roll,Medium,Unknown bird - medium,Day,0,0,0,140.0
1993-05-01,Kentucky,Descent,Small,Unknown bird - small,Night,0,0,0,170.0
1993-05-02,California,Approach,Medium,Unknown bird - medium,Night,0,0,0,180.0
1993-05-02,Indiana,Climb,Small,Unknown bird - small,Day,0,0,0,165.0
1993-05-03,Texas,Approach,Medium,Unknown bird - medium,Night,0,0,0,140.0
1993-05-03,Louisiana,Take-off run,Medium,Unknown bird or bat,Night,0,0,0,160.0
1993-05-03,New York,Take-off run,Small,Laughing gull,Day,0,0,0,140.0
1993-05-04,Texas,Approach,Large,Unknown bird - large,Night,0,0,0,220.0
1993-05-04,Tennessee,Take-off run,Medium,Red-tailed hawk,Day,0,0,0,80.0
1993-05-04,Missouri,Descent,Medium,Unknown bird - medium,Night,0,0,0,250.0
1993-05-04,North Carolina,Approach,Small,European starling,Day,0,0,0,140.0
1993-05-04,Texas,Approach,Small,Unknown bird - small,Day,161,0,161,130.0
1993-05-04,Texas,Approach,Small,Unknown bird - small,Night,0,0,0,135.0
1993-05-05,Kentucky,Approach,Small,Unknown bird - small,Night,0,0,0,150.0
1993-05-05,Michigan,Approach,Small,Unknown bird - small,Night,0,0,0,140.0
1993-05-05,New York,Approach,Small,Unknown bird - small,Night,0,0,0,135.0
1993-05-06,Louisiana,Approach,Medium,Unknown bird or bat,Night,0,0,0,180.0
1993-05-06,Pennsylvania,Approach,Medium,Unknown bird - medium,Night,0,0,0,200.0
1993-05-06,Pennsylvania,Landing Roll,Small,European starling,Day,0,0,0,120.0
1993-05-07,Louisiana,Take-off run,Medium,Unknown bird or bat,Day,0,0,0,100.0
1993-05-08,Texas,Landing Roll,Medium,Unknown bird - medium,Dawn,0,0,0,140.0
1993-05-08,Illinois,Approach,Small,Unknown bird - small,Dusk,0,0,0,142.0
1993-05-08,Kentucky,Approach,Small,Unknown bird - small,Night,0,0,0,150.0
1993-05-09,Massachusetts,Approach,Medium,Unknown bird - medium,Night,0,0,0,210.0
1993-05-09,Oregon,Descent,Medium,Unknown bird - medium,Night,0,0,0,140.0
1993-05-09,Louisiana,Take-off run,Small,Unknown bird - small,Day,0,0,0,120.0
1993-05-10,Louisiana,Take-off run,Medium,Unknown bird or bat,Day,0,0,0,120.0
1993-05-10,Louisiana,Approach,Medium,Unknown bird or bat,Night,0,0,0,160.0
1993-05-10,Ohio,Descent,Medium,Unknown bird - medium,Night,0,0,0,250.0
1993-05-10,Illinois,Approach,Small,Unknown bird - small,Day,0,0,0,130.0
1993-05-10,New York,Approach,Small,Unknown bird - small,Night,0,0,0,230.0
1993-05-11,Illinois,Approach,Medium,Unknown bird - medium,Night,0,0,0,135.0
1993-05-11,Texas,Approach,Small,Rock pigeon,Day,0,0,0,130.0
1993-05-11,Kentucky,Descent,Small,Unknown bird - small,Day,0,0,0,220.0
1993-05-11,Kentucky,Approach,Small,Unknown bird - small,Night,0,0,0,133.0
1993-05-11,Texas,Approach,Small,Unknown bird - small,Night,0,0,0,130.0
1993-05-11,Tennessee,Climb,Small,Unknown bird - small,Night,0,0,0,150.0
1993-05-12,Illinois,Climb,Medium,Unknown bird - medium,Dusk,0,0,0,140.0
1993-05-13,Illinois,Approach,Small,Unknown bird - small,Night,0,0,0,130.0
1993-05-14,DC,Approach,Medium,Unknown bird - medium,Night,0,0,0,170.0
1993-05-14,Illinois,Take-off run,Small,European starling,Day,0,0,0,100.0
1993-05-14,DC,Approach,Small,Unknown bird - small,Night,0,0,0,160.0
1993-05-15,Texas,Approach,Small,Unknown bird - small,Day,0,0,0,125.0
1993-05-15,New York,Landing Roll,Small,Unknown bird - small,Day,0,0,0,130.0
1993-05-15,Tennessee,Take-off run,Small,Unknown bird - small,Day,0,0,0,160.0
1993-05-17,Texas,Approach,Medium,Unknown bird - medium,Dawn,0,0,0,142.0
1993-05-18,Texas,Approach,Medium,Unknown bird - medium,Day,0,0,0,140.0
1993-05-18,Texas,Take-off run,Medium,Unknown bird - medium,Day,0,0,0,140.0
1993-05-19,Utah,Approach,Medium,Unknown bird - medium,Day,0,0,0,130.0
1993-05-19,Minnesota,Climb,Medium,Unknown bird - medium,Day,0,0,0,100.0
1993-05-19,Texas,Approach,Medium,Unknown bird - medium,Night,0,0,0,140.0
1993-05-19,Illinois,Approach,Small,European starling,Day,0,0,0,135.0
1993-05-20,Louisiana,Approach,Medium,Unknown bird or bat,Day,0,0,0,145.0
1993-05-20,California,Approach,Small,Unknown bird - small,Day,0,0,0,140.0
1993-05-21,Illinois,Climb,Small,Unknown bird - small,Day,0,0,0,170.0
1993-05-21,Maryland,Take-off run,Small,Unknown bird - small,Day,0,0,0,130.0
1993-05-22,Kentucky,Approach,Small,Unknown bird - small,Day,0,0,0,145.0
1993-05-24,Missouri,Approach,Medium,Unknown bird - medium,Day,0,0,0,125.0
1993-05-24,Texas,Approach,Small,Unknown bird - small,Day,0,0,0,200.0
1993-05-24,Oklahoma,Climb,Small,Unknown bird - small,Night,0,0,0,140.0
1993-05-25,Tennessee,Take-off run,Large,Unknown bird - large,Night,0,0,0,100.0
1993-05-25,Louisiana,Take-off run,Medium,Unknown bird or bat,Night,0,0,0,150.0
1993-05-25,Nebraska,Approach,Small,Unknown bird - small,Day,0,0,0,140.0
1993-05-25,Illinois,Landing Roll,Small,Meadowlarks,Day,0,0,0,120.0
1993-05-26,Louisiana,Approach,Medium,Unknown bird or bat,Day,0,0,0,180.0
1993-05-26,Utah,Take-off run,Small,Unknown bird - small,Day,0,0,0,140.0
1993-05-27,Texas,Take-off run,Medium,Unknown bird - medium,Day,0,0,0,140.0
1993-05-27,Illinois,Approach,Small,European starling,Day,0,0,0,130.0
1993-05-29,Illinois,Approach,Small,Unknown bird - small,Day,0,0,0,250.0
1993-05-29,Texas,Approach,Small,Unknown bird - small,Day,0,0,0,180.0
1993-05-30,Pennsylvania,Landing Roll,Large,White-tailed deer,Night,0,0,0,140.0
1993-05-31,California,Approach,Medium,Unknown bird - medium,Day,0,0,0,65.0
1993-05-31,Illinois,Landing Roll,Medium,Unknown bird - medium,Day,0,0,0,140.0
1993-06-01,Texas,Climb,Medium,Unknown bird - medium,Day,0,0,0,150.0
1993-06-01,Louisiana,Approach,Small,Unknown bird - small,Day,0,0,0,140.0
1993-06-01,Illinois,Climb,Small,Unknown bird - small,Day,0,0,0,250.0
1993-06-01,Nebraska,Take-off run,Small,Unknown bird - small,Day,0,0,0,100.0
1993-06-03,Texas,Approach,Small,Unknown bird - small,Day,0,0,0,250.0
1993-06-03,Pennsylvania,Landing Roll,Small,Unknown bird - small,Day,0,0,0,140.0
1993-06-05,Missouri,Landing Roll,Medium,Unknown bird - medium,Night,0,0,0,127.0
1993-06-05,Indiana,Climb,Small,Unknown bird - small,Day,0,0,0,160.0
1993-06-06,New York,Approach,Small,Rock pigeon,Day,0,0,0,140.0
1993-06-06,Oregon,Approach,Small,Unknown bird - small,Day,0,0,0,140.0
1993-06-08,New York,Approach,Medium,Unknown bird - medium,Day,0,0,0,140.0
1993-06-08,Texas,Climb,Medium,Unknown bird - medium,Day,0,0,0,95.0
1993-06-09,Kentucky,Landing Roll,Medium,Unknown bird - medium,Night,0,0,0,100.0
1993-06-10,Illinois,Take-off run,Medium,Unknown bird - medium,Day,0,0,0,120.0
1993-06-14,Louisiana,Climb,Medium,Unknown bird or bat,Night,0,0,0,170.0
1993-06-14,Texas,Approach,Small,Unknown bird - small,Night,0,0,0,170.0
1993-06-15,Michigan,Landing Roll,Large,White-tailed deer,Day,0,0,0,140.0
1993-06-15,Ohio,Climb,Medium,Unknown bird - medium,Day,0,0,0,200.0
1993-06-15,Louisiana,Take-off run,Medium,Unknown bird or bat,Day,0,0,0,120.0
1993-06-15,New York,Approach,Small,Unknown bird - small,Day,0,0,0,140.0
1993-06-15,Texas,Approach,Small,Unknown bird - small,Day,0,0,0,130.0
1993-06-16,Louisiana,Approach,Medium,Unknown bird or bat,Day,0,0,0,150.0
1993-06-16,New Jersey,Approach,Medium,Mallard,Day,0,0,0,110.0
1993-06-16,Louisiana,Approach,Medium,Unknown bird or bat,Night,0,0,0,130.0
1993-06-16,Louisiana,Approach,Medium,Unknown bird or bat,Night,0,0,0,135.0
1993-06-16,Utah,Approach,Small,Unknown bird - small,Day,0,0,0,125.0
1993-06-19,Illinois,Approach,Medium,Unknown bird - medium,Day,0,0,0,140.0
1993-06-19,Illinois,Approach,Medium,Unknown bird - medium,Dusk,0,0,0,170.0
1993-06-19,California,Take-off run,Small,Western meadowlark,Day,0,0,0,120.0
1993-06-19,Tennessee,Climb,Small,Unknown bird - small,Dusk,0,0,0,145.0
1993-06-20,Texas,Approach,Small,Unknown bird - small,Day,0,0,0,150.0
1993-06-20,New Jersey,Take-off run,Small,Killdeer,Night,0,0,0,75.0
1993-06-22,Louisiana,Approach,Medium,Unknown bird or bat,Day,0,0,0,120.0
1993-06-22,New York,Climb,Small,Laughing gull,Day,0,0,0,140.0
1993-06-23,California,Approach,Medium,Unknown bird - medium,Day,0,0,0,120.0
1993-06-24,Kentucky,Approach,Medium,Unknown bird - medium,Day,0,0,0,140.0
1993-06-24,Illinois,Approach,Small,Unknown bird - small,Day,0,0,0,140.0
1993-06-26,DC,Climb,Medium,American crow,Day,0,0,0,120.0
1993-06-27,Kentucky,Landing Roll,Small,Unknown bird - small,Day,0,0,0,120.0
1993-06-27,Illinois,Approach,Small,Unknown bird - small,Dusk,0,0,0,130.0
1993-06-28,Louisiana,Climb,Medium,Unknown bird or bat,Day,0,0,0,120.0
1993-06-28,Kentucky,Climb,Small,Unknown bird - small,Day,0,0,0,0.0
1993-06-29,Indiana,Take-off run,Large,Unknown bird - large,Dusk,0,0,0,50.0
1993-06-29,Pennsylvania,Landing Roll,Medium,Unknown bird - medium,Day,0,0,0,130.0
1993-06-29,Florida,Take-off run,Small,Unknown bird - small,Day,0,0,0,100.0
1993-06-30,Louisiana,Climb,Medium,Unknown bird or bat,Day,0,4449,4449,175.0
1993-06-30,Tennessee,Approach,Small,Mourning dove,Dusk,0,3696,3696,140.0
1993-07-01,Illinois,Take-off run,Large,White-tailed deer,Night,0,0,0,140.0
1993-07-01,Texas,Approach,Small,Unknown bird - small,Day,0,0,0,200.0
1993-07-01,Louisiana,Landing Roll,Small,Mourning dove,Day,0,0,0,140.0
1993-07-02,DC,Approach,Small,Unknown bird - small,Day,0,0,0,130.0
1993-07-02,Kentucky,Approach,Small,Unknown bird - small,Day,0,0,0,145.0
1993-07-02,California,Climb,Small,American kestrel,Day,0,0,0,140.0
1993-07-03,California,Landing Roll,Small,Rock pigeon,Day,0,0,0,110.0
1993-07-03,Pennsylvania,Take-off run,Small,Unknown bird - small,Day,0,0,0,100.0
1993-07-03,Kentucky,Approach,Small,Unknown bird - small,Night,0,0,0,130.0
1993-07-04,Illinois,Climb,Small,European starling,Day,0,0,0,140.0
1993-07-04,Illinois,Take-off run,Small,Eastern meadowlark,Day,0,0,0,50.0
1993-07-05,Tennessee,Approach,Medium,Unknown bird - medium,Day,0,0,0,105.0
1993-07-05,Texas,Approach,Small,Unknown bird - small,Day,0,0,0,140.0
1993-07-06,Kentucky,Landing Roll,Medium,Unknown bird or bat,Day,0,0,0,110.0
1993-07-06,Michigan,Climb,Small,Unknown bird - small,Dawn,0,0,0,150.0
1993-07-06,New York,Approach,Small,Unknown bird - small,Day,0,0,0,140.0
1993-07-06,Pennsylvania,Approach,Small,European starling,Day,0,0,0,145.0
1993-07-07,Louisiana,Climb,Medium,Unknown bird or bat,Day,0,0,0,100.0
1993-07-07,New Jersey,Climb,Medium,Unknown bird or bat,Day,0,0,0,140.0
1993-07-07,Pennsylvania,Approach,Small,Rock pigeon,Dawn,0,0,0,120.0
1993-07-07,DC,Approach,Small,European starling,Day,0,0,0,135.0
1993-07-08,Texas,Approach,Small,Unknown bird - small,Day,0,0,0,140.0
1993-07-09,Tennessee,Approach,Small,Unknown bird - small,Day,0,0,0,130.0
1993-07-09,Kentucky,Approach,Small,Unknown bird - small,Night,0,0,0,140.0
1993-07-11,South Carolina,Approach,Medium,Unknown bird or bat,Day,0,0,0,190.0
1993-07-12,Tennessee,Climb,Medium,Unknown bird - medium,Day,0,0,0,200.0
1993-07-12,Kentucky,Take-off run,Small,Mourning dove,Day,0,0,0,160.0
1993-07-12,Nebraska,Take-off run,Small,Unknown bird - small,Day,0,0,0,100.0
1993-07-13,DC,Landing Roll,Large,Canada goose,Day,0,0,0,100.0
1993-07-13,Louisiana,Approach,Medium,Unknown bird or bat,Dusk,0,0,0,138.0
1993-07-13,Texas,Take-off run,Small,Unknown bird - small,Day,0,0,0,128.0
1993-07-13,Illinois,Approach,Small,Unknown bird - small,Night,0,0,0,125.0
1993-07-14,Oregon,Approach,Small,Unknown bird - small,Night,0,0,0,140.0
1993-07-15,New Jersey,Take-off run,Large,White-tailed deer,Dusk,0,21992,21992,140.0
1993-07-15,Louisiana,Approach,Small,Unknown bird - small,Day,0,0,0,140.0
1993-07-17,New York,Approach,Medium,Unknown bird - medium,Day,0,0,0,140.0
1993-07-17,Utah,Climb,Medium,Unknown bird - medium,Day,0,0,0,160.0
1993-07-17,Illinois,Take-off run,Medium,Mallard,Day,0,0,0,140.0
1993-07-18,Tennessee,Climb,Small,Unknown bird - small,Day,0,0,0,230.0
1993-07-19,Louisiana,Take-off run,Medium,Unknown bird or bat,Day,0,0,0,157.0
1993-07-20,Michigan,Climb,Medium,Unknown bird - medium,Day,0,0,0,140.0
1993-07-20,Louisiana,Take-off run,Medium,Unknown bird or bat,Day,0,0,0,130.0
1993-07-21,Louisiana,Approach,Medium,Unknown bird or bat,Day,0,0,0,150.0
1993-07-21,Louisiana,Approach,Medium,Unknown bird - medium,Day,0,0,0,140.0
1993-07-22,Texas,Approach,Medium,Unknown bird - medium,Day,0,0,0,124.0
1993-07-22,Utah,Approach,Medium,Unknown bird - medium,Night,0,0,0,140.0
1993-07-23,North Carolina,Approach,Medium,Unknown bird - medium,Dusk,0,0,0,170.0
1993-07-23,Minnesota,Climb,Small,European starling,Day,0,0,0,150.0
1993-07-23,Pennsylvania,Approach,Small,Unknown bird - small,Day,0,0,0,135.0
1993-07-23,Kentucky,Take-off run,Small,Unknown bird - small,Day,0,0,0,140.0
1993-07-23,Texas,Take-off run,Small,European starling,Day,0,0,0,145.0
1993-07-23,New Jersey,Approach,Small,European starling,Dusk,0,0,0,140.0
1993-07-23,Tennessee,Approach,Small,Mourning dove,Dusk,0,0,0,140.0
1993-07-24,Massachusetts,Landing Roll,Medium,Unknown bird - medium,Day,0,0,0,140.0
1993-07-24,California,Landing Roll,Small,Unknown bird - small,Day,0,0,0,125.0
1993-07-24,Tennessee,Take-off run,Small,Unknown bird - small,Day,0,0,0,130.0
1993-07-25,Louisiana,Approach,Medium,Unknown bird or bat,Day,0,0,0,200.0
1993-07-25,Illinois,Approach,Small,Rock pigeon,Day,0,0,0,136.0
1993-07-26,New Jersey,Climb,Medium,Unknown bird - medium,Day,0,0,0,170.0
1993-07-26,Pennsylvania,Climb,Small,Mourning dove,Day,0,0,0,160.0
1993-07-26,Florida,Take-off run,Small,Unknown bird - small,Day,0,0,0,135.0
1993-07-26,Hawaii,Take-off run,Small,Unknown bird - small,Day,0,0,0,100.0
1993-07-27,Illinois,Take-off run,Medium,Mallard,Day,0,0,0,125.0
1993-07-27,Tennessee,Take-off run,Medium,Unknown bird - medium,Day,0,0,0,140.0
1993-07-27,Ohio,Approach,Small,Unknown bird - small,Night,0,0,0,130.0
1993-07-28,Tennessee,Approach,Large,Unknown bird - large,Dusk,0,0,0,115.0
1993-07-29,South Carolina,Take-off run,Medium,Red-tailed hawk,Dawn,0,0,0,70.0
1993-07-29,Pennsylvania,Landing Roll,Medium,Unknown bird - medium,Day,0,0,0,140.0
1993-07-29,Maryland,Take-off run,Medium,American crow,Day,0,0,0,140.0
1993-07-29,Kentucky,Climb,Small,Mourning dove,Day,0,0,0,180.0
1993-07-30,South Carolina,Climb,Medium,Unknown bird or bat,Day,0,0,0,140.0
1993-07-30,Louisiana,Take-off run,Medium,Unknown bird or bat,Day,0,0,0,130.0
1993-07-30,Texas,Take-off run,Medium,Unknown bird - medium,Day,0,0,0,140.0
1993-07-30,Texas,Take-off run,Medium,Unknown bird - medium,Day,0,0,0,120.0
1993-07-30,Illinois,Approach,Small,American robin,Day,0,0,0,140.0
1993-07-30,Illinois,Approach,Small,American kestrel,Day,0,0,0,140.0
1993-07-31,New Jersey,Climb,Small,Unknown bird - small,Day,0,0,0,220.0
1993-08-01,Louisiana,Landing Roll,Medium,Unknown bird - medium,Day,0,0,0,140.0
1993-08-01,Maryland,Approach,Small,Unknown bird - small,Day,0,0,0,150.0
1993-08-01,Utah,Approach,Small,Unknown bird - small,Day,0,0,0,130.0
1993-08-01,Maryland,Climb,Small,Unknown bird - small,Day,0,0,0,140.0
1993-08-01,Texas,Landing Roll,Small,Unknown bird - small,Day,0,0,0,100.0
1993-08-02,New York,Climb,Small,Unknown bird - small,Dawn,0,0,0,140.0
1993-08-02,Florida,Take-off run,Small,Unknown bird - small,Day,0,0,0,125.0
1993-08-03,Louisiana,Approach,Medium,Unknown bird or bat,Day,0,0,0,135.0
1993-08-03,Tennessee,Take-off run,Small,Unknown bird - small,Day,0,0,0,150.0
1993-08-03,Kentucky,Approach,Small,Unknown bird - small,Night,0,0,0,130.0
1993-08-04,Kentucky,Landing Roll,Medium,Unknown bird - medium,Day,0,0,0,140.0
1993-08-04,California,Take-off run,Medium,Red-tailed hawk,Night,964,144645,145609,15.0
1993-08-04,Oregon,Climb,Small,American robin,Day,0,0,0,300.0
1993-08-04,Texas,Take-off run,Small,Unknown bird - small,Day,0,0,0,120.0
1993-08-05,Illinois,Approach,Small,Unknown bird - small,Dusk,0,0,0,142.0
1993-08-06,South Carolina,Approach,Medium,Unknown bird or bat,Day,0,0,0,126.0
1993-08-06,Illinois,Climb,Small,Unknown bird - small,Day,0,0,0,250.0
1993-08-07,Texas,Approach,Small,Mourning dove,Day,0,0,0,130.0
1993-08-07,New Jersey,Climb,Small,Laughing gull,Day,0,0,0,140.0
1993-08-08,Indiana,Climb,Medium,Unknown bird - medium,Night,0,0,0,160.0
1993-08-08,Texas,Approach,Small,Unknown bird - small,Night,0,0,0,140.0
1993-08-08,Illinois,Landing Roll,Small,Unknown bird - small,Night,0,0,0,105.0
1993-08-08,Pennsylvania,Landing Roll,Small,Mourning dove,Night,0,0,0,80.0
1993-08-09,Maryland,Approach,Medium,Unknown bird - medium,Day,0,0,0,170.0
1993-08-09,South Carolina,Approach,Medium,Unknown bird or bat,Day,0,0,0,130.0
1993-08-09,California,Climb,Medium,Unknown bird - medium,Day,0,0,0,140.0
1993-08-09,Ohio,Take-off run,Medium,Unknown bird - medium,Day,0,0,0,140.0
1993-08-09,South Carolina,Take-off run,Medium,Unknown bird or bat,Day,0,0,0,100.0
1993-08-09,North Carolina,Climb,Small,Mourning dove,Dusk,0,0,0,135.0
1993-08-10,Nebraska,Climb,Large,Unknown bird - large,Day,0,0,0,150.0
1993-08-10,Texas,Climb,Medium,Unknown bird - medium,Day,0,0,0,140.0
1993-08-10,Tennessee,Approach,Medium,American crow,Dusk,0,0,0,125.0
1993-08-10,Tennessee,Landing Roll,Small,Unknown bird - small,Day,0,0,0,130.0
1993-08-11,Illinois,Approach,Medium,Unknown bird - medium,Day,0,0,0,140.0
1993-08-11,Louisiana,Approach,Medium,Unknown bird or bat,Day,0,0,0,140.0
1993-08-12,Illinois,Take-off run,Medium,Ring-billed gull,Day,0,0,0,140.0
1993-08-13,Kentucky,Landing Roll,Medium,Unknown bird - medium,Day,0,0,0,95.0
1993-08-13,Massachusetts,Take-off run,Medium,Unknown bird - medium,Day,0,0,0,140.0
1993-08-13,Tennessee,Approach,Small,Unknown bird - small,Day,0,0,0,140.0
1993-08-13,Pennsylvania,Climb,Small,Unknown bird - small,Day,0,0,0,200.0
1993-08-13,Tennessee,Take-off run,Small,Unknown bird - small,Day,0,0,0,110.0
1993-08-14,Illinois,Approach,Medium,Unknown bird - medium,Dawn,0,0,0,130.0
1993-08-14,Florida,Approach,Medium,Unknown bird - medium,Day,0,0,0,140.0
1993-08-14,Missouri,Approach,Medium,Unknown bird - medium,Dusk,0,0,0,100.0
1993-08-14,New York,Climb,Small,Unknown bird - small,Day,0,0,0,270.0
1993-08-14,Texas,Climb,Small,Unknown bird - small,Day,0,0,0,150.0
1993-08-15,Utah,Climb,Medium,Unknown bird - medium,Day,0,0,0,140.0
1993-08-15,South Carolina,Take-off run,Medium,Unknown bird or bat,Day,0,0,0,100.0
1993-08-15,New Jersey,Approach,Small,Unknown bird - small,Day,0,0,0,140.0
1993-08-15,Texas,Approach,Small,Unknown bird - small,Day,0,0,0,135.0
1993-08-16,Arizona,Approach,Medium,Unknown bird - medium,Night,0,0,0,130.0
1993-08-16,Louisiana,Approach,Medium,Unknown bird or bat,Night,0,0,0,160.0
1993-08-16,Louisiana,Approach,Medium,Unknown bird or bat,Night,0,0,0,180.0
1993-08-16,North Carolina,Approach,Small,Unknown bird - small,Night,0,0,0,160.0
1993-08-17,Texas,Take-off run,Medium,Unknown bird - medium,Day,9577,0,9577,80.0
1993-08-18,South Carolina,Climb,Medium,Unknown bird or bat,Day,0,0,0,100.0
1993-08-18,South Carolina,Climb,Medium,Unknown bird or bat,Day,0,0,0,130.0
1993-08-18,Georgia,Approach,Small,Unknown bird - small,Day,0,0,0,140.0
1993-08-18,Georgia,Landing Roll,Small,Unknown bird - small,Day,0,0,0,120.0
1993-08-18,Kentucky,Landing Roll,Small,Rock pigeon,Day,0,0,0,100.0
1993-08-19,DC,Approach,Small,Unknown bird - small,Night,0,0,0,120.0
1993-08-20,Florida,Taxi,Large,Great blue heron,Day,0,0,0,140.0
1993-08-20,Massachusetts,Take-off run,Medium,Unknown bird - medium,Day,0,0,0,130.0
1993-08-20,South Carolina,Take-off run,Medium,Unknown bird or bat,Day,0,0,0,135.0
1993-08-20,Louisiana,Approach,Medium,Unknown bird or bat,Night,0,0,0,129.0
1993-08-20,Louisiana,Take-off run,Medium,Unknown bird or bat,Night,0,0,0,129.0
1993-08-20,Illinois,Climb,Small,Barn swallow,Day,0,0,0,200.0
1993-08-20,South Carolina,Take-off run,Small,Unknown bird - small,Day,0,0,0,80.0
1993-08-20,Nebraska,Landing Roll,Small,Unknown bird - small,Night,0,0,0,120.0
1993-08-21,Texas,Approach,Small,Unknown bird - small,Day,0,0,0,140.0
1993-08-21,Pennsylvania,Descent,Small,Unknown bird - small,Day,0,0,0,250.0
1993-08-22,Utah,Approach,Medium,Unknown bird - medium,Day,0,0,0,140.0
1993-08-22,Tennessee,Approach,Medium,Unknown bird - medium,Dusk,0,0,0,130.0
1993-08-22,California,Take-off run,Small,Unknown bird - small,Day,0,0,0,90.0
1993-08-23,Illinois,Take-off run,Medium,Herring gull,Day,0,0,0,140.0
1993-08-24,South Carolina,Climb,Medium,Unknown bird or bat,Dusk,0,0,0,150.0
1993-08-24,Louisiana,Approach,Medium,Unknown bird or bat,Night,0,0,0,160.0
1993-08-24,Tennessee,Take-off run,Small,Unknown bird - small,Day,0,0,0,80.0
1993-08-24,Washington,Approach,Small,Rock pigeon,Day,0,0,0,140.0
1993-08-24,Tennessee,Parked,Small,Unknown bird - small,Day,0,0,0,0.0
1993-08-25,Kentucky,Approach,Medium,Unknown bird - medium,Dusk,0,0,0,130.0
1993-08-25,Texas,Climb,Small,Unknown bird - small,Day,0,0,0,250.0
1993-08-27,Texas,Approach,Small,Unknown bird - small,Day,0,0,0,150.0
1993-08-28,Washington,Approach,Medium,Unknown bird - medium,Dusk,0,0,0,140.0
1993-08-28,Indiana,Approach,Small,Mourning dove,Day,0,0,0,140.0
1993-08-28,Ohio,Approach,Small,Unknown bird - small,Day,0,0,0,140.0
1993-08-28,Texas,Approach,Small,Unknown bird - small,Day,0,0,0,132.0
1993-08-28,Louisiana,Take-off run,Small,Unknown bird - small,Day,0,0,0,140.0
1993-08-28,Ohio,Approach,Small,Unknown bird - small,Night,0,0,0,140.0
1993-08-29,Texas,Take-off run,Medium,Unknown bird - medium,Day,0,0,0,140.0
1993-08-29,Minnesota,Approach,Small,Unknown bird - small,Day,0,0,0,145.0
1993-08-29,Kentucky,Climb,Small,Unknown bird - small,Day,0,0,0,200.0
1993-08-29,Florida,Landing Roll,Small,Unknown bird - small,Day,0,0,0,140.0
1993-08-30,Louisiana,Approach,Medium,Unknown bird or bat,Day,0,0,0,60.0
1993-08-30,New Jersey,Climb,Medium,Unknown bird - medium,Night,0,0,0,140.0
1993-08-30,Louisiana,Climb,Medium,Unknown bird or bat,Night,0,0,0,140.0
1993-08-30,North Carolina,Approach,Small,Unknown bird - small,Day,0,0,0,115.0
1993-08-31,California,Climb,Medium,Unknown bird - medium,Day,0,0,0,175.0
1993-08-31,Minnesota,Climb,Medium,Unknown bird - medium,Night,0,0,0,140.0
1993-08-31,Texas,Approach,Small,Unknown bird - small,Day,0,0,0,140.0
1993-08-31,Kentucky,Landing Roll,Small,Unknown bird - small,Day,0,0,0,100.0
1993-08-31,Texas,Approach,Small,Unknown bird - small,Night,0,0,0,145.0
1993-09-01,Tennessee,Landing Roll,Small,Unknown bird - small,Day,0,0,0,140.0
1993-09-01,North Carolina,Approach,Small,Mourning dove,Dusk,0,0,0,130.0
1993-09-01,California,Approach,Small,Unknown bird - small,Night,0,0,0,137.0
1993-09-02,Louisiana,Approach,Medium,Unknown bird or bat,Night,0,0,0,160.0
1993-09-03,Kentucky,Descent,Large,Unknown bird - large,Night,0,0,0,250.0
1993-09-03,Tennessee,Take-off run,Medium,Unknown bird - medium,Day,0,0,0,100.0
1993-09-03,Texas,Approach,Medium,Unknown bird - medium,Day,0,0,0,140.0
1993-09-03,Louisiana,Take-off run,Medium,Unknown bird or bat,Day,0,0,0,120.0
1993-09-03,Texas,Approach,Medium,Unknown bird - medium,Night,0,0,0,135.0
1993-09-03,Texas,Approach,Medium,Unknown bird - medium,Night,0,0,0,170.0
1993-09-03,Texas,Approach,Medium,Unknown bird - medium,Night,0,0,0,250.0
1993-09-03,Texas,Approach,Small,Unknown bird - small,Night,0,0,0,150.0
1993-09-04,Pennsylvania,Approach,Medium,Unknown bird - medium,Day,0,0,0,140.0
1993-09-04,Kentucky,Approach,Medium,Unknown bird - medium,Night,0,0,0,170.0
1993-09-04,California,Climb,Small,Unknown bird - small,Day,0,0,0,250.0
1993-09-06,Louisiana,Take-off run,Medium,Unknown bird - medium,Day,0,0,0,140.0
1993-09-06,New York,Approach,Medium,Unknown bird - medium,Night,0,0,0,210.0
1993-09-07,Tennessee,Approach,Large,Unknown bird - large,Day,0,0,0,210.0
1993-09-07,Nebraska,Approach,Medium,Unknown bird - medium,Day,0,0,0,135.0
1993-09-08,Tennessee,Climb,Medium,Unknown bird - medium,Day,0,0,0,180.0
1993-09-08,Nebraska,Take-off run,Medium,Unknown bird - medium,Night,0,0,0,65.0
1993-09-08,New Jersey,Take-off run,Small,American kestrel,Day,0,0,0,140.0
1993-09-08,California,Climb,Small,Unknown bird - small,Night,0,0,0,200.0
1993-09-09,Louisiana,Approach,Medium,Unknown bird or bat,Day,0,0,0,135.0
1993-09-09,Arizona,Descent,Medium,Unknown bird - medium,Night,0,0,0,250.0
1993-09-10,Louisiana,Climb,Medium,Unknown bird or bat,Night,0,0,0,140.0
1993-09-13,Kentucky,Take-off run,Medium,Unknown bird - medium,Day,0,0,0,110.0
1993-09-13,Louisiana,Approach,Medium,Unknown bird or bat,Night,0,0,0,140.0
1993-09-14,Utah,Landing Roll,Medium,Unknown bird - medium,Day,0,0,0,140.0
1993-09-15,Louisiana,Approach,Medium,Unknown bird or bat,Day,0,0,0,140.0
1993-09-15,DC,Approach,Medium,Unknown bird - medium,Night,0,0,0,135.0
1993-09-15,Illinois,Approach,Small,Unknown bird - small,Day,0,0,0,140.0
1993-09-15,Tennessee,Approach,Small,Unknown bird - small,Day,0,0,0,140.0
1993-09-16,Pennsylvania,Approach,Large,Unknown bird - large,Night,0,0,0,170.0
1993-09-16,Texas,Take-off run,Small,Rock pigeon,Day,0,0,0,140.0
1993-09-16,Ohio,Take-off run,Small,Unknown bird - small,Day,0,0,0,120.0
1993-09-16,Indiana,Landing Roll,Small,Unknown bird - small,Night,0,0,0,129.0
1993-09-17,Texas,Take-off run,Small,Rock pigeon,Dawn,0,0,0,160.0
1993-09-17,Missouri,Approach,Small,Unknown bird - small,Day,0,0,0,140.0
1993-09-18,Kentucky,Approach,Medium,Unknown bird - medium,Day,0,0,0,180.0
1993-09-18,Texas,Approach,Medium,Unknown bird - medium,Day,0,0,0,140.0
1993-09-18,Kentucky,Approach,Medium,Unknown bird - medium,Night,0,0,0,142.0
1993-09-18,Missouri,Climb,Small,Unknown bird - small,Day,0,0,0,160.0
1993-09-19,Illinois,Approach,Medium,Unknown bird - medium,Night,0,0,0,133.0
1993-09-19,Utah,Approach,Small,Unknown bird - small,Day,0,0,0,140.0
1993-09-19,Pennsylvania,Approach,Small,Mourning dove,Dusk,0,0,0,140.0
1993-09-20,Texas,Climb,Medium,Unknown bird - medium,Day,0,0,0,250.0
1993-09-20,Louisiana,Take-off run,Medium,Unknown bird or bat,Day,0,0,0,140.0
1993-09-20,New Jersey,Approach,Medium,Unknown bird - medium,Night,0,0,0,160.0
1993-09-20,New Jersey,Approach,Medium,Unknown bird - medium,Night,0,0,0,210.0
1993-09-20,DC,Approach,Small,Unknown bird - small,Dawn,0,0,0,135.0
1993-09-20,Missouri,Approach,Small,Unknown bird - small,Day,0,0,0,125.0
1993-09-21,Illinois,Take-off run,Medium,Herring gull,Day,0,0,0,140.0
1993-09-21,California,Approach,Medium,Unknown bird - medium,Day,0,0,0,130.0
1993-09-21,Texas,Approach,Medium,Unknown bird - medium,Day,0,0,0,140.0
1993-09-21,Kentucky,Climb,Medium,Unknown bird - medium,Night,0,0,0,150.0
1993-09-21,California,Approach,Small,Unknown bird - small,Night,0,0,0,160.0
1993-09-22,New York,Approach,Medium,Unknown bird - medium,Night,0,0,0,170.0
1993-09-22,North Carolina,Climb,Small,Unknown bird - small,Night,0,0,0,200.0
1993-09-23,South Carolina,Approach,Medium,Unknown bird or bat,Day,0,0,0,160.0
1993-09-23,Utah,Approach,Medium,Unknown bird - medium,Night,0,0,0,140.0
1993-09-23,Kentucky,Approach,Small,Unknown bird - small,Night,0,0,0,147.0
1993-09-24,Utah,Approach,Large,Unknown bird - large,Dusk,0,0,0,170.0
1993-09-24,Georgia,Approach,Medium,Unknown bird - medium,Night,0,0,0,140.0
1993-09-24,Kentucky,Approach,Medium,Unknown bird - medium,Night,0,0,0,120.0
1993-09-24,Missouri,Approach,Small,Unknown bird - small,Dawn,0,0,0,120.0
1993-09-25,Nebraska,Take-off run,Large,Canada goose,Dawn,0,0,0,140.0
1993-09-25,Texas,Approach,Large,Unknown bird - large,Night,0,0,0,140.0
1993-09-25,New York,Descent,Medium,Unknown bird - medium,Night,0,0,0,250.0
1993-09-25,Texas,Climb,Small,Unknown bird - small,Dawn,0,0,0,150.0
1993-09-25,South Carolina,Climb,Small,Unknown bird - small,Day,0,0,0,170.0
1993-09-25,Illinois,Landing Roll,Small,Unknown bird - small,Dusk,0,0,0,80.0
1993-09-26,Texas,Approach,Medium,Unknown bird - medium,Day,0,0,0,140.0
1993-09-26,Illinois,Approach,Medium,Unknown bird - medium,Night,0,0,0,160.0
1993-09-26,Illinois,Climb,Small,Unknown bird - small,Day,0,0,0,200.0
1993-09-26,Texas,Approach,Small,Cattle egret,Night,0,0,0,130.0
1993-09-27,Illinois,Approach,Medium,Unknown bird - medium,Night,0,0,0,170.0
1993-09-27,Nebraska,Approach,Medium,Unknown bird - medium,Night,0,0,0,190.0
1993-09-27,Tennessee,Approach,Medium,Unknown bird - medium,Night,0,0,0,210.0
1993-09-27,Oklahoma,Climb,Small,Unknown bird - small,Day,0,0,0,150.0
1993-09-27,Georgia,Approach,Small,Unknown bird - small,Night,0,0,0,180.0
1993-09-27,North Carolina,Climb,Small,Unknown bird - small,Night,0,0,0,140.0
1993-09-27,North Carolina,Climb,Small,Unknown bird - small,Night,0,0,0,250.0
1993-09-28,Washington,Climb,Medium,Unknown bird - medium,Day,0,0,0,140.0
1993-09-28,Louisiana,Take-off run,Medium,Unknown bird or bat,Day,0,0,0,140.0
1993-09-28,South Carolina,Approach,Medium,Unknown bird or bat,Night,0,0,0,150.0
1993-09-28,Ohio,Climb,Small,Killdeer,Day,0,0,0,130.0
1993-09-28,Kentucky,Approach,Small,Unknown bird - small,Dusk,0,0,0,130.0
1993-09-29,Illinois,Approach,Large,Unknown bird - large,Day,0,0,0,100.0
1993-09-29,Louisiana,Approach,Medium,Unknown bird or bat,Day,0,0,0,140.0
1993-09-29,DC,Approach,Small,Unknown bird - small,Day,0,0,0,132.0
1993-09-29,Florida,Landing Roll,Small,American kestrel,Day,0,0,0,135.0
1993-09-30,Ohio,Take-off run,Medium,Unknown bird - medium,Day,0,0,0,125.0
1993-09-30,South Carolina,Approach,Medium,Unknown bird or bat,Night,0,0,0,180.0
1993-10-01,Texas,Approach,Medium,Unknown bird - medium,Day,0,0,0,144.0
1993-10-01,Missouri,Take-off run,Small,Unknown bird - small,Dawn,0,0,0,140.0
1993-10-01,Missouri,Climb,Small,Unknown bird - small,Day,0,0,0,135.0
1993-10-01,Tennessee,Landing Roll,Small,Mourning dove,Day,0,0,0,110.0
1993-10-01,Nebraska,Take-off run,Small,European starling,Day,0,0,0,120.0
1993-10-01,Minnesota,Approach,Small,Unknown bird - small,Night,0,0,0,160.0
1993-10-02,Texas,Approach,Medium,Unknown bird - medium,Day,0,0,0,140.0
1993-10-02,Pennsylvania,Take-off run,Medium,Unknown bird - medium,Day,0,0,0,155.0
1993-10-02,Nebraska,Climb,Small,Unknown bird - small,Day,0,0,0,160.0
1993-10-03,Texas,Climb,Medium,Unknown bird - medium,Dusk,0,0,0,250.0
1993-10-03,Tennessee,Climb,Small,Unknown bird - small,Day,0,0,0,210.0
1993-10-03,Texas,Approach,Small,Unknown bird - small,Night,0,0,0,160.0
1993-10-04,Illinois,Climb,Medium,Unknown bird - medium,Night,0,0,0,160.0
1993-10-04,Pennsylvania,Landing Roll,Small,European starling,Dusk,0,0,0,100.0
1993-10-05,California,Approach,Medium,Unknown bird - medium,Night,0,0,0,130.0
1993-10-05,New Jersey,Approach,Small,Unknown bird - small,Night,0,0,0,130.0
1993-10-05,Illinois,Climb,Small,Unknown bird - small,Night,0,0,0,250.0
1993-10-05,Kentucky,Climb,Small,Unknown bird - small,Night,0,0,0,150.0
1993-10-06,Pennsylvania,Take-off run,Large,Canada goose,Day,0,0,0,85.0
1993-10-06,North Carolina,Approach,Small,Unknown bird - small,Day,0,0,0,170.0
1993-10-06,Texas,Approach,Small,Unknown bird - small,Day,0,0,0,170.0
1993-10-06,Nebraska,Take-off run,Small,European starling,Day,0,0,0,140.0
1993-10-07,South Carolina,Approach,Medium,Unknown bird or bat,Night,0,0,0,150.0
1993-10-07,Louisiana,Take-off run,Medium,Unknown bird or bat,Night,0,0,0,140.0
1993-10-08,Texas,Landing Roll,Medium,Unknown bird - medium,Day,0,0,0,140.0
1993-10-08,Texas,Take-off run,Medium,Unknown bird - medium,Dusk,0,0,0,110.0
1993-10-09,South Carolina,Take-off run,Medium,Unknown bird or bat,Day,0,0,0,134.0
1993-10-09,Texas,Climb,Small,Unknown bird - small,Night,0,0,0,160.0
1993-10-10,Texas,Landing Roll,Medium,Unknown bird - medium,Day,0,0,0,140.0
1993-10-10,Texas,Take-off run,Medium,Unknown bird - medium,Day,0,0,0,140.0
1993-10-10,Texas,Take-off run,Small,Unknown bird - small,Day,0,0,0,140.0
1993-10-10,Tennessee,Approach,Small,Unknown bird - small,Night,0,0,0,140.0
1993-10-10,Pennsylvania,Climb,Small,Unknown bird - small,Night,0,0,0,180.0
1993-10-13,Texas,Climb,Medium,Unknown bird - medium,Dawn,0,0,0,140.0
1993-10-13,Texas,Landing Roll,Medium,Unknown bird - medium,Day,0,0,0,140.0
1993-10-13,Kentucky,Approach,Small,Unknown bird - small,Day,0,0,0,100.0
1993-10-14,Arizona,Approach,Medium,Unknown bird - medium,Day,0,0,0,150.0
1993-10-14,Texas,Climb,Medium,Unknown bird - medium,Day,0,0,0,210.0
1993-10-15,Washington,Approach,Medium,Unknown bird - medium,Night,0,0,0,140.0
1993-10-15,Kentucky,Approach,Small,Unknown bird - small,Night,0,0,0,145.0
1993-10-17,Tennessee,Climb,Medium,Unknown bird - medium,Night,0,0,0,200.0
1993-10-18,Massachusetts,Approach,Medium,Unknown bird - medium,Night,0,0,0,140.0
1993-10-18,DC,Climb,Medium,Unknown bird - medium,Night,0,0,0,185.0
1993-10-18,Louisiana,Take-off run,Medium,Unknown bird or bat,Night,0,0,0,130.0
1993-10-18,Indiana,Approach,Small,Unknown bird - small,Day,0,0,0,120.0
1993-10-18,New York,Approach,Small,Unknown bird - small,Day,0,0,0,180.0
1993-10-18,Maryland,Climb,Small,Unknown bird - small,Night,0,0,0,250.0
1993-10-19,New York,Approach,Medium,Unknown bird - medium,Dawn,0,0,0,140.0
1993-10-20,Tennessee,Approach,Medium,Unknown bird - medium,Day,0,0,0,140.0
1993-10-20,Missouri,Approach,Small,Unknown bird - small,Night,0,0,0,140.0
1993-10-20,Nebraska,Approach,Small,Unknown bird - small,Night,0,0,0,230.0
1993-10-21,Louisiana,Approach,Medium,Unknown bird or bat,Night,0,0,0,170.0
1993-10-21,Louisiana,Approach,Medium,Unknown bird or bat,Night,0,0,0,180.0
1993-10-21,Louisiana,Approach,Medium,Unknown bird or bat,Night,0,0,0,190.0
1993-10-21,Louisiana,Climb,Medium,Unknown bird or bat,Night,0,0,0,195.0
1993-10-21,Tennessee,Climb,Medium,Unknown bird - medium,Night,0,0,0,210.0
1993-10-22,Texas,Climb,Medium,Unknown bird - medium,Dawn,0,0,0,250.0
1993-10-22,New York,Climb,Medium,Ring-billed gull,Day,0,0,0,200.0
1993-10-22,New Jersey,Landing Roll,Medium,Herring gull,Day,0,0,0,140.0
1993-10-23,New Jersey,Approach,Medium,Unknown bird - medium,Night,0,0,0,140.0
1993-10-24,North Carolina,Approach,Medium,Unknown bird - medium,Day,0,0,0,135.0
1993-10-24,Nebraska,Taxi,Medium,Unknown bird - medium,Day,0,0,0,140.0
1993-10-24,Pennsylvania,Approach,Small,Unknown bird - small,Dawn,0,0,0,200.0
1993-10-25,New York,Approach,Medium,Unknown bird - medium,Night,0,0,0,215.0
1993-10-25,Pennsylvania,Approach,Medium,Unknown bird - medium,Night,0,0,0,120.0
1993-10-25,Florida,Climb,Small,Unknown bird - small,Day,0,0,0,155.0
1993-10-25,Hawaii,Landing Roll,Small,Unknown bird - small,Day,0,0,0,140.0
1993-10-26,Kentucky,Approach,Medium,Unknown bird - medium,Night,0,0,0,170.0
1993-10-26,New Jersey,Approach,Medium,Unknown bird - medium,Night,0,0,0,200.0
1993-10-26,Texas,Approach,Medium,Unknown bird - medium,Night,0,0,0,140.0
1993-10-26,Louisiana,Climb,Medium,Unknown bird or bat,Night,0,0,0,140.0
1993-10-27,Hawaii,Climb,Medium,Unknown bird or bat,Day,0,0,0,140.0
1993-10-27,Louisiana,Approach,Medium,Unknown bird or bat,Night,0,0,0,140.0
1993-10-27,Louisiana,Take-off run,Medium,Unknown bird or bat,Night,0,0,0,150.0
1993-10-28,Tennessee,Approach,Medium,Unknown bird - medium,Night,0,0,0,131.0
1993-10-28,Florida,Take-off run,Small,Cattle egret,Day,0,0,0,120.0
1993-10-28,Pennsylvania,Approach,Small,Unknown bird - small,Night,0,0,0,220.0
1993-10-30,Kentucky,Approach,Medium,Unknown bird - medium,Night,0,0,0,140.0
1993-10-30,Pennsylvania,Approach,Small,Unknown bird - small,Dawn,0,0,0,140.0
1993-10-31,Texas,Approach,Medium,Unknown bird - medium,Day,0,0,0,140.0
1993-10-31,Texas,Climb,Medium,Unknown bird - medium,Day,0,0,0,140.0
1993-11-01,Utah,Approach,Medium,Unknown bird - medium,Night,0,0,0,150.0
1993-11-01,Pennsylvania,Climb,Medium,Unknown bird - medium,Night,0,0,0,120.0
1993-11-01,Maryland,Approach,Small,Unknown bird - small,Night,0,0,0,140.0
1993-11-02,New Jersey,Approach,Large,Unknown bird - large,Night,0,0,0,190.0
1993-11-02,New Jersey,Approach,Small,Unknown bird - small,Night,0,0,0,200.0
1993-11-03,Pennsylvania,Descent,Large,Unknown bird - large,Day,0,0,0,210.0
1993-11-03,Pennsylvania,Approach,Medium,Unknown bird - medium,Night,0,0,0,160.0
1993-11-03,Maryland,Climb,Medium,Unknown bird - medium,Night,0,0,0,180.0
1993-11-03,Arizona,Approach,Small,Unknown bird - small,Dusk,0,0,0,140.0
1993-11-04,New Jersey,Approach,Small,European starling,Day,0,0,0,125.0
1993-11-05,Louisiana,Approach,Medium,Unknown bird or bat,Night,0,0,0,140.0
1993-11-05,Louisiana,Approach,Medium,Unknown bird or bat,Night,0,0,0,150.0
1993-11-05,Texas,Climb,Medium,Unknown bird - medium,Night,0,0,0,190.0
1993-11-07,Louisiana,Landing Roll,Medium,Unknown bird - medium,Day,0,0,0,140.0
1993-11-07,New York,Approach,Medium,Unknown bird - medium,Night,0,0,0,250.0
1993-11-07,Texas,Take-off run,Small,Unknown bird - small,Dawn,0,0,0,135.0
1993-11-07,Louisiana,Climb,Small,Killdeer,Day,0,0,0,100.0
1993-11-08,Maryland,Approach,Medium,Unknown bird - medium,Night,0,0,0,250.0
1993-11-09,California,Approach,Small,Unknown bird - small,Day,0,0,0,138.0
1993-11-09,Massachusetts,Take-off run,Small,European starling,Day,0,0,0,130.0
1993-11-10,Louisiana,Approach,Medium,Unknown bird or bat,Day,0,0,0,200.0
1993-11-10,New Jersey,Approach,Medium,Unknown bird - medium,Night,0,0,0,170.0
1993-11-10,South Carolina,Approach,Medium,Unknown bird or bat,Night,0,0,0,230.0
1993-11-11,Texas,Approach,Medium,Unknown bird - medium,Night,0,0,0,140.0
1993-11-11,New Jersey,Approach,Small,Unknown bird - small,Night,0,4339,4339,125.0
1993-11-12,New York,Climb,Medium,Unknown bird - medium,Day,0,0,0,140.0
1993-11-12,California,Approach,Medium,Unknown bird - medium,Night,0,0,0,210.0
1993-11-13,Missouri,Climb,Medium,Unknown bird - medium,Day,0,0,0,200.0
1993-11-13,Illinois,Approach,Medium,Unknown bird - medium,Night,0,0,0,135.0
1993-11-15,Louisiana,Approach,Medium,Unknown bird or bat,Night,0,0,0,135.0
1993-11-16,Pennsylvania,Climb,Large,Unknown bird - large,Night,0,0,0,250.0
1993-11-16,California,Approach,Small,Unknown bird - small,Day,0,0,0,120.0
1993-11-16,Florida,Landing Roll,Small,Killdeer,Day,0,0,0,140.0
1993-11-17,Louisiana,Approach,Medium,Unknown bird or bat,Night,0,0,0,150.0
1993-11-18,Florida,Take-off run,Small,Killdeer,Day,0,0,0,140.0
1993-11-19,Louisiana,Take-off run,Medium,Unknown bird or bat,Night,0,0,0,130.0
1993-11-19,DC,Approach,Small,Unknown bird - small,Day,0,0,0,210.0
1993-11-19,Nebraska,Approach,Small,Unknown bird - small,Day,0,0,0,140.0
1993-11-21,Texas,Approach,Medium,Unknown bird - medium,Night,0,0,0,140.0
1993-11-22,Texas,Take-off run,Medium,Unknown bird - medium,Dawn,0,0,0,140.0
1993-11-23,Texas,Take-off run,Medium,Unknown bird - medium,Dusk,0,0,0,140.0
1993-11-25,Florida,Landing Roll,Large,Unknown bird - large,Day,0,0,0,140.0
1993-11-27,Louisiana,Climb,Medium,Unknown bird - medium,Night,0,0,0,180.0
1993-11-29,Maryland,Climb,Medium,Unknown bird - medium,Day,0,0,0,140.0
1993-11-29,Tennessee,Take-off run,Small,European starling,Day,0,0,0,140.0
1993-11-30,Ohio,Take-off run,Small,Unknown bird - small,Night,0,0,0,115.0
1993-11-30,Pennsylvania,Approach,Small,Unknown bird - small,Night,0,0,0,180.0
1993-12-01,California,Landing Roll,Medium,Unknown bird - medium,Day,0,0,0,140.0
1993-12-01,Texas,Landing Roll,Small,Unknown bird - small,Dusk,0,0,0,110.0
1993-12-04,DC,Approach,Medium,Ring-billed gull,Night,0,0,0,140.0
1993-12-08,Texas,Landing Roll,Small,Unknown bird - small,Day,0,0,0,120.0
1993-12-12,Pennsylvania,Climb,Medium,Unknown bird - medium,Night,0,0,0,190.0
1993-12-12,California,Approach,Medium,Unknown bird - medium,Night,0,0,0,120.0
1993-12-12,California,Climb,Small,Unknown bird - small,Day,0,0,0,150.0
1993-12-14,California,Approach,Medium,Unknown bird - medium,Night,0,0,0,130.0
1993-12-15,Louisiana,Climb,Medium,Unknown bird - medium,Dawn,0,0,0,140.0
1993-12-15,Texas,Approach,Medium,Unknown bird - medium,Day,0,0,0,140.0
1993-12-17,South Carolina,Approach,Large,Turkey vulture,Day,32143,48215,80358,180.0
1993-12-18,Texas,Climb,Medium,Unknown bird - medium,Night,0,0,0,300.0
1993-12-19,Texas,Approach,Medium,Unknown bird - medium,Dawn,0,0,0,140.0
1993-12-22,DC,Approach,Large,Unknown bird - large,Night,0,0,0,140.0
1993-12-29,DC,Climb,Small,European starling,Day,0,0,0,130.0
1993-12-29,Texas,Landing Roll,Small,Mourning dove,Day,0,0,0,120.0
1993-12-31,DC,Approach,Large,Canada goose,Night,0,0,0,125.0
1994-01-01,Tennessee,Approach,Small,Unknown bird - small,Day,0,0,0,135.0
1994-01-01,Florida,Approach,Small,Unknown bird - small,Night,0,0,0,170.0
1994-01-02,Missouri,Approach,Medium,Unknown bird - medium,Day,0,0,0,170.0
1994-01-02,DC,Approach,Medium,Ring-billed gull,Day,0,0,0,135.0
1994-01-04,Illinois,Climb,Medium,Unknown bird - medium,Night,0,0,0,200.0
1994-01-04,Washington,Climb,Medium,Unknown bird - medium,Night,0,0,0,140.0
1994-01-04,Louisiana,Approach,Small,Killdeer,Day,0,0,0,140.0
1994-01-04,Hawaii,Take-off run,Small,Unknown bird - small,Day,0,0,0,120.0
1994-01-09,Massachusetts,Climb,Medium,Unknown bird - medium,Dusk,0,0,0,140.0
1994-01-10,Texas,Approach,Small,Unknown bird - small,Day,0,0,0,125.0
1994-01-14,Illinois,Approach,Large,Canada goose,Day,0,0,0,130.0
1994-01-15,Oklahoma,Take-off run,Small,Unknown bird - small,Day,0,0,0,130.0
1994-01-20,California,Climb,Medium,Mallard,Dawn,0,0,0,155.0
1994-01-20,DC,Approach,Medium,Unknown bird - medium,Day,0,0,0,140.0
1994-01-20,Texas,Take-off run,Medium,Unknown bird - medium,Day,0,0,0,140.0
1994-01-23,Georgia,Take-off run,Medium,Unknown bird - medium,Day,0,0,0,90.0
1994-01-24,Florida,Approach,Small,Unknown bird - small,Day,0,0,0,140.0
1994-01-24,Texas,Climb,Small,Unknown bird - small,Day,0,0,0,160.0
1994-01-25,Kentucky,Take-off run,Large,Unknown bird - large,Night,0,20350,20350,140.0
1994-01-26,Texas,Approach,Medium,Unknown bird - medium,Day,0,0,0,140.0
1994-01-27,Hawaii,Climb,Medium,Unknown bird - medium,Day,0,0,0,150.0
1994-01-29,California,Approach,Large,Unknown bird - large,Day,0,0,0,140.0
1994-01-29,California,Approach,Medium,Unknown bird - medium,Day,0,46961,46961,150.0
1994-02-02,Louisiana,Approach,Medium,American crow,Dawn,0,0,0,150.0
1994-02-02,Illinois,Approach,Small,Unknown bird - small,Day,0,0,0,140.0
1994-02-06,Utah,Climb,Medium,Unknown bird - medium,Day,0,0,0,300.0
1994-02-06,California,Approach,Small,Rock pigeon,Day,0,0,0,140.0
1994-02-06,Indiana,Landing Roll,Small,Killdeer,Day,0,0,0,140.0
1994-02-08,California,Approach,Large,Unknown bird - large,Night,0,0,0,140.0
1994-02-08,Louisiana,Approach,Medium,Unknown bird or bat,Day,0,0,0,180.0
1994-02-08,Texas,Take-off run,Medium,Unknown bird - medium,Day,0,0,0,140.0
1994-02-10,Florida,Approach,Medium,Unknown bird - medium,Day,0,0,0,140.0
1994-02-11,California,Landing Roll,Medium,Unknown bird - medium,Night,0,0,0,140.0
1994-02-12,New Jersey,Approach,Medium,Unknown bird - medium,Day,0,0,0,150.0
1994-02-14,DC,Climb,Small,Unknown bird - small,Day,0,0,0,140.0
1994-02-15,Utah,Approach,Large,Unknown bird - large,Night,0,0,0,140.0
1994-02-17,Tennessee,Approach,Small,Unknown bird - small,Dusk,0,0,0,125.0
1994-02-18,Illinois,Approach,Large,Coyote,Night,0,0,0,140.0
1994-02-18,California,Landing Roll,Medium,Unknown bird - medium,Day,0,0,0,120.0
1994-02-18,DC,Approach,Medium,Ring-billed gull,Dusk,0,0,0,135.0
1994-02-20,Tennessee,Approach,Small,Unknown bird - small,Dusk,0,0,0,112.0
1994-02-24,Louisiana,Take-off run,Medium,Unknown bird or bat,Night,0,0,0,152.0
1994-02-25,Oregon,Approach,Large,Unknown bird - large,Day,0,0,0,170.0
1994-02-27,Tennessee,Climb,Small,European starling,Day,0,0,0,160.0
1994-02-28,California,Approach,Medium,Unknown bird - medium,Night,0,0,0,140.0
1994-02-28,Louisiana,Approach,Medium,Unknown bird or bat,Night,0,0,0,180.0
1994-02-28,Illinois,Approach,Small,Unknown bird - small,Day,0,0,0,150.0
1994-02-28,Tennessee,Approach,Small,Unknown bird - small,Dusk,0,0,0,130.0
1994-03-02,California,Landing Roll,Medium,Unknown bird - medium,Day,0,0,0,140.0
1994-03-03,Florida,Approach,Medium,Unknown bird - medium,Night,0,0,0,140.0
1994-03-04,DC,Approach,Medium,Red-tailed hawk,Day,0,0,0,125.0
1994-03-04,Louisiana,Approach,Medium,Unknown bird or bat,Night,0,0,0,145.0
1994-03-04,Ohio,Landing Roll,Small,American kestrel,Day,0,0,0,140.0
1994-03-04,California,Take-off run,Small,Unknown bird - small,Day,0,0,0,140.0
1994-03-05,Oregon,Landing Roll,Medium,Unknown bird - medium,Night,0,0,0,140.0
1994-03-08,Florida,Approach,Medium,Unknown bird - medium,Day,0,0,0,140.0
1994-03-08,Massachusetts,Climb,Medium,Unknown bird - medium,Night,0,0,0,140.0
1994-03-09,North Carolina,Approach,Small,Unknown bird - small,Day,0,0,0,150.0
1994-03-09,Indiana,Climb,Small,Unknown bird - small,Dusk,0,0,0,220.0
1994-03-12,Illinois,Take-off run,Small,Unknown bird - small,Day,0,0,0,120.0
1994-03-13,Texas,Climb,Medium,Unknown bird - medium,Day,0,0,0,140.0
1994-03-13,Georgia,Approach,Small,Unknown bird - small,Day,0,0,0,140.0
1994-03-15,California,Approach,Medium,Unknown bird - medium,Day,0,0,0,185.0
1994-03-15,Louisiana,Approach,Medium,Unknown bird or bat,Night,0,0,0,160.0
1994-03-15,Texas,Climb,Small,Unknown bird - small,Dawn,0,0,0,160.0
1994-03-16,Texas,Take-off run,Medium,Unknown bird - medium,Day,0,0,0,140.0
1994-03-18,Oregon,Approach,Medium,Unknown bird - medium,Dawn,0,0,0,140.0
1994-03-18,California,Landing Roll,Medium,Unknown bird - medium,Day,0,0,0,140.0
1994-03-18,South Carolina,Approach,Medium,Unknown bird or bat,Day,0,0,0,200.0
1994-03-18,North Carolina,Approach,Small,Unknown bird - small,Day,0,0,0,135.0
1994-03-18,Texas,Approach,Small,Unknown bird - small,Day,0,0,0,145.0
1994-03-19,Texas,Approach,Small,Unknown bird - small,Night,0,0,0,190.0
1994-03-20,Indiana,Approach,Small,Unknown bird - small,Night,0,0,0,140.0
1994-03-21,Oregon,Approach,Medium,Unknown bird - medium,Day,0,0,0,140.0
1994-03-22,Texas,Descent,Large,Unknown bird - large,Night,0,0,0,250.0
1994-03-22,Kentucky,Approach,Small,Unknown bird - small,Day,0,0,0,150.0
1994-03-23,Illinois,Take-off run,Large,Canada goose,Day,0,0,0,100.0
1994-03-23,California,Approach,Large,Canada goose,Night,0,0,0,140.0
1994-03-24,Texas,Landing Roll,Small,American robin,Day,0,0,0,100.0
1994-03-26,California,Climb,Medium,Unknown bird - medium,Day,0,0,0,150.0
1994-03-28,DC,Approach,Small,European starling,Dusk,0,0,0,140.0
1994-03-29,California,Climb,Medium,Mallard,Day,0,0,0,150.0
1994-03-29,DC,Approach,Medium,Unknown bird - medium,Night,0,0,0,138.0
1994-03-30,DC,Descent,Medium,Unknown bird - medium,Night,0,0,0,270.0
1994-03-31,Hawaii,Approach,Small,Zebra dove,Day,0,0,0,200.0
1994-04-01,Kentucky,Landing Roll,Medium,Unknown bird - medium,Day,0,0,0,140.0
1994-04-01,Illinois,Climb,Medium,Unknown bird - medium,Night,0,0,0,200.0
1994-04-02,DC,Approach,Medium,Unknown bird - medium,Day,0,0,0,130.0
1994-04-03,Georgia,Landing Roll,Small,Unknown bird - small,Day,0,0,0,120.0
1994-04-03,California,Take-off run,Small,Unknown bird - small,Day,0,0,0,140.0
1994-04-04,New York,Take-off run,Medium,Herring gull,Day,0,0,0,120.0
1994-04-07,Illinois,Take-off run,Small,Unknown bird - small,Day,0,0,0,90.0
1994-04-08,Texas,Approach,Medium,Unknown bird - medium,Dusk,0,0,0,220.0
1994-04-09,New York,Approach,Large,Canada goose,Day,0,0,0,140.0
1994-04-09,California,Climb,Medium,Mallard,Day,0,0,0,140.0
1994-04-09,Kentucky,Approach,Medium,Unknown bird - medium,Night,0,0,0,170.0
1994-04-09,California,Climb,Small,Unknown bird - small,Night,0,0,0,250.0
1994-04-11,New York,Descent,Medium,Unknown bird - medium,Night,0,0,0,140.0
1994-04-11,Ohio,Approach,Small,Eastern meadowlark,Day,0,0,0,130.0
1994-04-12,North Carolina,Approach,Large,Unknown bird - large,Day,0,0,0,145.0
1994-04-12,Pennsylvania,Climb,Medium,Unknown bird - medium,Night,0,0,0,210.0
1994-04-12,Oklahoma,Landing Roll,Small,Unknown bird - small,Day,0,0,0,135.0
1994-04-13,Illinois,Take-off run,Small,Unknown bird - small,Day,0,0,0,100.0
1994-04-14,Kentucky,Climb,Medium,Unknown bird - medium,Night,0,0,0,140.0
1994-04-15,Oregon,Landing Roll,Large,Canada goose,Day,0,0,0,140.0
1994-04-17,Oklahoma,Approach,Medium,Unknown bird - medium,Night,0,0,0,195.0
1994-04-17,Illinois,Landing Roll,Small,Unknown bird - small,Day,0,0,0,140.0
1994-04-18,Illinois,Landing Roll,Medium,Unknown bird - medium,Day,0,0,0,140.0
1994-04-18,Texas,Climb,Small,Unknown bird - small,Dusk,0,0,0,200.0
1994-04-21,Louisiana,Approach,Medium,Unknown bird or bat,Night,0,0,0,170.0
1994-04-21,Illinois,Take-off run,Small,Rock pigeon,Day,0,0,0,130.0
1994-04-22,New York,Landing Roll,Medium,Herring gull,Day,0,0,0,100.0
1994-04-22,Louisiana,Approach,Medium,Unknown bird or bat,Day,0,0,0,140.0
1994-04-22,South Carolina,Approach,Medium,Red-tailed hawk,Day,0,0,0,130.0
1994-04-23,Illinois,Climb,Large,Canada goose,Day,0,0,0,170.0
1994-04-23,Pennsylvania,Approach,Large,Unknown bird - large,Day,0,0,0,160.0
1994-04-23,South Carolina,Take-off run,Medium,Unknown bird or bat,Dusk,0,0,0,119.0
1994-04-25,Georgia,Climb,Large,Unknown bird - large,Day,0,0,0,140.0
1994-04-25,Pennsylvania,Climb,Medium,Unknown bird - medium,Night,0,0,0,200.0
1994-04-26,DC,Approach,Medium,Unknown bird - medium,Night,0,0,0,130.0
1994-04-26,Florida,Approach,Medium,Unknown bird - medium,Night,0,0,0,140.0
1994-04-26,Louisiana,Approach,Medium,Unknown bird or bat,Night,0,0,0,170.0
1994-04-27,Illinois,Landing Roll,Small,Unknown bird - small,Day,0,0,0,60.0
1994-04-28,Louisiana,Climb,Small,Unknown bird - small,Day,0,0,0,140.0
1994-04-29,New Jersey,Approach,Large,Canada goose,Day,0,0,0,132.0
1994-04-29,Louisiana,Approach,Medium,Unknown bird or bat,Day,0,0,0,165.0
1994-04-29,Arizona,Climb,Medium,Unknown bird - medium,Day,0,0,0,230.0
1994-04-29,Pennsylvania,Descent,Medium,Unknown bird - medium,Night,0,0,0,250.0
1994-04-29,California,Landing Roll,Small,Unknown bird - small,Day,0,0,0,125.0
1994-04-29,Texas,Descent,Small,Unknown bird - small,Night,0,0,0,230.0
1994-04-30,New York,Approach,Small,Unknown bird - small,Day,0,0,0,180.0
1994-04-30,Tennessee,Climb,Small,Unknown bird - small,Dusk,0,0,0,140.0
1994-05-01,New York,Climb,Medium,Unknown bird - medium,Night,0,0,0,140.0
1994-05-01,New York,Approach,Small,Unknown bird - small,Night,0,0,0,125.0
1994-05-02,Kentucky,Landing Roll,Small,European starling,Day,0,0,0,140.0
1994-05-04,Texas,Climb,Medium,Unknown bird - medium,Day,0,0,0,160.0
1994-05-04,Louisiana,Approach,Medium,Unknown bird or bat,Night,0,0,0,150.0
1994-05-04,Louisiana,Approach,Medium,Unknown bird or bat,Night,0,0,0,160.0
1994-05-05,New Jersey,Approach,Medium,Mallard,Night,0,0,0,80.0
1994-05-05,Louisiana,Approach,Medium,Unknown bird or bat,Night,0,0,0,175.0
1994-05-05,Texas,Climb,Medium,Unknown bird - medium,Night,0,0,0,160.0
1994-05-06,New Jersey,Approach,Medium,Unknown bird - medium,Day,0,0,0,140.0
1994-05-06,Texas,Approach,Medium,Unknown bird - medium,Night,0,0,0,180.0
1994-05-06,Texas,Approach,Small,Unknown bird - small,Night,0,0,0,200.0
1994-05-07,Texas,Landing Roll,Small,Unknown bird - small,Day,0,0,0,140.0
1994-05-08,Missouri,Approach,Medium,Unknown bird - medium,Night,0,0,0,140.0
1994-05-09,Nebraska,Climb,Medium,Unknown bird - medium,Dawn,0,0,0,150.0
1994-05-09,New Jersey,Approach,Medium,Unknown bird - medium,Night,0,0,0,180.0
1994-05-09,Texas,Approach,Small,Unknown bird - small,Night,0,0,0,130.0
1994-05-09,Texas,Approach,Small,Unknown bird - small,Night,0,0,0,250.0
1994-05-10,New Jersey,Climb,Medium,Unknown bird - medium,Day,0,14331,14331,180.0
1994-05-10,Louisiana,Take-off run,Medium,Unknown bird or bat,Day,0,0,0,150.0
1994-05-10,Louisiana,Approach,Medium,Unknown bird or bat,Night,0,0,0,135.0
1994-05-11,DC,Approach,Medium,Unknown bird - medium,Night,0,0,0,150.0
1994-05-11,Washington,Approach,Medium,Unknown bird - medium,Night,0,0,0,205.0
1994-05-11,Ohio,Descent,Medium,Unknown bird - medium,Night,0,0,0,200.0
1994-05-11,Texas,Approach,Small,Unknown bird - small,Day,0,0,0,134.0
1994-05-11,Texas,Approach,Small,Unknown bird - small,Day,0,0,0,180.0
1994-05-11,California,Take-off run,Small,Mourning dove,Night,0,0,0,140.0
1994-05-12,Texas,Approach,Medium,Unknown bird - medium,Dusk,0,0,0,210.0
1994-05-12,Texas,Descent,Medium,Mallard,Dusk,0,0,0,250.0
1994-05-12,Louisiana,Approach,Medium,Unknown bird or bat,Night,0,0,0,160.0
1994-05-12,Louisiana,Approach,Medium,Unknown bird or bat,Night,0,0,0,240.0
1994-05-14,Pennsylvania,Climb,Medium,Unknown bird - medium,Night,0,0,0,180.0
1994-05-15,Pennsylvania,Climb,Medium,Unknown bird - medium,Day,0,0,0,180.0
1994-05-15,New Jersey,Approach,Medium,Unknown bird - medium,Night,0,0,0,140.0
1994-05-15,California,Landing Roll,Small,Rock pigeon,Day,0,0,0,90.0
1994-05-15,New York,Landing Roll,Small,Unknown bird - small,Day,0,0,0,130.0
1994-05-15,New Jersey,Take-off run,Small,Unknown bird - small,Day,0,0,0,140.0
1994-05-16,Texas,Approach,Medium,Unknown bird - medium,Day,0,0,0,170.0
1994-05-17,Louisiana,Approach,Medium,Unknown bird or bat,Dusk,0,0,0,180.0
1994-05-17,Missouri,Climb,Medium,Unknown bird - medium,Night,0,0,0,140.0
1994-05-17,Texas,Approach,Small,Unknown bird - small,Dawn,0,0,0,190.0
1994-05-18,Texas,Approach,Medium,Unknown bird - medium,Day,0,0,0,140.0
1994-05-18,California,Approach,Small,Rock pigeon,Day,0,0,0,120.0
1994-05-19,New Jersey,Approach,Medium,Unknown bird - medium,Day,0,20439,20439,180.0
1994-05-19,New Jersey,Climb,Medium,Unknown bird or bat,Day,0,0,0,210.0
1994-05-19,Illinois,Approach,Medium,Unknown bird - medium,Night,0,0,0,210.0
1994-05-19,Texas,Climb,Small,Unknown bird - small,Day,0,0,0,140.0
1994-05-19,Tennessee,Take-off run,Small,Unknown bird - small,Dusk,0,0,0,125.0
1994-05-20,North Carolina,Approach,Small,European starling,Day,0,0,0,135.0
1994-05-21,Utah,Approach,Medium,Unknown bird - medium,Day,0,0,0,140.0
1994-05-22,Texas,Approach,Medium,Unknown bird - medium,Day,0,0,0,180.0
1994-05-22,Illinois,Take-off run,Medium,Mallard,Day,0,0,0,140.0
1994-05-23,Louisiana,Approach,Medium,Unknown bird or bat,Night,0,0,0,131.0
1994-05-23,California,Descent,Medium,Unknown bird - medium,Night,0,0,0,260.0
1994-05-24,Florida,Climb,Large,Turkey vulture,Day,0,0,0,170.0
1994-05-25,Louisiana,Climb,Medium,Unknown bird or bat,Day,0,0,0,140.0
1994-05-25,Texas,Landing Roll,Medium,Unknown bird - medium,Day,0,0,0,140.0
1994-05-25,Texas,Approach,Medium,Unknown bird - medium,Night,0,0,0,140.0
1994-05-26,Washington,Approach,Small,Unknown bird - small,Night,0,0,0,131.0
1994-05-27,DC,Approach,Medium,Unknown bird - medium,Day,0,0,0,160.0
1994-05-28,North Carolina,Climb,Medium,Unknown bird - medium,Day,0,0,0,145.0
1994-05-28,Illinois,Take-off run,Medium,Mallard,Day,0,0,0,135.0
1994-05-28,Texas,Approach,Small,Unknown bird - small,Day,0,0,0,140.0
1994-05-28,California,Climb,Small,Unknown bird - small,Day,0,0,0,165.0
1994-05-30,California,Approach,Small,Unknown bird - small,Night,0,0,0,140.0
1994-05-31,Arizona,Approach,Small,Unknown bird - small,Day,0,0,0,140.0
1994-06-01,Texas,Landing Roll,Medium,Unknown bird - medium,Day,0,0,0,140.0
1994-06-01,DC,Climb,Medium,Unknown bird - medium,Night,0,0,0,160.0
1994-06-04,California,Approach,Small,American robin,Day,0,0,0,135.0
1994-06-04,Texas,Approach,Small,Rock pigeon,Day,0,0,0,135.0
1994-06-05,Tennessee,Approach,Small,Unknown bird - small,Day,0,0,0,140.0
1994-06-05,Utah,Landing Roll,Small,Barn owl,Night,0,0,0,140.0
1994-06-07,North Carolina,Climb,Large,Unknown bird - large,Night,0,0,0,160.0
1994-06-07,DC,Approach,Medium,Unknown bird - medium,Dusk,0,0,0,140.0
1994-06-08,Texas,Approach,Small,Unknown bird - small,Night,0,0,0,125.0
1994-06-09,Texas,Take-off run,Medium,Unknown bird - medium,Day,0,0,0,140.0
1994-06-10,Utah,Approach,Medium,Unknown bird - medium,Day,0,0,0,140.0
1994-06-11,Louisiana,Take-off run,Small,European starling,Dusk,0,0,0,140.0
1994-06-12,Hawaii,Take-off run,Medium,Unknown bird or bat,Day,0,0,0,140.0
1994-06-12,Georgia,Approach,Medium,Unknown bird - medium,Night,0,0,0,180.0
1994-06-13,Louisiana,Approach,Medium,Unknown bird or bat,Night,0,0,0,140.0
1994-06-14,Pennsylvania,Climb,Medium,Unknown bird - medium,Day,0,0,0,160.0
1994-06-14,Texas,Approach,Small,Unknown bird - small,Day,0,0,0,220.0
1994-06-15,Pennsylvania,Take-off run,Medium,Unknown bird - medium,Day,0,0,0,140.0
1994-06-15,Kentucky,Climb,Small,European starling,Dawn,0,0,0,135.0
1994-06-16,Louisiana,Climb,Small,Unknown bird - small,Day,0,0,0,155.0
1994-06-16,Texas,Landing Roll,Small,Unknown bird - small,Day,0,0,0,130.0
1994-06-17,North Carolina,Approach,Small,Rock pigeon,Day,0,0,0,129.0
1994-06-18,Louisiana,Approach,Small,Rock pigeon,Day,0,0,0,130.0
1994-06-19,Tennessee,Climb,Small,Unknown bird - small,Day,0,0,0,140.0
1994-06-19,South Carolina,Landing Roll,Small,Unknown bird - small,Day,0,0,0,100.0
1994-06-19,Texas,Landing Roll,Small,Mourning dove,Day,0,0,0,100.0
1994-06-20,Pennsylvania,Landing Roll,Small,Rock pigeon,Day,0,0,0,100.0
1994-06-21,Tennessee,Approach,Medium,Unknown bird - medium,Night,0,0,0,145.0
1994-06-21,Texas,Climb,Small,Unknown bird - small,Day,0,0,0,145.0
1994-06-25,North Carolina,Approach,Medium,Unknown bird - medium,Day,0,0,0,130.0
1994-06-25,Kentucky,Climb,Small,Unknown bird - small,Dawn,0,0,0,145.0
1994-06-26,Pennsylvania,Approach,Large,Canada goose,Night,0,0,0,140.0
1994-06-26,Utah,Take-off run,Medium,Unknown bird - medium,Dawn,0,0,0,140.0
1994-06-27,Texas,Take-off run,Small,Eastern meadowlark,Day,0,0,0,110.0
1994-06-28,Kentucky,Climb,Small,European starling,Day,0,0,0,160.0
1994-06-28,Ohio,Take-off run,Small,Unknown bird - small,Day,0,0,0,140.0
1994-06-30,Kentucky,Take-off run,Medium,Unknown bird - medium,Day,0,0,0,140.0
1994-06-30,Louisiana,Approach,Small,European starling,Day,0,0,0,130.0
1994-06-30,DC,Take-off run,Small,Unknown bird - small,Day,0,0,0,320.0
1994-07-01,Texas,Approach,Small,Unknown bird - small,Day,0,0,0,250.0
1994-07-01,Illinois,Climb,Small,Mourning dove,Day,0,0,0,150.0
1994-07-01,Kentucky,Climb,Small,Unknown bird - small,Day,0,0,0,140.0
1994-07-03,New Jersey,Approach,Small,Rock pigeon,Day,0,0,0,150.0
1994-07-03,Illinois,Take-off run,Small,European starling,Day,0,0,0,140.0
1994-07-04,Texas,Landing Roll,Medium,Unknown bird - medium,Day,0,0,0,140.0
1994-07-04,Ohio,Climb,Small,Unknown bird - small,Day,0,0,0,150.0
1994-07-04,Illinois,Take-off run,Small,Horned lark,Day,0,0,0,140.0
1994-07-05,Kentucky,Take-off run,Small,Unknown bird - small,Day,0,0,0,140.0
1994-07-05,New Jersey,Take-off run,Small,Cliff swallow,Day,0,0,0,140.0
1994-07-06,Kentucky,Approach,Medium,Unknown bird - medium,Night,0,0,0,140.0
1994-07-06,Kentucky,Take-off run,Small,Unknown bird - small,Day,0,0,0,140.0
1994-07-07,Texas,Descent,Small,Unknown bird - small,Night,0,0,0,300.0
1994-07-08,California,Take-off run,Small,Unknown bird - small,Day,0,0,0,110.0
1994-07-09,North Carolina,Climb,Medium,Unknown bird - medium,Day,0,0,0,175.0
1994-07-12,Louisiana,Climb,Small,Laughing gull,Day,0,0,0,140.0
1994-07-14,Illinois,Take-off run,Medium,Unknown bird - medium,Day,0,0,0,100.0
1994-07-14,Ohio,Approach,Small,Unknown bird - small,Day,0,0,0,140.0
1994-07-15,Illinois,Approach,Large,Canada goose,Day,0,0,0,150.0
1994-07-15,California,Approach,Medium,Unknown bird - medium,Day,0,0,0,140.0
1994-07-15,DC,Take-off run,Medium,Unknown bird - medium,Day,0,0,0,140.0
1994-07-15,North Carolina,Take-off run,Medium,Unknown bird - medium,Day,0,0,0,140.0
1994-07-15,South Carolina,Take-off run,Medium,Unknown bird or bat,Day,0,0,0,140.0
1994-07-15,Nebraska,Descent,Medium,Unknown bird - medium,Night,0,0,0,200.0
1994-07-15,North Carolina,Climb,Small,Unknown bird - small,Day,0,0,0,150.0
1994-07-16,Kentucky,Landing Roll,Small,Unknown bird - small,Day,0,0,0,130.0
1994-07-16,Illinois,Approach,Small,Unknown bird - small,Dusk,0,0,0,140.0
1994-07-17,Louisiana,Approach,Medium,Unknown bird or bat,Day,0,0,0,155.0
1994-07-17,Texas,Landing Roll,Small,Unknown bird - small,Day,0,0,0,145.0
1994-07-18,Louisiana,Take-off run,Medium,Unknown bird or bat,Day,0,0,0,150.0
1994-07-18,Louisiana,Take-off run,Medium,Unknown bird or bat,Dusk,0,0,0,148.0
1994-07-18,Maryland,Approach,Medium,Unknown bird - medium,Night,0,0,0,135.0
1994-07-18,Missouri,Climb,Small,Unknown bird - small,Day,0,0,0,125.0
1994-07-18,California,Approach,Small,Unknown bird - small,Dusk,0,0,0,150.0
1994-07-19,South Carolina,Take-off run,Medium,Unknown bird or bat,Day,0,0,0,114.0
1994-07-19,New Jersey,Landing Roll,Small,Barn swallow,Day,0,0,0,80.0
1994-07-19,New Jersey,Parked,Small,Rock pigeon,Day,0,0,0,0.0
1994-07-20,Oklahoma,Take-off run,Small,Mourning dove,Day,0,0,0,140.0
1994-07-20,Nebraska,Approach,Small,European starling,Day,0,0,0,125.0
1994-07-21,Pennsylvania,Descent,Medium,Unknown bird - medium,Day,0,0,0,140.0
1994-07-21,Louisiana,Approach,Medium,Unknown bird or bat,Night,0,0,0,180.0
1994-07-22,Utah,Landing Roll,Medium,Unknown bird - medium,Day,0,0,0,140.0
1994-07-22,Pennsylvania,Take-off run,Small,Unknown bird - small,Day,0,0,0,175.0
1994-07-22,Texas,Landing Roll,Small,Unknown bird - small,Dusk,0,0,0,135.0
1994-07-23,New Jersey,Landing Roll,Small,Killdeer,Night,0,0,0,140.0
1994-07-24,Kentucky,Approach,Medium,Unknown bird - medium,Night,0,0,0,130.0
1994-07-25,Illinois,Take-off run,Small,Killdeer,Day,0,0,0,140.0
1994-07-26,Pennsylvania,Landing Roll,Large,Canada goose,Dusk,0,0,0,140.0
1994-07-26,Minnesota,Descent,Medium,Unknown bird - medium,Day,0,0,0,250.0
1994-07-26,Pennsylvania,Climb,Small,Unknown bird - small,Day,0,0,0,160.0
1994-07-26,Pennsylvania,Landing Roll,Small,Unknown bird - small,Day,0,0,0,90.0
1994-07-27,South Carolina,Take-off run,Medium,Unknown bird or bat,Dawn,0,0,0,116.0
1994-07-27,Louisiana,Approach,Medium,Unknown bird or bat,Day,0,0,0,148.0
1994-07-27,Louisiana,Climb,Medium,Unknown bird or bat,Day,0,0,0,290.0
1994-07-27,Texas,Landing Roll,Medium,Unknown bird - medium,Day,0,0,0,140.0
1994-07-27,Louisiana,Approach,Small,Barn swallow,Day,0,0,0,145.0
1994-07-27,Missouri,Approach,Small,Unknown bird - small,Day,0,0,0,144.0
1994-07-28,Texas,Take-off run,Medium,Unknown bird - medium,Day,0,0,0,140.0
1994-07-28,Oregon,Approach,Medium,Unknown bird - medium,Night,0,0,0,140.0
1994-07-28,Texas,Approach,Medium,Unknown bird - medium,Night,0,0,0,200.0
1994-07-29,Illinois,Approach,Large,Unknown bird - large,Day,0,0,0,140.0
1994-07-29,Louisiana,Approach,Medium,Unknown bird or bat,Day,0,0,0,170.0
1994-07-29,Texas,Approach,Medium,Unknown bird - medium,Day,0,0,0,140.0
1994-07-29,Illinois,Climb,Medium,Unknown bird - medium,Day,0,0,0,140.0
1994-07-29,Pennsylvania,Landing Roll,Small,Unknown bird - small,Day,0,0,0,140.0
1994-07-30,Pennsylvania,Landing Roll,Small,Unknown bird - small,Day,0,0,0,120.0
1994-07-31,DC,Climb,Medium,Unknown bird - medium,Day,0,0,0,170.0
1994-07-31,Kentucky,Landing Roll,Medium,Unknown bird - medium,Day,0,0,0,140.0
1994-08-01,Nebraska,Take-off run,Medium,Unknown bird - medium,Day,0,0,0,130.0
1994-08-01,Texas,Approach,Small,Unknown bird - small,Day,0,0,0,132.0
1994-08-01,California,Take-off run,Small,Unknown bird - small,Day,0,0,0,140.0
1994-08-01,Louisiana,Take-off run,Small,Rock pigeon,Day,0,0,0,140.0
1994-08-02,Illinois,Take-off run,Medium,Unknown bird - medium,Day,0,0,0,140.0
1994-08-02,Tennessee,Climb,Small,Unknown bird - small,Day,0,0,0,140.0
1994-08-03,Illinois,Take-off run,Large,Canada goose,Dusk,1565354,0,1565354,140.0
1994-08-03,Louisiana,Approach,Medium,Unknown bird or bat,Day,0,0,0,140.0
1994-08-03,Louisiana,Take-off run,Medium,Unknown bird or bat,Dusk,0,0,0,120.0
1994-08-03,Georgia,Approach,Small,Unknown bird - small,Day,0,0,0,135.0
1994-08-03,Pennsylvania,Landing Roll,Small,Unknown bird - small,Day,0,0,0,140.0
1994-08-04,Illinois,Take-off run,Large,Canada goose,Day,0,0,0,141.0
1994-08-04,Ohio,Landing Roll,Small,Unknown bird - small,Dawn,0,0,0,140.0
1994-08-04,Tennessee,Climb,Small,Unknown bird - small,Day,0,0,0,190.0
1994-08-04,Missouri,Landing Roll,Small,Unknown bird - small,Day,0,0,0,140.0
1994-08-04,Kentucky,Take-off run,Small,American robin,Day,0,0,0,120.0
1994-08-05,Missouri,Approach,Medium,Unknown bird - medium,Day,0,0,0,250.0
1994-08-05,Utah,Landing Roll,Medium,Unknown bird - medium,Day,0,0,0,140.0
1994-08-05,Texas,Take-off run,Medium,Unknown bird - medium,Day,0,0,0,110.0
1994-08-05,Texas,Approach,Small,Unknown bird - small,Day,0,0,0,140.0
1994-08-05,Tennessee,Climb,Small,Barn swallow,Day,0,0,0,180.0
1994-08-06,Texas,Take-off run,Medium,Unknown bird - medium,Day,0,0,0,140.0
1994-08-06,South Carolina,Approach,Medium,Unknown bird or bat,Dusk,0,0,0,200.0
1994-08-06,Kentucky,Take-off run,Small,Unknown bird - small,Day,0,0,0,140.0
1994-08-07,DC,Approach,Large,Unknown bird - large,Day,0,0,0,130.0
1994-08-07,New York,Approach,Small,Mourning dove,Day,0,0,0,110.0
1994-08-07,New Jersey,Landing Roll,Small,European starling,Day,0,0,0,140.0
1994-08-08,Utah,Take-off run,Medium,Unknown bird - medium,Day,0,0,0,140.0
1994-08-08,Illinois,Approach,Small,Unknown bird - small,Day,0,0,0,130.0
1994-08-09,Louisiana,Approach,Medium,Unknown bird or bat,Night,0,0,0,140.0
1994-08-09,Tennessee,Climb,Small,Unknown bird - small,Day,0,0,0,130.0
1994-08-10,Louisiana,Approach,Medium,Unknown bird or bat,Dawn,0,0,0,150.0
1994-08-10,Minnesota,Take-off run,Small,Unknown bird - small,Day,0,0,0,140.0
1994-08-11,Ohio,Landing Roll,Small,European starling,Dusk,0,0,0,135.0
1994-08-12,Illinois,Climb,Medium,Unknown bird - medium,Day,0,0,0,150.0
1994-08-12,South Carolina,Take-off run,Medium,Unknown bird or bat,Day,0,0,0,115.0
1994-08-12,Pennsylvania,Climb,Small,American robin,Day,0,0,0,155.0
1994-08-12,Louisiana,Take-off run,Small,American robin,Day,0,0,0,150.0
1994-08-13,Illinois,Take-off run,Medium,Unknown bird or bat,Day,0,0,0,110.0
1994-08-13,North Carolina,Approach,Small,Mourning dove,Day,0,0,0,140.0
1994-08-13,Indiana,Climb,Small,Unknown bird - small,Day,0,0,0,150.0
1994-08-13,Illinois,Landing Roll,Small,Unknown bird - small,Day,0,0,0,140.0
1994-08-14,Florida,Climb,Large,Unknown bird - large,Day,0,0,0,200.0
1994-08-14,Illinois,Take-off run,Medium,Unknown bird - medium,Day,0,0,0,121.0
1994-08-14,Missouri,Landing Roll,Medium,Unknown bird - medium,Night,0,0,0,135.0
1994-08-14,Illinois,Climb,Small,European starling,Day,0,0,0,170.0
1994-08-15,Washington,Landing Roll,Small,European starling,Day,0,0,0,135.0
1994-08-16,North Carolina,Climb,Medium,Unknown bird - medium,Day,0,0,0,120.0
1994-08-16,Kentucky,Approach,Small,Mourning dove,Day,0,0,0,120.0
1994-08-17,Missouri,Climb,Medium,Unknown bird - medium,Dawn,0,0,0,250.0
1994-08-18,DC,Approach,Small,Unknown bird - small,Night,0,0,0,127.0
1994-08-19,South Carolina,Approach,Medium,Unknown bird or bat,Day,0,0,0,160.0
1994-08-19,South Carolina,Take-off run,Medium,Unknown bird or bat,Day,0,0,0,100.0
1994-08-19,Texas,Take-off run,Medium,Unknown bird - medium,Day,0,0,0,130.0
1994-08-19,Indiana,Approach,Small,Rock pigeon,Day,0,0,0,140.0
1994-08-19,New York,Climb,Small,Laughing gull,Day,0,0,0,140.0
1994-08-19,Ohio,Landing Roll,Small,Mourning dove,Day,0,0,0,140.0
1994-08-20,Pennsylvania,Climb,Medium,Unknown bird - medium,Day,0,0,0,160.0
1994-08-20,Illinois,Approach,Small,Unknown bird - small,Day,0,0,0,170.0
1994-08-21,DC,Landing Roll,Large,Unknown bird - large,Night,0,0,0,140.0
1994-08-21,Indiana,Landing Roll,Medium,Unknown bird - medium,Day,0,0,0,32.0
1994-08-21,Oregon,Take-off run,Medium,Unknown bird - medium,Day,0,0,0,140.0
1994-08-21,South Carolina,Approach,Medium,Unknown bird or bat,Night,0,0,0,200.0
1994-08-22,Nebraska,Landing Roll,Large,Unknown bird - large,Day,0,0,0,110.0
1994-08-22,Maryland,Take-off run,Medium,Unknown bird - medium,Day,0,0,0,140.0
1994-08-22,Maryland,Take-off run,Small,Unknown bird - small,Day,0,0,0,140.0
1994-08-23,Illinois,Approach,Small,Unknown bird - small,Day,0,0,0,140.0
1994-08-24,Louisiana,Approach,Medium,Unknown bird or bat,Night,0,0,0,140.0
1994-08-24,Georgia,Approach,Small,Unknown bird - small,Day,0,0,0,135.0
1994-08-24,Illinois,Approach,Small,Unknown bird - small,Day,0,0,0,140.0
1994-08-25,Ohio,Approach,Medium,Unknown bird - medium,Day,0,0,0,120.0
1994-08-25,Texas,Approach,Medium,Unknown bird - medium,Day,0,0,0,140.0
1994-08-26,Nebraska,Approach,Small,Unknown bird - small,Day,0,0,0,145.0
1994-08-26,Texas,Approach,Small,Unknown bird - small,Day,0,0,0,250.0
1994-08-26,North Carolina,Landing Roll,Small,Unknown bird - small,Night,0,0,0,100.0
1994-08-27,Utah,Approach,Small,Unknown bird - small,Day,0,0,0,140.0
1994-08-27,Utah,Landing Roll,Small,Unknown bird - small,Day,0,0,0,140.0
1994-08-28,Illinois,Approach,Medium,Unknown bird - medium,Dusk,0,0,0,170.0
1994-08-28,DC,Approach,Medium,Unknown bird - medium,Night,0,0,0,160.0
1994-08-28,New Jersey,Take-off run,Small,American kestrel,Day,54787,195669,250456,140.0
1994-08-28,Georgia,Landing Roll,Small,Unknown bird - small,Night,0,0,0,100.0
1994-08-29,North Carolina,Approach,Medium,Unknown bird - medium,Day,0,0,0,170.0
1994-08-29,Missouri,Take-off run,Medium,Unknown bird - medium,Day,0,0,0,140.0
1994-08-29,South Carolina,Take-off run,Medium,Unknown bird or bat,Dusk,0,0,0,90.0
1994-08-29,Louisiana,Approach,Medium,Unknown bird or bat,Night,0,0,0,130.0
1994-08-29,Indiana,Approach,Small,Killdeer,Day,0,0,0,145.0
1994-08-29,Tennessee,Climb,Small,Unknown bird - small,Day,0,0,0,160.0
1994-08-30,Georgia,Approach,Small,European starling,Day,0,0,0,130.0
1994-08-30,Maryland,Approach,Small,Unknown bird - small,Day,0,0,0,140.0
1994-08-31,Kentucky,Landing Roll,Large,Canada goose,Day,0,0,0,110.0
1994-08-31,Tennessee,Take-off run,Medium,Unknown bird - medium,Day,0,0,0,95.0
1994-08-31,Tennessee,Approach,Small,Unknown bird - small,Day,0,0,0,130.0
1994-09-01,Kentucky,Landing Roll,Large,Canada goose,Day,0,0,0,90.0
1994-09-01,California,Take-off run,Medium,Unknown bird - medium,Day,0,0,0,150.0
1994-09-01,Texas,Descent,Medium,Unknown bird - medium,Night,0,0,0,250.0
1994-09-01,Kentucky,Approach,Small,Unknown bird - small,Day,0,0,0,100.0
1994-09-02,Kentucky,Take-off run,Medium,Unknown bird - medium,Day,0,0,0,140.0
1994-09-02,Maryland,Take-off run,Medium,Unknown bird - medium,Night,0,0,0,140.0
1994-09-02,Nebraska,Approach,Small,Unknown bird - small,Day,0,0,0,140.0
1994-09-03,Kentucky,Climb,Medium,Unknown bird - medium,Night,0,0,0,250.0
1994-09-03,Texas,Climb,Small,Unknown bird - small,Dawn,0,0,0,140.0
1994-09-03,Kentucky,Take-off run,Small,European starling,Day,0,0,0,140.0
1994-09-04,Tennessee,Approach,Small,Unknown bird - small,Dusk,0,0,0,120.0
1994-09-05,Texas,Approach,Small,Unknown bird - small,Day,0,0,0,128.0
1994-09-05,DC,Descent,Small,Unknown bird - small,Day,0,0,0,230.0
1994-09-06,Louisiana,Climb,Medium,Unknown bird or bat,Night,0,0,0,160.0
1994-09-06,Illinois,Climb,Small,Unknown bird - small,Day,0,0,0,155.0
1994-09-06,Tennessee,Take-off run,Small,Unknown bird - small,Day,0,0,0,145.0
1994-09-06,Utah,Take-off run,Small,Unknown bird - small,Day,0,0,0,150.0
1994-09-06,Tennessee,Approach,Small,Mourning dove,Dusk,0,0,0,200.0
1994-09-06,Texas,Climb,Small,Mourning dove,Dusk,0,0,0,160.0
1994-09-06,Illinois,Approach,Small,Unknown bird - small,Night,0,0,0,180.0
1994-09-07,DC,Approach,Small,Unknown bird - small,Night,0,0,0,190.0
1994-09-08,Louisiana,Approach,Medium,Unknown bird or bat,Night,0,0,0,130.0
1994-09-08,Kentucky,Approach,Small,Unknown bird - small,Day,0,0,0,140.0
1994-09-08,Maryland,Climb,Small,Unknown bird - small,Day,0,0,0,250.0
1994-09-08,Texas,Climb,Small,Unknown bird - small,Day,0,0,0,150.0
1994-09-09,Pennsylvania,Climb,Medium,Unknown bird - medium,Night,0,0,0,190.0
1994-09-09,Illinois,Approach,Small,Unknown bird - small,Day,0,0,0,140.0
1994-09-09,Texas,Approach,Small,Unknown bird - small,Day,0,0,0,140.0
1994-09-09,Texas,Approach,Small,Unknown bird - small,Day,0,0,0,180.0
1994-09-09,Pennsylvania,Landing Roll,Small,Unknown bird - small,Day,0,0,0,120.0
1994-09-10,Texas,Approach,Medium,Unknown bird - medium,Day,0,0,0,140.0
1994-09-10,Kentucky,Approach,Small,Unknown bird - small,Night,0,0,0,180.0
1994-09-11,South Carolina,Approach,Medium,Unknown bird or bat,Day,0,0,0,140.0
1994-09-11,South Carolina,Take-off run,Medium,Unknown bird or bat,Day,0,0,0,100.0
1994-09-11,Utah,Landing Roll,Medium,Unknown bird - medium,Dusk,0,0,0,140.0
1994-09-11,New York,Take-off run,Small,Rock pigeon,Day,0,0,0,100.0
1994-09-11,Kentucky,Climb,Small,Mourning dove,Dusk,0,0,0,170.0
1994-09-12,Nebraska,Landing Roll,Medium,Unknown bird - medium,Night,0,0,0,120.0
1994-09-12,New Jersey,Approach,Small,Unknown bird - small,Day,0,0,0,180.0
1994-09-13,Utah,Landing Roll,Medium,Unknown bird - medium,Day,0,0,0,140.0
1994-09-13,Kentucky,Approach,Medium,Unknown bird - medium,Night,0,0,0,110.0
1994-09-13,Pennsylvania,Approach,Medium,Unknown bird - medium,Night,0,0,0,170.0
1994-09-13,North Carolina,Take-off run,Small,Mourning dove,Day,0,0,0,100.0
1994-09-13,Kentucky,Take-off run,Small,Unknown bird - small,Night,0,0,0,140.0
1994-09-14,California,Take-off run,Medium,Unknown bird - medium,Day,0,0,0,150.0
1994-09-14,New York,Approach,Medium,Unknown bird - medium,Night,0,0,0,210.0
1994-09-14,Pennsylvania,Take-off run,Small,Unknown bird - small,Dusk,0,0,0,134.0
1994-09-14,Illinois,Approach,Small,Unknown bird - small,Night,0,0,0,180.0
1994-09-15,New York,Climb,Medium,Unknown bird - medium,Dusk,0,0,0,250.0
1994-09-16,Louisiana,Landing Roll,Medium,Unknown bird - medium,Day,0,0,0,140.0
1994-09-16,Massachusetts,Take-off run,Medium,Unknown bird - medium,Day,0,0,0,140.0
1994-09-16,Louisiana,Approach,Small,Unknown bird - small,Day,0,0,0,135.0
1994-09-16,Nebraska,Climb,Small,Unknown bird - small,Day,0,0,0,200.0
1994-09-17,Missouri,Approach,Large,Unknown bird - large,Day,0,0,0,145.0
1994-09-17,Ohio,Approach,Medium,Unknown bird - medium,Day,0,0,0,150.0
1994-09-17,Texas,Approach,Medium,Unknown bird - medium,Night,0,0,0,210.0
1994-09-18,New Jersey,Take-off run,Medium,Unknown bird - medium,Day,0,0,0,100.0
1994-09-18,Kentucky,Landing Roll,Medium,Unknown bird - medium,Dusk,0,0,0,120.0
1994-09-18,Pennsylvania,Approach,Medium,Unknown bird - medium,Night,0,0,0,230.0
1994-09-18,Texas,Descent,Medium,Unknown bird - medium,Night,0,0,0,240.0
1994-09-19,Florida,Landing Roll,Medium,Unknown bird - medium,Day,0,0,0,130.0
1994-09-19,Missouri,Climb,Small,Unknown bird - small,Day,0,0,0,180.0
1994-09-20,Illinois,Approach,Medium,Unknown bird - medium,Night,0,0,0,200.0
1994-09-20,Washington,Climb,Small,Unknown bird - small,Dusk,313,0,313,170.0
1994-09-20,Pennsylvania,Descent,Small,Unknown bird - small,Night,0,0,0,250.0
1994-09-21,Illinois,Landing Roll,Large,Great blue heron,Day,0,0,0,100.0
1994-09-21,DC,Approach,Medium,Unknown bird - medium,Night,0,0,0,140.0
1994-09-21,Massachusetts,Approach,Small,Unknown bird - small,Night,0,0,0,140.0
1994-09-22,Hawaii,Take-off run,Medium,Unknown bird - medium,Dawn,0,0,0,140.0
1994-09-22,Texas,Approach,Medium,Unknown bird - medium,Dusk,0,0,0,140.0
1994-09-22,California,Approach,Medium,Unknown bird - medium,Night,0,0,0,230.0
1994-09-22,Louisiana,Approach,Medium,Unknown bird or bat,Night,0,0,0,200.0
1994-09-22,South Carolina,Approach,Medium,Unknown bird or bat,Night,0,0,0,128.0
1994-09-22,New York,Landing Roll,Small,Mourning dove,Day,0,0,0,140.0
1994-09-23,Texas,Landing Roll,Medium,Unknown bird - medium,Day,0,0,0,140.0
1994-09-23,Kentucky,Landing Roll,Medium,Unknown bird - medium,Night,0,0,0,100.0
1994-09-23,Hawaii,Take-off run,Small,Pacific golden-plover,Day,0,0,0,140.0
1994-09-24,South Carolina,Approach,Medium,Unknown bird or bat,Night,0,0,0,122.0
1994-09-24,Missouri,Approach,Small,Unknown bird - small,Day,0,0,0,138.0
1994-09-25,Hawaii,Climb,Medium,Unknown bird - medium,Day,0,0,0,150.0
1994-09-25,Nebraska,Approach,Small,Unknown bird - small,Night,0,0,0,240.0
1994-09-25,Nebraska,Approach,Small,Unknown bird - small,Night,0,0,0,70.0
1994-09-26,Missouri,Approach,Medium,Unknown bird - medium,Day,0,0,0,140.0
1994-09-26,California,Climb,Medium,Unknown bird - medium,Night,0,0,0,140.0
1994-09-26,Kentucky,Approach,Small,European starling,Day,0,0,0,140.0
1994-09-26,Illinois,Landing Roll,Small,European starling,Day,0,0,0,120.0
1994-09-27,Louisiana,Approach,Medium,Unknown bird or bat,Day,0,0,0,145.0
1994-09-27,Missouri,Approach,Medium,Unknown bird - medium,Day,0,0,0,190.0
1994-09-27,Kentucky,Climb,Small,Unknown bird - small,Day,0,0,0,160.0
1994-09-27,Kentucky,Landing Roll,Small,Unknown bird - small,Day,0,0,0,140.0
1994-09-27,Kentucky,Landing Roll,Small,Unknown bird - small,Day,0,0,0,120.0
1994-09-28,Illinois,Climb,Medium,Red-tailed hawk,Day,0,0,0,140.0
1994-09-28,North Carolina,Approach,Small,Unknown bird - small,Day,0,0,0,130.0
1994-09-28,Tennessee,Climb,Small,Unknown bird - small,Day,0,0,0,200.0
1994-09-28,Illinois,Take-off run,Small,Unknown bird - small,Day,0,0,0,100.0
1994-09-28,Tennessee,Approach,Small,Unknown bird - small,Dusk,0,0,0,127.0
1994-09-28,California,Approach,Small,Unknown bird - small,Night,0,0,0,180.0
1994-09-29,New York,Approach,Medium,Unknown bird - medium,Dusk,0,0,0,140.0
1994-09-29,Tennessee,Climb,Small,Unknown bird - small,Day,0,0,0,170.0
1994-09-29,DC,Approach,Small,Unknown bird - small,Night,0,0,0,170.0
1994-09-30,Pennsylvania,Climb,Medium,Unknown bird - medium,Night,0,0,0,140.0
1994-10-01,Hawaii,Take-off run,Small,Pacific golden-plover,Day,0,0,0,122.0
1994-10-01,North Carolina,Approach,Small,Unknown bird - small,Night,0,0,0,135.0
1994-10-02,Texas,Approach,Medium,Unknown bird - medium,Dusk,0,0,0,140.0
1994-10-02,New York,Approach,Small,Unknown bird - small,Dusk,0,0,0,115.0
1994-10-02,New York,Approach,Small,Unknown bird - small,Night,0,0,0,131.0
1994-10-03,California,Climb,Small,Unknown bird - small,Day,0,0,0,160.0
1994-10-03,Texas,Climb,Small,Unknown bird - small,Night,0,0,0,250.0
1994-10-04,Massachusetts,Climb,Medium,Unknown bird - medium,Night,0,0,0,130.0
1994-10-04,Georgia,Climb,Small,Unknown bird - small,Day,0,0,0,180.0
1994-10-04,Nebraska,Landing Roll,Small,Unknown bird - small,Day,0,0,0,100.0
1994-10-04,Pennsylvania,Approach,Small,Unknown bird - small,Night,0,0,0,140.0
1994-10-05,New York,Climb,Large,Canada goose,Day,0,0,0,200.0
1994-10-05,Louisiana,Landing Roll,Medium,Unknown bird - medium,Day,0,0,0,140.0
1994-10-05,South Carolina,Approach,Medium,Unknown bird or bat,Night,0,0,0,190.0
1994-10-05,Texas,Landing Roll,Medium,Unknown bird - medium,Night,0,0,0,140.0
1994-10-05,Texas,Landing Roll,Small,Unknown bird - small,Day,0,0,0,129.0
1994-10-05,Texas,Approach,Small,Unknown bird - small,Night,0,0,0,140.0
1994-10-06,Louisiana,Landing Roll,Small,Cattle egret,Day,0,0,0,135.0
1994-10-07,Texas,Landing Roll,Medium,Unknown bird - medium,Day,0,0,0,140.0
1994-10-07,New Jersey,Landing Roll,Small,American kestrel,Day,0,0,0,140.0
1994-10-08,Utah,Approach,Medium,Unknown bird - medium,Day,0,0,0,140.0
1994-10-08,Florida,Climb,Medium,Red-tailed hawk,Day,0,0,0,140.0
1994-10-08,Utah,Approach,Medium,Unknown bird - medium,Dusk,0,0,0,140.0
1994-10-08,Texas,Approach,Small,Unknown bird - small,Night,0,0,0,250.0
1994-10-09,California,Take-off run,Small,Unknown bird - small,Day,0,0,0,160.0
1994-10-10,North Carolina,Approach,Large,Unknown bird - large,Night,0,0,0,200.0
1994-10-10,Georgia,Approach,Medium,Unknown bird - medium,Night,0,0,0,140.0
1994-10-10,New Jersey,Approach,Medium,Unknown bird - medium,Night,0,0,0,140.0
1994-10-10,South Carolina,Approach,Medium,Unknown bird or bat,Night,0,0,0,160.0
1994-10-10,Tennessee,Climb,Medium,Unknown bird - medium,Night,0,0,0,170.0
1994-10-10,Georgia,Landing Roll,Small,Unknown bird - small,Dawn,0,0,0,100.0
1994-10-10,Texas,Approach,Small,Unknown bird - small,Day,0,0,0,140.0
1994-10-10,New York,Climb,Small,Unknown bird - small,Day,0,0,0,140.0
1994-10-10,Massachusetts,Take-off run,Small,Unknown bird - small,Day,0,0,0,110.0
1994-10-11,New Jersey,Approach,Medium,Unknown bird - medium,Night,0,0,0,130.0
1994-10-13,New Jersey,Approach,Medium,Unknown bird - medium,Night,0,0,0,250.0
1994-10-13,Louisiana,Take-off run,Small,Unknown bird - small,Day,0,0,0,140.0
1994-10-14,New York,Approach,Medium,Unknown bird - medium,Night,0,0,0,180.0
1994-10-14,Kentucky,Approach,Small,European starling,Day,0,0,0,130.0
1994-10-15,South Carolina,Approach,Medium,Unknown bird or bat,Day,0,0,0,127.0
1994-10-16,DC,Landing Roll,Large,Canada goose,Day,0,0,0,140.0
1994-10-16,North Carolina,Take-off run,Medium,Unknown bird - medium,Night,0,0,0,90.0
1994-10-16,South Carolina,Approach,Medium,Unknown bird or bat,Night,0,0,0,140.0
1994-10-16,Georgia,Climb,Medium,Unknown bird - medium,Night,0,0,0,225.0
1994-10-17,Texas,Approach,Medium,Unknown bird - medium,Night,0,0,0,160.0
1994-10-18,Pennsylvania,Approach,Large,Unknown bird - large,Day,0,0,0,140.0
1994-10-18,Illinois,Take-off run,Medium,Unknown bird - medium,Night,0,0,0,120.0
1994-10-18,Kentucky,Take-off run,Small,Unknown bird - small,Day,0,0,0,140.0
1994-10-19,Illinois,Approach,Medium,Unknown bird - medium,Day,0,0,0,140.0
1994-10-20,Georgia,Approach,Medium,Unknown bird - medium,Day,0,0,0,180.0
1994-10-20,Texas,Approach,Small,Unknown bird - small,Day,0,0,0,140.0
1994-10-20,North Carolina,Climb,Small,Unknown bird - small,Dusk,0,0,0,180.0
1994-10-21,Texas,Landing Roll,Medium,Unknown bird - medium,Day,0,0,0,140.0
1994-10-21,Pennsylvania,Climb,Small,European starling,Day,0,0,0,100.0
1994-10-21,North Carolina,Landing Roll,Small,Unknown bird - small,Dusk,0,0,0,100.0
1994-10-21,Illinois,Approach,Small,Unknown bird - small,Night,0,0,0,140.0
1994-10-21,Texas,Climb,Small,Unknown bird - small,Night,0,0,0,210.0
1994-10-22,California,Descent,Medium,Unknown bird - medium,Dawn,0,0,0,250.0
1994-10-22,Utah,Approach,Medium,Unknown bird - medium,Dusk,0,0,0,140.0
1994-10-22,Minnesota,Approach,Small,Unknown bird - small,Night,0,0,0,170.0
1994-10-22,Texas,Approach,Small,Unknown bird - small,Night,0,0,0,140.0
1994-10-23,Oklahoma,Take-off run,Large,White-tailed deer,Dusk,0,0,0,140.0
1994-10-23,Pennsylvania,Approach,Medium,Unknown bird - medium,Night,0,0,0,120.0
1994-10-23,Illinois,Approach,Small,Unknown bird - small,Day,0,0,0,140.0
1994-10-23,California,Landing Roll,Small,European starling,Day,0,0,0,140.0
1994-10-23,Tennessee,Take-off run,Small,Unknown bird - small,Day,0,0,0,100.0
1994-10-23,Georgia,Approach,Small,Unknown bird - small,Night,0,0,0,170.0
1994-10-24,Oregon,Take-off run,Small,Rock pigeon,Day,0,0,0,140.0
1994-10-25,Louisiana,Climb,Large,Unknown bird - large,Day,0,0,0,165.0
1994-10-25,DC,Approach,Small,Unknown bird - small,Night,0,0,0,180.0
1994-10-25,Texas,Climb,Small,Unknown bird - small,Night,0,0,0,160.0
1994-10-26,Illinois,Descent,Large,Unknown bird - large,Night,0,0,0,250.0
1994-10-27,Texas,Climb,Medium,Unknown bird - medium,Dawn,0,0,0,230.0
1994-10-27,South Carolina,Take-off run,Medium,Unknown bird or bat,Dawn,0,0,0,125.0
1994-10-27,California,Climb,Medium,Unknown bird - medium,Night,0,0,0,230.0
1994-10-27,Massachusetts,Landing Roll,Small,Unknown bird - small,Day,0,0,0,100.0
1994-10-27,Maryland,Take-off run,Small,Rock pigeon,Day,0,0,0,100.0
1994-10-29,Illinois,Approach,Medium,Unknown bird - medium,Night,783,0,783,140.0
1994-10-29,Florida,Approach,Small,Unknown bird - small,Day,0,0,0,140.0
1994-10-30,Texas,Approach,Medium,Unknown bird - medium,Dawn,0,0,0,135.0
1994-10-30,Kentucky,Approach,Medium,Unknown bird - medium,Night,0,0,0,170.0
1994-10-30,Minnesota,Approach,Small,Unknown bird - small,Day,0,0,0,140.0
1994-10-31,Maryland,Climb,Small,Unknown bird - small,Day,0,0,0,140.0
1994-10-31,Texas,Approach,Small,Unknown bird - small,Night,0,0,0,133.0
1994-11-01,North Carolina,Take-off run,Large,White-tailed deer,Night,0,0,0,140.0
1994-11-01,Ohio,Approach,Medium,American crow,Day,0,0,0,140.0
1994-11-02,California,Climb,Medium,Unknown bird - medium,Night,0,0,0,160.0
1994-11-03,Maryland,Landing Roll,Large,White-tailed deer,Night,0,0,0,140.0
1994-11-03,California,Approach,Small,Unknown bird - small,Day,0,0,0,140.0
1994-11-04,New Jersey,Approach,Medium,Ring-billed gull,Day,0,0,0,125.0
1994-11-05,California,Climb,Small,Unknown bird - small,Day,0,0,0,120.0
1994-11-06,Oklahoma,Climb,Small,European starling,Day,0,0,0,130.0
1994-11-07,South Carolina,Approach,Medium,Unknown bird or bat,Night,0,0,0,200.0
1994-11-07,Texas,Landing Roll,Small,Mourning dove,Day,0,0,0,140.0
1994-11-07,Louisiana,Approach,Small,Unknown bird - small,Night,0,0,0,160.0
1994-11-08,Nebraska,Descent,Large,Unknown bird - large,Day,0,25046,25046,200.0
1994-11-08,Maryland,Landing Roll,Medium,Unknown bird - medium,Day,0,0,0,145.0
1994-11-08,Utah,Approach,Medium,Unknown bird - medium,Day,0,0,0,140.0
1994-11-09,Tennessee,Landing Roll,Small,Unknown bird - small,Day,0,0,0,105.0
1994-11-09,California,Approach,Small,Unknown bird - small,Night,0,0,0,140.0
1994-11-09,Texas,Approach,Small,Unknown bird - small,Night,0,0,0,135.0
1994-11-10,DC,Approach,Medium,Unknown bird - medium,Night,0,0,0,210.0
1994-11-10,Missouri,Approach,Small,Unknown bird - small,Night,0,0,0,150.0
1994-11-11,California,Approach,Medium,Unknown bird - medium,Night,0,0,0,250.0
1994-11-11,California,Approach,Medium,Unknown bird - medium,Night,0,0,0,140.0
1994-11-11,Texas,Approach,Medium,Unknown bird - medium,Night,0,0,0,140.0
1994-11-11,New York,Climb,Medium,Unknown bird - medium,Night,0,0,0,200.0
1994-11-11,Texas,Climb,Small,Unknown bird - small,Day,0,0,0,200.0
1994-11-12,Texas,Approach,Small,Unknown bird - small,Day,0,0,0,130.0
1994-11-12,Kentucky,Landing Roll,Small,Unknown bird - small,Night,0,0,0,140.0
1994-11-13,Maryland,Climb,Medium,Unknown bird - medium,Day,0,0,0,190.0
1994-11-13,Massachusetts,Approach,Medium,Unknown bird - medium,Night,0,0,0,200.0
1994-11-13,New York,Approach,Medium,Unknown bird - medium,Night,0,0,0,210.0
1994-11-14,Florida,Approach,Large,Unknown bird - large,Day,0,0,0,140.0
1994-11-14,Texas,Landing Roll,Medium,Unknown bird - medium,Day,0,0,0,140.0
1994-11-14,California,Approach,Medium,Unknown bird - medium,Night,0,0,0,130.0
1994-11-14,Minnesota,Climb,Medium,Unknown bird - medium,Night,0,0,0,160.0
1994-11-14,Illinois,Approach,Small,Unknown bird - small,Night,0,0,0,120.0
1994-11-14,North Carolina,Approach,Small,Unknown bird - small,Night,0,0,0,180.0
1994-11-15,North Carolina,Approach,Medium,Unknown bird - medium,Day,0,0,0,135.0
1994-11-15,Louisiana,Approach,Medium,Unknown bird or bat,Dusk,0,0,0,139.0
1994-11-15,North Carolina,Descent,Small,Unknown bird - small,Day,0,0,0,140.0
1994-11-16,Maryland,Approach,Medium,Unknown bird - medium,Night,0,0,0,250.0
1994-11-16,Texas,Climb,Small,Unknown bird - small,Night,0,0,0,200.0
1994-11-17,Texas,Approach,Small,Unknown bird - small,Night,0,0,0,140.0
1994-11-18,Texas,Approach,Small,Unknown bird - small,Night,0,0,0,150.0
1994-11-18,New York,Landing Roll,Small,Barn owl,Night,0,0,0,140.0
1994-11-19,Illinois,Approach,Large,Canada goose,Night,0,391338,391338,150.0
1994-11-20,Texas,Take-off run,Large,Coyote,Day,0,0,0,110.0
1994-11-21,Texas,Take-off run,Medium,Unknown bird - medium,Day,0,0,0,140.0
1994-11-21,Texas,Climb,Medium,Unknown bird - medium,Dusk,0,0,0,140.0
1994-11-21,Kentucky,Take-off run,Medium,Unknown bird - medium,Night,0,0,0,140.0
1994-11-21,Missouri,Approach,Small,Unknown bird - small,Night,0,0,0,130.0
1994-11-21,Texas,Climb,Small,Unknown bird - small,Night,0,0,0,150.0
1994-11-22,North Carolina,Approach,Medium,Unknown bird - medium,Night,0,0,0,230.0
1994-11-23,South Carolina,Climb,Medium,Unknown bird or bat,Day,0,0,0,140.0
1994-11-23,Illinois,Approach,Medium,Unknown bird - medium,Night,0,0,0,170.0
1994-11-23,California,Approach,Small,Unknown bird - small,Night,0,0,0,130.0
1994-11-26,California,Landing Roll,Small,Rock pigeon,Day,0,0,0,90.0
1994-11-27,Louisiana,Take-off run,Medium,Unknown bird - medium,Night,0,0,0,140.0
1994-11-27,Tennessee,Take-off run,Small,European starling,Day,0,0,0,100.0
1994-11-28,California,Climb,Small,Unknown bird - small,Day,0,0,0,140.0
1994-11-29,DC,Approach,Medium,Ring-billed gull,Dusk,0,0,0,160.0
1994-11-29,California,Approach,Small,Unknown bird - small,Day,0,0,0,140.0
1994-11-29,Massachusetts,Climb,Small,Unknown bird - small,Day,0,0,0,160.0
1994-11-29,Louisiana,Take-off run,Small,Unknown bird - small,Day,0,0,0,130.0
1994-11-30,Indiana,Climb,Medium,Unknown bird - medium,Day,0,0,0,170.0
1994-11-30,California,Approach,Medium,Unknown bird - medium,Night,0,0,0,210.0
1994-12-01,Hawaii,Landing Roll,Medium,Unknown bird or bat,Day,0,0,0,130.0
1994-12-02,Kentucky,Climb,Small,Unknown bird - small,Day,0,0,0,125.0
1994-12-05,Texas,Approach,Small,European starling,Day,0,0,0,140.0
1994-12-06,California,Take-off run,Large,Canada goose,Day,0,0,0,120.0
1994-12-07,Hawaii,Landing Roll,Small,Unknown bird - small,Day,0,0,0,120.0
1994-12-09,Pennsylvania,Approach,Medium,Unknown bird - medium,Night,0,0,0,140.0
1994-12-10,Tennessee,Take-off run,Medium,Unknown bird - medium,Day,0,0,0,110.0
1994-12-11,Indiana,Landing Roll,Small,Rock pigeon,Day,0,0,0,120.0
1994-12-13,California,Take-off run,Small,Unknown bird - small,Day,0,0,0,145.0
1994-12-14,California,Take-off run,Small,Unknown bird - small,Day,0,0,0,130.0
1994-12-16,Texas,Take-off run,Small,Unknown bird - small,Day,0,0,0,145.0
1994-12-21,California,Landing Roll,Medium,Unknown bird - medium,Day,0,0,0,150.0
1994-12-27,Texas,Climb,Medium,Unknown bird - medium,Day,0,0,0,145.0
1994-12-28,Louisiana,Climb,Medium,Unknown bird - medium,Dawn,0,0,0,160.0
1994-12-28,New York,Climb,Medium,Unknown bird - medium,Dawn,0,0,0,150.0
1994-12-28,South Carolina,Take-off run,Medium,Unknown bird or bat,Day,0,0,0,126.0
1994-12-30,California,Approach,Small,Mourning dove,Night,0,0,0,120.0
1994-12-31,New York,Approach,Medium,Unknown bird - medium,Day,0,0,0,140.0
1995-01-01,Pennsylvania,Approach,Medium,Unknown bird - medium,Day,0,0,0,140.0
1995-01-01,California,Take-off run,Small,Unknown bird - small,Day,0,0,0,100.0
1995-01-02,Hawaii,Landing Roll,Medium,Unknown bird - medium,Day,0,0,0,140.0
1995-01-02,California,Approach,Medium,Mallard,Night,0,0,0,140.0
1995-01-04,Washington,Approach,Medium,Red-tailed hawk,Day,0,0,0,140.0
1995-01-07,Illinois,Landing Roll,Medium,Red-tailed hawk,Day,0,0,0,100.0
1995-01-07,California,Take-off run,Medium,Unknown bird - medium,Day,0,0,0,140.0
1995-01-10,Hawaii,Approach,Medium,Unknown bird - medium,Day,0,0,0,128.0
1995-01-10,California,Take-off run,Medium,Unknown bird - medium,Day,0,0,0,140.0
1995-01-12,Oregon,Take-off run,Medium,Unknown bird - medium,Night,0,0,0,140.0
1995-01-14,California,Landing Roll,Medium,Red-tailed hawk,Day,0,0,0,140.0
1995-01-19,Texas,Approach,Small,Unknown bird - small,Day,0,0,0,130.0
1995-01-21,DC,Landing Roll,Medium,Unknown bird - medium,Night,76232,228695,304927,100.0
1995-01-22,Hawaii,Approach,Small,Unknown bird - small,Day,0,0,0,70.0
1995-01-24,California,Approach,Medium,Unknown bird - medium,Night,0,0,0,142.0
1995-01-25,Pennsylvania,Take-off run,Large,White-tailed deer,Night,0,0,0,140.0
1995-01-25,North Carolina,Approach,Small,Unknown bird - small,Dawn,0,0,0,125.0
1995-01-29,Texas,Approach,Large,Unknown bird - large,Dawn,0,0,0,130.0
1995-02-03,Tennessee,Landing Roll,Large,Coyote,Night,0,0,0,140.0
1995-02-04,California,Approach,Large,Canada goose,Day,0,0,0,119.0
1995-02-04,Washington,Approach,Small,European starling,Day,0,0,0,120.0
1995-02-05,California,Approach,Large,Unknown bird - large,Night,0,0,0,120.0
1995-02-05,California,Landing Roll,Medium,Unknown bird - medium,Day,0,0,0,140.0
1995-02-08,California,Approach,Medium,Unknown bird - medium,Day,0,0,0,130.0
1995-02-08,California,Approach,Medium,Unknown bird - medium,Night,0,0,0,130.0
1995-02-09,Ohio,Climb,Medium,Unknown bird - medium,Dusk,0,0,0,150.0
1995-02-10,Illinois,Landing Roll,Medium,Red-tailed hawk,Day,0,0,0,165.0
1995-02-11,California,Landing Roll,Medium,Unknown bird - medium,Day,0,0,0,120.0
1995-02-15,Pennsylvania,Take-off run,Small,Unknown bird - small,Day,0,0,0,100.0
1995-02-17,Missouri,Approach,Medium,Unknown bird - medium,Night,0,0,0,150.0
1995-02-18,North Carolina,Climb,Small,Unknown bird - small,Dusk,0,0,0,140.0
1995-02-20,California,Climb,Medium,Unknown bird - medium,Night,0,0,0,150.0
1995-02-21,California,Descent,Large,Unknown bird - large,Night,0,0,0,210.0
1995-02-23,New York,Climb,Medium,Unknown bird - medium,Night,0,0,0,170.0
1995-02-27,Texas,Climb,Medium,Unknown bird - medium,Day,0,0,0,140.0
1995-02-27,Oklahoma,Take-off run,Small,Unknown bird - small,Day,0,0,0,135.0
1995-02-28,Louisiana,Approach,Medium,Unknown bird or bat,Day,0,0,0,140.0
1995-03-01,California,Descent,Medium,Unknown bird - medium,Night,0,0,0,250.0
1995-03-01,Missouri,Climb,Small,Unknown bird - small,Day,0,0,0,140.0
1995-03-03,Texas,Approach,Small,European starling,Day,0,0,0,135.0
1995-03-04,Louisiana,Approach,Large,Unknown bird - large,Night,0,0,0,120.0
1995-03-05,Utah,Landing Roll,Medium,Unknown bird - medium,Day,0,0,0,140.0
1995-03-06,Pennsylvania,Take-off run,Large,Canada goose,Day,0,0,0,90.0
1995-03-06,Kentucky,Approach,Large,Unknown bird - large,Night,0,0,0,120.0
1995-03-06,California,Approach,Small,Unknown bird - small,Night,0,0,0,210.0
1995-03-07,New York,Approach,Medium,Unknown bird - medium,Night,0,0,0,145.0
1995-03-07,Kentucky,Landing Roll,Small,American kestrel,Night,0,0,0,130.0
1995-03-09,Texas,Climb,Medium,Unknown bird - medium,Night,0,0,0,140.0
1995-03-09,California,Approach,Small,Unknown bird - small,Night,0,0,0,130.0
1995-03-13,Missouri,Climb,Large,Unknown bird - large,Night,0,0,0,210.0
1995-03-13,Missouri,Climb,Large,Unknown bird - large,Night,0,0,0,250.0
1995-03-13,New York,Climb,Medium,Unknown bird - medium,Day,0,0,0,150.0
1995-03-13,Maryland,Approach,Medium,Unknown bird - medium,Night,0,0,0,250.0
1995-03-14,Kentucky,Descent,Large,Unknown bird - large,Night,0,0,0,250.0
1995-03-14,Oklahoma,Approach,Medium,Unknown bird - medium,Day,0,0,0,140.0
1995-03-14,California,Landing Roll,Medium,Unknown bird - medium,Day,0,0,0,140.0
1995-03-14,Ohio,Landing Roll,Medium,Unknown bird - medium,Day,0,0,0,140.0
1995-03-14,Oregon,Approach,Medium,Unknown bird - medium,Night,0,0,0,190.0
1995-03-14,Kentucky,Descent,Medium,Unknown bird - medium,Night,0,0,0,205.0
1995-03-15,Florida,Climb,Large,Turkey vulture,Day,0,0,0,170.0
1995-03-15,Oklahoma,Take-off run,Medium,Unknown bird - medium,Day,0,0,0,140.0
1995-03-16,New Jersey,Approach,Small,Unknown bird - small,Night,0,0,0,220.0
1995-03-17,Hawaii,Landing Roll,Small,Zebra dove,Day,0,0,0,130.0
1995-03-19,Maryland,Approach,Large,Unknown bird - large,Night,0,0,0,140.0
1995-03-19,Tennessee,Approach,Medium,Unknown bird - medium,Night,0,0,0,160.0
1995-03-19,Missouri,Climb,Medium,Unknown bird - medium,Night,0,0,0,250.0
1995-03-19,Maryland,Descent,Medium,Unknown bird - medium,Night,0,0,0,170.0
1995-03-20,Illinois,Take-off run,Large,Canada goose,Day,0,0,0,140.0
1995-03-20,Texas,Climb,Small,Unknown bird - small,Night,0,0,0,140.0
1995-03-21,New York,Landing Roll,Large,Canada goose,Dawn,305,0,305,130.0
1995-03-21,Texas,Climb,Medium,Unknown bird - medium,Day,0,0,0,160.0
1995-03-21,South Carolina,Take-off run,Medium,Unknown bird or bat,Day,0,0,0,125.0
1995-03-21,Texas,Approach,Small,Unknown bird - small,Night,0,0,0,250.0
1995-03-22,New York,Take-off run,Large,Canada goose,Night,0,0,0,20.0
1995-03-24,Colorado,Climb,Small,Unknown bird - small,Day,0,0,0,150.0
1995-03-25,Ohio,Approach,Large,Unknown bird - large,Night,0,0,0,140.0
1995-03-25,Florida,Approach,Small,Unknown bird - small,Night,0,0,0,160.0
1995-03-26,Florida,Descent,Large,Unknown bird - large,Day,0,0,0,250.0
1995-03-27,Illinois,Take-off run,Medium,Unknown bird - medium,Day,0,0,0,140.0
1995-03-27,Massachusetts,Approach,Medium,Mallard,Night,0,0,0,140.0
1995-03-27,South Carolina,Approach,Medium,Unknown bird or bat,Night,0,0,0,130.0
1995-03-30,South Carolina,Approach,Medium,Unknown bird or bat,Night,0,0,0,150.0
1995-03-31,Illinois,Landing Roll,Medium,Red-tailed hawk,Day,0,0,0,80.0
1995-03-31,South Carolina,Take-off run,Medium,Unknown bird or bat,Dusk,0,0,0,130.0
1995-03-31,Pennsylvania,Climb,Medium,Unknown bird - medium,Night,0,0,0,200.0
1995-03-31,South Carolina,Approach,Small,American robin,Day,0,0,0,120.0
1995-04-02,Texas,Take-off run,Medium,Unknown bird - medium,Day,0,0,0,140.0
1995-04-02,Hawaii,Take-off run,Small,Pacific golden-plover,Day,0,0,0,120.0
1995-04-03,North Carolina,Climb,Large,Unknown bird - large,Night,0,0,0,250.0
1995-04-03,California,Take-off run,Medium,Unknown bird - medium,Day,0,0,0,120.0
1995-04-03,Florida,Take-off run,Medium,Unknown bird - medium,Day,0,0,0,140.0
1995-04-03,Texas,Approach,Small,Unknown bird - small,Dusk,0,0,0,130.0
1995-04-04,Utah,Take-off run,Medium,Unknown bird - medium,Dawn,0,0,0,150.0
1995-04-04,Hawaii,Approach,Small,Unknown bird - small,Day,0,0,0,130.0
1995-04-04,DC,Climb,Small,Unknown bird - small,Day,0,0,0,145.0
1995-04-04,Pennsylvania,Climb,Small,American kestrel,Day,0,0,0,140.0
1995-04-04,Pennsylvania,Landing Roll,Small,European starling,Day,0,0,0,100.0
1995-04-05,New Jersey,Approach,Medium,Unknown bird - medium,Day,0,0,0,150.0
1995-04-05,Louisiana,Approach,Medium,Unknown bird - medium,Night,0,0,0,140.0
1995-04-05,New Jersey,Take-off run,Small,Rock pigeon,Day,0,0,0,140.0
1995-04-08,Texas,Landing Roll,Medium,Unknown bird - medium,Day,0,0,0,140.0
1995-04-09,Kentucky,Landing Roll,Small,Unknown bird - small,Day,0,0,0,100.0
1995-04-11,Pennsylvania,Descent,Large,Unknown bird - large,Night,0,0,0,250.0
1995-04-11,Louisiana,Climb,Medium,Unknown bird or bat,Day,0,0,0,160.0
1995-04-12,Louisiana,Take-off run,Medium,Unknown bird - medium,Day,0,0,0,140.0
1995-04-12,Arizona,Approach,Medium,Unknown bird - medium,Night,0,0,0,140.0
1995-04-12,Louisiana,Approach,Small,Unknown bird - small,Day,0,0,0,138.0
1995-04-13,Louisiana,Approach,Medium,Unknown bird or bat,Day,0,0,0,250.0
1995-04-13,Texas,Approach,Medium,Unknown bird - medium,Dusk,0,0,0,140.0
1995-04-13,Texas,Climb,Small,Unknown bird - small,Night,0,0,0,160.0
1995-04-14,Missouri,Landing Roll,Large,Canada goose,Day,0,0,0,140.0
1995-04-14,Texas,Approach,Medium,Unknown bird - medium,Night,0,0,0,130.0
1995-04-14,Oregon,Approach,Small,Tree swallow,Day,0,0,0,160.0
1995-04-16,Pennsylvania,Climb,Small,Unknown bird - small,Night,0,0,0,190.0
1995-04-17,New York,Approach,Medium,Unknown bird - medium,Night,0,0,0,230.0
1995-04-17,DC,Approach,Small,Unknown bird - small,Day,0,0,0,140.0
1995-04-17,Louisiana,Approach,Small,Unknown bird - small,Day,0,0,0,120.0
1995-04-17,Illinois,Take-off run,Small,Rock pigeon,Day,0,0,0,140.0
1995-04-18,Ohio,Climb,Large,Canada goose,Day,0,0,0,80.0
1995-04-18,Ohio,Climb,Large,Canada goose,Night,0,0,0,140.0
1995-04-18,Texas,Landing Roll,Medium,Unknown bird - medium,Dawn,0,0,0,110.0
1995-04-18,Tennessee,Approach,Small,European starling,Day,0,0,0,140.0
1995-04-19,Illinois,Take-off run,Medium,Ring-billed gull,Day,0,0,0,120.0
1995-04-19,Pennsylvania,Approach,Medium,Unknown bird - medium,Night,0,0,0,145.0
1995-04-19,Texas,Landing Roll,Small,Unknown bird - small,Day,0,0,0,120.0
1995-04-20,DC,Climb,Large,Unknown bird - large,Day,0,0,0,190.0
1995-04-20,Texas,Approach,Medium,Unknown bird - medium,Day,0,0,0,140.0
1995-04-21,California,Landing Roll,Medium,Unknown bird - medium,Day,0,0,0,140.0
1995-04-21,Oklahoma,Take-off run,Medium,Unknown bird - medium,Day,0,0,0,140.0
1995-04-21,Illinois,Take-off run,Medium,Mallard,Dusk,0,0,0,140.0
1995-04-22,Illinois,Approach,Small,Unknown bird - small,Day,0,0,0,135.0
1995-04-22,California,Landing Roll,Small,Unknown bird - small,Night,0,0,0,140.0
1995-04-24,Louisiana,Approach,Small,Chimney swift,Day,0,0,0,140.0
1995-04-25,North Carolina,Approach,Small,Unknown bird - small,Day,0,0,0,140.0
1995-04-25,Tennessee,Landing Roll,Small,American robin,Day,0,0,0,80.0
1995-04-26,Utah,Climb,Medium,Unknown bird - medium,Day,0,0,0,180.0
1995-04-26,California,Take-off run,Small,European starling,Day,0,0,0,150.0
1995-04-26,California,Landing Roll,Small,Unknown bird - small,Night,0,0,0,155.0
1995-04-27,Texas,Approach,Large,Unknown bird - large,Night,0,0,0,210.0
1995-04-27,Illinois,Climb,Medium,Unknown bird - medium,Night,0,0,0,150.0
1995-04-27,Kentucky,Approach,Medium,Unknown bird - medium,Night,0,0,0,180.0
1995-04-27,Missouri,Climb,Small,Unknown bird - small,Day,0,0,0,145.0
1995-04-27,California,Take-off run,Small,Unknown bird - small,Day,0,0,0,140.0
1995-04-28,Texas,Approach,Medium,Unknown bird - medium,Night,0,0,0,150.0
1995-04-28,California,Approach,Small,Unknown bird - small,Day,0,0,0,140.0
1995-04-28,Texas,Climb,Small,Unknown bird - small,Day,0,0,0,150.0
1995-04-29,Texas,Take-off run,Small,Unknown bird - small,Day,0,0,0,100.0
1995-04-30,Texas,Approach,Medium,Red-tailed hawk,Day,0,0,0,180.0
1995-04-30,Texas,Approach,Medium,Unknown bird - medium,Night,0,0,0,135.0
1995-05-03,Missouri,Climb,Medium,Unknown bird - medium,Day,0,0,0,200.0
1995-05-03,Illinois,Climb,Medium,Mallard,Day,0,0,0,160.0
1995-05-03,Indiana,Approach,Medium,Unknown bird - medium,Night,0,0,0,140.0
1995-05-03,Louisiana,Approach,Medium,Unknown bird or bat,Night,0,0,0,137.0
1995-05-03,Pennsylvania,Approach,Medium,Unknown bird - medium,Night,0,0,0,145.0
1995-05-03,Tennessee,Climb,Medium,Unknown bird - medium,Night,0,0,0,120.0
1995-05-03,Texas,Take-off run,Small,Unknown bird - small,Day,0,0,0,140.0
1995-05-03,Tennessee,Approach,Small,Unknown bird - small,Night,0,0,0,210.0
1995-05-03,DC,Climb,Small,Unknown bird - small,Night,0,0,0,140.0
1995-05-04,Texas,Climb,Medium,Unknown bird - medium,Night,0,0,0,300.0
1995-05-04,Texas,Approach,Medium,Unknown bird - medium,Night,0,0,0,220.0
1995-05-04,Pennsylvania,Approach,Small,Unknown bird - small,Night,0,0,0,140.0
1995-05-04,Texas,Approach,Small,Unknown bird - small,Night,0,0,0,140.0
1995-05-05,Ohio,Climb,Medium,Unknown bird - medium,Dawn,0,0,0,140.0
1995-05-05,Illinois,Landing Roll,Medium,Unknown bird - medium,Day,0,0,0,135.0
1995-05-06,Illinois,Approach,Medium,Unknown bird - medium,Day,0,0,0,130.0
1995-05-07,Ohio,Take-off run,Small,Unknown bird - small,Day,0,0,0,140.0
1995-05-08,Texas,Approach,Small,Unknown bird - small,Night,0,0,0,230.0
1995-05-09,Florida,Climb,Large,Unknown bird - large,Day,0,0,0,200.0
1995-05-09,Kentucky,Approach,Large,Unknown bird - large,Night,0,0,0,210.0
1995-05-09,Texas,Landing Roll,Medium,Unknown bird - medium,Day,0,0,0,140.0
1995-05-09,Illinois,Climb,Medium,Unknown bird - medium,Night,0,0,0,200.0
1995-05-09,Oregon,Climb,Small,European starling,Dusk,0,0,0,140.0
1995-05-10,Kentucky,Approach,Medium,Unknown bird - medium,Night,0,0,0,210.0
1995-05-10,Kentucky,Descent,Medium,Unknown bird - medium,Night,0,0,0,210.0
1995-05-10,North Carolina,Approach,Small,Unknown bird - small,Day,0,0,0,210.0
1995-05-12,Tennessee,Approach,Medium,Unknown bird - medium,Day,0,0,0,140.0
1995-05-12,Pennsylvania,Approach,Medium,Unknown bird - medium,Night,0,0,0,145.0
1995-05-13,Texas,Approach,Medium,Unknown bird - medium,Day,0,0,0,140.0
1995-05-13,Texas,Approach,Small,Unknown bird - small,Day,0,0,0,140.0
1995-05-14,DC,Approach,Small,Unknown bird - small,Day,0,0,0,130.0
1995-05-15,Georgia,Approach,Small,Unknown bird - small,Dawn,0,0,0,135.0
1995-05-15,North Carolina,Approach,Small,Unknown bird - small,Day,0,0,0,130.0
1995-05-15,Indiana,Approach,Small,Unknown bird - small,Night,0,0,0,130.0
1995-05-16,Texas,Approach,Medium,Unknown bird - medium,Dusk,0,0,0,135.0
1995-05-16,Kentucky,Approach,Medium,Unknown bird - medium,Night,0,0,0,210.0
1995-05-16,Pennsylvania,Climb,Medium,Unknown bird - medium,Night,0,0,0,190.0
1995-05-16,Massachusetts,Approach,Small,Unknown bird - small,Night,0,0,0,135.0
1995-05-17,Texas,Climb,Medium,Unknown bird - medium,Night,0,0,0,200.0
1995-05-17,Tennessee,Descent,Small,Unknown bird - small,Day,0,0,0,190.0
1995-05-17,Kentucky,Approach,Small,Unknown bird - small,Night,0,0,0,190.0
1995-05-18,North Carolina,Approach,Small,Unknown bird - small,Day,0,0,0,140.0
1995-05-19,California,Landing Roll,Small,Unknown bird - small,Day,0,0,0,120.0
1995-05-20,Pennsylvania,Approach,Small,Unknown bird - small,Night,0,0,0,130.0
1995-05-21,New York,Approach,Large,Canada goose,Dusk,0,0,0,140.0
1995-05-22,New York,Approach,Small,Rock pigeon,Day,0,0,0,140.0
1995-05-22,Florida,Climb,Small,Unknown bird - small,Day,0,0,0,170.0
1995-05-22,California,Take-off run,Small,Unknown bird - small,Dusk,0,0,0,140.0
1995-05-22,Texas,Approach,Small,Unknown bird - small,Night,0,0,0,210.0
1995-05-23,Ohio,Climb,Small,Unknown bird - small,Day,0,0,0,130.0
1995-05-23,California,Landing Roll,Small,Unknown bird - small,Day,0,0,0,140.0
1995-05-24,Kentucky,Climb,Large,Unknown bird - large,Day,0,0,0,153.0
1995-05-24,Hawaii,Landing Roll,Medium,Unknown bird - medium,Day,0,0,0,100.0
1995-05-24,Texas,Descent,Medium,Unknown bird - medium,Night,0,0,0,210.0
1995-05-24,California,Approach,Small,Unknown bird - small,Night,0,0,0,210.0
1995-05-25,Minnesota,Climb,Medium,Unknown bird - medium,Day,0,0,0,130.0
1995-05-25,Massachusetts,Landing Roll,Medium,Unknown bird - medium,Day,0,0,0,140.0
1995-05-25,Hawaii,Landing Roll,Small,Unknown bird - small,Day,0,0,0,90.0
1995-05-26,California,Approach,Large,Canada goose,Dawn,0,0,0,90.0
1995-05-26,Kentucky,Take-off run,Small,Unknown bird - small,Day,0,0,0,140.0
1995-05-27,California,Climb,Large,Canada goose,Day,0,0,0,140.0
1995-05-28,Illinois,Take-off run,Large,Canada goose,Day,0,0,0,140.0
1995-05-28,DC,Climb,Large,Canada goose,Dusk,0,0,0,160.0
1995-05-30,Pennsylvania,Take-off run,Large,Canada goose,Day,0,0,0,80.0
1995-05-30,Illinois,Approach,Small,Unknown bird - small,Day,0,0,0,145.0
1995-05-30,Pennsylvania,Climb,Small,European starling,Day,0,0,0,154.0
1995-05-30,DC,Landing Roll,Small,Unknown bird - small,Day,0,0,0,125.0
1995-05-31,Utah,Landing Roll,Medium,Unknown bird - medium,Day,0,0,0,140.0
1995-05-31,Illinois,Approach,Medium,Unknown bird - medium,Night,0,0,0,130.0
1995-06-02,South Carolina,Climb,Medium,Unknown bird or bat,Day,0,0,0,220.0
1995-06-04,California,Landing Roll,Medium,Unknown bird - medium,Day,0,0,0,140.0
1995-06-04,Indiana,Landing Roll,Medium,Unknown bird - medium,Night,0,0,0,80.0
1995-06-05,Ohio,Climb,Medium,Unknown bird - medium,Day,0,0,0,140.0
1995-06-06,North Carolina,Take-off run,Medium,Unknown bird - medium,Dusk,0,0,0,132.0
1995-06-07,Colorado,Approach,Medium,Unknown bird - medium,Day,0,0,0,140.0
1995-06-07,Pennsylvania,Take-off run,Small,Unknown bird - small,Night,0,0,0,100.0
1995-06-08,Utah,Landing Roll,Medium,Unknown bird - medium,Day,0,0,0,140.0
1995-06-09,Tennessee,Climb,Medium,Unknown bird - medium,Day,0,0,0,160.0
1995-06-09,North Carolina,Approach,Medium,Unknown bird - medium,Day,0,0,0,138.0
1995-06-09,Colorado,Approach,Small,Unknown bird - small,Day,0,0,0,135.0
1995-06-09,DC,Climb,Small,Unknown bird - small,Day,0,0,0,170.0
1995-06-10,Missouri,Approach,Small,Unknown bird - small,Day,0,0,0,140.0
1995-06-11,California,Approach,Small,Unknown bird - small,Day,0,0,0,140.0
1995-06-11,New Jersey,Approach,Small,American kestrel,Day,0,0,0,140.0
1995-06-11,Oregon,Approach,Small,Unknown bird - small,Day,0,0,0,120.0
1995-06-13,New York,Take-off run,Small,Laughing gull,Day,0,0,0,140.0
1995-06-15,Illinois,Approach,Small,Unknown bird - small,Day,0,0,0,140.0
1995-06-16,Hawaii,Take-off run,Medium,Unknown bird - medium,Day,0,0,0,130.0
1995-06-16,Texas,Take-off run,Medium,Unknown bird - medium,Day,0,0,0,140.0
1995-06-17,New York,Climb,Medium,Unknown bird - medium,Day,0,0,0,150.0
1995-06-18,New York,Climb,Small,Laughing gull,Day,0,0,0,140.0
1995-06-19,Texas,Climb,Medium,Unknown bird - medium,Day,0,0,0,140.0
1995-06-19,Texas,Landing Roll,Medium,Unknown bird - medium,Day,0,0,0,140.0
1995-06-20,Colorado,Take-off run,Small,Unknown bird - small,Day,0,0,0,140.0
1995-06-21,Hawaii,Landing Roll,Medium,Unknown bird or bat,Day,0,0,0,130.0
1995-06-21,Georgia,Landing Roll,Small,Unknown bird - small,Day,0,0,0,130.0
1995-06-22,California,Landing Roll,Small,Unknown bird - small,Dusk,0,0,0,140.0
1995-06-23,Oklahoma,Take-off run,Medium,Unknown bird - medium,Day,0,0,0,140.0
1995-06-23,Pennsylvania,Landing Roll,Small,Unknown bird - small,Day,0,0,0,140.0
1995-06-24,New York,Landing Roll,Small,Laughing gull,Day,0,0,0,140.0
1995-06-24,Florida,Approach,Small,Unknown bird - small,Dusk,0,0,0,145.0
1995-06-26,New York,Landing Roll,Small,Laughing gull,Day,0,0,0,140.0
1995-06-26,California,Landing Roll,Small,Barn owl,Night,0,0,0,110.0
1995-06-27,Colorado,Landing Roll,Medium,Unknown bird - medium,Day,0,0,0,140.0
1995-06-27,South Carolina,Take-off run,Medium,Unknown bird - medium,Day,0,0,0,130.0
1995-06-28,DC,Approach,Medium,Unknown bird - medium,Day,0,0,0,140.0
1995-06-28,Kentucky,Approach,Medium,Unknown bird - medium,Day,0,0,0,125.0
1995-06-28,New Jersey,Approach,Medium,Unknown bird - medium,Day,0,0,0,130.0
1995-06-28,Georgia,Take-off run,Medium,Unknown bird - medium,Day,0,0,0,140.0
1995-06-29,North Carolina,Landing Roll,Small,Unknown bird - small,Night,0,0,0,100.0
1995-06-30,Florida,Landing Roll,Medium,Unknown bird - medium,Dusk,0,0,0,140.0
1995-06-30,Kentucky,Landing Roll,Small,Unknown bird - small,Day,0,0,0,100.0
1995-07-01,Utah,Approach,Small,Unknown bird - small,Dusk,0,0,0,140.0
1995-07-02,Illinois,Landing Roll,Medium,Unknown bird - medium,Day,0,0,0,140.0
1995-07-03,Ohio,Take-off run,Small,Unknown bird - small,Day,0,0,0,140.0
1995-07-05,Maryland,Approach,Medium,Unknown bird - medium,Day,0,0,0,135.0
1995-07-05,Illinois,Take-off run,Small,Unknown bird - small,Day,0,0,0,100.0
1995-07-06,Indiana,Take-off run,Medium,Unknown bird - medium,Day,0,0,0,140.0
1995-07-06,Missouri,Take-off run,Small,Unknown bird - small,Day,0,0,0,140.0
1995-07-07,Pennsylvania,Approach,Large,Unknown bird - large,Night,0,0,0,140.0
1995-07-07,Illinois,Landing Roll,Large,Coyote,Night,0,0,0,140.0
1995-07-07,Illinois,Descent,Medium,Unknown bird - medium,Day,0,0,0,280.0
1995-07-07,Illinois,Take-off run,Medium,Unknown bird - medium,Day,0,0,0,140.0
1995-07-08,DC,Descent,Medium,Unknown bird - medium,Day,0,0,0,140.0
1995-07-08,Illinois,Approach,Small,Unknown bird - small,Day,0,0,0,140.0
1995-07-08,New York,Landing Roll,Small,Rock pigeon,Day,0,0,0,120.0
1995-07-09,DC,Approach,Large,Unknown bird - large,Day,0,0,0,130.0
1995-07-10,Texas,Climb,Medium,Unknown bird - medium,Day,0,0,0,140.0
1995-07-10,Tennessee,Take-off run,Small,Unknown bird - small,Dawn,0,0,0,100.0
1995-07-10,Michigan,Take-off run,Small,Unknown bird - small,Day,0,0,0,130.0
1995-07-11,Kentucky,Landing Roll,Small,Unknown bird - small,Day,0,0,0,140.0
1995-07-12,California,Take-off run,Medium,Unknown bird - medium,Day,0,0,0,140.0
1995-07-12,Tennessee,Approach,Small,Mourning dove,Day,0,0,0,141.0
1995-07-12,Texas,Take-off run,Small,Unknown bird - small,Day,0,0,0,120.0
1995-07-12,Texas,Take-off run,Small,Rock pigeon,Day,0,0,0,120.0
1995-07-13,Washington,Landing Roll,Small,Unknown bird - small,Day,0,0,0,140.0
1995-07-13,Oregon,Take-off run,Small,Unknown bird - small,Day,0,0,0,120.0
1995-07-15,Illinois,Approach,Small,Unknown bird - small,Day,0,0,0,140.0
1995-07-16,Washington,Approach,Large,Great blue heron,Day,0,0,0,120.0
1995-07-16,Pennsylvania,Approach,Medium,Unknown bird - medium,Dawn,0,0,0,175.0
1995-07-16,Michigan,Climb,Medium,Unknown bird - medium,Day,0,0,0,160.0
1995-07-16,Utah,Landing Roll,Medium,Unknown bird - medium,Day,0,0,0,80.0
1995-07-16,Kentucky,Landing Roll,Medium,Unknown bird - medium,Night,0,0,0,140.0
1995-07-17,Oregon,Approach,Small,Barn swallow,Day,0,0,0,160.0
1995-07-17,Florida,Landing Roll,Small,Mourning dove,Day,0,0,0,140.0
1995-07-17,DC,Approach,Small,Unknown bird - small,Night,0,0,0,150.0
1995-07-18,Louisiana,Approach,Medium,Unknown bird or bat,Day,0,0,0,150.0
1995-07-18,Colorado,Take-off run,Medium,Unknown bird - medium,Day,0,0,0,140.0
1995-07-18,Illinois,Take-off run,Medium,Unknown bird - medium,Dusk,0,0,0,135.0
1995-07-18,Missouri,Approach,Small,Unknown bird - small,Day,0,0,0,180.0
1995-07-18,Louisiana,Landing Roll,Small,Unknown bird - small,Day,0,0,0,60.0
1995-07-20,California,Approach,Small,Unknown bird - small,Night,0,0,0,250.0
1995-07-21,California,Take-off run,Large,Unknown bird - large,Day,0,0,0,140.0
1995-07-21,Tennessee,Approach,Small,Unknown bird - small,Day,0,0,0,140.0
1995-07-21,Texas,Take-off run,Small,Unknown bird - small,Day,0,0,0,110.0
1995-07-21,California,Approach,Small,Unknown bird - small,Night,0,0,0,120.0
1995-07-21,Tennessee,Approach,Small,Unknown bird - small,Night,0,0,0,145.0
1995-07-22,Texas,Approach,Small,Unknown bird - small,Day,0,0,0,125.0
1995-07-22,Georgia,Climb,Small,Unknown bird - small,Day,0,0,0,160.0
1995-07-22,Texas,Landing Roll,Small,Unknown bird - small,Dusk,0,0,0,120.0
1995-07-23,California,Approach,Small,Unknown bird - small,Day,0,0,0,140.0
1995-07-23,Nebraska,Approach,Small,Unknown bird - small,Day,0,0,0,140.0
1995-07-24,Georgia,Landing Roll,Medium,Unknown bird - medium,Day,0,0,0,80.0
1995-07-24,Georgia,Climb,Medium,Unknown bird - medium,Dusk,0,0,0,140.0
1995-07-24,Pennsylvania,Approach,Small,Mourning dove,Day,0,0,0,135.0
1995-07-25,North Carolina,Climb,Medium,American crow,Day,0,0,0,170.0
1995-07-25,California,Take-off run,Medium,Unknown bird - medium,Day,0,0,0,140.0
1995-07-25,Illinois,Take-off run,Small,American kestrel,Day,0,0,0,140.0
1995-07-27,Pennsylvania,Approach,Small,Unknown bird - small,Day,0,0,0,120.0
1995-07-27,New Jersey,Approach,Small,European starling,Dusk,0,0,0,120.0
1995-07-28,Indiana,Landing Roll,Small,Unknown bird - small,Day,0,0,0,70.0
1995-07-28,Illinois,Approach,Small,Unknown bird - small,Night,0,0,0,140.0
1995-07-29,Florida,Taxi,Medium,Mallard,Day,0,0,0,140.0
1995-07-29,Illinois,Approach,Small,Unknown bird - small,Day,0,0,0,130.0
1995-07-29,New Jersey,Landing Roll,Small,Tree swallow,Day,0,0,0,140.0
1995-07-29,Kentucky,Landing Roll,Small,Eastern meadowlark,Night,0,0,0,100.0
1995-07-30,Texas,Climb,Medium,Unknown bird - medium,Night,0,0,0,200.0
1995-07-30,DC,Approach,Small,Unknown bird - small,Night,0,0,0,120.0
1995-07-31,Louisiana,Approach,Large,Unknown bird - large,Night,0,0,0,140.0
1995-07-31,DC,Climb,Medium,Unknown bird - medium,Day,0,0,0,140.0
1995-07-31,Pennsylvania,Approach,Small,Unknown bird - small,Day,0,0,0,120.0
1995-07-31,Georgia,Climb,Small,European starling,Day,0,0,0,120.0
1995-08-01,California,Approach,Large,Canada goose,Dawn,304926,0,304926,136.0
1995-08-01,California,Climb,Medium,Unknown bird - medium,Day,0,0,0,250.0
1995-08-01,Texas,Landing Roll,Medium,Unknown bird - medium,Day,0,0,0,100.0
1995-08-01,Missouri,Approach,Medium,Unknown bird - medium,Night,0,0,0,140.0
1995-08-01,Texas,Approach,Small,Unknown bird - small,Day,0,0,0,140.0
1995-08-01,Illinois,Landing Roll,Small,Unknown bird - small,Day,0,0,0,140.0
1995-08-02,Minnesota,Approach,Large,Unknown bird - large,Night,0,0,0,130.0
1995-08-02,Oklahoma,Climb,Small,Unknown bird - small,Day,0,0,0,160.0
1995-08-02,California,Landing Roll,Small,Rock pigeon,Day,0,0,0,140.0
1995-08-03,Texas,Approach,Small,Unknown bird - small,Dawn,0,0,0,140.0
1995-08-03,Washington,Approach,Small,Unknown bird - small,Day,0,0,0,151.0
1995-08-03,California,Take-off run,Small,Rock pigeon,Day,0,0,0,140.0
1995-08-03,Pennsylvania,Take-off run,Small,Unknown bird - small,Day,0,0,0,120.0
1995-08-03,Texas,Take-off run,Small,Unknown bird - small,Day,0,0,0,100.0
1995-08-04,South Carolina,Approach,Medium,Unknown bird or bat,Day,0,69282,69282,230.0
1995-08-04,Illinois,Climb,Medium,Mallard,Day,0,0,0,90.0
1995-08-04,California,Landing Roll,Medium,Unknown bird - medium,Day,0,0,0,90.0
1995-08-04,Maryland,Approach,Small,Unknown bird - small,Day,0,0,0,140.0
1995-08-04,Missouri,Landing Roll,Small,Mourning dove,Day,0,0,0,130.0
1995-08-05,Missouri,Approach,Small,Unknown bird - small,Day,0,0,0,140.0
1995-08-06,North Carolina,Approach,Small,Unknown bird - small,Day,0,0,0,160.0
1995-08-06,Illinois,Take-off run,Small,Barn swallow,Day,0,0,0,140.0
1995-08-07,California,Climb,Medium,Unknown bird - medium,Day,0,0,0,150.0
1995-08-07,Missouri,Take-off run,Medium,Unknown bird - medium,Day,0,0,0,150.0
1995-08-07,Texas,Landing Roll,Small,Rock pigeon,Day,0,0,0,120.0
1995-08-08,Illinois,Landing Roll,Medium,Red-tailed hawk,Dawn,0,0,0,100.0
1995-08-08,Texas,Climb,Small,Unknown bird - small,Day,0,0,0,140.0
1995-08-08,Illinois,Take-off run,Small,Unknown bird - small,Day,0,0,0,140.0
1995-08-09,Pennsylvania,Approach,Small,European starling,Day,0,0,0,130.0
1995-08-09,Georgia,Climb,Small,Unknown bird - small,Day,0,0,0,180.0
1995-08-09,Georgia,Landing Roll,Small,Unknown bird - small,Day,0,0,0,140.0
1995-08-09,Ohio,Take-off run,Small,Unknown bird - small,Night,0,0,0,20.0
1995-08-10,Louisiana,Landing Roll,Medium,Unknown bird - medium,Day,0,0,0,137.0
1995-08-10,California,Approach,Small,Rock pigeon,Day,0,0,0,130.0
1995-08-10,Kentucky,Approach,Small,Unknown bird - small,Day,0,0,0,140.0
1995-08-10,Missouri,Landing Roll,Small,Unknown bird - small,Night,0,0,0,130.0
1995-08-11,Colorado,Approach,Medium,Unknown bird - medium,Day,0,0,0,140.0
1995-08-11,Missouri,Take-off run,Small,Unknown bird - small,Day,0,0,0,120.0
1995-08-12,Tennessee,Approach,Medium,American crow,Day,0,0,0,140.0
1995-08-12,Utah,Approach,Medium,Unknown bird - medium,Night,0,0,0,140.0
1995-08-12,Oregon,Climb,Small,Unknown bird - small,Day,0,0,0,150.0
1995-08-13,New York,Approach,Large,Canada goose,Night,0,0,0,130.0
1995-08-13,Kentucky,Landing Roll,Medium,Unknown bird - medium,Night,0,0,0,120.0
1995-08-14,South Carolina,Approach,Small,Chimney swift,Day,0,0,0,120.0
1995-08-15,Louisiana,Take-off run,Medium,Unknown bird or bat,Night,0,0,0,145.0
1995-08-15,Texas,Approach,Small,Unknown bird - small,Day,0,0,0,125.0
1995-08-16,Maryland,Approach,Medium,Unknown bird - medium,Day,0,0,0,135.0
1995-08-16,Kentucky,Approach,Small,Unknown bird - small,Day,0,0,0,160.0
1995-08-16,Indiana,Climb,Small,Unknown bird - small,Day,0,0,0,140.0
1995-08-16,Kentucky,Take-off run,Small,Eastern meadowlark,Day,0,0,0,140.0
1995-08-17,California,Approach,Large,Canada goose,Day,0,0,0,130.0
1995-08-17,Illinois,Approach,Small,Unknown bird - small,Day,0,0,0,140.0
1995-08-17,Indiana,Landing Roll,Small,European starling,Day,0,0,0,100.0
1995-08-18,Illinois,Take-off run,Small,American kestrel,Day,0,0,0,140.0
1995-08-19,North Carolina,Climb,Small,Rock pigeon,Day,0,0,0,110.0
1995-08-21,Missouri,Descent,Large,Unknown bird - large,Day,0,0,0,280.0
1995-08-22,Washington,Approach,Large,Canada goose,Dusk,0,76232,76232,140.0
1995-08-22,Louisiana,Approach,Medium,Unknown bird or bat,Day,0,0,0,140.0
1995-08-22,Texas,Descent,Medium,Unknown bird - medium,Day,0,0,0,250.0
1995-08-22,Pennsylvania,Climb,Medium,Unknown bird - medium,Night,0,0,0,170.0
1995-08-23,Maryland,Approach,Medium,Unknown bird - medium,Day,0,0,0,120.0
1995-08-23,New York,Take-off run,Small,Mourning dove,Day,0,0,0,140.0
1995-08-23,Pennsylvania,Take-off run,Small,European starling,Night,0,0,0,110.0
1995-08-24,DC,Parked,Medium,Unknown bird - medium,Day,0,2199,2199,140.0
1995-08-25,South Carolina,Climb,Medium,Unknown bird or bat,Day,0,0,0,140.0
1995-08-25,New York,Landing Roll,Medium,American crow,Day,0,0,0,110.0
1995-08-25,Louisiana,Approach,Medium,Unknown bird or bat,Night,0,0,0,138.0
1995-08-25,Georgia,Approach,Small,Unknown bird - small,Day,0,0,0,135.0
1995-08-25,Nebraska,Landing Roll,Small,Unknown bird - small,Day,0,0,0,140.0
1995-08-25,Texas,Landing Roll,Small,Unknown bird - small,Day,0,0,0,140.0
1995-08-27,New York,Landing Roll,Small,Mourning dove,Day,0,0,0,140.0
1995-08-27,Colorado,Landing Roll,Small,Unknown bird - small,Dusk,0,0,0,140.0
1995-08-27,California,Take-off run,Small,Unknown bird - small,Dusk,0,0,0,140.0
1995-08-28,DC,Approach,Medium,Unknown bird - medium,Day,0,0,0,160.0
1995-08-28,Texas,Descent,Medium,Unknown bird - medium,Night,0,0,0,250.0
1995-08-28,Ohio,Approach,Small,Unknown bird - small,Day,0,0,0,140.0
1995-08-28,Texas,Approach,Small,Unknown bird - small,Day,0,0,0,140.0
1995-08-29,DC,Approach,Medium,Unknown bird - medium,Night,0,0,0,230.0
1995-08-29,Pennsylvania,Descent,Small,Unknown bird - small,Day,0,0,0,180.0
1995-08-29,California,Landing Roll,Small,American kestrel,Day,0,0,0,140.0
1995-08-29,Texas,Approach,Small,Unknown bird - small,Dusk,0,0,0,140.0
1995-08-31,Georgia,Take-off run,Medium,Unknown bird - medium,Day,0,0,0,180.0
1995-08-31,North Carolina,Approach,Small,Unknown bird - small,Night,0,0,0,130.0
1995-08-31,Kentucky,Descent,Small,Unknown bird - small,Night,0,0,0,310.0
1995-09-01,Missouri,Approach,Medium,Unknown bird - medium,Day,0,0,0,170.0
1995-09-01,Missouri,Landing Roll,Medium,Unknown bird - medium,Night,0,0,0,140.0
1995-09-01,Kentucky,Approach,Small,Unknown bird - small,Night,0,0,0,210.0
1995-09-02,North Carolina,Climb,Small,Unknown bird - small,Day,0,0,0,230.0
1995-09-02,Tennessee,Approach,Small,Unknown bird - small,Night,0,0,0,135.0
1995-09-03,North Carolina,Descent,Medium,Unknown bird - medium,Day,0,0,0,210.0
1995-09-04,California,Approach,Medium,Unknown bird - medium,Night,0,0,0,130.0
1995-09-05,Texas,Approach,Medium,Unknown bird - medium,Day,0,0,0,140.0
1995-09-05,Massachusetts,Climb,Small,Unknown bird - small,Day,0,0,0,249.0
1995-09-05,California,Approach,Small,Unknown bird - small,Night,0,0,0,210.0
1995-09-06,California,Approach,Medium,Unknown bird - medium,Day,0,0,0,148.0
1995-09-06,Indiana,Take-off run,Small,Unknown bird - small,Day,0,0,0,140.0
1995-09-07,Illinois,Climb,Medium,Unknown bird - medium,Day,0,0,0,150.0
1995-09-07,Utah,Climb,Medium,Unknown bird - medium,Night,0,0,0,140.0
1995-09-07,Kentucky,Approach,Small,Unknown bird - small,Day,0,0,0,110.0
1995-09-08,Texas,Approach,Medium,Unknown bird - medium,Day,0,0,0,140.0
1995-09-08,Missouri,Take-off run,Medium,Unknown bird or bat,Day,0,0,0,120.0
1995-09-08,Illinois,Climb,Small,Unknown bird - small,Day,0,0,0,220.0
1995-09-08,Kentucky,Take-off run,Small,Unknown bird - small,Day,0,0,0,114.0
1995-09-09,Illinois,Take-off run,Medium,Unknown bird - medium,Day,0,0,0,90.0
1995-09-09,Kentucky,Climb,Small,Unknown bird - small,Day,0,0,0,140.0
1995-09-09,Missouri,Approach,Small,Unknown bird - small,Day,0,0,0,130.0
1995-09-09,Ohio,Approach,Small,Unknown bird - small,Night,0,0,0,120.0
1995-09-10,Tennessee,Climb,Medium,Unknown bird - medium,Day,0,0,0,240.0
1995-09-10,Texas,Climb,Medium,Unknown bird - medium,Night,0,0,0,245.0
1995-09-11,DC,Descent,Large,Unknown bird - large,Night,0,0,0,140.0
1995-09-11,North Carolina,Approach,Small,Unknown bird - small,Day,0,0,0,140.0
1995-09-12,Nebraska,Take-off run,Medium,Unknown bird - medium,Day,0,0,0,140.0
1995-09-13,California,Approach,Medium,Unknown bird - medium,Day,0,0,0,130.0
1995-09-13,Tennessee,Take-off run,Medium,Mallard,Day,0,0,0,140.0
1995-09-13,Minnesota,Approach,Medium,Unknown bird - medium,Night,0,0,0,120.0
1995-09-13,North Carolina,Approach,Medium,Unknown bird - medium,Night,0,0,0,140.0
1995-09-13,Illinois,Climb,Medium,Unknown bird - medium,Night,0,0,0,160.0
1995-09-13,Ohio,Climb,Small,Mourning dove,Day,0,0,0,140.0
1995-09-14,DC,Approach,Large,Canada goose,Night,0,0,0,140.0
1995-09-14,Oklahoma,Approach,Medium,Unknown bird - medium,Night,0,0,0,150.0
1995-09-14,Ohio,Climb,Small,Unknown bird - small,Day,0,0,0,140.0
1995-09-14,Indiana,Landing Roll,Small,Unknown bird - small,Day,0,0,0,130.0
1995-09-14,Illinois,Climb,Small,Unknown bird - small,Night,0,0,0,250.0
1995-09-16,New York,Landing Roll,Medium,Herring gull,Day,0,0,0,127.0
1995-09-17,Missouri,Climb,Large,Canada goose,Night,0,0,0,210.0
1995-09-17,New York,Take-off run,Medium,Herring gull,Day,0,0,0,140.0
1995-09-17,Georgia,Climb,Small,Unknown bird - small,Dawn,0,0,0,180.0
1995-09-18,Texas,Approach,Medium,Unknown bird - medium,Dawn,0,0,0,140.0
1995-09-19,New York,Landing Roll,Large,Canada goose,Night,762315,3049261,3811576,125.0
1995-09-19,New Jersey,Approach,Medium,Unknown bird - medium,Night,0,0,0,250.0
1995-09-19,Illinois,Approach,Small,Unknown bird - small,Night,0,0,0,210.0
1995-09-20,North Carolina,Approach,Small,Unknown bird - small,Night,0,0,0,130.0
1995-09-21,Louisiana,Approach,Medium,Unknown bird or bat,Day,0,0,0,140.0
1995-09-21,Texas,Take-off run,Small,Unknown bird - small,Dawn,0,0,0,135.0
1995-09-21,Tennessee,Approach,Small,Unknown bird - small,Day,0,0,0,130.0
1995-09-22,Oklahoma,Landing Roll,Medium,Unknown bird or bat,Day,0,0,0,150.0
1995-09-22,Kentucky,Approach,Small,European starling,Day,0,0,0,114.0
1995-09-22,Oregon,Climb,Small,Barn swallow,Day,0,0,0,230.0
1995-09-22,Oregon,Climb,Small,Common nighthawk,Day,0,0,0,230.0
1995-09-22,California,Take-off run,Small,Unknown bird - small,Day,0,0,0,140.0
1995-09-22,Pennsylvania,Take-off run,Small,Unknown bird - small,Day,0,0,0,80.0
1995-09-22,North Carolina,Approach,Small,Unknown bird - small,Night,0,0,0,150.0
1995-09-23,Oregon,Take-off run,Large,Unknown bird - large,Day,0,0,0,55.0
1995-09-23,California,Take-off run,Medium,Unknown bird - medium,Day,0,0,0,140.0
1995-09-23,California,Approach,Small,Unknown bird - small,Day,0,0,0,125.0
1995-09-23,Texas,Approach,Small,Unknown bird - small,Day,0,0,0,140.0
1995-09-23,Missouri,Climb,Small,Unknown bird - small,Day,0,0,0,135.0
1995-09-24,Pennsylvania,Approach,Small,Unknown bird - small,Day,0,0,0,140.0
1995-09-24,California,Take-off run,Small,Unknown bird - small,Day,0,0,0,140.0
1995-09-25,Missouri,Climb,Medium,Unknown bird - medium,Day,0,0,0,150.0
1995-09-25,New Jersey,Approach,Medium,Mallard,Night,0,0,0,100.0
1995-09-25,Maryland,Take-off run,Small,Rock pigeon,Day,0,0,0,90.0
1995-09-25,Texas,Approach,Small,Unknown bird - small,Day,0,0,0,140.0
1995-09-25,DC,Climb,Small,Unknown bird - small,Day,0,0,0,165.0
1995-09-25,Nebraska,Landing Roll,Small,Unknown bird - small,Day,0,0,0,130.0
1995-09-25,California,Landing Roll,Small,Unknown bird - small,Night,0,0,0,140.0
1995-09-26,DC,Approach,Medium,Unknown bird - medium,Day,0,0,0,130.0
1995-09-26,Texas,Approach,Medium,Unknown bird - medium,Day,0,0,0,140.0
1995-09-26,DC,Climb,Medium,Unknown bird - medium,Night,0,0,0,250.0
1995-09-26,Ohio,Approach,Small,Unknown bird - small,Night,0,0,0,130.0
1995-09-27,North Carolina,Descent,Medium,Unknown bird - medium,Night,0,0,0,250.0
1995-09-27,Hawaii,Landing Roll,Small,Pacific golden-plover,Dusk,0,0,0,140.0
1995-09-28,New York,Climb,Large,Unknown bird - large,Day,0,0,0,145.0
1995-09-28,California,Take-off run,Medium,Unknown bird - medium,Dawn,0,0,0,140.0
1995-09-28,Pennsylvania,Approach,Medium,Unknown bird - medium,Day,0,0,0,140.0
1995-09-28,New York,Approach,Medium,Unknown bird - medium,Night,0,0,0,130.0
1995-09-28,Pennsylvania,Approach,Medium,Unknown bird - medium,Night,0,0,0,210.0
1995-09-28,Massachusetts,Climb,Medium,Unknown bird - medium,Night,0,0,0,210.0
1995-09-28,North Carolina,Approach,Small,Mourning dove,Day,0,0,0,110.0
1995-09-28,Pennsylvania,Descent,Small,Unknown bird - small,Day,0,0,0,250.0
1995-09-28,New York,Approach,Small,Unknown bird - small,Night,0,0,0,220.0
1995-09-29,New York,Take-off run,Medium,Herring gull,Day,0,0,0,140.0
1995-09-29,Illinois,Landing Roll,Small,Unknown bird - small,Day,0,0,0,140.0
1995-09-29,Indiana,Take-off run,Small,Unknown bird - small,Day,0,0,0,140.0
1995-09-30,Ohio,Approach,Large,Canada goose,Day,0,0,0,210.0
1995-09-30,Texas,Take-off run,Medium,Unknown bird - medium,Day,0,0,0,137.0
1995-09-30,Florida,Descent,Medium,Unknown bird - medium,Night,0,0,0,300.0
1995-09-30,New York,Landing Roll,Small,Tree swallow,Day,0,0,0,140.0
1995-09-30,Pennsylvania,Climb,Small,Unknown bird - small,Dusk,0,0,0,130.0
1995-10-01,Utah,Approach,Medium,Unknown bird - medium,Night,0,0,0,140.0
1995-10-01,Missouri,Approach,Medium,Unknown bird - medium,Night,0,0,0,280.0
1995-10-01,Illinois,Descent,Medium,Unknown bird - medium,Night,0,0,0,210.0
1995-10-01,New York,Approach,Small,Tree swallow,Day,0,0,0,140.0
1995-10-01,North Carolina,Landing Roll,Small,Unknown bird - small,Dusk,0,0,0,140.0
1995-10-01,Missouri,Climb,Small,Unknown bird - small,Night,0,0,0,135.0
1995-10-02,California,Approach,Large,Unknown bird - large,Night,0,0,0,170.0
1995-10-02,New Jersey,Approach,Medium,Unknown bird - medium,Day,0,0,0,140.0
1995-10-02,Illinois,Approach,Medium,Unknown bird - medium,Night,0,0,0,170.0
1995-10-02,Kentucky,Approach,Medium,Unknown bird - medium,Night,0,0,0,122.0
1995-10-02,Kentucky,Take-off run,Medium,Unknown bird - medium,Night,0,0,0,140.0
1995-10-02,Louisiana,Approach,Small,Unknown bird - small,Day,0,0,0,100.0
1995-10-03,Texas,Approach,Medium,Unknown bird - medium,Night,0,0,0,200.0
1995-10-03,Texas,Approach,Small,Unknown bird - small,Day,0,0,0,140.0
1995-10-04,North Carolina,Approach,Small,Unknown bird - small,Day,0,0,0,135.0
1995-10-05,North Carolina,Approach,Small,Unknown bird - small,Day,0,0,0,140.0
1995-10-05,California,Approach,Small,Unknown bird - small,Night,0,0,0,140.0
1995-10-05,Texas,Approach,Small,Unknown bird - small,Night,0,0,0,145.0
1995-10-06,New York,Take-off run,Medium,Ring-billed gull,Day,0,0,0,140.0
1995-10-06,New Jersey,Climb,Small,Unknown bird - small,Dawn,0,0,0,140.0
1995-10-06,Maryland,Take-off run,Small,Rock pigeon,Day,0,0,0,110.0
1995-10-06,Maryland,Take-off run,Small,Rock pigeon,Day,0,0,0,140.0
1995-10-06,Tennessee,Climb,Small,Unknown bird - small,Night,0,0,0,210.0
1995-10-07,Maryland,Landing Roll,Large,White-tailed deer,Day,0,0,0,140.0
1995-10-07,Illinois,Approach,Medium,Unknown bird - medium,Day,0,0,0,139.0
1995-10-07,Maryland,Approach,Medium,Unknown bird - medium,Night,0,0,0,140.0
1995-10-07,Tennessee,Approach,Medium,Unknown bird - medium,Night,0,0,0,200.0
1995-10-07,Kentucky,Climb,Small,European starling,Day,0,0,0,230.0
1995-10-07,Georgia,Approach,Small,Unknown bird - small,Night,0,0,0,240.0
1995-10-08,North Carolina,Climb,Medium,Unknown bird - medium,Night,0,0,0,140.0
1995-10-08,Illinois,Approach,Small,Unknown bird - small,Day,6099,4574,10673,120.0
1995-10-08,Texas,Approach,Small,Unknown bird - small,Day,0,0,0,135.0
1995-10-09,Texas,Climb,Medium,Unknown bird - medium,Night,0,0,0,135.0
1995-10-10,California,Climb,Large,Unknown bird - large,Dusk,4574,1524631,1529205,195.0
1995-10-10,South Carolina,Approach,Medium,Unknown bird or bat,Day,0,0,0,130.0
1995-10-10,Ohio,Descent,Medium,Unknown bird - medium,Day,0,0,0,250.0
1995-10-10,Utah,Approach,Medium,Unknown bird - medium,Night,0,0,0,120.0
1995-10-10,Texas,Landing Roll,Small,Unknown bird - small,Day,0,0,0,140.0
1995-10-11,Louisiana,Descent,Large,Unknown bird - large,Day,0,0,0,310.0
1995-10-11,DC,Approach,Small,Chimney swift,Day,0,0,0,140.0
1995-10-11,New Jersey,Approach,Small,Unknown bird - small,Night,0,0,0,200.0
1995-10-12,South Carolina,Take-off run,Medium,Unknown bird - medium,Day,0,0,0,95.0
1995-10-13,DC,Descent,Small,Unknown bird - small,Dawn,0,0,0,210.0
1995-10-14,Texas,Approach,Medium,Unknown bird - medium,Day,0,0,0,140.0
1995-10-14,Texas,Approach,Small,Unknown bird - small,Dawn,0,0,0,130.0
1995-10-14,Georgia,Approach,Small,Unknown bird - small,Day,0,0,0,160.0
1995-10-14,Missouri,Approach,Small,Unknown bird - small,Day,0,0,0,130.0
1995-10-14,North Carolina,Climb,Small,Unknown bird - small,Day,0,0,0,200.0
1995-10-16,Maryland,Landing Roll,Large,White-tailed deer,Night,0,0,0,140.0
1995-10-16,Florida,Climb,Medium,Unknown bird - medium,Day,0,0,0,250.0
1995-10-16,Kentucky,Take-off run,Small,Unknown bird - small,Day,0,0,0,120.0
1995-10-16,California,Approach,Small,Unknown bird - small,Night,0,0,0,230.0
1995-10-17,Kentucky,Approach,Medium,Unknown bird - medium,Day,0,0,0,120.0
1995-10-17,New Jersey,Approach,Medium,Unknown bird - medium,Night,0,0,0,220.0
1995-10-17,New York,Climb,Medium,Unknown bird - medium,Night,0,0,0,140.0
1995-10-17,New Jersey,Descent,Medium,Unknown bird - medium,Night,0,0,0,210.0
1995-10-17,Kentucky,Approach,Small,Unknown bird - small,Day,0,0,0,120.0
1995-10-18,Kentucky,Approach,Large,Unknown bird - large,Day,0,0,0,120.0
1995-10-18,Texas,Approach,Medium,Unknown bird - medium,Night,0,0,0,140.0
1995-10-19,Florida,Approach,Large,Unknown bird - large,Night,0,0,0,135.0
1995-10-19,Massachusetts,Approach,Small,Unknown bird - small,Night,0,0,0,155.0
1995-10-19,New Jersey,Approach,Small,Unknown bird - small,Night,0,0,0,180.0
1995-10-19,Hawaii,Landing Roll,Small,Unknown bird - small,Night,0,0,0,130.0
1995-10-20,Hawaii,Landing Roll,Small,Unknown bird - small,Day,0,0,0,140.0
1995-10-20,Hawaii,Take-off run,Small,Unknown bird - small,Day,0,0,0,140.0
1995-10-21,New York,Climb,Medium,Unknown bird - medium,Night,0,0,0,160.0
1995-10-21,New York,Approach,Small,Unknown bird - small,Night,0,0,0,135.0
1995-10-22,Pennsylvania,Approach,Small,Unknown bird - small,Day,0,0,0,140.0
1995-10-24,Washington,Approach,Small,Unknown bird - small,Day,0,0,0,140.0
1995-10-25,Pennsylvania,Approach,Large,Canada goose,Dawn,0,0,0,210.0
1995-10-25,New Jersey,Approach,Medium,Unknown bird - medium,Night,0,0,0,140.0
1995-10-25,New Jersey,Approach,Medium,Unknown bird - medium,Night,0,0,0,250.0
1995-10-25,New Jersey,Descent,Medium,Unknown bird - medium,Night,0,0,0,240.0
1995-10-25,New Jersey,Approach,Small,Unknown bird - small,Night,0,0,0,145.0
1995-10-25,New Jersey,Approach,Small,Unknown bird - small,Night,0,0,0,200.0
1995-10-25,Pennsylvania,Approach,Small,Unknown bird - small,Night,0,0,0,180.0
1995-10-25,Pennsylvania,Approach,Small,Unknown bird - small,Night,0,0,0,210.0
1995-10-25,Pennsylvania,Climb,Small,Unknown bird - small,Night,0,0,0,140.0
1995-10-25,New Jersey,Descent,Small,Unknown bird - small,Night,0,0,0,170.0
1995-10-26,Louisiana,Approach,Medium,Unknown bird or bat,Night,0,0,0,150.0
1995-10-26,New Jersey,Approach,Medium,Unknown bird - medium,Night,0,0,0,200.0
1995-10-26,Pennsylvania,Approach,Medium,Unknown bird - medium,Night,0,0,0,190.0
1995-10-26,Pennsylvania,Descent,Medium,Unknown bird - medium,Night,0,0,0,250.0
1995-10-26,South Carolina,Descent,Medium,Unknown bird - medium,Night,0,0,0,250.0
1995-10-26,New Jersey,Approach,Small,Unknown bird - small,Night,0,0,0,200.0
1995-10-27,Maryland,Climb,Large,Unknown bird - large,Day,0,0,0,140.0
1995-10-27,Arizona,Landing Roll,Medium,Unknown bird - medium,Day,0,0,0,140.0
1995-10-27,Florida,Landing Roll,Medium,Red-tailed hawk,Day,0,0,0,140.0
1995-10-27,Texas,Landing Roll,Medium,Unknown bird - medium,Day,0,0,0,137.0
1995-10-27,Texas,Take-off run,Medium,Unknown bird - medium,Day,0,0,0,140.0
1995-10-27,Nebraska,Approach,Medium,Unknown bird - medium,Night,0,0,0,210.0
1995-10-27,Texas,Climb,Medium,Unknown bird - medium,Night,0,0,0,140.0
1995-10-27,California,Climb,Small,Unknown bird - small,Night,0,0,0,200.0
1995-10-28,Pennsylvania,Descent,Medium,Unknown bird - medium,Dusk,0,0,0,250.0
1995-10-28,Utah,Approach,Medium,Unknown bird - medium,Night,0,0,0,140.0
1995-10-28,Kentucky,Landing Roll,Small,Unknown bird - small,Day,0,0,0,125.0
1995-10-28,DC,Climb,Small,Unknown bird - small,Night,0,0,0,200.0
1995-10-29,DC,Approach,Medium,Unknown bird - medium,Night,0,0,0,170.0
1995-10-29,Pennsylvania,Approach,Small,Unknown bird - small,Day,0,0,0,140.0
1995-10-30,California,Take-off run,Medium,Unknown bird - medium,Day,0,0,0,135.0
1995-10-30,Kentucky,Take-off run,Small,European starling,Day,0,0,0,140.0
1995-10-31,Oregon,Landing Roll,Medium,American crow,Day,0,0,0,140.0
1995-10-31,North Carolina,Climb,Small,Rock pigeon,Day,0,0,0,150.0
1995-11-01,Utah,Approach,Large,Unknown bird - large,Night,0,0,0,190.0
1995-11-01,California,Landing Roll,Small,Rock pigeon,Day,0,0,0,140.0
1995-11-01,Washington,Approach,Small,Unknown bird - small,Night,0,0,0,140.0
1995-11-02,Oregon,Approach,Medium,Unknown bird - medium,Night,0,0,0,140.0
1995-11-02,North Carolina,Approach,Small,Rock pigeon,Day,0,152,152,120.0
1995-11-02,California,Landing Roll,Small,Mourning dove,Day,0,0,0,100.0
1995-11-02,New Jersey,Landing Roll,Small,Rock pigeon,Day,0,0,0,100.0
1995-11-02,New Jersey,Take-off run,Small,Rock pigeon,Day,0,0,0,140.0
1995-11-02,Washington,Approach,Small,Unknown bird - small,Dusk,0,0,0,140.0
1995-11-03,Massachusetts,Take-off run,Medium,Unknown bird - medium,Day,0,0,0,140.0
1995-11-03,California,Descent,Medium,Unknown bird - medium,Night,0,0,0,210.0
1995-11-03,New York,Approach,Small,Rock pigeon,Day,0,0,0,135.0
1995-11-04,California,Take-off run,Medium,Unknown bird - medium,Dawn,0,0,0,140.0
1995-11-04,Massachusetts,Landing Roll,Medium,Unknown bird - medium,Day,0,0,0,140.0
1995-11-04,Pennsylvania,Approach,Medium,Unknown bird - medium,Night,0,0,0,140.0
1995-11-04,Tennessee,Climb,Medium,Unknown bird - medium,Night,0,0,0,200.0
1995-11-04,Pennsylvania,Take-off run,Medium,Unknown bird - medium,Night,0,0,0,140.0
1995-11-05,Florida,Landing Roll,Medium,Unknown bird - medium,Day,0,0,0,80.0
1995-11-05,Pennsylvania,Approach,Medium,Unknown bird - medium,Night,0,0,0,140.0
1995-11-05,California,Climb,Small,Unknown bird - small,Day,0,0,0,160.0
1995-11-05,Pennsylvania,Climb,Small,Unknown bird - small,Night,0,0,0,200.0
1995-11-06,DC,Climb,Medium,Unknown bird - medium,Night,0,0,0,250.0
1995-11-06,Maryland,Approach,Small,Unknown bird - small,Night,0,0,0,100.0
1995-11-06,New Jersey,Approach,Small,Unknown bird - small,Night,0,0,0,140.0
1995-11-07,Louisiana,Landing Roll,Medium,Unknown bird - medium,Night,0,0,0,135.0
1995-11-07,Kentucky,Landing Roll,Small,European starling,Day,0,0,0,120.0
1995-11-07,Tennessee,Approach,Small,Unknown bird - small,Night,0,0,0,140.0
1995-11-08,Illinois,Approach,Large,Canada goose,Day,0,0,0,140.0
1995-11-08,Pennsylvania,Climb,Large,Unknown bird - large,Night,0,0,0,210.0
1995-11-09,New Jersey,Take-off run,Medium,Unknown bird - medium,Day,0,0,0,140.0
1995-11-09,California,Climb,Medium,Unknown bird - medium,Night,0,0,0,140.0
1995-11-09,Illinois,Climb,Small,Unknown bird - small,Dusk,0,0,0,170.0
1995-11-09,Maryland,Climb,Small,Unknown bird - small,Night,0,0,0,160.0
1995-11-10,Texas,Climb,Small,Unknown bird - small,Day,0,0,0,210.0
1995-11-11,Illinois,Approach,Large,Unknown bird - large,Day,0,0,0,140.0
1995-11-11,Texas,Landing Roll,Medium,Unknown bird - medium,Dusk,0,0,0,140.0
1995-11-12,Texas,Take-off run,Medium,Unknown bird - medium,Day,0,0,0,145.0
1995-11-13,Oregon,Approach,Medium,Unknown bird - medium,Night,0,0,0,210.0
1995-11-13,Colorado,Approach,Small,Unknown bird - small,Night,0,0,0,140.0
1995-11-13,Texas,Climb,Small,Unknown bird - small,Night,0,0,0,240.0
1995-11-16,Tennessee,Approach,Medium,Unknown bird - medium,Dawn,0,0,0,200.0
1995-11-16,North Carolina,Approach,Medium,Unknown bird - medium,Day,0,0,0,130.0
1995-11-16,Hawaii,Take-off run,Medium,Unknown bird - medium,Day,0,0,0,140.0
1995-11-16,Texas,Approach,Medium,Unknown bird - medium,Night,0,0,0,180.0
1995-11-17,Maryland,Descent,Medium,Unknown bird - medium,Night,0,0,0,150.0
1995-11-18,Tennessee,Climb,Medium,Unknown bird - medium,Night,0,0,0,250.0
1995-11-18,Texas,Take-off run,Small,Unknown bird - small,Day,0,0,0,100.0
1995-11-18,South Carolina,Landing Roll,Small,Unknown bird - small,Day,0,0,0,110.0
1995-11-18,Tennessee,Take-off run,Small,Unknown bird - small,Day,0,0,0,120.0
1995-11-18,Massachusetts,Take-off run,Small,Unknown bird - small,Dusk,0,0,0,135.0
1995-11-19,Maryland,Landing Roll,Large,White-tailed deer,Night,0,0,0,140.0
1995-11-21,North Carolina,Landing Roll,Small,Unknown bird - small,Dusk,0,0,0,90.0
1995-11-22,Utah,Take-off run,Large,Unknown bird - large,Day,0,0,0,140.0
1995-11-23,Hawaii,Approach,Small,Unknown bird - small,Day,0,0,0,150.0
1995-11-24,Tennessee,Take-off run,Medium,Unknown bird - medium,Night,0,0,0,140.0
1995-11-24,Pennsylvania,Climb,Small,Unknown bird - small,Day,0,0,0,170.0
1995-11-25,Oregon,Take-off run,Medium,Unknown bird - medium,Day,0,0,0,140.0
1995-11-27,North Carolina,Take-off run,Medium,Unknown bird - medium,Day,0,0,0,145.0
1995-11-30,Arizona,Approach,Medium,Unknown bird - medium,Day,0,0,0,135.0
1995-11-30,Tennessee,Climb,Small,Unknown bird - small,Dawn,0,0,0,150.0
1995-12-02,Hawaii,Take-off run,Small,Unknown bird - small,Night,0,0,0,132.0
1995-12-05,South Carolina,Approach,Medium,Unknown bird or bat,Day,0,0,0,130.0
1995-12-06,California,Approach,Medium,Unknown bird - medium,Night,0,0,0,90.0
1995-12-06,Texas,Approach,Small,Unknown bird - small,Day,0,0,0,135.0
1995-12-07,California,Approach,Medium,Unknown bird - medium,Night,0,0,0,140.0
1995-12-09,California,Approach,Medium,Unknown bird - medium,Day,0,0,0,140.0
1995-12-09,Louisiana,Approach,Medium,Unknown bird - medium,Day,0,0,0,141.0
1995-12-09,Tennessee,Climb,Small,Unknown bird - small,Day,0,0,0,160.0
1995-12-10,Illinois,Approach,Large,Canada goose,Night,0,0,0,210.0
1995-12-10,New York,Approach,Large,Unknown bird - large,Night,0,0,0,140.0
1995-12-10,North Carolina,Landing Roll,Medium,Unknown bird - medium,Night,0,0,0,100.0
1995-12-12,Georgia,Approach,Medium,Unknown bird - medium,Day,0,0,0,140.0
1995-12-12,Washington,Take-off run,Medium,Unknown bird - medium,Day,0,0,0,140.0
1995-12-13,Washington,Approach,Large,Canada goose,Night,0,0,0,145.0
1995-12-14,North Carolina,Approach,Small,Unknown bird - small,Dusk,0,0,0,130.0
1995-12-16,New York,Climb,Medium,Unknown bird - medium,Day,0,0,0,150.0
1995-12-16,California,Approach,Small,Unknown bird - small,Night,0,0,0,220.0
1995-12-16,Louisiana,Take-off run,Small,Unknown bird - small,Night,0,0,0,140.0
1995-12-18,California,Approach,Large,Canada goose,Day,0,0,0,160.0
1995-12-18,Georgia,Landing Roll,Medium,Unknown bird - medium,Dawn,0,0,0,120.0
1995-12-18,Tennessee,Approach,Small,European starling,Day,0,0,0,132.0
1995-12-19,Tennessee,Take-off run,Small,Unknown bird - small,Day,0,0,0,140.0
1995-12-19,Louisiana,Landing Roll,Small,Killdeer,Night,0,0,0,140.0
1995-12-19,Louisiana,Landing Roll,Small,Unknown bird - small,Night,0,0,0,140.0
1995-12-20,California,Take-off run,Small,Rock pigeon,Day,0,457389,457389,90.0
1995-12-21,New York,Climb,Medium,Herring gull,Day,0,0,0,140.0
1995-12-22,Hawaii,Take-off run,Small,Unknown bird - small,Day,0,0,0,130.0
1995-12-24,Hawaii,Take-off run,Medium,Unknown bird - medium,Day,0,0,0,130.0
1995-12-24,California,Approach,Medium,Unknown bird - medium,Night,0,0,0,135.0
1995-12-26,California,Climb,Large,Unknown bird - large,Dawn,0,0,0,160.0
1995-12-28,Maryland,Landing Roll,Large,White-tailed deer,Night,0,0,0,140.0
1995-12-28,Illinois,Approach,Medium,Unknown bird - medium,Day,0,0,0,140.0
1995-12-29,California,Approach,Medium,Unknown bird - medium,Day,0,0,0,140.0
1995-12-30,California,Approach,Medium,Unknown bird - medium,Night,0,0,0,140.0
1995-12-30,Pennsylvania,Climb,Small,Unknown bird - small,Day,0,0,0,160.0
1995-12-31,California,Approach,Large,Unknown bird - large,Day,0,0,0,140.0
1995-12-31,DC,Approach,Small,Unknown bird - small,Night,0,0,0,180.0
1996-01-02,Hawaii,Climb,Medium,Unknown bird - medium,Day,1856,2970,4826,80.0
1996-01-02,California,Approach,Medium,Unknown bird - medium,Night,0,0,0,210.0
1996-01-02,Hawaii,Climb,Small,Unknown bird - small,Night,0,0,0,180.0
1996-01-03,Texas,Approach,Large,Unknown bird - large,Day,0,0,0,140.0
1996-01-03,Arizona,Approach,Medium,Mallard,Night,0,0,0,135.0
1996-01-03,Hawaii,Approach,Small,Unknown bird - small,Day,0,0,0,120.0
1996-01-04,Georgia,Approach,Large,Unknown bird - large,Day,0,0,0,140.0
1996-01-05,Tennessee,Approach,Medium,Unknown bird - medium,Night,0,0,0,150.0
1996-01-05,Tennessee,Climb,Small,European starling,Dawn,0,0,0,155.0
1996-01-08,California,Approach,Medium,Unknown bird - medium,Night,0,0,0,130.0
1996-01-09,Tennessee,Approach,Medium,Unknown bird - medium,Day,0,0,0,140.0
1996-01-09,Texas,Approach,Medium,Unknown bird - medium,Night,0,0,0,140.0
1996-01-09,Tennessee,Approach,Small,Unknown bird - small,Day,0,0,0,100.0
1996-01-10,Tennessee,Take-off run,Medium,Unknown bird - medium,Night,0,0,0,80.0
1996-01-11,Tennessee,Approach,Medium,Unknown bird - medium,Day,0,0,0,140.0
1996-01-11,Tennessee,Approach,Medium,Unknown bird - medium,Day,0,0,0,130.0
1996-01-11,Tennessee,Approach,Small,Unknown bird - small,Dawn,0,0,0,140.0
1996-01-12,Illinois,Approach,Medium,Unknown bird - medium,Day,0,0,0,140.0
1996-01-13,Tennessee,Climb,Small,European starling,Dawn,0,0,0,180.0
1996-01-14,Colorado,Landing Roll,Medium,Unknown bird - medium,Night,0,0,0,140.0
1996-01-14,Tennessee,Approach,Small,Unknown bird - small,Dawn,0,0,0,135.0
1996-01-17,New Jersey,Take-off run,Medium,Unknown bird - medium,Day,0,0,0,140.0
1996-01-17,Tennessee,Approach,Small,European starling,Dawn,0,0,0,125.0
1996-01-19,Tennessee,Climb,Medium,Unknown bird - medium,Dawn,0,0,0,150.0
1996-01-19,New York,Climb,Medium,Unknown bird - medium,Day,0,0,0,140.0
1996-01-19,Illinois,Approach,Medium,Unknown bird - medium,Day,0,0,0,132.0
1996-01-19,DC,Approach,Medium,Unknown bird - medium,Night,0,0,0,122.0
1996-01-19,Tennessee,Approach,Small,Unknown bird - small,Dawn,0,0,0,110.0
1996-01-23,Texas,Take-off run,Small,Eastern meadowlark,Day,0,0,0,100.0
1996-01-24,Tennessee,Climb,Small,Unknown bird - small,Dawn,0,0,0,160.0
1996-01-25,Oklahoma,Take-off run,Large,Coyote,Night,0,0,0,140.0
1996-01-26,Hawaii,Climb,Medium,Unknown bird - medium,Dawn,0,0,0,140.0
1996-01-26,Texas,Take-off run,Medium,Unknown bird - medium,Day,0,0,0,140.0
1996-01-27,DC,Climb,Medium,Ring-billed gull,Day,0,0,0,150.0
1996-01-27,Hawaii,Approach,Small,Unknown bird - small,Day,0,0,0,140.0
1996-01-29,New York,Approach,Medium,Unknown bird - medium,Night,0,0,0,140.0
1996-01-29,Louisiana,Approach,Small,Unknown bird - small,Night,0,0,0,115.0
1996-01-30,Washington,Approach,Medium,Unknown bird - medium,Dawn,0,0,0,140.0
1996-01-30,Illinois,Climb,Medium,Unknown bird - medium,Night,0,0,0,180.0
1996-01-30,Colorado,Approach,Small,Unknown bird - small,Day,0,0,0,190.0
1996-01-30,Hawaii,Climb,Small,Unknown bird - small,Day,0,0,0,130.0
1996-01-31,Massachusetts,Approach,Large,Unknown bird - large,Day,0,0,0,140.0
1996-01-31,Louisiana,Approach,Medium,Unknown bird or bat,Day,0,0,0,145.0
1996-01-31,Pennsylvania,Take-off run,Medium,Unknown bird - medium,Night,0,0,0,120.0
1996-02-04,Illinois,Climb,Medium,Unknown bird - medium,Day,0,0,0,140.0
1996-02-12,DC,Approach,Medium,Ring-billed gull,Night,0,0,0,140.0
1996-02-12,Hawaii,Approach,Small,Unknown bird - small,Day,0,0,0,120.0
1996-02-20,Louisiana,Take-off run,Medium,Unknown bird or bat,Dusk,0,0,0,130.0
1996-02-21,North Carolina,Climb,Medium,Unknown bird - medium,Day,0,0,0,170.0
1996-02-21,California,Take-off run,Medium,Unknown bird or bat,Day,0,0,0,175.0
1996-02-22,Georgia,Landing Roll,Small,Unknown bird - small,Dawn,0,0,0,120.0
1996-02-23,California,Approach,Medium,Unknown bird - medium,Dusk,0,0,0,140.0
1996-02-24,Illinois,Approach,Small,Unknown bird - small,Day,0,0,0,150.0
1996-02-25,Florida,Approach,Large,Unknown bird - large,Day,0,0,0,160.0
1996-02-25,New Jersey,Approach,Large,Canada goose,Night,0,0,0,150.0
1996-02-25,Florida,Descent,Large,Unknown bird - large,Night,0,0,0,220.0
1996-02-26,Louisiana,Climb,Medium,Unknown bird or bat,Dusk,0,0,0,110.0
1996-02-28,DC,Landing Roll,Medium,Ring-billed gull,Day,0,0,0,110.0
1996-02-28,Louisiana,Approach,Medium,Unknown bird or bat,Day,0,0,0,135.0
1996-02-28,Texas,Approach,Medium,Unknown bird - medium,Night,0,0,0,140.0
1996-02-28,California,Climb,Small,Unknown bird - small,Dawn,0,0,0,165.0
1996-03-02,Colorado,Climb,Medium,Red-tailed hawk,Day,0,0,0,160.0
1996-03-02,DC,Take-off run,Medium,Unknown bird - medium,Day,0,0,0,140.0
1996-03-03,California,Approach,Medium,Unknown bird - medium,Night,0,0,0,140.0
1996-03-03,Texas,Climb,Small,Unknown bird - small,Day,0,0,0,210.0
1996-03-04,Georgia,Landing Roll,Small,Unknown bird - small,Night,0,0,0,100.0
1996-03-07,Pennsylvania,Approach,Large,Canada goose,Night,0,0,0,130.0
1996-03-07,DC,Climb,Medium,Unknown bird - medium,Day,0,0,0,140.0
1996-03-07,Tennessee,Approach,Small,Unknown bird - small,Day,0,0,0,140.0
1996-03-07,California,Take-off run,Small,Unknown bird - small,Day,0,0,0,130.0
1996-03-09,Texas,Landing Roll,Medium,Unknown bird - medium,Day,0,0,0,140.0
1996-03-11,California,Climb,Large,Canada goose,Day,0,0,0,180.0
1996-03-11,Texas,Approach,Large,Unknown bird - large,Night,0,0,0,200.0
1996-03-11,Louisiana,Approach,Medium,Unknown bird or bat,Day,0,0,0,166.0
1996-03-11,Hawaii,Take-off run,Medium,Unknown bird - medium,Day,0,0,0,140.0
1996-03-11,Tennessee,Take-off run,Medium,Unknown bird - medium,Night,0,0,0,130.0
1996-03-12,Texas,Approach,Small,Unknown bird - small,Day,0,0,0,140.0
1996-03-13,Florida,Landing Roll,Small,Unknown bird - small,Day,0,0,0,150.0
1996-03-14,Maryland,Approach,Medium,Unknown bird - medium,Day,0,0,0,160.0
1996-03-16,Texas,Approach,Large,Unknown bird - large,Day,0,0,0,140.0
1996-03-16,DC,Take-off run,Medium,Ring-billed gull,Day,0,0,0,128.0
1996-03-17,Georgia,Approach,Large,Canada goose,Day,0,0,0,140.0
1996-03-17,California,Approach,Medium,Unknown bird - medium,Night,0,0,0,140.0
1996-03-20,Pennsylvania,Approach,Medium,Unknown bird - medium,Day,0,0,0,140.0
1996-03-21,Tennessee,Take-off run,Medium,Unknown bird or bat,Dusk,0,0,0,15.0
1996-03-21,Louisiana,Landing Roll,Small,Cattle egret,Day,0,0,0,140.0
1996-03-22,California,Landing Roll,Medium,Red-tailed hawk,Day,0,0,0,110.0
1996-03-22,Texas,Approach,Small,Unknown bird - small,Day,0,0,0,130.0
1996-03-23,Pennsylvania,Landing Roll,Medium,Unknown bird - medium,Dawn,0,0,0,130.0
1996-03-24,Ohio,Approach,Large,Unknown bird - large,Night,0,0,0,250.0
1996-03-24,DC,Approach,Large,Canada goose,Night,0,0,0,170.0
1996-03-24,Pennsylvania,Approach,Small,European starling,Day,0,0,0,140.0
1996-03-26,South Carolina,Approach,Medium,Unknown bird - medium,Night,0,0,0,140.0
1996-03-29,DC,Take-off run,Medium,Ring-billed gull,Day,0,0,0,90.0
1996-03-31,Missouri,Take-off run,Large,Unknown bird - large,Day,0,0,0,128.0
1996-03-31,Utah,Climb,Medium,Unknown bird - medium,Day,0,0,0,140.0
1996-04-01,Colorado,Take-off run,Medium,Unknown bird - medium,Day,0,0,0,140.0
1996-04-01,DC,Take-off run,Medium,Ring-billed gull,Day,0,0,0,140.0
1996-04-02,Texas,Descent,Medium,Unknown bird - medium,Night,0,0,0,210.0
1996-04-03,Texas,Climb,Medium,Unknown bird - medium,Day,0,0,0,250.0
1996-04-03,New York,Take-off run,Medium,Unknown bird - medium,Dusk,0,0,0,140.0
1996-04-03,New Jersey,Approach,Medium,Unknown bird - medium,Night,0,0,0,140.0
1996-04-03,Hawaii,Climb,Small,Unknown bird - small,Dawn,0,0,0,140.0
1996-04-07,Missouri,Take-off run,Small,Unknown bird - small,Day,0,0,0,140.0
1996-04-09,Hawaii,Take-off run,Medium,Unknown bird - medium,Day,0,0,0,140.0
1996-04-11,DC,Climb,Small,Rock pigeon,Dusk,0,0,0,140.0
1996-04-11,Louisiana,Take-off run,Small,Cattle egret,Night,0,0,0,150.0
1996-04-12,Kentucky,Approach,Medium,Unknown bird - medium,Night,0,0,0,140.0
1996-04-13,Florida,Climb,Small,Unknown bird - small,Day,0,0,0,175.0
1996-04-15,Texas,Approach,Large,Unknown bird - large,Night,0,0,0,210.0
1996-04-15,Arizona,Landing Roll,Medium,Unknown bird - medium,Day,0,0,0,140.0
1996-04-15,Arizona,Descent,Small,Unknown bird - small,Night,0,0,0,210.0
1996-04-16,DC,Climb,Small,Unknown bird - small,Day,0,0,0,160.0
1996-04-17,Louisiana,Approach,Medium,Unknown bird or bat,Day,0,0,0,150.0
1996-04-17,Oregon,Landing Roll,Medium,Unknown bird - medium,Night,0,0,0,120.0
1996-04-17,Texas,Approach,Small,Unknown bird - small,Day,0,0,0,140.0
1996-04-18,Louisiana,Take-off run,Medium,Unknown bird - medium,Dawn,0,0,0,140.0
1996-04-19,Texas,Take-off run,Medium,Unknown bird - medium,Day,0,0,0,140.0
1996-04-21,North Carolina,Approach,Small,Unknown bird - small,Day,0,0,0,130.0
1996-04-21,Illinois,Take-off run,Small,Savannah sparrow,Day,0,0,0,140.0
1996-04-21,Georgia,Approach,Small,Unknown bird - small,Night,0,0,0,185.0
1996-04-22,Kentucky,Approach,Medium,Unknown bird - medium,Day,0,0,0,180.0
1996-04-23,Georgia,Approach,Medium,Unknown bird - medium,Dawn,0,0,0,130.0
1996-04-23,Georgia,Approach,Medium,Unknown bird - medium,Night,0,0,0,136.0
1996-04-23,Missouri,Approach,Small,Unknown bird - small,Day,0,0,0,135.0
1996-04-25,Pennsylvania,Climb,Medium,Unknown bird - medium,Night,0,0,0,200.0
1996-04-25,Missouri,Approach,Small,European starling,Day,0,0,0,135.0
1996-04-26,Missouri,Climb,Large,Unknown bird - large,Night,0,0,0,210.0
1996-04-26,Texas,Approach,Medium,Unknown bird - medium,Dusk,0,0,0,190.0
1996-04-26,Arizona,Approach,Small,Unknown bird - small,Night,0,0,0,130.0
1996-04-27,Kentucky,Approach,Small,Unknown bird - small,Night,0,0,0,140.0
1996-04-28,New Jersey,Take-off run,Large,Great blue heron,Day,0,0,0,140.0
1996-04-28,Louisiana,Climb,Medium,Unknown bird - medium,Day,0,0,0,280.0
1996-04-28,Ohio,Descent,Medium,Unknown bird - medium,Day,0,0,0,180.0
1996-04-30,Minnesota,Approach,Medium,Unknown bird - medium,Day,59399,22275,81674,140.0
1996-05-02,Ohio,Approach,Large,Unknown bird - large,Night,0,0,0,140.0
1996-05-02,Ohio,Approach,Medium,Unknown bird - medium,Day,0,0,0,125.0
1996-05-02,Missouri,Approach,Small,Unknown bird - small,Night,0,0,0,200.0
1996-05-02,Kentucky,Landing Roll,Small,Unknown bird - small,Night,0,0,0,140.0
1996-05-03,Texas,Climb,Medium,Unknown bird - medium,Day,0,0,0,250.0
1996-05-03,Texas,Take-off run,Small,Unknown bird - small,Day,0,0,0,120.0
1996-05-04,Texas,Landing Roll,Medium,Unknown bird - medium,Dawn,0,0,0,140.0
1996-05-05,Texas,Descent,Large,Unknown bird - large,Dusk,0,0,0,300.0
1996-05-05,Oregon,Approach,Small,Unknown bird - small,Night,0,0,0,135.0
1996-05-06,Kentucky,Approach,Small,Unknown bird - small,Day,0,0,0,120.0
1996-05-06,Kentucky,Climb,Small,Unknown bird - small,Day,0,0,0,100.0
1996-05-07,Texas,Landing Roll,Medium,Unknown bird - medium,Day,0,0,0,140.0
1996-05-07,Missouri,Descent,Medium,Unknown bird - medium,Night,0,0,0,140.0
1996-05-07,Texas,Approach,Medium,Unknown bird - medium,Night,0,0,0,160.0
1996-05-07,California,Landing Roll,Small,Unknown bird - small,Day,0,0,0,140.0
1996-05-07,Massachusetts,Approach,Small,Unknown bird - small,Night,0,0,0,130.0
1996-05-08,Texas,Approach,Large,Unknown bird - large,Night,0,0,0,200.0
1996-05-08,DC,Approach,Small,Unknown bird - small,Day,0,0,0,135.0
1996-05-08,Texas,Approach,Small,Unknown bird - small,Day,0,0,0,150.0
1996-05-08,Hawaii,Climb,Small,Unknown bird - small,Day,0,0,0,140.0
1996-05-09,Tennessee,Approach,Small,Unknown bird - small,Night,0,0,0,138.0
1996-05-10,New Jersey,Approach,Medium,Unknown bird - medium,Night,0,0,0,170.0
1996-05-10,Texas,Take-off run,Small,Unknown bird - small,Day,0,0,0,150.0
1996-05-10,DC,Approach,Small,Unknown bird - small,Night,0,0,0,170.0
1996-05-11,California,Descent,Medium,Unknown bird - medium,Day,0,0,0,320.0
1996-05-11,DC,Approach,Medium,Unknown bird - medium,Night,0,0,0,140.0
1996-05-11,New Jersey,Approach,Medium,Unknown bird - medium,Night,0,0,0,140.0
1996-05-11,Georgia,Climb,Small,Unknown bird - small,Night,0,0,0,250.0
1996-05-12,California,Take-off run,Small,Unknown bird - small,Day,0,0,0,135.0
1996-05-12,Kentucky,Climb,Small,Unknown bird - small,Night,0,0,0,100.0
1996-05-13,New York,Landing Roll,Small,Unknown bird - small,Day,0,0,0,80.0
1996-05-13,Colorado,Landing Roll,Small,Unknown bird - small,Night,0,0,0,140.0
1996-05-14,Hawaii,Take-off run,Medium,Unknown bird - medium,Day,0,0,0,140.0
1996-05-14,Hawaii,Approach,Medium,Unknown bird - medium,Day,0,0,0,150.0
1996-05-14,Texas,Approach,Medium,Unknown bird - medium,Day,0,0,0,200.0
1996-05-14,Ohio,Climb,Medium,Unknown bird - medium,Day,0,0,0,140.0
1996-05-14,Texas,Landing Roll,Medium,Unknown bird - medium,Day,0,0,0,75.0
1996-05-14,New York,Climb,Medium,Unknown bird - medium,Night,0,0,0,140.0
1996-05-14,Texas,Approach,Small,Unknown bird - small,Night,0,0,0,200.0
1996-05-15,Louisiana,Approach,Small,Mourning dove,Day,0,74,74,140.0
1996-05-16,Hawaii,Approach,Medium,Unknown bird - medium,Day,0,0,0,130.0
1996-05-16,South Carolina,Take-off run,Small,Laughing gull,Day,0,0,0,125.0
1996-05-16,Missouri,Approach,Small,Unknown bird - small,Night,0,0,0,150.0
1996-05-17,Michigan,Climb,Large,Unknown bird - large,Day,0,0,0,140.0
1996-05-17,Pennsylvania,Approach,Small,Unknown bird - small,Day,0,0,0,130.0
1996-05-18,Illinois,Take-off run,Medium,Unknown bird - medium,Night,0,0,0,150.0
1996-05-18,New York,Approach,Small,Rock pigeon,Day,0,0,0,135.0
1996-05-19,California,Approach,Small,Unknown bird - small,Day,0,0,0,125.0
1996-05-19,Texas,Landing Roll,Small,Unknown bird - small,Day,0,0,0,135.0
1996-05-19,Texas,Approach,Small,Unknown bird - small,Dusk,0,0,0,210.0
1996-05-19,North Carolina,Approach,Small,Unknown bird - small,Night,0,0,0,160.0
1996-05-20,Colorado,Take-off run,Medium,Unknown bird - medium,Day,0,0,0,140.0
1996-05-20,Ohio,Approach,Small,Unknown bird - small,Night,0,0,0,170.0
1996-05-22,Illinois,Take-off run,Small,Unknown bird - small,Day,0,0,0,130.0
1996-05-22,Missouri,Approach,Small,Unknown bird - small,Night,0,0,0,140.0
1996-05-23,Minnesota,Approach,Medium,Unknown bird - medium,Night,0,11880,11880,200.0
1996-05-23,DC,Descent,Medium,Unknown bird - medium,Night,0,0,0,240.0
1996-05-23,Ohio,Climb,Small,Unknown bird - small,Day,0,0,0,150.0
1996-05-23,Texas,Take-off run,Small,Unknown bird - small,Day,0,0,0,140.0
1996-05-24,New York,Take-off run,Medium,Unknown bird - medium,Day,0,0,0,140.0
1996-05-25,Pennsylvania,Approach,Medium,Unknown bird - medium,Day,0,0,0,150.0
1996-05-25,New Jersey,Approach,Medium,Unknown bird - medium,Night,0,0,0,140.0
1996-05-25,Texas,Approach,Small,Unknown bird - small,Day,0,0,0,132.0
1996-05-25,Texas,Descent,Small,Unknown bird - small,Night,0,0,0,250.0
1996-05-28,Minnesota,Take-off run,Small,Unknown bird - small,Day,0,0,0,140.0
1996-05-29,Washington,Approach,Medium,Unknown bird - medium,Day,0,0,0,140.0
1996-05-29,Arizona,Landing Roll,Medium,Unknown bird - medium,Day,0,0,0,140.0
1996-05-29,California,Descent,Medium,Unknown bird - medium,Night,0,0,0,250.0
1996-05-29,Tennessee,Take-off run,Small,Unknown bird - small,Day,0,0,0,116.0
1996-05-30,Texas,Approach,Medium,Unknown bird - medium,Dawn,0,0,0,140.0
1996-05-30,Hawaii,Climb,Medium,Unknown bird - medium,Day,0,0,0,120.0
1996-05-30,DC,Landing Roll,Medium,Ring-billed gull,Day,0,0,0,40.0
1996-05-30,DC,Approach,Small,Unknown bird - small,Day,0,0,0,140.0
1996-05-30,Texas,Climb,Small,Unknown bird - small,Day,0,0,0,150.0
1996-05-30,Louisiana,Take-off run,Small,Cattle egret,Day,0,0,0,100.0
1996-05-31,Utah,Landing Roll,Small,Unknown bird - small,Day,0,0,0,100.0
1996-05-31,Kentucky,Climb,Small,Unknown bird - small,Day,0,0,0,140.0
1996-05-31,Pennsylvania,Climb,Small,Unknown bird - small,Day,0,0,0,140.0
1996-06-02,Illinois,Climb,Medium,Unknown bird - medium,Day,0,0,0,160.0
1996-06-02,Kentucky,Landing Roll,Small,Rock pigeon,Day,0,0,0,115.0
1996-06-06,New York,Approach,Small,Unknown bird - small,Day,0,0,0,150.0
1996-06-08,Massachusetts,Approach,Medium,Unknown bird - medium,Dusk,0,0,0,140.0
1996-06-09,California,Climb,Large,Canada goose,Day,0,0,0,140.0
1996-06-11,Pennsylvania,Take-off run,Large,Canada goose,Day,0,0,0,80.0
1996-06-11,Massachusetts,Approach,Medium,Unknown bird - medium,Day,0,0,0,140.0
1996-06-11,Oregon,Take-off run,Medium,Unknown bird - medium,Day,0,0,0,140.0
1996-06-11,Oregon,Taxi,Medium,Unknown bird - medium,Day,0,0,0,140.0
1996-06-11,California,Approach,Small,Rock pigeon,Day,0,0,0,147.0
1996-06-11,Pennsylvania,Climb,Small,Unknown bird - small,Day,0,0,0,140.0
1996-06-12,Texas,Approach,Medium,Unknown bird - medium,Day,0,0,0,140.0
1996-06-13,California,Climb,Large,Canada goose,Day,0,0,0,145.0
1996-06-15,DC,Approach,Small,Unknown bird - small,Day,0,0,0,210.0
1996-06-16,New York,Approach,Small,Rock pigeon,Day,0,0,0,130.0
1996-06-18,California,Take-off run,Medium,Unknown bird - medium,Day,0,0,0,140.0
1996-06-20,Pennsylvania,Landing Roll,Medium,Unknown bird - medium,Day,0,0,0,140.0
1996-06-20,Missouri,Approach,Small,Unknown bird - small,Day,0,0,0,200.0
1996-06-22,Pennsylvania,Approach,Small,Unknown bird - small,Day,0,0,0,120.0
1996-06-24,California,Approach,Small,Unknown bird - small,Day,0,0,0,135.0
1996-06-24,New York,Climb,Small,Laughing gull,Day,0,0,0,140.0
1996-06-25,Pennsylvania,Landing Roll,Small,Unknown bird - small,Day,0,0,0,140.0
1996-06-25,Tennessee,Landing Roll,Small,Unknown bird - small,Day,0,0,0,110.0
1996-06-26,Louisiana,Take-off run,Medium,Unknown bird or bat,Day,0,0,0,130.0
1996-06-26,New Jersey,Take-off run,Medium,Mallard,Day,0,0,0,140.0
1996-06-26,Texas,Take-off run,Medium,Unknown bird - medium,Day,0,0,0,140.0
1996-06-26,Texas,Take-off run,Small,Unknown bird - small,Dawn,0,0,0,140.0
1996-06-26,Illinois,Take-off run,Small,American robin,Day,0,0,0,140.0
1996-06-27,Illinois,Take-off run,Medium,Unknown bird - medium,Day,0,0,0,140.0
1996-06-28,Texas,Landing Roll,Large,Unknown bird - large,Day,0,0,0,100.0
1996-06-29,Florida,Take-off run,Large,White-tailed deer,Day,0,0,0,140.0
1996-06-29,Kentucky,Approach,Medium,Unknown bird - medium,Day,0,0,0,140.0
1996-06-29,Hawaii,Landing Roll,Medium,Unknown bird - medium,Day,0,0,0,140.0
1996-06-30,Michigan,Climb,Large,Unknown bird - large,Day,0,0,0,149.0
1996-07-01,Texas,Take-off run,Medium,Unknown bird - medium,Day,0,0,0,100.0
1996-07-02,South Carolina,Approach,Medium,Unknown bird or bat,Day,0,0,0,130.0
1996-07-02,Washington,Take-off run,Medium,Unknown bird - medium,Day,0,0,0,140.0
1996-07-02,DC,Approach,Small,Unknown bird - small,Day,0,0,0,125.0
1996-07-04,New Jersey,Approach,Medium,Unknown bird - medium,Day,0,0,0,140.0
1996-07-04,Tennessee,Approach,Medium,Unknown bird - medium,Night,0,0,0,130.0
1996-07-04,New Jersey,Landing Roll,Medium,Unknown bird - medium,Night,0,0,0,140.0
1996-07-06,Florida,Landing Roll,Small,Unknown bird - small,Day,0,0,0,140.0
1996-07-08,Tennessee,Take-off run,Small,American kestrel,Day,0,0,0,155.0
1996-07-09,Louisiana,Take-off run,Medium,Unknown bird or bat,Day,0,0,0,120.0
1996-07-10,North Carolina,Take-off run,Large,Canada goose,Dusk,0,0,0,90.0
1996-07-10,South Carolina,Climb,Medium,Unknown bird or bat,Day,0,0,0,150.0
1996-07-10,Texas,Landing Roll,Medium,Unknown bird - medium,Day,0,0,0,140.0
1996-07-11,Texas,Climb,Medium,Unknown bird - medium,Day,0,0,0,140.0
1996-07-11,Texas,Descent,Medium,Unknown bird - medium,Night,0,0,0,250.0
1996-07-12,Texas,Landing Roll,Medium,Unknown bird - medium,Day,0,0,0,140.0
1996-07-12,California,Approach,Small,Unknown bird - small,Day,0,0,0,130.0
1996-07-12,Texas,Approach,Small,Unknown bird - small,Day,0,0,0,145.0
1996-07-12,Louisiana,Climb,Small,Barn swallow,Day,0,0,0,120.0
1996-07-12,Tennessee,Take-off run,Small,Killdeer,Day,0,0,0,130.0
1996-07-13,Texas,Approach,Small,Unknown bird - small,Day,0,0,0,140.0
1996-07-14,California,Approach,Small,Western meadowlark,Day,0,0,0,135.0
1996-07-15,Illinois,Landing Roll,Medium,Unknown bird - medium,Day,0,0,0,140.0
1996-07-15,Louisiana,Approach,Small,Unknown bird - small,Day,0,0,0,150.0
1996-07-16,Massachusetts,Take-off run,Medium,Unknown bird - medium,Day,0,0,0,140.0
1996-07-16,South Carolina,Take-off run,Medium,Unknown bird or bat,Day,0,0,0,110.0
1996-07-16,California,Landing Roll,Medium,Unknown bird - medium,Dusk,0,0,0,100.0
1996-07-17,Utah,Landing Roll,Medium,Unknown bird - medium,Night,0,0,0,140.0
1996-07-17,Hawaii,Landing Roll,Small,Unknown bird - small,Night,0,0,0,140.0
1996-07-18,Illinois,Take-off run,Small,Unknown bird - small,Day,0,0,0,140.0
1996-07-19,Louisiana,Approach,Medium,Unknown bird or bat,Day,0,0,0,160.0
1996-07-19,California,Approach,Small,European starling,Day,0,0,0,140.0
1996-07-19,Kentucky,Climb,Small,Unknown bird - small,Day,0,0,0,150.0
1996-07-20,Tennessee,Approach,Small,Mourning dove,Day,0,0,0,140.0
1996-07-20,Illinois,Climb,Small,Rock pigeon,Day,0,0,0,120.0
1996-07-21,Illinois,Approach,Medium,Unknown bird - medium,Night,0,0,0,135.0
1996-07-22,Missouri,Approach,Small,European starling,Day,0,0,0,125.0
1996-07-22,Kentucky,Landing Roll,Small,Mourning dove,Day,0,0,0,110.0
1996-07-22,Colorado,Take-off run,Small,Unknown bird - small,Day,0,0,0,145.0
1996-07-22,DC,Take-off run,Small,Killdeer,Day,0,0,0,120.0
1996-07-22,Louisiana,Landing Roll,Small,Unknown bird - small,Night,0,0,0,140.0
1996-07-23,California,Climb,Medium,Unknown bird - medium,Day,0,0,0,140.0
1996-07-23,Kentucky,Take-off run,Medium,Unknown bird - medium,Day,0,0,0,140.0
1996-07-23,California,Climb,Small,Horned lark,Day,0,0,0,180.0
1996-07-24,Missouri,Approach,Medium,Unknown bird - medium,Day,0,0,0,170.0
1996-07-24,Missouri,Approach,Small,Unknown bird - small,Day,0,0,0,128.0
1996-07-25,Colorado,Take-off run,Large,Unknown bird - large,Day,0,0,0,140.0
1996-07-25,Kentucky,Approach,Small,Unknown bird - small,Day,0,0,0,140.0
1996-07-26,South Carolina,Approach,Medium,Unknown bird - medium,Day,0,0,0,115.0
1996-07-26,Massachusetts,Approach,Small,European starling,Day,0,0,0,140.0
1996-07-26,Pennsylvania,Climb,Small,Unknown bird - small,Day,0,0,0,150.0
1996-07-27,Colorado,Take-off run,Medium,Unknown bird - medium,Day,0,0,0,150.0
1996-07-27,Texas,Take-off run,Small,Unknown bird - small,Day,0,0,0,100.0
1996-07-28,North Carolina,Approach,Medium,Unknown bird - medium,Night,0,0,0,135.0
1996-07-28,Kentucky,Landing Roll,Small,Mourning dove,Day,0,0,0,140.0
1996-07-28,Kentucky,Take-off run,Small,American kestrel,Day,0,0,0,140.0
1996-07-28,Louisiana,Take-off run,Small,Mourning dove,Day,0,0,0,140.0
1996-07-29,Utah,Climb,Medium,Unknown bird - medium,Day,0,0,0,140.0
1996-07-29,California,Approach,Medium,Unknown bird - medium,Night,0,0,0,180.0
1996-07-29,Pennsylvania,Landing Roll,Small,Unknown bird - small,Day,0,0,0,100.0
1996-07-30,California,Landing Roll,Medium,American crow,Day,0,0,0,120.0
1996-07-30,Utah,Landing Roll,Medium,Unknown bird - medium,Day,0,0,0,140.0
1996-07-30,Georgia,Approach,Medium,Red-tailed hawk,Day,0,0,0,130.0
1996-07-30,South Carolina,Approach,Medium,Unknown bird or bat,Day,0,0,0,150.0
1996-07-30,Colorado,Landing Roll,Medium,Unknown bird - medium,Day,0,0,0,140.0
1996-07-30,Washington,Landing Roll,Medium,Unknown bird - medium,Day,0,0,0,140.0
1996-07-30,New York,Take-off run,Medium,Unknown bird - medium,Day,0,0,0,140.0
1996-07-30,Illinois,Landing Roll,Small,Barn swallow,Day,0,0,0,180.0
1996-07-30,Illinois,Take-off run,Small,Unknown bird - small,Day,0,0,0,100.0
1996-07-30,Pennsylvania,Take-off run,Small,Unknown bird - small,Day,0,0,0,120.0
1996-07-31,Ohio,Take-off run,Medium,Unknown bird - medium,Day,0,0,0,115.0
1996-07-31,Louisiana,Take-off run,Small,Mourning dove,Day,0,0,0,110.0
1996-08-01,South Carolina,Take-off run,Medium,Unknown bird or bat,Day,0,5987,5987,110.0
1996-08-01,Illinois,Landing Roll,Small,European starling,Day,0,0,0,100.0
1996-08-01,California,Take-off run,Small,Rock pigeon,Day,0,0,0,120.0
1996-08-02,Missouri,Landing Roll,Medium,Unknown bird - medium,Day,0,0,0,140.0
1996-08-02,Tennessee,Take-off run,Small,Unknown bird - small,Day,0,0,0,110.0
1996-08-02,Tennessee,Climb,Small,Unknown bird - small,Day,0,0,0,140.0
1996-08-03,California,Climb,Medium,Unknown bird - medium,Day,0,0,0,140.0
1996-08-03,Illinois,Landing Roll,Small,American kestrel,Day,0,0,0,140.0
1996-08-04,Arizona,Climb,Large,Unknown bird - large,Day,0,0,0,250.0
1996-08-04,Pennsylvania,Approach,Medium,Unknown bird - medium,Day,0,0,0,140.0
1996-08-04,Louisiana,Approach,Small,Blackbirds,Day,0,0,0,140.0
1996-08-04,California,Take-off run,Small,Rock pigeon,Day,0,0,0,140.0
1996-08-04,Louisiana,Approach,Small,Unknown bird - small,Dusk,0,0,0,130.0
1996-08-05,California,Take-off run,Large,Coyote,Day,0,0,0,140.0
1996-08-05,Colorado,Approach,Small,Unknown bird - small,Day,0,0,0,140.0
1996-08-06,Utah,Climb,Small,Unknown bird - small,Day,0,0,0,140.0
1996-08-07,Missouri,Approach,Medium,Unknown bird - medium,Day,0,0,0,140.0
1996-08-07,Texas,Landing Roll,Medium,Unknown bird - medium,Night,0,0,0,140.0
1996-08-07,Utah,Climb,Small,Unknown bird - small,Day,0,0,0,160.0
1996-08-08,South Carolina,Take-off run,Medium,Unknown bird or bat,Day,0,0,0,110.0
1996-08-08,South Carolina,Take-off run,Medium,Unknown bird or bat,Day,0,0,0,125.0
1996-08-08,Washington,Descent,Medium,Unknown bird - medium,Night,0,0,0,140.0
1996-08-08,New Jersey,Climb,Small,Eastern meadowlark,Dawn,0,0,0,115.0
1996-08-08,Missouri,Approach,Small,Mourning dove,Day,0,0,0,200.0
1996-08-08,North Carolina,Climb,Small,Unknown bird - small,Day,0,0,0,180.0
1996-08-08,Utah,Landing Roll,Small,Unknown bird - small,Day,0,0,0,140.0
1996-08-08,South Carolina,Approach,Small,Unknown bird - small,Night,297,0,297,130.0
1996-08-09,New Jersey,Climb,Medium,Unknown bird - medium,Day,0,0,0,170.0
1996-08-09,South Carolina,Take-off run,Medium,Unknown bird or bat,Day,0,0,0,130.0
1996-08-10,Missouri,Take-off run,Small,European starling,Day,0,0,0,150.0
1996-08-10,Missouri,Take-off run,Small,Unknown bird - small,Day,0,0,0,100.0
1996-08-11,Georgia,Take-off run,Medium,Unknown bird - medium,Day,0,0,0,140.0
1996-08-11,New York,Approach,Small,Unknown bird - small,Day,0,0,0,140.0
1996-08-11,Pennsylvania,Approach,Small,Unknown bird - small,Day,0,0,0,140.0
1996-08-12,Louisiana,Approach,Medium,Unknown bird or bat,Day,0,0,0,135.0
1996-08-12,New Jersey,Take-off run,Medium,Unknown bird or bat,Night,0,0,0,130.0
1996-08-12,Massachusetts,Approach,Small,European starling,Day,0,0,0,140.0
1996-08-12,Washington,Approach,Small,Unknown bird - small,Day,0,0,0,140.0
1996-08-12,Oregon,Landing Roll,Small,American kestrel,Day,0,0,0,110.0
1996-08-12,California,Take-off run,Small,Unknown bird - small,Day,0,0,0,140.0
1996-08-13,Georgia,Climb,Medium,Unknown bird - medium,Day,0,0,0,320.0
1996-08-13,South Carolina,Take-off run,Medium,Unknown bird or bat,Day,0,0,0,120.0
1996-08-13,North Carolina,Climb,Medium,Unknown bird - medium,Night,0,0,0,250.0
1996-08-13,New York,Take-off run,Small,Unknown bird - small,Day,0,0,0,140.0
1996-08-14,Kentucky,Approach,Small,Unknown bird - small,Night,0,0,0,132.0
1996-08-15,DC,Approach,Medium,Unknown bird - medium,Day,0,0,0,130.0
1996-08-16,Illinois,Take-off run,Large,Great blue heron,Dusk,0,0,0,120.0
1996-08-16,North Carolina,Approach,Small,European starling,Day,0,0,0,145.0
1996-08-16,Texas,Approach,Small,Mourning dove,Day,0,0,0,135.0
1996-08-16,North Carolina,Climb,Small,European starling,Day,0,0,0,150.0
1996-08-16,Illinois,Take-off run,Small,Unknown bird - small,Day,0,0,0,148.0
1996-08-17,New Jersey,Take-off run,Medium,Unknown bird or bat,Day,0,0,0,130.0
1996-08-18,Pennsylvania,Climb,Large,Canada goose,Day,0,0,0,135.0
1996-08-18,Oregon,Approach,Small,Unknown bird - small,Day,0,0,0,140.0
1996-08-18,DC,Climb,Small,European starling,Day,0,0,0,180.0
1996-08-19,New York,Approach,Small,Mourning dove,Day,0,0,0,140.0
1996-08-19,California,Landing Roll,Small,Rock pigeon,Day,0,0,0,140.0
1996-08-19,Oregon,Landing Roll,Small,Unknown bird - small,Day,0,0,0,140.0
1996-08-19,Nebraska,Take-off run,Small,American robin,Day,0,0,0,140.0
1996-08-20,Louisiana,Climb,Medium,Unknown bird or bat,Day,0,0,0,165.0
1996-08-20,North Carolina,Landing Roll,Small,Mourning dove,Day,0,0,0,140.0
1996-08-21,Texas,Landing Roll,Medium,Unknown bird - medium,Day,0,0,0,120.0
1996-08-21,California,Approach,Medium,Unknown bird - medium,Night,0,0,0,140.0
1996-08-21,Louisiana,Landing Roll,Small,Barn owl,Night,0,0,0,140.0
1996-08-22,South Carolina,Approach,Medium,Unknown bird or bat,Day,0,0,0,120.0
1996-08-22,Tennessee,Take-off run,Small,Eastern meadowlark,Day,0,0,0,150.0
1996-08-23,Hawaii,Landing Roll,Small,Unknown bird - small,Day,0,0,0,90.0
1996-08-24,Texas,Climb,Medium,Unknown bird - medium,Day,0,0,0,140.0
1996-08-24,Pennsylvania,Approach,Medium,Unknown bird - medium,Dusk,0,0,0,110.0
1996-08-25,North Carolina,Landing Roll,Medium,Unknown bird - medium,Day,0,0,0,110.0
1996-08-25,Colorado,Take-off run,Small,Unknown bird - small,Day,0,0,0,140.0
1996-08-26,Hawaii,Landing Roll,Medium,Unknown bird - medium,Day,0,0,0,165.0
1996-08-26,Louisiana,Take-off run,Medium,Unknown bird or bat,Day,0,0,0,135.0
1996-08-27,Washington,Landing Roll,Medium,Unknown bird - medium,Day,0,0,0,140.0
1996-08-27,Illinois,Approach,Small,Unknown bird - small,Dawn,0,0,0,120.0
1996-08-28,Texas,Climb,Medium,Unknown bird - medium,Dusk,0,0,0,140.0
1996-08-29,Illinois,Climb,Medium,Unknown bird - medium,Day,0,0,0,140.0
1996-08-29,Arizona,Approach,Medium,Unknown bird - medium,Day,0,0,0,140.0
1996-08-29,Florida,Descent,Medium,Unknown bird - medium,Day,0,0,0,250.0
1996-08-29,California,Landing Roll,Medium,Unknown bird - medium,Day,0,0,0,100.0
1996-08-29,Texas,Take-off run,Medium,Unknown bird - medium,Dusk,0,0,0,140.0
1996-08-30,Texas,Approach,Medium,Unknown bird - medium,Day,0,0,0,140.0
1996-08-30,California,Landing Roll,Medium,Unknown bird - medium,Day,0,0,0,140.0
1996-08-30,Florida,Approach,Medium,Unknown bird - medium,Night,0,0,0,210.0
1996-08-30,Texas,Approach,Medium,Unknown bird - medium,Night,0,0,0,140.0
1996-08-30,North Carolina,Climb,Small,Unknown bird - small,Day,0,0,0,160.0
1996-08-30,New York,Take-off run,Small,Rock pigeon,Day,0,0,0,125.0
1996-08-31,Kentucky,Approach,Medium,Unknown bird - medium,Day,0,0,0,120.0
1996-08-31,South Carolina,Take-off run,Medium,Unknown bird or bat,Day,0,0,0,90.0
1996-08-31,Pennsylvania,Approach,Medium,Unknown bird - medium,Night,0,0,0,120.0
1996-09-01,Pennsylvania,Climb,Medium,Unknown bird - medium,Day,0,0,0,180.0
1996-09-01,Pennsylvania,Approach,Small,Unknown bird - small,Day,0,0,0,140.0
1996-09-01,Washington,Approach,Small,Unknown bird - small,Day,0,0,0,170.0
1996-09-01,New Jersey,Approach,Small,Unknown bird - small,Night,0,0,0,160.0
1996-09-02,California,Approach,Medium,Unknown bird - medium,Night,0,0,0,180.0
1996-09-02,Washington,Approach,Medium,Unknown bird - medium,Night,0,0,0,140.0
1996-09-02,Ohio,Descent,Small,Unknown bird - small,Day,0,0,0,250.0
1996-09-04,New Jersey,Take-off run,Large,Unknown bird - large,Night,11405,167059,178464,120.0
1996-09-04,Florida,Climb,Large,Unknown bird - large,Night,0,0,0,210.0
1996-09-04,Texas,Take-off run,Medium,Unknown bird - medium,Dawn,0,0,0,100.0
1996-09-04,Texas,Climb,Medium,Unknown bird - medium,Night,0,0,0,250.0
1996-09-04,California,Take-off run,Small,Rock pigeon,Day,0,0,0,140.0
1996-09-04,Colorado,Approach,Small,Unknown bird - small,Day,0,0,0,140.0
1996-09-04,Missouri,Approach,Small,Unknown bird - small,Night,0,0,0,210.0
1996-09-05,Louisiana,Climb,Small,Eastern meadowlark,Day,0,0,0,160.0
1996-09-06,Massachusetts,Take-off run,Medium,Unknown bird - medium,Day,0,0,0,133.0
1996-09-07,Indiana,Approach,Large,Unknown bird - large,Night,0,0,0,132.0
1996-09-07,New Jersey,Approach,Medium,Unknown bird - medium,Dawn,0,0,0,140.0
1996-09-07,Missouri,Climb,Medium,Unknown bird - medium,Day,0,0,0,140.0
1996-09-08,California,Approach,Large,Unknown bird - large,Night,0,0,0,80.0
1996-09-09,California,Climb,Medium,Unknown bird - medium,Day,0,0,0,140.0
1996-09-09,New Jersey,Approach,Medium,Unknown bird - medium,Night,0,0,0,250.0
1996-09-09,South Carolina,Approach,Medium,Unknown bird or bat,Night,0,0,0,230.0
1996-09-10,New York,Climb,Large,Unknown bird - large,Day,0,0,0,140.0
1996-09-10,Tennessee,Descent,Medium,Unknown bird - medium,Day,0,0,0,170.0
1996-09-10,Minnesota,Approach,Medium,Unknown bird - medium,Night,0,0,0,200.0
1996-09-10,Georgia,Approach,Small,Unknown bird - small,Day,0,0,0,140.0
1996-09-10,California,Landing Roll,Small,Rock pigeon,Day,0,0,0,100.0
1996-09-10,Kentucky,Approach,Small,Unknown bird - small,Night,0,0,0,180.0
1996-09-10,New Jersey,Approach,Small,Unknown bird - small,Night,0,0,0,180.0
1996-09-11,Texas,Take-off run,Large,Unknown bird - large,Day,0,0,0,160.0
1996-09-11,North Carolina,Approach,Medium,Unknown bird - medium,Night,0,0,0,160.0
1996-09-11,South Carolina,Approach,Medium,Unknown bird or bat,Night,0,6443,6443,200.0
1996-09-11,Texas,Climb,Medium,Unknown bird - medium,Night,0,0,0,210.0
1996-09-11,Texas,Descent,Small,Unknown bird - small,Day,0,0,0,140.0
1996-09-11,Missouri,Approach,Small,Unknown bird - small,Night,0,0,0,135.0
1996-09-12,Missouri,Climb,Large,Canada goose,Dusk,0,0,0,200.0
1996-09-12,Missouri,Take-off run,Medium,Unknown bird - medium,Day,0,0,0,120.0
1996-09-12,Illinois,Landing Roll,Medium,Unknown bird - medium,Dusk,0,0,0,80.0
1996-09-12,New York,Landing Roll,Small,American kestrel,Day,0,0,0,140.0
1996-09-12,Tennessee,Landing Roll,Small,Killdeer,Day,0,0,0,100.0
1996-09-12,Texas,Landing Roll,Small,Unknown bird - small,Day,0,0,0,125.0
1996-09-12,Ohio,Approach,Small,Unknown bird - small,Night,0,0,0,170.0
1996-09-13,New Jersey,Approach,Medium,Unknown bird - medium,Night,0,0,0,140.0
1996-09-14,Kentucky,Landing Roll,Medium,Unknown bird - medium,Dusk,0,0,0,128.0
1996-09-14,Kentucky,Climb,Small,Unknown bird - small,Day,0,0,0,120.0
1996-09-15,DC,Climb,Large,Unknown bird - large,Day,0,0,0,140.0
1996-09-15,South Carolina,Take-off run,Medium,Unknown bird or bat,Day,0,0,0,150.0
1996-09-15,Illinois,Approach,Small,European starling,Day,0,0,0,132.0
1996-09-15,Hawaii,Climb,Small,Unknown bird - small,Day,0,0,0,165.0
1996-09-15,New Jersey,Landing Roll,Small,American kestrel,Day,0,0,0,140.0
1996-09-15,DC,Climb,Small,Unknown bird - small,Dusk,0,0,0,170.0
1996-09-15,Illinois,Approach,Small,Unknown bird - small,Night,0,0,0,140.0
1996-09-16,California,Approach,Small,Unknown bird - small,Night,0,0,0,140.0
1996-09-17,Pennsylvania,Approach,Small,Unknown bird - small,Night,0,0,0,190.0
1996-09-18,New York,Approach,Medium,Unknown bird - medium,Night,0,0,0,220.0
1996-09-18,South Carolina,Approach,Medium,Unknown bird or bat,Night,0,0,0,130.0
1996-09-19,Pennsylvania,Descent,Large,Unknown bird - large,Night,0,0,0,250.0
1996-09-19,Illinois,Approach,Large,Unknown bird - large,Night,0,0,0,150.0
1996-09-19,Texas,Approach,Medium,Unknown bird - medium,Day,0,0,0,130.0
1996-09-19,Utah,Landing Roll,Medium,Unknown bird - medium,Day,0,0,0,100.0
1996-09-19,Illinois,Approach,Medium,Unknown bird - medium,Night,0,0,0,140.0
1996-09-19,North Carolina,Approach,Medium,Unknown bird - medium,Night,0,0,0,200.0
1996-09-19,New Jersey,Approach,Medium,Unknown bird - medium,Night,0,0,0,200.0
1996-09-19,New Jersey,Climb,Small,Unknown bird - small,Day,0,0,0,140.0
1996-09-19,Utah,Take-off run,Small,Unknown bird - small,Dusk,0,0,0,140.0
1996-09-19,New York,Climb,Small,Unknown bird - small,Night,0,0,0,175.0
1996-09-20,Utah,Landing Roll,Medium,Unknown bird - medium,Day,0,0,0,140.0
1996-09-20,New Jersey,Approach,Medium,Unknown bird - medium,Night,0,0,0,170.0
1996-09-20,Texas,Approach,Medium,Unknown bird - medium,Night,0,0,0,140.0
1996-09-20,Tennessee,Climb,Small,Unknown bird - small,Day,0,0,0,220.0
1996-09-20,New York,Take-off run,Small,American kestrel,Day,0,0,0,140.0
1996-09-21,Utah,Climb,Medium,Unknown bird - medium,Night,0,0,0,140.0
1996-09-21,New York,Climb,Medium,Unknown bird - medium,Night,0,0,0,200.0
1996-09-21,Texas,Approach,Small,Unknown bird - small,Night,0,0,0,170.0
1996-09-22,Utah,Climb,Large,Unknown bird - large,Night,0,0,0,250.0
1996-09-22,Missouri,Approach,Medium,Unknown bird - medium,Day,0,0,0,150.0
1996-09-22,Hawaii,Landing Roll,Small,Barn owl,Dawn,0,0,0,140.0
1996-09-22,Hawaii,Approach,Small,Pacific golden-plover,Day,0,0,0,120.0
1996-09-23,New Jersey,Approach,Medium,Unknown bird - medium,Day,0,0,0,170.0
1996-09-23,Oregon,Approach,Medium,Red-tailed hawk,Day,0,0,0,140.0
1996-09-23,Texas,Approach,Small,Unknown bird - small,Night,0,0,0,170.0
1996-09-24,Minnesota,Climb,Medium,Unknown bird - medium,Night,0,0,0,190.0
1996-09-25,Pennsylvania,Approach,Medium,Unknown bird - medium,Night,0,0,0,150.0
1996-09-25,North Carolina,Approach,Small,Unknown bird - small,Day,0,0,0,145.0
1996-09-25,Tennessee,Climb,Small,European starling,Day,0,0,0,155.0
1996-09-26,Nebraska,Climb,Medium,Unknown bird - medium,Day,0,0,0,200.0
1996-09-26,New York,Take-off run,Medium,Unknown bird - medium,Day,0,0,0,140.0
1996-09-26,DC,Approach,Medium,Unknown bird - medium,Night,0,0,0,160.0
1996-09-26,Hawaii,Landing Roll,Small,Pacific golden-plover,Dusk,0,0,0,140.0
1996-09-27,California,Landing Roll,Large,Turkey vulture,Day,0,0,0,80.0
1996-09-27,Illinois,Climb,Medium,Unknown bird - medium,Day,0,0,0,140.0
1996-09-27,Kentucky,Climb,Small,European starling,Day,0,0,0,150.0
1996-09-28,Hawaii,Approach,Medium,Unknown bird or bat,Day,0,0,0,140.0
1996-09-28,South Carolina,Climb,Medium,Unknown bird or bat,Day,0,0,0,180.0
1996-09-28,California,Take-off run,Medium,Unknown bird - medium,Day,0,0,0,140.0
1996-09-28,Kentucky,Climb,Small,Unknown bird - small,Day,0,0,0,215.0
1996-09-29,Washington,Approach,Medium,Unknown bird - medium,Day,0,0,0,130.0
1996-09-29,Colorado,Approach,Medium,Unknown bird - medium,Day,0,0,0,140.0
1996-09-29,Illinois,Approach,Medium,Unknown bird - medium,Night,0,0,0,250.0
1996-09-29,Oregon,Landing Roll,Small,Unknown bird - small,Day,0,0,0,140.0
1996-09-30,New Jersey,Approach,Large,Unknown bird - large,Night,0,0,0,250.0
1996-09-30,Kentucky,Approach,Medium,Unknown bird - medium,Day,0,0,0,120.0
1996-09-30,Florida,Climb,Medium,Unknown bird - medium,Day,0,0,0,160.0
1996-09-30,California,Landing Roll,Medium,Unknown bird - medium,Day,0,0,0,140.0
1996-09-30,Texas,Landing Roll,Small,Unknown bird - small,Day,0,0,0,100.0
1996-09-30,Kentucky,Climb,Small,European starling,Dusk,0,0,0,140.0
1996-10-01,North Carolina,Descent,Medium,Unknown bird - medium,Day,0,0,0,160.0
1996-10-01,Hawaii,Landing Roll,Medium,Unknown bird - medium,Day,0,0,0,80.0
1996-10-01,Oregon,Descent,Medium,Unknown bird - medium,Night,0,0,0,250.0
1996-10-01,California,Climb,Small,Unknown bird - small,Night,0,0,0,250.0
1996-10-02,Texas,Climb,Large,Unknown bird - large,Day,0,0,0,210.0
1996-10-02,Oklahoma,Approach,Medium,Unknown bird - medium,Night,0,0,0,120.0
1996-10-02,Texas,Approach,Small,Unknown bird - small,Day,0,0,0,125.0
1996-10-02,Hawaii,Climb,Small,Unknown bird - small,Day,0,0,0,137.0
1996-10-03,Kentucky,Approach,Medium,Unknown bird - medium,Day,0,0,0,110.0
1996-10-03,New York,Approach,Medium,Unknown bird - medium,Night,0,0,0,140.0
1996-10-03,DC,Approach,Medium,Unknown bird - medium,Night,0,0,0,130.0
1996-10-03,South Carolina,Approach,Medium,Unknown bird or bat,Night,0,0,0,140.0
1996-10-03,South Carolina,Approach,Medium,Unknown bird or bat,Night,0,0,0,200.0
1996-10-03,South Carolina,Climb,Medium,Unknown bird or bat,Night,0,0,0,125.0
1996-10-03,Georgia,Take-off run,Medium,Unknown bird - medium,Night,0,0,0,120.0
1996-10-03,New York,Climb,Small,Tree swallow,Day,0,0,0,140.0
1996-10-03,Hawaii,Landing Roll,Small,Unknown bird - small,Day,0,0,0,100.0
1996-10-03,DC,Descent,Small,Unknown bird - small,Night,0,0,0,200.0
1996-10-03,North Carolina,Descent,Small,Unknown bird - small,Night,0,0,0,210.0
1996-10-04,South Carolina,Approach,Medium,Unknown bird or bat,Night,0,0,0,150.0
1996-10-04,Pennsylvania,Approach,Small,Unknown bird - small,Dawn,0,0,0,140.0
1996-10-04,Hawaii,Landing Roll,Small,Pacific golden-plover,Day,0,0,0,140.0
1996-10-04,California,Take-off run,Small,Rock pigeon,Day,0,0,0,80.0
1996-10-05,New York,Climb,Medium,Unknown bird - medium,Day,0,0,0,140.0
1996-10-05,Kentucky,Climb,Medium,Unknown bird - medium,Night,0,0,0,235.0
1996-10-06,Florida,Take-off run,Medium,Unknown bird - medium,Day,0,0,0,140.0
1996-10-06,Florida,Landing Roll,Small,Unknown bird - small,Day,0,0,0,140.0
1996-10-07,California,Approach,Medium,Unknown bird - medium,Dusk,0,0,0,130.0
1996-10-07,Michigan,Approach,Medium,Unknown bird - medium,Night,0,0,0,180.0
1996-10-07,Texas,Climb,Small,Unknown bird - small,Night,0,0,0,150.0
1996-10-08,Tennessee,Climb,Large,Unknown bird - large,Night,0,0,0,180.0
1996-10-08,Washington,Descent,Large,Unknown bird - large,Night,0,0,0,250.0
1996-10-08,Washington,Climb,Small,Unknown bird - small,Day,0,0,0,140.0
1996-10-09,North Carolina,Approach,Large,Canada goose,Dusk,0,0,0,110.0
1996-10-09,Florida,Approach,Large,Unknown bird - large,Night,0,0,0,140.0
1996-10-09,California,Approach,Medium,Unknown bird - medium,Day,0,0,0,140.0
1996-10-09,Missouri,Climb,Medium,Unknown bird - medium,Night,0,0,0,210.0
1996-10-09,Texas,Take-off run,Small,Unknown bird - small,Dawn,0,0,0,120.0
1996-10-09,Florida,Approach,Small,Unknown bird - small,Night,0,0,0,125.0
1996-10-10,South Carolina,Approach,Medium,Unknown bird or bat,Day,0,0,0,160.0
1996-10-10,South Carolina,Approach,Medium,Unknown bird or bat,Day,0,0,0,180.0
1996-10-10,Georgia,Approach,Medium,Unknown bird - medium,Night,0,0,0,150.0
1996-10-10,Oklahoma,Approach,Medium,Unknown bird - medium,Night,0,0,0,140.0
1996-10-10,South Carolina,Approach,Medium,Unknown bird or bat,Night,0,0,0,200.0
1996-10-11,Hawaii,Approach,Medium,Unknown bird - medium,Day,0,0,0,128.0
1996-10-11,Oregon,Landing Roll,Medium,Unknown bird - medium,Day,0,0,0,140.0
1996-10-11,South Carolina,Approach,Medium,Unknown bird or bat,Night,0,0,0,230.0
1996-10-12,New Jersey,Approach,Large,Unknown bird - large,Night,0,0,0,200.0
1996-10-12,Hawaii,Climb,Small,Unknown bird - small,Day,0,0,0,150.0
1996-10-13,Utah,Approach,Medium,Unknown bird - medium,Night,0,0,0,190.0
1996-10-13,Hawaii,Take-off run,Small,Pacific golden-plover,Day,0,0,0,110.0
1996-10-13,DC,Approach,Small,Unknown bird - small,Night,0,0,0,145.0
1996-10-14,Hawaii,Landing Roll,Medium,Unknown bird - medium,Day,0,0,0,140.0
1996-10-15,Massachusetts,Take-off run,Medium,Unknown bird - medium,Day,0,0,0,140.0
1996-10-16,Hawaii,Landing Roll,Medium,Unknown bird or bat,Day,0,0,0,128.0
1996-10-16,Pennsylvania,Landing Roll,Small,Rock pigeon,Day,0,0,0,120.0
1996-10-17,DC,Approach,Medium,Unknown bird - medium,Day,0,0,0,140.0
1996-10-17,Texas,Descent,Medium,Unknown bird - medium,Day,0,0,0,250.0
1996-10-17,Louisiana,Approach,Medium,Unknown bird or bat,Dusk,0,0,0,160.0
1996-10-17,Texas,Climb,Medium,Unknown bird - medium,Night,0,0,0,200.0
1996-10-17,New York,Descent,Medium,Unknown bird - medium,Night,0,0,0,140.0
1996-10-17,DC,Landing Roll,Small,Unknown bird - small,Day,0,0,0,100.0
1996-10-17,Pennsylvania,Approach,Small,Unknown bird - small,Night,0,0,0,140.0
1996-10-18,Tennessee,Climb,Large,Canada goose,Night,0,0,0,165.0
1996-10-18,Hawaii,Landing Roll,Medium,Unknown bird or bat,Day,0,0,0,140.0
1996-10-18,Tennessee,Approach,Medium,Unknown bird - medium,Dusk,0,0,0,150.0
1996-10-18,DC,Approach,Small,Unknown bird - small,Day,0,0,0,140.0
1996-10-18,Tennessee,Approach,Small,Unknown bird - small,Night,0,0,0,170.0
1996-10-18,Texas,Approach,Small,Unknown bird - small,Night,0,0,0,180.0
1996-10-19,Kentucky,Approach,Medium,Unknown bird - medium,Night,0,0,0,210.0
1996-10-19,California,Approach,Small,Unknown bird - small,Day,0,0,0,130.0
1996-10-19,Colorado,Approach,Small,Western meadowlark,Day,0,0,0,140.0
1996-10-20,North Carolina,Landing Roll,Large,White-tailed deer,Night,0,0,0,140.0
1996-10-20,California,Approach,Medium,Unknown bird - medium,Night,0,0,0,175.0
1996-10-20,Florida,Climb,Medium,Unknown bird - medium,Night,0,0,0,140.0
1996-10-20,Texas,Approach,Small,Unknown bird - small,Day,0,0,0,130.0
1996-10-21,New Jersey,Approach,Medium,Unknown bird or bat,Day,0,0,0,130.0
1996-10-21,Hawaii,Take-off run,Medium,Unknown bird - medium,Day,0,0,0,140.0
1996-10-21,Minnesota,Approach,Medium,Unknown bird - medium,Night,0,0,0,150.0
1996-10-21,Louisiana,Climb,Medium,Unknown bird - medium,Night,0,0,0,210.0
1996-10-21,DC,Take-off run,Small,Unknown bird - small,Day,0,0,0,80.0
1996-10-22,California,Climb,Small,Unknown bird - small,Day,0,0,0,145.0
1996-10-23,New York,Approach,Large,Unknown bird - large,Night,0,0,0,140.0
1996-10-23,Pennsylvania,Approach,Medium,Unknown bird - medium,Night,0,0,0,160.0
1996-10-23,Hawaii,Approach,Small,Unknown bird - small,Night,0,0,0,120.0
1996-10-24,New York,Landing Roll,Large,Canada goose,Night,0,0,0,140.0
1996-10-24,Maryland,Approach,Medium,Unknown bird - medium,Night,0,0,0,250.0
1996-10-24,Pennsylvania,Approach,Medium,Unknown bird - medium,Night,0,0,0,230.0
1996-10-24,Tennessee,Climb,Medium,Unknown bird - medium,Night,0,0,0,140.0
1996-10-24,Florida,Landing Roll,Small,Rock pigeon,Day,0,0,0,150.0
1996-10-25,Hawaii,Approach,Medium,Unknown bird - medium,Dawn,0,0,0,140.0
1996-10-25,Hawaii,Climb,Medium,Unknown bird - medium,Dusk,0,0,0,140.0
1996-10-26,Washington,Take-off run,Medium,Unknown bird - medium,Day,0,0,0,140.0
1996-10-26,New York,Approach,Medium,Unknown bird - medium,Day,0,0,0,140.0
1996-10-26,California,Landing Roll,Small,Rock pigeon,Day,0,0,0,140.0
1996-10-26,Pennsylvania,Approach,Small,Unknown bird - small,Night,0,0,0,140.0
1996-10-27,Michigan,Take-off run,Medium,Unknown bird - medium,Dusk,0,0,0,140.0
1996-10-27,Utah,Approach,Medium,Unknown bird - medium,Night,0,0,0,190.0
1996-10-27,Hawaii,Approach,Small,Pacific golden-plover,Day,0,0,0,115.0
1996-10-27,Texas,Approach,Small,Unknown bird - small,Night,0,0,0,190.0
1996-10-28,Texas,Approach,Medium,Unknown bird - medium,Day,0,0,0,140.0
1996-10-28,DC,Approach,Medium,Unknown bird - medium,Night,0,0,0,140.0
1996-10-28,Maryland,Approach,Medium,Unknown bird - medium,Night,0,0,0,250.0
1996-10-28,Pennsylvania,Climb,Medium,Unknown bird - medium,Night,0,0,0,140.0
1996-10-28,DC,Approach,Small,Unknown bird - small,Night,0,0,0,140.0
1996-10-29,Texas,Climb,Medium,Unknown bird - medium,Day,0,0,0,155.0
1996-10-29,New York,Climb,Medium,Unknown bird - medium,Night,0,0,0,250.0
1996-10-29,Louisiana,Approach,Medium,Unknown bird or bat,Night,0,0,0,159.0
1996-10-29,Pennsylvania,Approach,Medium,Unknown bird - medium,Night,0,0,0,210.0
1996-10-29,Texas,Descent,Medium,Unknown bird - medium,Night,0,0,0,250.0
1996-10-29,Texas,Descent,Medium,Unknown bird - medium,Night,0,0,0,320.0
1996-10-29,Hawaii,Landing Roll,Small,Unknown bird - small,Day,0,0,0,110.0
1996-10-29,New Jersey,Approach,Small,Unknown bird - small,Night,0,0,0,250.0
1996-10-30,Illinois,Descent,Large,Canada goose,Day,0,0,0,250.0
1996-10-30,Louisiana,Take-off run,Medium,Unknown bird - medium,Day,0,0,0,140.0
1996-10-30,Illinois,Approach,Medium,Unknown bird - medium,Night,0,0,0,140.0
1996-10-30,Louisiana,Climb,Medium,Unknown bird or bat,Night,0,0,0,120.0
1996-10-30,Missouri,Descent,Medium,Unknown bird - medium,Night,0,0,0,210.0
1996-10-30,Missouri,Approach,Small,Unknown bird - small,Night,0,0,0,200.0
1996-10-31,Indiana,Approach,Medium,Unknown bird - medium,Night,14850,742,15592,180.0
1996-10-31,Michigan,Approach,Medium,Unknown bird - medium,Night,0,0,0,120.0
1996-11-01,Ohio,Descent,Medium,Unknown bird - medium,Night,0,0,0,185.0
1996-11-01,Missouri,Approach,Medium,Unknown bird - medium,Night,0,0,0,200.0
1996-11-01,Hawaii,Take-off run,Medium,Unknown bird - medium,Night,0,0,0,100.0
1996-11-01,Arizona,Approach,Small,Unknown bird - small,Night,0,0,0,140.0
1996-11-01,Pennsylvania,Descent,Small,Unknown bird - small,Night,0,0,0,250.0
1996-11-02,Maryland,Approach,Medium,Unknown bird - medium,Night,0,0,0,170.0
1996-11-03,New Jersey,Approach,Large,Unknown bird - large,Night,0,0,0,250.0
1996-11-03,Pennsylvania,Landing Roll,Medium,Unknown bird - medium,Day,0,0,0,140.0
1996-11-03,Pennsylvania,Climb,Small,Unknown bird - small,Day,0,0,0,250.0
1996-11-04,New York,Climb,Medium,Unknown bird - medium,Night,0,0,0,250.0
1996-11-05,Kentucky,Landing Roll,Small,Unknown bird - small,Day,0,0,0,140.0
1996-11-07,Illinois,Approach,Medium,Unknown bird - medium,Night,0,0,0,170.0
1996-11-07,Texas,Approach,Medium,Unknown bird - medium,Night,0,0,0,240.0
1996-11-08,DC,Approach,Medium,Unknown bird - medium,Night,0,0,0,140.0
1996-11-08,Hawaii,Climb,Small,Unknown bird - small,Day,0,0,0,130.0
1996-11-09,Pennsylvania,Approach,Medium,Unknown bird - medium,Night,0,0,0,140.0
1996-11-09,California,Approach,Small,Unknown bird - small,Day,0,0,0,140.0
1996-11-09,Illinois,Landing Roll,Small,Unknown bird - small,Day,0,0,0,140.0
1996-11-09,Texas,Approach,Small,Unknown bird - small,Night,0,0,0,145.0
1996-11-10,Texas,Climb,Medium,Unknown bird - medium,Day,0,0,0,140.0
1996-11-10,Hawaii,Descent,Small,Unknown bird - small,Day,0,0,0,140.0
1996-11-10,Texas,Approach,Small,Unknown bird - small,Night,0,0,0,150.0
1996-11-11,Texas,Landing Roll,Medium,Unknown bird - medium,Day,0,0,0,140.0
1996-11-12,Texas,Approach,Medium,Unknown bird - medium,Night,0,0,0,140.0
1996-11-13,DC,Approach,Medium,Ring-billed gull,Day,0,0,0,140.0
1996-11-14,Texas,Approach,Medium,Unknown bird - medium,Dusk,0,0,0,165.0
1996-11-14,New Jersey,Approach,Medium,Unknown bird - medium,Night,0,0,0,140.0
1996-11-14,New York,Approach,Medium,Unknown bird - medium,Night,0,0,0,140.0
1996-11-14,Pennsylvania,Descent,Medium,Unknown bird - medium,Night,0,0,0,250.0
1996-11-15,New Jersey,Approach,Medium,Unknown bird - medium,Night,0,0,0,250.0
1996-11-15,California,Approach,Small,Unknown bird - small,Night,0,0,0,150.0
1996-11-16,New York,Approach,Medium,Mallard,Night,0,0,0,135.0
1996-11-17,New York,Approach,Medium,Unknown bird - medium,Day,0,0,0,140.0
1996-11-17,California,Climb,Medium,Unknown bird - medium,Day,0,0,0,180.0
1996-11-17,Texas,Climb,Small,Unknown bird - small,Day,0,541823,541823,160.0
1996-11-17,Texas,Landing Roll,Small,Western meadowlark,Day,0,0,0,130.0
1996-11-18,Texas,Landing Roll,Medium,Unknown bird - medium,Day,0,0,0,140.0
1996-11-19,DC,Climb,Medium,Unknown bird - medium,Day,0,0,0,130.0
1996-11-19,DC,Climb,Medium,Unknown bird - medium,Night,0,0,0,210.0
1996-11-19,Kentucky,Take-off run,Small,Mourning dove,Day,0,0,0,80.0
1996-11-20,New Jersey,Approach,Medium,Red-tailed hawk,Day,0,0,0,140.0
1996-11-20,New York,Approach,Medium,Unknown bird - medium,Day,0,0,0,135.0
1996-11-20,California,Climb,Medium,Unknown bird - medium,Day,0,0,0,145.0
1996-11-20,Hawaii,Approach,Medium,Unknown bird - medium,Night,0,0,0,230.0
1996-11-20,Missouri,Climb,Small,Unknown bird - small,Day,0,0,0,170.0
1996-11-21,Texas,Climb,Medium,Unknown bird - medium,Day,0,0,0,140.0
1996-11-21,South Carolina,Approach,Medium,Unknown bird or bat,Night,0,0,0,160.0
1996-11-22,Texas,Climb,Medium,Unknown bird - medium,Dusk,0,0,0,140.0
1996-11-22,DC,Climb,Small,Mourning dove,Day,0,0,0,140.0
1996-11-22,Ohio,Climb,Small,Unknown bird - small,Night,0,0,0,170.0
1996-11-23,Utah,Approach,Large,Unknown bird - large,Dawn,0,0,0,140.0
1996-11-24,South Carolina,Approach,Medium,Unknown bird or bat,Day,0,0,0,230.0
1996-11-24,South Carolina,Approach,Medium,Unknown bird or bat,Dusk,0,0,0,130.0
1996-11-26,California,Approach,Medium,Unknown bird - medium,Day,0,0,0,140.0
1996-11-27,Pennsylvania,Approach,Large,Unknown bird - large,Night,0,0,0,130.0
1996-11-27,DC,Take-off run,Medium,Ring-billed gull,Day,0,0,0,140.0
1996-11-28,Texas,Climb,Small,Horned lark,Day,0,0,0,160.0
1996-11-29,Texas,Descent,Medium,Unknown bird - medium,Night,0,0,0,210.0
1996-12-01,Florida,Take-off run,Medium,Unknown bird - medium,Day,0,0,0,141.0
1996-12-02,Florida,Approach,Large,Unknown bird - large,Day,0,0,0,142.0
1996-12-02,DC,Take-off run,Small,European starling,Day,0,0,0,100.0
1996-12-02,DC,Climb,Small,European starling,Day,0,0,0,120.0
1996-12-02,South Carolina,Take-off run,Small,Killdeer,Day,0,0,0,120.0
1996-12-04,California,Take-off run,Medium,Unknown bird - medium,Day,0,0,0,90.0
1996-12-04,Louisiana,Take-off run,Medium,Red-tailed hawk,Day,0,0,0,140.0
1996-12-04,Louisiana,Take-off run,Medium,Unknown bird or bat,Dusk,0,0,0,130.0
1996-12-05,Tennessee,Approach,Medium,Unknown bird - medium,Day,0,0,0,140.0
1996-12-05,Missouri,Landing Roll,Small,Rock pigeon,Dawn,0,0,0,80.0
1996-12-05,California,Approach,Small,Unknown bird - small,Day,0,0,0,135.0
1996-12-05,Texas,Approach,Small,Blackbirds,Day,0,0,0,140.0
1996-12-07,Ohio,Approach,Medium,Unknown bird - medium,Night,0,0,0,160.0
1996-12-07,Texas,Approach,Small,Unknown bird - small,Night,0,0,0,140.0
1996-12-09,Hawaii,Climb,Small,Unknown bird - small,Day,0,0,0,130.0
1996-12-10,Louisiana,Approach,Medium,Unknown bird or bat,Dusk,0,0,0,160.0
1996-12-10,Utah,Approach,Medium,Unknown bird - medium,Night,0,0,0,140.0
1996-12-10,Florida,Approach,Small,Unknown bird - small,Day,0,0,0,140.0
1996-12-11,New York,Climb,Medium,Unknown bird - medium,Day,0,0,0,150.0
1996-12-12,California,Approach,Large,Unknown bird - large,Night,0,0,0,160.0
1996-12-12,Florida,Climb,Medium,Unknown bird - medium,Day,0,0,0,250.0
1996-12-12,Kentucky,Take-off run,Small,European starling,Day,0,0,0,70.0
1996-12-12,Texas,Landing Roll,Small,Unknown bird - small,Dusk,0,0,0,130.0
1996-12-13,California,Approach,Medium,Unknown bird - medium,Day,0,0,0,140.0
1996-12-13,Hawaii,Landing Roll,Medium,Unknown bird - medium,Day,0,0,0,100.0
1996-12-13,California,Climb,Medium,Unknown bird - medium,Night,0,0,0,160.0
1996-12-13,Kentucky,Approach,Medium,Unknown bird - medium,Night,0,0,0,170.0
1996-12-14,Hawaii,Approach,Medium,Unknown bird - medium,Day,0,0,0,135.0
1996-12-14,New York,Climb,Small,Unknown bird - small,Day,0,0,0,140.0
1996-12-15,Missouri,Approach,Large,Unknown bird - large,Night,0,0,0,180.0
1996-12-15,California,Climb,Medium,Unknown bird - medium,Dusk,0,0,0,160.0
1996-12-15,Missouri,Climb,Small,Rock pigeon,Day,0,0,0,145.0
1996-12-16,Hawaii,Climb,Medium,Unknown bird - medium,Day,0,0,0,140.0
1996-12-16,Hawaii,Landing Roll,Small,Unknown bird - small,Day,0,0,0,120.0
1996-12-17,Hawaii,Approach,Small,Unknown bird - small,Day,0,0,0,125.0
1996-12-18,Minnesota,Approach,Large,Canada goose,Day,0,0,0,140.0
1996-12-18,Louisiana,Approach,Medium,Unknown bird or bat,Dusk,0,0,0,140.0
1996-12-18,Texas,Approach,Small,Unknown bird - small,Day,0,0,0,180.0
1996-12-19,Georgia,Climb,Medium,Unknown bird - medium,Night,0,0,0,190.0
1996-12-19,Hawaii,Approach,Small,Unknown bird - small,Day,0,0,0,130.0
1996-12-20,California,Approach,Medium,Unknown bird - medium,Night,0,0,0,130.0
1996-12-21,California,Take-off run,Medium,Unknown bird - medium,Day,0,0,0,140.0
1996-12-21,Hawaii,Approach,Small,Unknown bird - small,Day,0,0,0,130.0
1996-12-22,California,Take-off run,Medium,Unknown bird - medium,Day,0,0,0,140.0
1996-12-22,Hawaii,Landing Roll,Small,Zebra dove,Day,0,0,0,140.0
1996-12-23,California,Approach,Large,Unknown bird - large,Night,0,0,0,140.0
1996-12-23,Ohio,Approach,Small,Unknown bird - small,Dusk,0,0,0,138.0
1996-12-24,Ohio,Landing Roll,Medium,Unknown bird - medium,Dawn,0,0,0,120.0
1996-12-26,Oregon,Approach,Medium,Unknown bird - medium,Night,0,0,0,150.0
1996-12-26,Kentucky,Climb,Small,European starling,Day,0,0,0,122.0
1996-12-28,Louisiana,Take-off run,Medium,Unknown bird - medium,Dawn,0,0,0,155.0
1996-12-28,Texas,Approach,Small,Unknown bird - small,Day,0,0,0,125.0
1996-12-30,DC,Climb,Medium,Unknown bird - medium,Night,0,0,0,140.0
1996-12-31,Texas,Climb,Medium,Unknown bird - medium,Day,0,0,0,140.0
1997-01-01,Hawaii,Approach,Medium,Unknown bird - medium,Day,0,0,0,140.0
1997-01-02,Texas,Take-off run,Medium,Unknown bird - medium,Day,0,0,0,140.0
1997-01-02,DC,Approach,Small,European starling,Day,0,0,0,130.0
1997-01-03,California,Climb,Large,Unknown bird - large,Night,0,0,0,210.0
1997-01-03,California,Climb,Medium,Unknown bird - medium,Day,0,0,0,140.0
1997-01-03,California,Approach,Medium,Mallard,Night,0,148743,148743,140.0
1997-01-03,Hawaii,Landing Roll,Small,Pacific golden-plover,Dawn,0,0,0,120.0
1997-01-03,Kentucky,Approach,Small,Unknown bird - small,Day,0,0,0,140.0
1997-01-04,Florida,Take-off run,Large,Unknown bird - large,Day,0,0,0,140.0
1997-01-05,Texas,Approach,Medium,Unknown bird - medium,Night,0,0,0,210.0
1997-01-07,Utah,Climb,Medium,Unknown bird - medium,Night,0,0,0,140.0
1997-01-07,New York,Approach,Medium,Unknown bird - medium,Night,0,0,0,135.0
1997-01-09,Louisiana,Approach,Medium,Unknown bird or bat,Dusk,0,0,0,140.0
1997-01-09,Florida,Approach,Small,Unknown bird - small,Day,0,0,0,150.0
1997-01-10,Colorado,Approach,Small,Unknown bird - small,Night,0,0,0,140.0
1997-01-11,Washington,Approach,Medium,Unknown bird - medium,Night,0,0,0,140.0
1997-01-12,California,Landing Roll,Medium,Unknown bird - medium,Day,0,0,0,140.0
1997-01-12,North Carolina,Approach,Medium,Unknown bird - medium,Night,0,0,0,200.0
1997-01-13,Utah,Approach,Medium,Unknown bird - medium,Day,0,0,0,140.0
1997-01-13,Hawaii,Landing Roll,Small,Barn owl,Day,0,0,0,140.0
1997-01-14,Utah,Approach,Small,Unknown bird - small,Day,0,0,0,140.0
1997-01-14,Utah,Landing Roll,Small,Unknown bird - small,Day,0,0,0,135.0
1997-01-16,Utah,Take-off run,Small,Unknown bird - small,Day,0,0,0,110.0
1997-01-17,California,Approach,Medium,Unknown bird - medium,Night,0,0,0,170.0
1997-01-19,Louisiana,Approach,Medium,Unknown bird or bat,Night,0,0,0,140.0
1997-01-19,Louisiana,Approach,Small,Unknown bird - small,Day,0,0,0,142.0
1997-01-21,Louisiana,Approach,Medium,Unknown bird or bat,Day,0,0,0,160.0
1997-01-21,Louisiana,Approach,Medium,Unknown bird - medium,Night,0,0,0,140.0
1997-01-24,Hawaii,Approach,Medium,Unknown bird - medium,Dawn,0,0,0,126.0
1997-01-24,Louisiana,Climb,Medium,Unknown bird or bat,Day,0,0,0,140.0
1997-01-25,DC,Climb,Medium,Ring-billed gull,Day,0,0,0,145.0
1997-01-25,Illinois,Climb,Medium,Unknown bird - medium,Day,0,0,0,145.0
1997-01-25,California,Take-off run,Medium,Unknown bird - medium,Day,0,0,0,140.0
1997-01-25,DC,Take-off run,Medium,Ring-billed gull,Day,0,0,0,128.0
1997-01-26,New York,Approach,Medium,Unknown bird - medium,Dusk,0,0,0,140.0
1997-01-27,California,Approach,Medium,Unknown bird - medium,Night,2893,4050,6943,120.0
1997-01-28,DC,Approach,Medium,Ring-billed gull,Day,0,0,0,140.0
1997-01-30,California,Landing Roll,Small,Unknown bird - small,Day,0,0,0,85.0
1997-02-01,Massachusetts,Take-off run,Medium,Unknown bird - medium,Day,0,0,0,140.0
1997-02-03,Arizona,Climb,Medium,Unknown bird - medium,Dawn,0,0,0,200.0
1997-02-03,Hawaii,Landing Roll,Small,Barn owl,Dawn,0,0,0,135.0
1997-02-03,Massachusetts,Take-off run,Small,Unknown bird - small,Day,0,0,0,140.0
1997-02-04,California,Take-off run,Medium,Unknown bird - medium,Day,0,0,0,140.0
1997-02-05,Texas,Approach,Small,Unknown bird - small,Day,0,0,0,120.0
1997-02-05,Florida,Approach,Small,Unknown bird - small,Night,0,0,0,140.0
1997-02-07,South Carolina,Approach,Medium,Unknown bird or bat,Day,0,0,0,140.0
1997-02-07,Pennsylvania,Approach,Small,Unknown bird - small,Day,0,0,0,137.0
1997-02-09,Texas,Climb,Medium,Unknown bird - medium,Day,0,0,0,140.0
1997-02-10,Louisiana,Approach,Medium,Unknown bird - medium,Night,0,0,0,125.0
1997-02-11,Oregon,Take-off run,Medium,Unknown bird or bat,Day,0,0,0,140.0
1997-02-11,Hawaii,Approach,Small,Unknown bird - small,Day,0,0,0,140.0
1997-02-12,Texas,Take-off run,Medium,Unknown bird - medium,Day,0,0,0,128.0
1997-02-12,California,Approach,Small,Unknown bird - small,Day,0,0,0,140.0
1997-02-18,Texas,Take-off run,Medium,Unknown bird - medium,Day,0,0,0,100.0
1997-02-18,Pennsylvania,Climb,Small,Mourning dove,Day,0,0,0,170.0
1997-02-18,Hawaii,Approach,Small,Unknown bird - small,Night,0,0,0,140.0
1997-02-20,Hawaii,Landing Roll,Medium,Unknown bird or bat,Day,0,0,0,140.0
1997-02-20,Louisiana,Landing Roll,Medium,Unknown bird - medium,Day,0,0,0,120.0
1997-02-20,Texas,Approach,Small,European starling,Day,0,0,0,140.0
1997-02-20,Texas,Landing Roll,Small,Unknown bird - small,Day,0,0,0,100.0
1997-02-21,Texas,Approach,Small,Unknown bird - small,Day,0,0,0,140.0
1997-02-22,Texas,Approach,Medium,Unknown bird - medium,Day,0,0,0,140.0
1997-02-22,Hawaii,Climb,Medium,Unknown bird - medium,Day,0,0,0,130.0
1997-02-22,Florida,Approach,Medium,Unknown bird - medium,Night,0,0,0,210.0
1997-02-22,North Carolina,Take-off run,Small,Unknown bird - small,Day,0,0,0,100.0
1997-02-22,Florida,Approach,Small,Unknown bird - small,Night,0,0,0,135.0
1997-02-23,Texas,Approach,Small,Unknown bird - small,Day,0,0,0,130.0
1997-02-23,Indiana,Climb,Small,Unknown bird - small,Day,0,0,0,140.0
1997-02-24,Colorado,Climb,Large,Unknown bird - large,Day,0,0,0,140.0
1997-02-26,California,Climb,Medium,Unknown bird - medium,Night,0,0,0,175.0
1997-02-27,Pennsylvania,Approach,Medium,Unknown bird - medium,Day,0,0,0,140.0
1997-02-27,Hawaii,Climb,Small,Unknown bird - small,Day,0,0,0,140.0
1997-02-28,South Carolina,Approach,Large,Unknown bird - large,Night,0,0,0,200.0
1997-03-01,California,Climb,Medium,Unknown bird - medium,Day,0,0,0,140.0
1997-03-02,Tennessee,Climb,Small,Unknown bird - small,Day,0,0,0,150.0
1997-03-03,Illinois,Take-off run,Medium,Red-tailed hawk,Day,0,0,0,140.0
1997-03-03,Texas,Climb,Medium,Unknown bird - medium,Dusk,0,0,0,140.0
1997-03-03,California,Climb,Medium,Unknown bird - medium,Night,0,0,0,170.0
1997-03-04,Kentucky,Approach,Large,Unknown bird - large,Night,0,0,0,230.0
1997-03-04,DC,Approach,Medium,Unknown bird - medium,Day,0,0,0,120.0
1997-03-04,DC,Approach,Medium,Unknown bird - medium,Night,0,0,0,175.0
1997-03-05,Pennsylvania,Climb,Large,Unknown bird - large,Night,0,0,0,160.0
1997-03-05,DC,Approach,Medium,Unknown bird - medium,Day,0,0,0,140.0
1997-03-06,California,Approach,Medium,Unknown bird - medium,Night,0,0,0,125.0
1997-03-06,Tennessee,Approach,Small,European starling,Day,0,0,0,120.0
1997-03-07,Utah,Climb,Large,Unknown bird - large,Day,0,0,0,140.0
1997-03-07,Missouri,Approach,Small,Unknown bird - small,Day,0,0,0,210.0
1997-03-08,Tennessee,Climb,Medium,Red-tailed hawk,Dawn,0,0,0,140.0
1997-03-08,Texas,Climb,Medium,Unknown bird - medium,Day,0,0,0,160.0
1997-03-08,Pennsylvania,Climb,Medium,Unknown bird - medium,Night,0,0,0,140.0
1997-03-09,Tennessee,Approach,Medium,Unknown bird - medium,Day,0,0,0,135.0
1997-03-09,Pennsylvania,Climb,Small,Unknown bird - small,Night,0,0,0,140.0
1997-03-10,California,Descent,Large,Unknown bird - large,Night,0,0,0,250.0
1997-03-10,North Carolina,Approach,Medium,Unknown bird - medium,Day,0,0,0,90.0
1997-03-10,Illinois,Approach,Small,Unknown bird - small,Day,0,0,0,160.0
1997-03-11,Utah,Approach,Medium,Unknown bird - medium,Day,0,0,0,140.0
1997-03-11,California,Approach,Medium,Unknown bird - medium,Night,0,0,0,140.0
1997-03-11,California,Take-off run,Small,Unknown bird - small,Day,0,0,0,130.0
1997-03-12,Oregon,Landing Roll,Medium,Unknown bird - medium,Night,0,9423,9423,140.0
1997-03-12,Arizona,Climb,Medium,Unknown bird - medium,Night,0,0,0,250.0
1997-03-12,Texas,Climb,Small,Unknown bird - small,Day,0,0,0,170.0
1997-03-13,Florida,Landing Roll,Small,Unknown bird - small,Day,0,0,0,140.0
1997-03-14,Texas,Approach,Small,Unknown bird - small,Day,0,0,0,60.0
1997-03-14,Utah,Approach,Small,Unknown bird - small,Day,0,0,0,140.0
1997-03-15,New York,Approach,Small,American kestrel,Day,0,0,0,140.0
1997-03-16,Florida,Approach,Medium,Unknown bird - medium,Dusk,0,0,0,160.0
1997-03-16,Florida,Take-off run,Small,Unknown bird - small,Day,0,0,0,80.0
1997-03-17,California,Approach,Medium,Unknown bird - medium,Night,0,0,0,190.0
1997-03-18,Colorado,Descent,Large,Unknown bird - large,Night,0,0,0,250.0
1997-03-18,Louisiana,Landing Roll,Medium,Unknown bird - medium,Night,0,0,0,140.0
1997-03-18,Arizona,Approach,Small,Unknown bird - small,Night,0,0,0,210.0
1997-03-21,South Carolina,Take-off run,Medium,Herring gull,Day,0,0,0,140.0
1997-03-21,Arizona,Climb,Medium,Unknown bird - medium,Night,0,0,0,140.0
1997-03-21,Texas,Climb,Small,Unknown bird - small,Night,0,0,0,245.0
1997-03-21,Maryland,Descent,Small,Unknown bird - small,Night,0,0,0,210.0
1997-03-23,Texas,Climb,Medium,Unknown bird - medium,Day,0,0,0,140.0
1997-03-23,Louisiana,Climb,Medium,Unknown bird - medium,Night,0,0,0,220.0
1997-03-23,California,Approach,Medium,Mallard,Night,0,0,0,135.0
1997-03-23,Texas,Approach,Small,Unknown bird - small,Day,0,0,0,140.0
1997-03-24,Ohio,Approach,Large,Unknown bird - large,Night,0,0,0,140.0
1997-03-26,Tennessee,Climb,Large,Unknown bird - large,Day,0,0,0,180.0
1997-03-26,Georgia,Take-off run,Medium,Unknown bird - medium,Day,0,0,0,120.0
1997-03-26,Texas,Approach,Small,Unknown bird - small,Night,0,0,0,180.0
1997-03-27,Kentucky,Climb,Medium,Unknown bird - medium,Dawn,0,0,0,120.0
1997-03-27,California,Approach,Medium,Unknown bird - medium,Day,0,0,0,140.0
1997-03-27,Georgia,Approach,Small,European starling,Day,0,0,0,130.0
1997-03-27,New Jersey,Approach,Small,Unknown bird - small,Night,0,0,0,140.0
1997-03-28,Kentucky,Approach,Medium,Unknown bird - medium,Night,0,0,0,190.0
1997-03-28,Missouri,Landing Roll,Small,Unknown bird - small,Day,0,0,0,140.0
1997-03-29,California,Landing Roll,Large,Canada goose,Day,0,0,0,120.0
1997-03-29,Texas,Climb,Medium,Unknown bird - medium,Day,0,0,0,140.0
1997-03-29,Texas,Climb,Medium,Unknown bird - medium,Day,0,0,0,170.0
1997-03-29,Oregon,Landing Roll,Medium,Mallard,Dusk,0,0,0,140.0
1997-03-29,Pennsylvania,Descent,Medium,Unknown bird - medium,Night,0,0,0,210.0
1997-03-29,Pennsylvania,Descent,Medium,Unknown bird - medium,Night,0,0,0,215.0
1997-03-29,Arizona,Take-off run,Small,Unknown bird - small,Dusk,0,0,0,140.0
1997-03-30,Maryland,Approach,Small,Unknown bird - small,Day,0,0,0,90.0
1997-03-30,Pennsylvania,Take-off run,Small,American kestrel,Day,0,0,0,115.0
1997-03-31,Texas,Approach,Small,Unknown bird - small,Day,0,0,0,140.0
1997-04-01,Texas,Landing Roll,Medium,Unknown bird - medium,Day,0,0,0,140.0
1997-04-01,Nebraska,Take-off run,Medium,Unknown bird - medium,Day,148,0,148,140.0
1997-04-01,Minnesota,Climb,Medium,Unknown bird - medium,Night,0,0,0,140.0
1997-04-02,Illinois,Approach,Medium,Ring-billed gull,Day,0,0,0,160.0
1997-04-02,Hawaii,Climb,Small,Unknown bird - small,Day,0,0,0,120.0
1997-04-03,Texas,Landing Roll,Large,Unknown bird - large,Day,0,0,0,140.0
1997-04-03,California,Climb,Small,Unknown bird - small,Day,0,0,0,140.0
1997-04-04,California,Approach,Medium,Unknown bird - medium,Night,0,0,0,150.0
1997-04-05,Texas,Climb,Large,Unknown bird - large,Night,0,0,0,250.0
1997-04-05,New York,Approach,Medium,Unknown bird - medium,Day,0,0,0,140.0
1997-04-05,Georgia,Descent,Medium,Unknown bird - medium,Day,0,0,0,250.0
1997-04-07,Oklahoma,Take-off run,Medium,Unknown bird - medium,Day,0,0,0,140.0
1997-04-07,California,Climb,Medium,Unknown bird - medium,Night,0,0,0,160.0
1997-04-07,California,Take-off run,Small,Unknown bird - small,Day,0,0,0,140.0
1997-04-09,Tennessee,Take-off run,Small,Blackbirds,Day,0,0,0,140.0
1997-04-10,Texas,Take-off run,Medium,Unknown bird - medium,Day,0,0,0,140.0
1997-04-10,Minnesota,Approach,Medium,Unknown bird - medium,Night,0,0,0,160.0
1997-04-10,Nebraska,Climb,Medium,Unknown bird - medium,Night,0,0,0,145.0
1997-04-11,Pennsylvania,Approach,Medium,Unknown bird - medium,Day,0,0,0,140.0
1997-04-11,New York,Approach,Medium,Unknown bird - medium,Day,0,0,0,140.0
1997-04-11,California,Take-off run,Small,Western meadowlark,Dawn,0,0,0,140.0
1997-04-11,Missouri,Climb,Small,American robin,Day,0,0,0,150.0
1997-04-11,Texas,Take-off run,Small,Unknown bird - small,Day,0,0,0,140.0
1997-04-13,DC,Parked,Small,Rock pigeon,Day,0,0,0,140.0
1997-04-15,Ohio,Approach,Large,Canada goose,Night,21695,14463,36158,140.0
1997-04-16,California,Approach,Large,Unknown bird - large,Dawn,0,95458,95458,140.0
1997-04-16,Nebraska,Approach,Small,Unknown bird - small,Night,0,0,0,140.0
1997-04-18,Louisiana,Approach,Medium,Unknown bird or bat,Day,0,0,0,150.0
1997-04-19,Hawaii,Take-off run,Medium,Unknown bird - medium,Dawn,0,0,0,130.0
1997-04-20,Illinois,Climb,Medium,Unknown bird - medium,Night,0,0,0,210.0
1997-04-21,Kentucky,Approach,Medium,Unknown bird - medium,Night,0,0,0,190.0
1997-04-21,New York,Approach,Medium,Unknown bird - medium,Night,0,0,0,140.0
1997-04-21,Texas,Landing Roll,Small,Unknown bird - small,Day,0,0,0,115.0
1997-04-21,Texas,Take-off run,Small,Unknown bird - small,Day,0,0,0,100.0
1997-04-22,DC,Approach,Large,Unknown bird - large,Night,0,0,0,140.0
1997-04-22,California,Landing Roll,Medium,Unknown bird - medium,Day,0,0,0,130.0
1997-04-22,Texas,Approach,Small,Unknown bird - small,Day,0,0,0,180.0
1997-04-23,Michigan,Take-off run,Large,White-tailed deer,Night,0,0,0,140.0
1997-04-23,California,Take-off run,Medium,Red-tailed hawk,Day,0,0,0,100.0
1997-04-24,South Carolina,Climb,Medium,Unknown bird or bat,Day,0,0,0,140.0
1997-04-24,Texas,Approach,Medium,Unknown bird - medium,Night,0,0,0,140.0
1997-04-26,Arizona,Descent,Large,Unknown bird - large,Night,0,0,0,140.0
1997-04-26,New York,Approach,Small,Unknown bird - small,Night,0,0,0,140.0
1997-04-27,Hawaii,Approach,Small,Unknown bird - small,Day,0,0,0,125.0
1997-04-28,New York,Approach,Medium,Unknown bird - medium,Day,0,0,0,140.0
1997-04-28,Tennessee,Landing Roll,Medium,Unknown bird - medium,Day,0,0,0,120.0
1997-04-28,Louisiana,Take-off run,Medium,Unknown bird - medium,Night,0,0,0,140.0
1997-04-28,California,Take-off run,Small,Unknown bird - small,Dawn,0,0,0,125.0
1997-04-29,DC,Approach,Large,Canada goose,Day,0,0,0,123.0
1997-04-29,Louisiana,Approach,Medium,Unknown bird or bat,Night,0,0,0,139.0
1997-04-30,Texas,Descent,Medium,Unknown bird - medium,Day,0,0,0,210.0
1997-04-30,Oklahoma,Approach,Medium,Unknown bird - medium,Night,0,0,0,140.0
1997-04-30,Tennessee,Approach,Medium,Unknown bird - medium,Night,0,0,0,140.0
1997-04-30,Louisiana,Approach,Medium,Unknown bird or bat,Night,0,0,0,160.0
1997-04-30,North Carolina,Take-off run,Small,Unknown bird - small,Day,0,0,0,150.0
1997-04-30,Illinois,Climb,Small,Unknown bird - small,Dusk,0,0,0,160.0
1997-04-30,DC,Approach,Small,Unknown bird - small,Night,0,0,0,180.0
1997-04-30,Tennessee,Approach,Small,Unknown bird - small,Night,0,0,0,140.0
1997-05-01,Kentucky,Landing Roll,Medium,Unknown bird - medium,Day,0,0,0,140.0
1997-05-01,Texas,Climb,Medium,Unknown bird - medium,Night,0,0,0,180.0
1997-05-01,New Jersey,Approach,Small,Unknown bird - small,Night,0,0,0,135.0
1997-05-01,Texas,Descent,Small,Unknown bird - small,Night,0,0,0,210.0
1997-05-02,Illinois,Landing Roll,Medium,Ring-billed gull,Day,0,0,0,90.0
1997-05-02,Utah,Approach,Medium,Unknown bird - medium,Night,0,0,0,140.0
1997-05-03,Illinois,Take-off run,Large,Unknown bird - large,Day,0,0,0,130.0
1997-05-03,DC,Landing Roll,Large,Canada goose,Day,0,0,0,90.0
1997-05-03,Texas,Take-off run,Small,Rock pigeon,Day,0,0,0,140.0
1997-05-04,Texas,Approach,Medium,Unknown bird - medium,Night,0,0,0,200.0
1997-05-04,DC,Approach,Small,Unknown bird - small,Day,0,0,0,90.0
1997-05-05,New Jersey,Landing Roll,Medium,Unknown bird - medium,Day,0,0,0,140.0
1997-05-05,Texas,Approach,Medium,Unknown bird - medium,Night,0,0,0,210.0
1997-05-06,Utah,Approach,Medium,Unknown bird - medium,Day,0,0,0,140.0
1997-05-06,Texas,Approach,Small,Unknown bird - small,Night,0,0,0,140.0
1997-05-07,Colorado,Landing Roll,Small,Unknown bird - small,Day,0,0,0,140.0
1997-05-07,Maryland,Landing Roll,Small,Unknown bird - small,Day,0,0,0,100.0
1997-05-08,DC,Take-off run,Medium,Unknown bird - medium,Day,0,0,0,100.0
1997-05-08,Indiana,Approach,Medium,Unknown bird - medium,Night,0,0,0,150.0
1997-05-08,Washington,Climb,Medium,Unknown bird - medium,Night,0,0,0,230.0
1997-05-08,DC,Approach,Small,Unknown bird - small,Day,0,0,0,155.0
1997-05-10,Kentucky,Climb,Large,Unknown bird - large,Day,0,0,0,170.0
1997-05-11,Pennsylvania,Approach,Small,Unknown bird - small,Day,0,0,0,145.0
1997-05-12,Pennsylvania,Approach,Large,Great blue heron,Day,0,0,0,125.0
1997-05-12,North Carolina,Approach,Medium,Unknown bird - medium,Dusk,0,0,0,150.0
1997-05-12,DC,Approach,Small,Unknown bird - small,Day,0,0,0,140.0
1997-05-12,Kentucky,Landing Roll,Small,Unknown bird - small,Day,0,0,0,140.0
1997-05-13,Louisiana,Descent,Medium,Unknown bird - medium,Day,0,0,0,200.0
1997-05-13,DC,Approach,Small,Unknown bird - small,Day,0,0,0,130.0
1997-05-14,Florida,Approach,Medium,Unknown bird - medium,Night,0,0,0,140.0
1997-05-14,Texas,Climb,Medium,Unknown bird - medium,Night,0,0,0,190.0
1997-05-14,Hawaii,Take-off run,Small,Unknown bird - small,Day,0,0,0,140.0
1997-05-14,Tennessee,Approach,Small,Unknown bird - small,Night,0,0,0,160.0
1997-05-14,Tennessee,Approach,Small,Unknown bird - small,Night,0,0,0,220.0
1997-05-15,Texas,Descent,Medium,Unknown bird - medium,Day,0,0,0,140.0
1997-05-15,Oregon,Descent,Medium,Unknown bird - medium,Night,0,0,0,250.0
1997-05-15,Texas,Descent,Medium,Unknown bird - medium,Night,0,0,0,160.0
1997-05-15,Texas,Climb,Small,Unknown bird - small,Day,0,0,0,250.0
1997-05-15,Tennessee,Climb,Small,Unknown bird - small,Night,0,0,0,220.0
1997-05-16,Texas,Climb,Medium,Unknown bird - medium,Night,0,0,0,230.0
1997-05-16,Tennessee,Climb,Small,Unknown bird - small,Night,0,0,0,170.0
1997-05-17,Pennsylvania,Climb,Medium,Unknown bird - medium,Day,0,0,0,175.0
1997-05-18,California,Climb,Medium,Unknown bird - medium,Day,0,0,0,140.0
1997-05-18,Colorado,Climb,Medium,Unknown bird - medium,Day,0,0,0,140.0
1997-05-19,Indiana,Climb,Small,Killdeer,Day,0,0,0,140.0
1997-05-19,Missouri,Landing Roll,Small,Mourning dove,Day,0,0,0,120.0
1997-05-19,New Jersey,Take-off run,Small,Unknown bird - small,Dusk,0,0,0,140.0
1997-05-20,Illinois,Approach,Medium,Unknown bird - medium,Night,0,0,0,140.0
1997-05-20,New Jersey,Approach,Medium,Unknown bird - medium,Night,0,0,0,140.0
1997-05-20,New Jersey,Approach,Small,Unknown bird - small,Dusk,0,0,0,130.0
1997-05-21,Missouri,Climb,Medium,Unknown bird - medium,Dusk,0,0,0,140.0
1997-05-21,Texas,Climb,Small,Mourning dove,Day,0,0,0,150.0
1997-05-21,DC,Landing Roll,Small,European starling,Day,0,0,0,130.0
1997-05-21,Minnesota,Approach,Small,Unknown bird - small,Night,0,0,0,140.0
1997-05-22,Oregon,Approach,Small,European starling,Day,0,0,0,135.0
1997-05-22,Pennsylvania,Climb,Small,Unknown bird - small,Day,0,0,0,165.0
1997-05-23,Maryland,Approach,Medium,Red-tailed hawk,Day,0,0,0,170.0
1997-05-23,Texas,Approach,Medium,Unknown bird - medium,Day,0,0,0,140.0
1997-05-23,Pennsylvania,Landing Roll,Small,Unknown bird - small,Day,0,0,0,140.0
1997-05-25,North Carolina,Approach,Small,Unknown bird - small,Day,0,0,0,140.0
1997-05-26,Arizona,Approach,Large,Unknown bird - large,Night,0,0,0,140.0
1997-05-27,DC,Take-off run,Medium,Unknown bird - medium,Day,0,0,0,140.0
1997-05-28,Indiana,Take-off run,Medium,Unknown bird - medium,Day,0,0,0,140.0
1997-05-28,Tennessee,Climb,Medium,Unknown bird - medium,Day,0,0,0,145.0
1997-05-28,California,Descent,Medium,Unknown bird - medium,Night,0,0,0,140.0
1997-05-28,Tennessee,Approach,Small,Unknown bird - small,Night,0,0,0,190.0
1997-05-29,California,Take-off run,Large,Turkey vulture,Day,0,0,0,140.0
1997-05-29,South Carolina,Take-off run,Medium,Unknown bird or bat,Day,0,0,0,135.0
1997-05-29,Texas,Take-off run,Medium,Unknown bird - medium,Dusk,0,0,0,165.0
1997-05-29,Kentucky,Approach,Small,Unknown bird - small,Night,0,0,0,170.0
1997-05-30,Georgia,Approach,Medium,Unknown bird - medium,Day,0,0,0,150.0
1997-05-30,Utah,Climb,Medium,Unknown bird - medium,Night,0,0,0,140.0
1997-05-31,Florida,Approach,Small,Unknown bird - small,Night,0,0,0,150.0
1997-06-01,California,Take-off run,Medium,Unknown bird - medium,Day,0,0,0,140.0
1997-06-01,Pennsylvania,Take-off run,Small,Unknown bird - small,Day,0,0,0,145.0
1997-06-02,Louisiana,Approach,Medium,Unknown bird or bat,Day,0,0,0,160.0
1997-06-02,Texas,Climb,Medium,Unknown bird or bat,Day,0,0,0,140.0
1997-06-02,Texas,Landing Roll,Medium,Unknown bird - medium,Day,0,0,0,140.0
1997-06-02,Florida,Approach,Small,Unknown bird - small,Day,0,0,0,150.0
1997-06-03,DC,Take-off run,Medium,Herring gull,Day,0,0,0,140.0
1997-06-03,Florida,Taxi,Small,Mourning dove,Day,0,0,0,140.0
1997-06-04,DC,Approach,Medium,Unknown bird - medium,Day,0,0,0,130.0
1997-06-04,Illinois,Approach,Medium,Red-tailed hawk,Day,0,0,0,140.0
1997-06-04,New York,Approach,Medium,Herring gull,Day,0,0,0,140.0
1997-06-04,Texas,Take-off run,Medium,Unknown bird - medium,Day,0,0,0,140.0
1997-06-04,Pennsylvania,Descent,Small,Unknown bird - small,Day,0,0,0,170.0
1997-06-04,Texas,Approach,Small,Unknown bird - small,Day,0,0,0,140.0
1997-06-05,Texas,Approach,Medium,Unknown bird - medium,Day,0,0,0,140.0
1997-06-06,Florida,Approach,Small,Unknown bird - small,Day,0,0,0,150.0
1997-06-06,Texas,Approach,Small,Unknown bird - small,Day,0,0,0,135.0
1997-06-06,DC,Descent,Small,Unknown bird - small,Day,0,0,0,140.0
1997-06-07,Indiana,Take-off run,Medium,Unknown bird - medium,Day,0,0,0,150.0
1997-06-07,Texas,Take-off run,Medium,Unknown bird - medium,Day,0,0,0,140.0
1997-06-08,California,Approach,Small,Unknown bird - small,Day,0,0,0,130.0
1997-06-09,Texas,Approach,Medium,Unknown bird - medium,Day,0,0,0,140.0
1997-06-09,Texas,Take-off run,Medium,Unknown bird - medium,Day,0,0,0,140.0
1997-06-09,Kentucky,Approach,Medium,Unknown bird - medium,Night,0,0,0,170.0
1997-06-11,Texas,Landing Roll,Medium,Unknown bird - medium,Day,0,0,0,130.0
1997-06-12,Hawaii,Take-off run,Small,Short-eared owl,Day,0,0,0,125.0
1997-06-12,Texas,Approach,Small,Mourning dove,Dusk,0,0,0,128.0
1997-06-13,Louisiana,Climb,Medium,Unknown bird - medium,Dawn,0,144634,144634,140.0
1997-06-13,California,Landing Roll,Small,Unknown bird - small,Dusk,0,0,0,110.0
1997-06-14,Illinois,Approach,Medium,Unknown bird - medium,Dawn,0,0,0,138.0
1997-06-14,Kentucky,Landing Roll,Small,Unknown bird - small,Day,0,0,0,100.0
1997-06-16,New York,Climb,Large,Unknown bird - large,Day,14463,14463,28926,125.0
1997-06-16,Oregon,Take-off run,Large,Great blue heron,Day,0,0,0,140.0
1997-06-16,Oklahoma,Climb,Medium,Unknown bird - medium,Day,0,0,0,140.0
1997-06-17,Arizona,Approach,Medium,Unknown bird - medium,Day,0,0,0,140.0
1997-06-17,Oregon,Approach,Small,European starling,Day,0,0,0,140.0
1997-06-19,Louisiana,Climb,Medium,Unknown bird or bat,Day,0,0,0,155.0
1997-06-19,New York,Climb,Small,Unknown bird - small,Day,0,0,0,165.0
1997-06-19,Colorado,Take-off run,Small,Unknown bird - small,Day,0,0,0,150.0
1997-06-19,Indiana,Landing Roll,Small,Unknown bird - small,Night,0,0,0,90.0
1997-06-20,Florida,Climb,Medium,Unknown bird - medium,Dusk,0,0,0,150.0
1997-06-20,Texas,Approach,Small,Unknown bird - small,Day,0,0,0,140.0
1997-06-20,Pennsylvania,Take-off run,Small,Unknown bird - small,Day,0,0,0,140.0
1997-06-21,Kentucky,Descent,Medium,Unknown bird - medium,Dawn,0,0,0,140.0
1997-06-22,Washington,Landing Roll,Small,Unknown bird - small,Day,0,0,0,140.0
1997-06-23,New York,Approach,Medium,Unknown bird - medium,Day,0,0,0,140.0
1997-06-24,New York,Take-off run,Medium,Unknown bird - medium,Dusk,0,0,0,140.0
1997-06-25,Minnesota,Climb,Large,Unknown bird - large,Day,0,0,0,160.0
1997-06-25,Hawaii,Climb,Medium,Unknown bird - medium,Day,0,0,0,300.0
1997-06-26,New York,Landing Roll,Small,Laughing gull,Day,0,0,0,140.0
1997-06-27,Oregon,Landing Roll,Medium,Unknown bird - medium,Night,0,0,0,140.0
1997-06-27,Texas,Climb,Small,Unknown bird - small,Day,0,0,0,250.0
1997-06-27,Illinois,Approach,Small,Unknown bird - small,Dusk,0,0,0,135.0
1997-06-28,Texas,Landing Roll,Medium,Unknown bird - medium,Dusk,0,0,0,100.0
1997-06-28,Kentucky,Approach,Small,Unknown bird - small,Day,0,0,0,130.0
1997-06-28,Texas,Approach,Small,Unknown bird - small,Day,0,0,0,140.0
1997-06-28,Colorado,Climb,Small,Unknown bird - small,Day,0,0,0,175.0
1997-06-28,New York,Landing Roll,Small,Laughing gull,Day,0,0,0,140.0
1997-06-29,North Carolina,Approach,Small,Unknown bird - small,Day,0,0,0,140.0
1997-06-29,California,Landing Roll,Small,Unknown bird - small,Day,0,0,0,120.0
1997-06-29,Pennsylvania,Landing Roll,Small,European starling,Day,0,0,0,135.0
1997-06-29,Utah,Landing Roll,Small,Unknown bird - small,Day,0,0,0,60.0
1997-07-02,North Carolina,Take-off run,Large,Unknown bird - large,Day,0,0,0,160.0
1997-07-02,Illinois,Take-off run,Small,Unknown bird - small,Day,0,0,0,135.0
1997-07-02,Kentucky,Landing Roll,Small,Killdeer,Day,0,0,0,120.0
1997-07-02,Texas,Approach,Small,Unknown bird - small,Dusk,0,0,0,135.0
1997-07-03,Louisiana,Take-off run,Medium,Unknown bird - medium,Dusk,0,0,0,130.0
1997-07-03,Oregon,Approach,Small,Mourning dove,Day,0,0,0,138.0
1997-07-03,Kentucky,Landing Roll,Small,Unknown bird - small,Day,0,0,0,140.0
1997-07-04,New Jersey,Approach,Medium,Unknown bird - medium,Dawn,0,0,0,135.0
1997-07-04,California,Landing Roll,Medium,Unknown bird - medium,Night,0,0,0,110.0
1997-07-04,Pennsylvania,Approach,Small,Unknown bird - small,Day,0,0,0,135.0
1997-07-04,Pennsylvania,Climb,Small,Unknown bird - small,Day,0,0,0,150.0
1997-07-05,Nebraska,Approach,Small,European starling,Day,0,0,0,135.0
1997-07-05,New York,Landing Roll,Small,Laughing gull,Day,0,0,0,140.0
1997-07-06,Utah,Approach,Small,Unknown bird - small,Day,0,0,0,140.0
1997-07-07,Pennsylvania,Climb,Medium,Unknown bird - medium,Day,0,0,0,160.0
1997-07-07,New York,Approach,Medium,Ring-billed gull,Night,0,0,0,140.0
1997-07-07,DC,Landing Roll,Small,European starling,Day,0,0,0,115.0
1997-07-07,Kentucky,Approach,Small,Unknown bird - small,Day,0,0,0,125.0
1997-07-08,Tennessee,Approach,Small,Unknown bird - small,Day,0,0,0,142.0
1997-07-08,Florida,Landing Roll,Small,Mourning dove,Day,0,0,0,140.0
1997-07-09,Oregon,Landing Roll,Medium,Unknown bird - medium,Day,0,0,0,140.0
1997-07-09,Kentucky,Take-off run,Medium,Unknown bird - medium,Day,0,0,0,80.0
1997-07-09,Kentucky,Approach,Medium,Unknown bird - medium,Night,0,0,0,140.0
1997-07-09,California,Landing Roll,Small,Unknown bird - small,Day,0,0,0,140.0
1997-07-10,Utah,Climb,Medium,Unknown bird - medium,Day,0,0,0,140.0
1997-07-10,California,Landing Roll,Small,Unknown bird - small,Day,0,0,0,140.0
1997-07-11,Texas,Approach,Medium,American crow,Day,0,0,0,130.0
1997-07-11,Tennessee,Take-off run,Medium,Unknown bird - medium,Day,0,0,0,140.0
1997-07-11,Texas,Approach,Small,Unknown bird - small,Day,0,0,0,130.0
1997-07-11,Texas,Descent,Small,Unknown bird - small,Night,0,0,0,250.0
1997-07-12,North Carolina,Climb,Small,Unknown bird - small,Day,0,0,0,160.0
1997-07-13,Kentucky,Climb,Medium,Unknown bird - medium,Day,0,0,0,250.0
1997-07-13,California,Landing Roll,Medium,Unknown bird - medium,Day,0,0,0,140.0
1997-07-13,Tennessee,Approach,Small,Unknown bird - small,Night,0,0,0,140.0
1997-07-15,California,Take-off run,Medium,Unknown bird - medium,Day,0,0,0,130.0
1997-07-16,Texas,Landing Roll,Medium,Unknown bird - medium,Day,0,0,0,140.0
1997-07-16,Texas,Climb,Small,Unknown bird - small,Day,0,0,0,230.0
1997-07-17,DC,Approach,Small,Unknown bird - small,Day,0,0,0,130.0
1997-07-17,Colorado,Take-off run,Small,Unknown bird - small,Day,0,0,0,130.0
1997-07-18,Louisiana,Landing Roll,Medium,Unknown bird - medium,Day,0,0,0,140.0
1997-07-18,Washington,Take-off run,Small,European starling,Day,0,0,0,120.0
1997-07-19,Oregon,Landing Roll,Small,American kestrel,Day,0,0,0,140.0
1997-07-20,Texas,Landing Roll,Medium,Unknown bird - medium,Day,0,0,0,140.0
1997-07-20,California,Take-off run,Small,Rock pigeon,Day,0,0,0,130.0
1997-07-20,Colorado,Landing Roll,Small,Unknown bird - small,Day,0,0,0,140.0
1997-07-21,Louisiana,Take-off run,Medium,Unknown bird or bat,Day,0,0,0,130.0
1997-07-21,Tennessee,Take-off run,Medium,Unknown bird - medium,Day,0,0,0,135.0
1997-07-21,Texas,Approach,Small,Unknown bird - small,Day,0,0,0,140.0
1997-07-21,Pennsylvania,Approach,Small,American kestrel,Dusk,0,0,0,140.0
1997-07-23,Nebraska,Approach,Medium,Unknown bird - medium,Night,0,0,0,160.0
1997-07-23,California,Approach,Small,Unknown bird - small,Day,0,0,0,170.0
1997-07-24,Indiana,Climb,Medium,Unknown bird - medium,Dusk,0,0,0,150.0
1997-07-25,Illinois,Take-off run,Medium,Unknown bird - medium,Day,0,0,0,140.0
1997-07-25,Maryland,Approach,Medium,Unknown bird - medium,Day,0,0,0,140.0
1997-07-25,Oklahoma,Landing Roll,Medium,Unknown bird - medium,Day,0,0,0,140.0
1997-07-25,Florida,Approach,Small,European starling,Day,0,0,0,123.0
1997-07-25,DC,Climb,Small,American kestrel,Day,0,0,0,110.0
1997-07-25,Pennsylvania,Landing Roll,Small,Rock pigeon,Day,0,0,0,110.0
1997-07-26,Minnesota,Landing Roll,Medium,Unknown bird - medium,Day,0,0,0,140.0
1997-07-27,Pennsylvania,Climb,Large,Canada goose,Day,0,0,0,178.0
1997-07-28,Texas,Climb,Small,Unknown bird - small,Day,0,0,0,250.0
1997-07-29,Maryland,Landing Roll,Small,Eastern meadowlark,Day,0,0,0,120.0
1997-07-30,Pennsylvania,Climb,Small,Unknown bird - small,Dawn,0,0,0,230.0
1997-07-30,Maryland,Climb,Small,Barn swallow,Day,0,0,0,160.0
1997-07-30,Hawaii,Take-off run,Small,Barn owl,Night,0,0,0,140.0
1997-07-31,Pennsylvania,Approach,Small,Unknown bird - small,Day,0,0,0,145.0
1997-07-31,Texas,Approach,Small,Unknown bird - small,Day,0,0,0,140.0
1997-07-31,Ohio,Landing Roll,Small,European starling,Day,0,0,0,125.0
1997-08-01,California,Take-off run,Medium,Unknown bird - medium,Day,0,0,0,140.0
1997-08-01,Illinois,Take-off run,Medium,Herring gull,Day,0,0,0,140.0
1997-08-01,Florida,Take-off run,Medium,Unknown bird - medium,Night,0,0,0,150.0
1997-08-02,California,Climb,Medium,Unknown bird - medium,Day,0,0,0,165.0
1997-08-02,Oklahoma,Climb,Small,Unknown bird - small,Dawn,0,0,0,225.0
1997-08-02,Ohio,Landing Roll,Small,Unknown bird - small,Dusk,0,0,0,140.0
1997-08-03,Missouri,Descent,Small,Eastern meadowlark,Day,0,0,0,130.0
1997-08-04,Texas,Climb,Medium,Unknown bird - medium,Day,0,0,0,250.0
1997-08-04,Illinois,Take-off run,Medium,Ring-billed gull,Day,0,0,0,95.0
1997-08-04,Arizona,Landing Roll,Small,Unknown bird - small,Day,0,0,0,130.0
1997-08-05,Texas,Climb,Medium,Unknown bird - medium,Day,0,0,0,140.0
1997-08-05,Texas,Descent,Small,Unknown bird - small,Day,0,0,0,210.0
1997-08-05,California,Approach,Small,Unknown bird - small,Night,0,0,0,140.0
1997-08-06,Texas,Approach,Medium,Unknown bird - medium,Day,0,0,0,140.0
1997-08-06,Louisiana,Approach,Medium,Unknown bird or bat,Day,0,0,0,140.0
1997-08-06,California,Climb,Medium,Unknown bird - medium,Day,0,0,0,210.0
1997-08-06,New York,Climb,Medium,Unknown bird - medium,Night,0,0,0,210.0
1997-08-06,Illinois,Approach,Small,American kestrel,Dawn,0,0,0,140.0
1997-08-06,DC,Descent,Small,Unknown bird - small,Dawn,0,0,0,240.0
1997-08-06,Georgia,Approach,Small,Unknown bird - small,Day,0,0,0,160.0
1997-08-07,Illinois,Approach,Small,Unknown bird - small,Day,0,0,0,125.0
1997-08-07,Illinois,Take-off run,Small,European starling,Day,0,0,0,130.0
1997-08-08,South Carolina,Take-off run,Medium,Unknown bird or bat,Night,0,0,0,110.0
1997-08-08,New Jersey,Descent,Small,Unknown bird - small,Night,0,0,0,200.0
1997-08-09,California,Landing Roll,Medium,Unknown bird - medium,Day,0,0,0,140.0
1997-08-09,Minnesota,Descent,Medium,Unknown bird - medium,Day,0,0,0,140.0
1997-08-09,Missouri,Take-off run,Small,Barn swallow,Dusk,0,0,0,100.0
1997-08-10,Texas,Approach,Small,Unknown bird - small,Day,0,0,0,130.0
1997-08-10,Utah,Approach,Small,Unknown bird - small,Day,0,0,0,145.0
1997-08-10,Maryland,Take-off run,Small,Unknown bird - small,Day,0,0,0,125.0
1997-08-10,Michigan,Approach,Small,European starling,Dusk,0,0,0,134.0
1997-08-11,Colorado,Climb,Large,Unknown bird - large,Dusk,0,0,0,250.0
1997-08-11,North Carolina,Approach,Small,Unknown bird - small,Day,0,0,0,130.0
1997-08-11,Pennsylvania,Approach,Small,Rock pigeon,Day,0,0,0,140.0
1997-08-12,Tennessee,Approach,Medium,Unknown bird - medium,Day,0,0,0,180.0
1997-08-12,New York,Landing Roll,Medium,Unknown bird - medium,Day,0,0,0,140.0
1997-08-12,Pennsylvania,Landing Roll,Small,Unknown bird - small,Day,0,0,0,120.0
1997-08-12,Texas,Approach,Small,Unknown bird - small,Night,0,0,0,130.0
1997-08-13,Maryland,Climb,Large,Unknown bird - large,Day,0,0,0,145.0
1997-08-13,New York,Approach,Medium,Herring gull,Day,0,0,0,134.0
1997-08-13,California,Landing Roll,Medium,Unknown bird - medium,Day,0,0,0,130.0
1997-08-14,DC,Approach,Medium,Ring-billed gull,Night,0,0,0,130.0
1997-08-14,DC,Approach,Medium,Ring-billed gull,Night,0,0,0,148.0
1997-08-14,New York,Approach,Medium,Unknown bird - medium,Night,0,0,0,145.0
1997-08-14,Ohio,Approach,Small,Unknown bird - small,Day,0,0,0,120.0
1997-08-15,Utah,Take-off run,Medium,Unknown bird - medium,Day,0,0,0,140.0
1997-08-15,DC,Landing Roll,Medium,Unknown bird - medium,Night,0,0,0,150.0
1997-08-15,New York,Approach,Small,Unknown bird - small,Day,0,0,0,131.0
1997-08-16,North Carolina,Approach,Medium,Unknown bird - medium,Day,0,0,0,138.0
1997-08-17,Pennsylvania,Take-off run,Medium,Unknown bird - medium,Day,0,0,0,140.0
1997-08-18,Louisiana,Climb,Medium,Unknown bird - medium,Day,0,0,0,230.0
1997-08-18,New York,Approach,Medium,Unknown bird - medium,Night,0,0,0,250.0
1997-08-18,Kentucky,Landing Roll,Medium,Red-tailed hawk,Night,0,0,0,140.0
1997-08-18,Texas,Approach,Small,Unknown bird - small,Day,0,0,0,130.0
1997-08-18,DC,Climb,Small,Unknown bird - small,Day,0,0,0,160.0
1997-08-18,Illinois,Climb,Small,American kestrel,Day,0,0,0,140.0
1997-08-18,Illinois,Take-off run,Small,American kestrel,Day,0,0,0,120.0
1997-08-18,New York,Descent,Small,Unknown bird - small,Night,0,0,0,250.0
1997-08-19,DC,Climb,Medium,Unknown bird - medium,Day,0,0,0,130.0
1997-08-19,Oklahoma,Take-off run,Medium,Unknown bird or bat,Night,0,0,0,160.0
1997-08-19,Washington,Approach,Small,American kestrel,Day,0,0,0,120.0
1997-08-20,Texas,Approach,Medium,Unknown bird - medium,Night,0,0,0,210.0
1997-08-20,Missouri,Approach,Small,Unknown bird - small,Day,0,0,0,170.0
1997-08-20,New York,Approach,Small,European starling,Day,0,0,0,150.0
1997-08-20,Kentucky,Take-off run,Small,Unknown bird - small,Day,0,0,0,140.0
1997-08-20,Pennsylvania,Landing Roll,Small,Unknown bird - small,Dusk,0,0,0,120.0
1997-08-21,Oregon,Climb,Medium,Mallard,Day,0,144634,144634,140.0
1997-08-21,Illinois,Approach,Medium,Unknown bird - medium,Day,0,0,0,140.0
1997-08-21,Tennessee,Climb,Medium,Unknown bird - medium,Day,0,0,0,210.0
1997-08-21,Washington,Approach,Medium,Unknown bird - medium,Night,0,0,0,140.0
1997-08-21,Florida,Climb,Small,Unknown bird - small,Day,0,0,0,170.0
1997-08-21,Hawaii,Landing Roll,Small,Unknown bird - small,Dusk,0,0,0,100.0
1997-08-22,Kentucky,Approach,Small,Eastern meadowlark,Day,0,0,0,132.0
1997-08-22,Missouri,Approach,Small,Unknown bird - small,Day,0,0,0,170.0
1997-08-22,North Carolina,Climb,Small,Unknown bird - small,Day,0,0,0,200.0
1997-08-22,Pennsylvania,Landing Roll,Small,Rock pigeon,Day,0,0,0,100.0
1997-08-23,Tennessee,Approach,Large,Unknown bird - large,Day,0,0,0,180.0
1997-08-23,Florida,Landing Roll,Medium,Unknown bird - medium,Night,0,0,0,140.0
1997-08-23,Tennessee,Approach,Small,Unknown bird - small,Night,0,0,0,130.0
1997-08-24,Illinois,Approach,Medium,Ring-billed gull,Day,0,0,0,140.0
1997-08-24,Maryland,Climb,Medium,Unknown bird - medium,Day,0,0,0,160.0
1997-08-24,Texas,Approach,Medium,Unknown bird - medium,Night,0,0,0,140.0
1997-08-24,South Carolina,Take-off run,Medium,Unknown bird or bat,Night,0,0,0,140.0
1997-08-24,Indiana,Take-off run,Small,Unknown bird - small,Day,0,0,0,150.0
1997-08-24,Texas,Approach,Small,Unknown bird - small,Night,0,0,0,180.0
1997-08-25,Pennsylvania,Approach,Large,Unknown bird - large,Night,0,0,0,100.0
1997-08-25,Utah,Approach,Medium,Unknown bird - medium,Night,0,0,0,140.0
1997-08-26,Minnesota,Climb,Small,Unknown bird - small,Day,0,0,0,140.0
1997-08-26,Pennsylvania,Climb,Small,Unknown bird - small,Day,0,0,0,140.0
1997-08-26,DC,Landing Roll,Small,Unknown bird - small,Day,0,0,0,8.0
1997-08-27,Illinois,Approach,Large,Great blue heron,Day,0,0,0,140.0
1997-08-27,Texas,Approach,Medium,Unknown bird - medium,Day,0,0,0,125.0
1997-08-27,California,Landing Roll,Medium,Unknown bird - medium,Day,0,0,0,140.0
1997-08-27,Louisiana,Take-off run,Medium,Unknown bird or bat,Day,0,0,0,120.0
1997-08-28,Tennessee,Take-off run,Large,Unknown bird - large,Day,0,0,0,160.0
1997-08-28,Kentucky,Approach,Large,Unknown bird - large,Night,0,0,0,160.0
1997-08-28,Pennsylvania,Climb,Medium,Unknown bird - medium,Day,0,0,0,140.0
1997-08-28,Michigan,Climb,Small,European starling,Day,0,0,0,150.0
1997-08-28,Kentucky,Landing Roll,Small,Unknown bird - small,Day,0,0,0,100.0
1997-08-29,New York,Landing Roll,Medium,Herring gull,Day,0,0,0,140.0
1997-08-29,DC,Descent,Medium,Unknown bird - medium,Night,0,0,0,230.0
1997-08-29,Ohio,Landing Roll,Small,Unknown bird - small,Dusk,0,0,0,100.0
1997-08-29,Kentucky,Approach,Small,Unknown bird - small,Night,0,0,0,130.0
1997-08-30,Missouri,Landing Roll,Medium,Unknown bird - medium,Night,0,0,0,140.0
1997-08-30,Georgia,Approach,Small,Unknown bird - small,Day,0,0,0,210.0
1997-08-31,Tennessee,Take-off run,Medium,Unknown bird - medium,Dawn,0,0,0,65.0
1997-09-01,Tennessee,Landing Roll,Medium,Unknown bird - medium,Day,0,0,0,130.0
1997-09-01,Illinois,Take-off run,Medium,Unknown bird - medium,Day,0,0,0,120.0
1997-09-01,DC,Approach,Small,Unknown bird - small,Day,0,0,0,130.0
1997-09-01,Kentucky,Approach,Small,Unknown bird - small,Day,0,0,0,180.0
1997-09-01,Nebraska,Approach,Small,Unknown bird - small,Day,0,0,0,130.0
1997-09-01,California,Take-off run,Small,Unknown bird - small,Day,0,0,0,140.0
1997-09-02,DC,Approach,Large,Canada goose,Dawn,0,0,0,110.0
1997-09-02,Arizona,Climb,Medium,Unknown bird - medium,Day,0,0,0,230.0
1997-09-02,South Carolina,Climb,Medium,Unknown bird - medium,Day,0,0,0,130.0
1997-09-02,Louisiana,Take-off run,Medium,Unknown bird or bat,Day,0,0,0,130.0
1997-09-02,Louisiana,Approach,Small,Common nighthawk,Night,0,0,0,140.0
1997-09-02,Tennessee,Climb,Small,Unknown bird - small,Night,0,0,0,160.0
1997-09-03,Kentucky,Approach,Medium,Unknown bird - medium,Night,0,0,0,140.0
1997-09-03,Kentucky,Approach,Medium,Unknown bird - medium,Night,0,0,0,200.0
1997-09-03,Massachusetts,Landing Roll,Small,Unknown bird - small,Day,0,0,0,55.0
1997-09-04,Louisiana,Take-off run,Medium,Unknown bird or bat,Dusk,0,0,0,134.0
1997-09-04,California,Climb,Small,Unknown bird - small,Dusk,0,0,0,160.0
1997-09-04,Kentucky,Approach,Small,Unknown bird - small,Night,0,0,0,160.0
1997-09-05,Texas,Descent,Small,Unknown bird - small,Day,0,0,0,170.0
1997-09-06,California,Climb,Medium,Unknown bird - medium,Day,0,0,0,250.0
1997-09-06,Illinois,Take-off run,Small,Unknown bird - small,Day,0,0,0,140.0
1997-09-06,Texas,Approach,Small,Unknown bird - small,Night,0,0,0,180.0
1997-09-07,Michigan,Landing Roll,Medium,Unknown bird - medium,Day,0,0,0,140.0
1997-09-07,Illinois,Approach,Medium,Unknown bird - medium,Night,0,0,0,140.0
1997-09-07,New York,Climb,Small,Unknown bird - small,Night,0,0,0,170.0
1997-09-08,Indiana,Climb,Small,Unknown bird - small,Dawn,0,0,0,150.0
1997-09-08,Louisiana,Landing Roll,Small,Cattle egret,Dusk,0,0,0,140.0
1997-09-09,Utah,Approach,Large,Unknown bird - large,Night,0,0,0,180.0
1997-09-09,DC,Approach,Medium,Unknown bird - medium,Night,0,0,0,140.0
1997-09-09,Louisiana,Approach,Small,Barn swallow,Day,0,0,0,150.0
1997-09-09,Texas,Approach,Small,Unknown bird - small,Day,0,0,0,150.0
1997-09-09,Illinois,Landing Roll,Small,Barn swallow,Day,0,0,0,140.0
1997-09-09,Illinois,Take-off run,Small,Common nighthawk,Night,0,0,0,155.0
1997-09-10,California,Approach,Medium,Unknown bird - medium,Day,144634,43390,188024,150.0
1997-09-10,New Jersey,Landing Roll,Medium,Unknown bird - medium,Day,0,0,0,140.0
1997-09-10,Indiana,Approach,Medium,Unknown bird - medium,Night,0,0,0,200.0
1997-09-10,Pennsylvania,Climb,Small,Mourning dove,Day,0,0,0,135.0
1997-09-11,Utah,Approach,Medium,Unknown bird - medium,Night,0,0,0,140.0
1997-09-11,Pennsylvania,Landing Roll,Small,Mourning dove,Day,0,0,0,125.0
1997-09-11,Pennsylvania,Take-off run,Small,Rock pigeon,Day,0,0,0,140.0
1997-09-11,Michigan,Climb,Small,Unknown bird - small,Night,0,0,0,170.0
1997-09-11,Tennessee,Take-off run,Small,Unknown bird - small,Night,28927,0,28927,120.0
1997-09-12,California,Climb,Medium,Unknown bird - medium,Day,0,0,0,250.0
1997-09-12,DC,Take-off run,Medium,Ring-billed gull,Day,0,0,0,135.0
1997-09-12,Hawaii,Approach,Small,Unknown bird - small,Day,0,0,0,135.0
1997-09-12,Missouri,Take-off run,Small,Rock pigeon,Day,0,0,0,30.0
1997-09-13,Pennsylvania,Approach,Medium,Unknown bird - medium,Night,0,0,0,230.0
1997-09-13,New Jersey,Landing Roll,Small,Laughing gull,Day,0,0,0,90.0
1997-09-14,Indiana,Climb,Medium,Unknown bird - medium,Day,0,0,0,140.0
1997-09-14,New Jersey,Approach,Medium,Unknown bird - medium,Night,0,0,0,180.0
1997-09-14,New York,Approach,Medium,Unknown bird - medium,Night,0,0,0,140.0
1997-09-15,Ohio,Climb,Small,Unknown bird - small,Day,0,0,0,155.0
1997-09-16,Kentucky,Approach,Medium,Unknown bird - medium,Day,0,0,0,152.0
1997-09-16,Maryland,Approach,Medium,Unknown bird - medium,Night,0,0,0,250.0
1997-09-17,Kentucky,Climb,Medium,Unknown bird - medium,Day,0,0,0,140.0
1997-09-18,Missouri,Climb,Medium,Unknown bird - medium,Day,0,0,0,130.0
1997-09-18,Georgia,Take-off run,Medium,Unknown bird - medium,Day,0,0,0,125.0
1997-09-18,DC,Approach,Medium,Unknown bird - medium,Night,0,0,0,150.0
1997-09-18,Texas,Approach,Small,Unknown bird - small,Day,0,0,0,135.0
1997-09-18,Indiana,Climb,Small,European starling,Day,0,0,0,140.0
1997-09-18,Colorado,Approach,Small,Unknown bird - small,Day,0,0,0,140.0
1997-09-18,Colorado,Take-off run,Small,Unknown bird - small,Day,0,0,0,100.0
1997-09-18,Tennessee,Approach,Small,Unknown bird - small,Night,0,0,0,130.0
1997-09-18,Kentucky,Descent,Small,Unknown bird - small,Night,0,0,0,190.0
1997-09-19,California,Approach,Large,Unknown bird - large,Night,0,0,0,170.0
1997-09-19,California,Climb,Medium,Unknown bird - medium,Night,0,0,0,140.0
1997-09-20,Colorado,Take-off run,Medium,Unknown bird - medium,Day,0,0,0,140.0
1997-09-20,Illinois,Climb,Medium,Unknown bird - medium,Night,0,0,0,140.0
1997-09-21,Texas,Approach,Medium,Unknown bird - medium,Day,0,0,0,145.0
1997-09-21,Michigan,Approach,Small,Unknown bird - small,Dawn,0,0,0,140.0
1997-09-21,Kentucky,Approach,Small,Unknown bird - small,Day,0,0,0,134.0
1997-09-21,Hawaii,Approach,Small,Unknown bird - small,Dusk,0,0,0,140.0
1997-09-22,Pennsylvania,Approach,Large,Canada goose,Day,0,0,0,150.0
1997-09-22,Utah,Climb,Medium,Unknown bird - medium,Day,0,0,0,140.0
1997-09-22,Texas,Climb,Small,Unknown bird - small,Day,0,0,0,140.0
1997-09-22,California,Take-off run,Small,Unknown bird - small,Day,0,0,0,110.0
1997-09-22,Oregon,Climb,Small,Unknown bird - small,Night,0,0,0,140.0
1997-09-23,Washington,Approach,Large,Canada goose,Night,0,0,0,140.0
1997-09-24,California,Approach,Medium,Unknown bird - medium,Day,0,0,0,250.0
1997-09-24,Texas,Approach,Medium,Unknown bird - medium,Dusk,0,0,0,160.0
1997-09-25,California,Approach,Medium,Unknown bird - medium,Night,0,0,0,130.0
1997-09-25,New York,Approach,Medium,Unknown bird - medium,Night,0,0,0,180.0
1997-09-25,Kentucky,Approach,Small,Killdeer,Day,0,0,0,140.0
1997-09-25,Texas,Approach,Small,Unknown bird - small,Day,0,0,0,140.0
1997-09-25,Kentucky,Landing Roll,Small,Horned lark,Day,0,0,0,120.0
1997-09-26,Oregon,Approach,Large,Canada goose,Night,0,144634,144634,140.0
1997-09-26,DC,Approach,Large,Canada goose,Night,0,0,0,140.0
1997-09-26,Hawaii,Approach,Medium,Unknown bird - medium,Day,0,0,0,160.0
1997-09-26,New York,Landing Roll,Medium,Unknown bird - medium,Day,0,0,0,140.0
1997-09-26,Oregon,Landing Roll,Medium,Unknown bird - medium,Day,0,0,0,140.0
1997-09-26,Massachusetts,Approach,Medium,Unknown bird - medium,Night,0,0,0,160.0
1997-09-26,Kentucky,Descent,Medium,Unknown bird - medium,Night,0,0,0,140.0
1997-09-26,Hawaii,Landing Roll,Small,Unknown bird - small,Day,0,0,0,130.0
1997-09-27,New Jersey,Approach,Medium,Unknown bird - medium,Night,0,0,0,160.0
1997-09-27,North Carolina,Approach,Small,European starling,Day,0,0,0,160.0
1997-09-27,New York,Landing Roll,Small,Tree swallow,Day,0,0,0,140.0
1997-09-27,DC,Approach,Small,Unknown bird - small,Night,0,0,0,158.0
1997-09-28,New York,Approach,Medium,Unknown bird - medium,Day,0,0,0,140.0
1997-09-28,Utah,Approach,Medium,Unknown bird - medium,Day,0,0,0,140.0
1997-09-28,California,Approach,Medium,Unknown bird - medium,Night,0,0,0,200.0
1997-09-28,Oklahoma,Descent,Medium,Unknown bird - medium,Night,0,0,0,230.0
1997-09-28,Texas,Approach,Small,Unknown bird - small,Day,0,0,0,140.0
1997-09-28,Texas,Descent,Small,Unknown bird - small,Day,0,0,0,140.0
1997-09-29,DC,Approach,Large,Unknown bird - large,Day,0,0,0,140.0
1997-09-29,Georgia,Approach,Medium,Unknown bird - medium,Night,0,0,0,140.0
1997-09-29,New York,Landing Roll,Small,Tree swallow,Day,0,0,0,140.0
1997-09-29,Florida,Approach,Small,Unknown bird - small,Night,0,0,0,135.0
1997-09-30,Tennessee,Climb,Medium,Unknown bird - medium,Day,0,0,0,170.0
1997-09-30,Pennsylvania,Climb,Medium,Unknown bird - medium,Night,0,0,0,150.0
1997-09-30,Nebraska,Approach,Small,Unknown bird - small,Day,0,0,0,140.0
1997-09-30,Texas,Approach,Small,Unknown bird - small,Day,0,0,0,135.0
1997-09-30,Illinois,Landing Roll,Small,Mourning dove,Day,0,0,0,140.0
1997-09-30,New York,Approach,Small,Unknown bird - small,Night,0,0,0,160.0
1997-10-01,Florida,Climb,Medium,Unknown bird - medium,Day,0,0,0,250.0
1997-10-01,Kentucky,Approach,Medium,Unknown bird - medium,Night,0,0,0,140.0
1997-10-01,New York,Approach,Medium,Unknown bird - medium,Night,0,0,0,140.0
1997-10-01,New York,Climb,Small,Unknown bird - small,Dawn,0,0,0,140.0
1997-10-01,California,Approach,Small,Unknown bird - small,Dusk,0,0,0,135.0
1997-10-01,New Jersey,Approach,Small,Unknown bird - small,Night,0,0,0,145.0
1997-10-01,Texas,Approach,Small,Unknown bird - small,Night,0,0,0,200.0
1997-10-02,Georgia,Climb,Medium,Unknown bird - medium,Dawn,0,0,0,175.0
1997-10-02,Tennessee,Climb,Medium,Unknown bird - medium,Day,0,0,0,138.0
1997-10-02,Hawaii,Approach,Medium,Unknown bird - medium,Night,0,0,0,140.0
1997-10-02,California,Climb,Medium,Unknown bird - medium,Night,0,0,0,170.0
1997-10-02,California,Approach,Small,Unknown bird - small,Dusk,0,0,0,143.0
1997-10-02,Florida,Approach,Small,Unknown bird - small,Night,0,0,0,140.0
1997-10-02,Maryland,Climb,Small,Unknown bird - small,Night,0,0,0,140.0
1997-10-02,New Jersey,Climb,Small,Unknown bird - small,Night,0,0,0,170.0
1997-10-03,New York,Landing Roll,Small,Tree swallow,Day,0,0,0,140.0
1997-10-03,New Jersey,Climb,Small,Unknown bird - small,Night,0,0,0,250.0
1997-10-04,Utah,Approach,Medium,Unknown bird - medium,Night,0,0,0,140.0
1997-10-04,North Carolina,Approach,Medium,Unknown bird - medium,Night,0,0,0,170.0
1997-10-04,North Carolina,Approach,Small,Unknown bird - small,Day,0,0,0,145.0
1997-10-04,Hawaii,Landing Roll,Small,Pacific golden-plover,Day,0,0,0,100.0
1997-10-05,DC,Approach,Medium,Unknown bird - medium,Day,0,0,0,140.0
1997-10-05,Colorado,Approach,Small,Unknown bird - small,Night,0,0,0,140.0
1997-10-05,Massachusetts,Approach,Small,Unknown bird - small,Night,0,0,0,140.0
1997-10-05,DC,Descent,Small,Unknown bird - small,Night,0,0,0,230.0
1997-10-06,Minnesota,Approach,Medium,Unknown bird - medium,Night,0,2314,2314,170.0
1997-10-06,New Jersey,Approach,Medium,Unknown bird - medium,Night,0,0,0,140.0
1997-10-06,Hawaii,Landing Roll,Small,Pacific golden-plover,Day,0,0,0,120.0
1997-10-06,Massachusetts,Descent,Small,Unknown bird - small,Night,0,0,0,220.0
1997-10-07,Ohio,Approach,Medium,Unknown bird - medium,Night,0,0,0,210.0
1997-10-07,Pennsylvania,Approach,Small,Unknown bird - small,Day,0,0,0,140.0
1997-10-07,North Carolina,Approach,Small,Unknown bird - small,Day,0,0,0,90.0
1997-10-07,Texas,Approach,Small,Unknown bird - small,Day,0,0,0,135.0
1997-10-07,Pennsylvania,Climb,Small,Unknown bird - small,Night,0,0,0,120.0
1997-10-08,New York,Approach,Medium,Unknown bird - medium,Day,0,0,0,140.0
1997-10-08,Louisiana,Approach,Medium,Unknown bird or bat,Dusk,0,0,0,140.0
1997-10-09,Pennsylvania,Approach,Large,Unknown bird - large,Day,0,0,0,160.0
1997-10-09,Hawaii,Landing Roll,Medium,Unknown bird - medium,Night,0,0,0,135.0
1997-10-09,Nebraska,Take-off run,Small,European starling,Day,0,0,0,150.0
1997-10-09,Texas,Approach,Small,Unknown bird - small,Night,0,0,0,150.0
1997-10-09,Texas,Climb,Small,Unknown bird - small,Night,0,0,0,200.0
1997-10-10,Maryland,Landing Roll,Medium,Unknown bird - medium,Day,0,0,0,80.0
1997-10-10,DC,Approach,Medium,Unknown bird - medium,Night,0,0,0,135.0
1997-10-10,Massachusetts,Approach,Medium,Unknown bird - medium,Night,0,0,0,140.0
1997-10-10,DC,Climb,Medium,Unknown bird - medium,Night,0,0,0,145.0
1997-10-10,Kentucky,Descent,Medium,Unknown bird - medium,Night,0,0,0,140.0
1997-10-10,Hawaii,Take-off run,Small,Pacific golden-plover,Dawn,0,0,0,140.0
1997-10-10,Indiana,Approach,Small,Unknown bird - small,Night,0,0,0,150.0
1997-10-11,Georgia,Descent,Medium,Unknown bird - medium,Day,0,0,0,280.0
1997-10-11,Nebraska,Approach,Small,Western meadowlark,Day,0,0,0,134.0
1997-10-11,Nebraska,Approach,Small,Unknown bird - small,Day,0,0,0,140.0
1997-10-11,Pennsylvania,Approach,Small,Unknown bird - small,Night,0,0,0,140.0
1997-10-12,Oregon,Descent,Large,Unknown bird - large,Night,0,0,0,220.0
1997-10-12,California,Landing Roll,Medium,Red-tailed hawk,Night,0,0,0,140.0
1997-10-12,Hawaii,Landing Roll,Small,Rock pigeon,Day,0,0,0,100.0
1997-10-12,Texas,Landing Roll,Small,Unknown bird - small,Day,0,0,0,80.0
1997-10-13,Massachusetts,Take-off run,Large,Great blue heron,Dawn,0,0,0,140.0
1997-10-13,California,Landing Roll,Large,Unknown bird - large,Night,0,0,0,140.0
1997-10-13,Washington,Approach,Medium,Unknown bird - medium,Day,0,0,0,140.0
1997-10-13,Hawaii,Climb,Medium,Unknown bird - medium,Night,0,0,0,160.0
1997-10-13,Texas,Climb,Medium,Unknown bird - medium,Night,0,0,0,250.0
1997-10-13,Texas,Approach,Small,Unknown bird - small,Day,0,0,0,180.0
1997-10-13,DC,Climb,Small,European starling,Day,0,0,0,150.0
1997-10-13,Missouri,Climb,Small,Unknown bird - small,Day,0,0,0,140.0
1997-10-13,Texas,Climb,Small,Unknown bird - small,Day,0,0,0,140.0
1997-10-13,Tennessee,Approach,Small,Unknown bird - small,Night,0,0,0,135.0
1997-10-14,California,Climb,Medium,Unknown bird - medium,Night,0,0,0,250.0
1997-10-14,Florida,Climb,Small,Unknown bird - small,Day,0,0,0,230.0
1997-10-14,Hawaii,Landing Roll,Small,Pacific golden-plover,Day,0,0,0,140.0
1997-10-14,Pennsylvania,Landing Roll,Small,Mourning dove,Day,0,0,0,135.0
1997-10-14,Tennessee,Approach,Small,Unknown bird - small,Night,0,0,0,140.0
1997-10-14,Georgia,Climb,Small,Unknown bird - small,Night,0,0,0,200.0
1997-10-15,North Carolina,Approach,Medium,Unknown bird - medium,Night,362,0,362,150.0
1997-10-15,Louisiana,Climb,Small,Unknown bird - small,Dawn,0,0,0,190.0
1997-10-15,California,Take-off run,Small,Rock pigeon,Day,0,0,0,90.0
1997-10-15,Kentucky,Approach,Small,Unknown bird - small,Night,0,0,0,140.0
1997-10-16,Arizona,Approach,Medium,Unknown bird - medium,Night,0,0,0,210.0
1997-10-16,New York,Approach,Medium,Unknown bird - medium,Night,0,0,0,140.0
1997-10-16,New Jersey,Approach,Small,Unknown bird - small,Night,0,0,0,140.0
1997-10-17,Texas,Climb,Medium,Unknown bird - medium,Dusk,0,0,0,220.0
1997-10-17,New Jersey,Approach,Medium,Unknown bird - medium,Night,0,0,0,170.0
1997-10-17,California,Landing Roll,Small,Rock pigeon,Day,0,0,0,140.0
1997-10-18,Kentucky,Approach,Large,Unknown bird - large,Night,0,0,0,120.0
1997-10-18,Louisiana,Take-off run,Medium,Unknown bird - medium,Night,0,0,0,190.0
1997-10-18,North Carolina,Climb,Small,European starling,Dusk,0,0,0,160.0
1997-10-19,Hawaii,Climb,Large,Unknown bird - large,Day,0,0,0,140.0
1997-10-19,Texas,Climb,Medium,American crow,Day,0,0,0,160.0
1997-10-19,Massachusetts,Approach,Medium,Unknown bird - medium,Night,0,0,0,140.0
1997-10-20,New Jersey,Take-off run,Large,Great blue heron,Dusk,0,0,0,140.0
1997-10-20,Louisiana,Approach,Medium,Unknown bird - medium,Day,0,0,0,140.0
1997-10-20,Missouri,Descent,Medium,Unknown bird - medium,Dusk,0,0,0,250.0
1997-10-20,Texas,Climb,Medium,Unknown bird - medium,Night,0,0,0,250.0
1997-10-20,Minnesota,Approach,Medium,Unknown bird - medium,Night,0,0,0,140.0
1997-10-20,Indiana,Take-off run,Small,Unknown bird - small,Dawn,0,0,0,150.0
1997-10-21,New York,Climb,Large,Unknown bird - large,Night,0,0,0,225.0
1997-10-21,DC,Climb,Medium,Ring-billed gull,Day,0,0,0,170.0
1997-10-21,New York,Climb,Medium,Unknown bird - medium,Night,0,0,0,140.0
1997-10-22,DC,Take-off run,Medium,Unknown bird - medium,Day,0,0,0,140.0
1997-10-22,Hawaii,Approach,Small,Unknown bird - small,Day,0,0,0,140.0
1997-10-22,Texas,Approach,Small,Unknown bird - small,Day,0,0,0,145.0
1997-10-23,California,Climb,Large,Unknown bird - large,Day,0,0,0,170.0
1997-10-23,North Carolina,Approach,Medium,Unknown bird - medium,Day,0,0,0,140.0
1997-10-23,Texas,Climb,Medium,Unknown bird - medium,Day,0,0,0,180.0
1997-10-25,Pennsylvania,Approach,Medium,Unknown bird - medium,Night,0,0,0,210.0
1997-10-25,Washington,Approach,Small,American kestrel,Day,0,0,0,132.0
1997-10-25,Washington,Approach,Small,Unknown bird - small,Night,0,0,0,145.0
1997-10-25,Texas,Climb,Small,Unknown bird - small,Night,0,0,0,200.0
1997-10-26,California,Approach,Medium,Unknown bird - medium,Day,0,0,0,120.0
1997-10-26,Michigan,Landing Roll,Medium,Unknown bird - medium,Day,0,0,0,140.0
1997-10-26,Texas,Descent,Medium,Unknown bird - medium,Night,0,0,0,245.0
1997-10-27,DC,Approach,Medium,Ring-billed gull,Day,0,0,0,125.0
1997-10-27,Hawaii,Climb,Medium,Unknown bird - medium,Day,0,0,0,180.0
1997-10-27,Colorado,Approach,Small,Unknown bird - small,Day,0,0,0,140.0
1997-10-27,Colorado,Take-off run,Small,Unknown bird - small,Day,0,0,0,140.0
1997-10-27,Illinois,Climb,Small,Unknown bird - small,Dusk,0,0,0,240.0
1997-10-27,Louisiana,Approach,Small,Unknown bird - small,Night,0,0,0,130.0
1997-10-28,New Jersey,Climb,Medium,Unknown bird - medium,Night,0,0,0,140.0
1997-10-28,Massachusetts,Climb,Small,Unknown bird - small,Dawn,0,0,0,150.0
1997-10-28,Pennsylvania,Climb,Small,European starling,Day,0,72,72,150.0
1997-10-28,Texas,Landing Roll,Small,American robin,Day,0,0,0,100.0
1997-10-28,Missouri,Approach,Small,Unknown bird - small,Night,0,0,0,140.0
1997-10-28,Texas,Climb,Small,Unknown bird - small,Night,0,0,0,180.0
1997-10-29,Illinois,Landing Roll,Large,Coyote,Day,0,0,0,140.0
1997-10-29,Louisiana,Approach,Medium,Unknown bird or bat,Day,0,0,0,140.0
1997-10-30,Texas,Landing Roll,Small,European starling,Day,0,0,0,140.0
1997-10-30,Texas,Approach,Small,Unknown bird - small,Night,0,0,0,160.0
1997-10-31,Indiana,Climb,Small,Killdeer,Day,0,0,0,140.0
1997-10-31,Texas,Climb,Small,Unknown bird - small,Night,0,0,0,230.0
1997-11-01,Texas,Descent,Large,Unknown bird - large,Night,0,0,0,250.0
1997-11-01,Utah,Approach,Large,Unknown bird - large,Night,0,0,0,140.0
1997-11-01,California,Landing Roll,Small,Unknown bird - small,Day,0,0,0,100.0
1997-11-01,Hawaii,Landing Roll,Small,Unknown bird - small,Day,0,0,0,120.0
1997-11-02,New Jersey,Landing Roll,Medium,Ring-billed gull,Day,0,0,0,140.0
1997-11-02,Georgia,Approach,Medium,Unknown bird - medium,Night,0,0,0,200.0
1997-11-02,Michigan,Climb,Medium,Unknown bird - medium,Night,0,0,0,140.0
1997-11-02,Florida,Take-off run,Small,Unknown bird - small,Day,0,0,0,140.0
1997-11-03,Illinois,Climb,Medium,Unknown bird - medium,Dusk,0,0,0,250.0
1997-11-03,Minnesota,Approach,Medium,Unknown bird - medium,Night,0,3616,3616,160.0
1997-11-03,Florida,Approach,Small,Unknown bird - small,Day,0,0,0,140.0
1997-11-05,Kentucky,Climb,Medium,Unknown bird - medium,Day,0,0,0,140.0
1997-11-05,DC,Approach,Medium,Ring-billed gull,Dusk,0,0,0,130.0
1997-11-05,Pennsylvania,Approach,Medium,Unknown bird - medium,Night,0,0,0,140.0
1997-11-06,Washington,Approach,Medium,Unknown bird - medium,Day,0,0,0,140.0
1997-11-06,Illinois,Approach,Medium,Unknown bird - medium,Night,0,0,0,130.0
1997-11-06,New York,Climb,Medium,Unknown bird - medium,Night,0,0,0,210.0
1997-11-07,New Jersey,Take-off run,Medium,Ring-billed gull,Dawn,0,0,0,140.0
1997-11-07,Texas,Approach,Medium,Unknown bird - medium,Day,0,0,0,130.0
1997-11-07,Louisiana,Approach,Medium,Unknown bird or bat,Dusk,0,21514,21514,155.0
1997-11-07,Ohio,Approach,Medium,Unknown bird - medium,Dusk,0,0,0,140.0
1997-11-07,Pennsylvania,Approach,Small,Unknown bird - small,Day,0,0,0,140.0
1997-11-07,Indiana,Approach,Small,Unknown bird - small,Night,0,0,0,140.0
1997-11-07,Texas,Climb,Small,Unknown bird - small,Night,0,0,0,210.0
1997-11-08,Minnesota,Climb,Small,Unknown bird - small,Night,0,0,0,170.0
1997-11-09,New York,Climb,Large,Unknown bird - large,Night,0,0,0,220.0
1997-11-09,Pennsylvania,Climb,Medium,Unknown bird - medium,Day,0,0,0,200.0
1997-11-09,DC,Take-off run,Medium,Ring-billed gull,Day,0,0,0,140.0
1997-11-09,Ohio,Climb,Medium,Unknown bird - medium,Day,0,0,0,220.0
1997-11-09,Pennsylvania,Take-off run,Small,Rock pigeon,Dusk,0,0,0,140.0
1997-11-10,DC,Approach,Large,Unknown bird - large,Dusk,0,0,0,210.0
1997-11-10,California,Take-off run,Medium,Unknown bird - medium,Dawn,0,0,0,140.0
1997-11-10,Pennsylvania,Approach,Medium,Unknown bird - medium,Day,0,0,0,140.0
1997-11-10,Texas,Approach,Medium,Unknown bird - medium,Day,0,0,0,140.0
1997-11-10,Illinois,Climb,Medium,Unknown bird - medium,Night,0,0,0,140.0
1997-11-10,Texas,Climb,Medium,Unknown bird - medium,Night,0,0,0,140.0
1997-11-10,Georgia,Approach,Small,Unknown bird - small,Day,0,0,0,135.0
1997-11-10,California,Take-off run,Small,Unknown bird - small,Day,0,0,0,110.0
1997-11-11,Texas,Approach,Small,Unknown bird - small,Night,0,0,0,140.0
1997-11-12,Pennsylvania,Approach,Large,Canada goose,Night,0,43390,43390,120.0
1997-11-12,Tennessee,Approach,Small,European starling,Day,0,0,0,135.0
1997-11-12,New York,Descent,Small,Unknown bird - small,Day,0,0,0,140.0
1997-11-13,California,Landing Roll,Small,Unknown bird - small,Day,0,0,0,100.0
1997-11-13,California,Approach,Small,Unknown bird - small,Night,0,0,0,140.0
1997-11-13,Texas,Take-off run,Small,Unknown bird - small,Night,0,0,0,110.0
1997-11-14,Texas,Climb,Medium,Unknown bird - medium,Night,0,0,0,220.0
1997-11-14,Missouri,Landing Roll,Small,Unknown bird - small,Day,0,0,0,140.0
1997-11-15,Colorado,Approach,Small,European starling,Day,0,0,0,140.0
1997-11-16,Pennsylvania,Take-off run,Small,Unknown bird - small,Day,0,0,0,150.0
1997-11-16,California,Approach,Small,Barn owl,Night,0,0,0,140.0
1997-11-17,Washington,Approach,Large,Coyote,Night,0,0,0,140.0
1997-11-17,California,Approach,Medium,Unknown bird - medium,Day,0,0,0,140.0
1997-11-17,Georgia,Approach,Medium,Unknown bird - medium,Night,0,0,0,180.0
1997-11-18,Missouri,Approach,Small,Unknown bird - small,Day,0,0,0,123.0
1997-11-18,North Carolina,Approach,Small,European starling,Day,0,0,0,130.0
1997-11-18,DC,Landing Roll,Small,European starling,Day,0,0,0,100.0
1997-11-19,Texas,Landing Roll,Medium,Unknown bird - medium,Day,0,0,0,130.0
1997-11-20,Pennsylvania,Approach,Medium,Unknown bird - medium,Night,0,0,0,130.0
1997-11-21,Ohio,Climb,Medium,Unknown bird - medium,Dawn,0,0,0,170.0
1997-11-21,Texas,Take-off run,Small,European starling,Day,0,0,0,140.0
1997-11-22,DC,Landing Roll,Medium,Ring-billed gull,Day,0,0,0,140.0
1997-11-22,DC,Climb,Small,Unknown bird - small,Day,0,0,0,150.0
1997-11-22,Texas,Take-off run,Small,Unknown bird - small,Day,0,0,0,120.0
1997-11-23,Hawaii,Landing Roll,Medium,Unknown bird - medium,Night,0,0,0,140.0
1997-11-24,California,Approach,Small,Unknown bird - small,Day,0,0,0,140.0
1997-11-25,Kentucky,Approach,Small,Mourning dove,Dawn,0,0,0,140.0
1997-11-25,North Carolina,Landing Roll,Small,Unknown bird - small,Day,0,0,0,110.0
1997-11-26,North Carolina,Landing Roll,Small,Unknown bird - small,Day,0,0,0,120.0
1997-11-26,North Carolina,Take-off run,Small,Unknown bird - small,Day,0,0,0,80.0
1997-11-28,California,Approach,Medium,Unknown bird - medium,Night,0,0,0,140.0
1997-12-01,Tennessee,Approach,Small,Unknown bird - small,Day,0,0,0,140.0
1997-12-01,North Carolina,Landing Roll,Small,Unknown bird - small,Day,0,0,0,60.0
1997-12-02,Texas,Approach,Small,Unknown bird - small,Day,0,0,0,125.0
1997-12-03,Texas,Approach,Small,Unknown bird - small,Day,0,0,0,140.0
1997-12-04,California,Landing Roll,Medium,Unknown bird - medium,Dusk,0,0,0,110.0
1997-12-04,Tennessee,Approach,Small,Unknown bird - small,Dawn,0,0,0,120.0
1997-12-04,Arizona,Climb,Small,Unknown bird - small,Night,0,0,0,250.0
1997-12-05,California,Climb,Medium,Unknown bird - medium,Night,0,0,0,140.0
1997-12-08,California,Landing Roll,Small,Unknown bird - small,Day,0,0,0,130.0
1997-12-10,California,Climb,Large,Unknown bird - large,Night,0,0,0,190.0
1997-12-10,Ohio,Take-off run,Medium,Red-tailed hawk,Day,0,0,0,140.0
1997-12-10,California,Approach,Medium,Unknown bird - medium,Dusk,0,0,0,130.0
1997-12-10,North Carolina,Take-off run,Small,Mourning dove,Dawn,3037,0,3037,60.0
1997-12-10,Tennessee,Approach,Small,European starling,Day,0,0,0,130.0
1997-12-10,Oregon,Approach,Small,Killdeer,Night,0,0,0,140.0
1997-12-12,Hawaii,Take-off run,Small,Zebra dove,Day,0,0,0,140.0
1997-12-14,New Jersey,Approach,Large,Unknown bird - large,Night,0,0,0,140.0
1997-12-14,Colorado,Take-off run,Small,Unknown bird - small,Day,0,0,0,140.0
1997-12-14,California,Landing Roll,Small,Barn owl,Night,0,0,0,110.0
1997-12-14,Oregon,Landing Roll,Small,Barn owl,Night,0,0,0,140.0
1997-12-15,Illinois,Approach,Medium,Red-tailed hawk,Day,0,0,0,130.0
1997-12-15,New York,Take-off run,Medium,Unknown bird - medium,Day,0,0,0,140.0
1997-12-16,Texas,Climb,Medium,Unknown bird - medium,Day,0,0,0,170.0
1997-12-16,California,Climb,Small,Unknown bird - small,Day,0,0,0,140.0
1997-12-17,Oregon,Taxi,Medium,Red-tailed hawk,Dawn,0,0,0,140.0
1997-12-19,Ohio,Descent,Medium,Unknown bird - medium,Day,0,0,0,190.0
1997-12-19,Louisiana,Take-off run,Medium,Unknown bird or bat,Day,0,0,0,140.0
1997-12-19,Georgia,Approach,Small,Unknown bird - small,Day,0,0,0,138.0
1997-12-19,Hawaii,Landing Roll,Small,Unknown bird - small,Dusk,0,0,0,100.0
1997-12-21,Florida,Climb,Large,Turkey vulture,Day,0,0,0,160.0
1997-12-21,Tennessee,Approach,Small,Unknown bird - small,Dusk,0,0,0,140.0
1997-12-22,California,Take-off run,Large,Unknown bird - large,Night,0,0,0,140.0
1997-12-22,Tennessee,Approach,Medium,Unknown bird - medium,Day,0,0,0,170.0
1997-12-22,Texas,Take-off run,Medium,Unknown bird - medium,Day,0,0,0,100.0
1997-12-23,DC,Landing Roll,Medium,Ring-billed gull,Dawn,0,0,0,140.0
1997-12-23,Texas,Approach,Medium,Unknown bird - medium,Day,0,0,0,140.0
1997-12-24,Colorado,Take-off run,Small,Unknown bird - small,Day,0,0,0,120.0
1997-12-28,Texas,Take-off run,Large,Coyote,Night,0,0,0,140.0
1997-12-29,Ohio,Approach,Large,Unknown bird - large,Dusk,0,0,0,190.0
1997-12-29,Florida,Approach,Small,Unknown bird - small,Night,0,0,0,132.0
1997-12-30,Ohio,Approach,Large,Unknown bird - large,Night,0,0,0,140.0
1997-12-30,California,Approach,Medium,Unknown bird - medium,Night,0,0,0,140.0
1997-12-30,Colorado,Climb,Small,Unknown bird - small,Day,0,0,0,160.0
1998-01-02,Louisiana,Landing Roll,Large,Great blue heron,Day,0,0,0,140.0
1998-01-03,Hawaii,Approach,Small,Unknown bird - small,Day,0,0,0,140.0
1998-01-03,Texas,Approach,Small,Unknown bird - small,Day,0,0,0,140.0
1998-01-04,California,Approach,Large,Unknown bird - large,Day,0,0,0,140.0
1998-01-04,Utah,Climb,Large,Unknown bird - large,Night,0,0,0,170.0
1998-01-04,Pennsylvania,Landing Roll,Small,Unknown bird - small,Dawn,0,0,0,80.0
1998-01-04,Hawaii,Approach,Small,Unknown bird - small,Night,0,0,0,130.0
1998-01-05,California,Landing Roll,Medium,Unknown bird - medium,Day,0,0,0,140.0
1998-01-06,California,Take-off run,Medium,Unknown bird - medium,Day,0,0,0,140.0
1998-01-07,Georgia,Descent,Medium,Unknown bird - medium,Day,0,0,0,140.0
1998-01-08,Hawaii,Take-off run,Small,Unknown bird - small,Day,0,0,0,120.0
1998-01-09,Utah,Approach,Large,Unknown bird - large,Night,0,56348,56348,100.0
1998-01-09,Utah,Approach,Medium,Unknown bird - medium,Night,0,0,0,140.0
1998-01-10,Colorado,Climb,Medium,Unknown bird - medium,Day,0,0,0,140.0
1998-01-11,Tennessee,Approach,Large,Unknown bird - large,Day,0,0,0,160.0
1998-01-12,Hawaii,Approach,Small,Unknown bird - small,Day,0,0,0,130.0
1998-01-12,New York,Approach,Small,Rock pigeon,Day,0,0,0,140.0
1998-01-13,California,Approach,Medium,Unknown bird - medium,Day,0,0,0,140.0
1998-01-13,DC,Climb,Medium,Ring-billed gull,Day,0,0,0,140.0
1998-01-14,Hawaii,Take-off run,Small,Pacific golden-plover,Day,0,0,0,140.0
1998-01-18,Hawaii,Approach,Small,Unknown bird - small,Day,0,0,0,125.0
1998-01-18,Oregon,Approach,Small,Unknown bird - small,Night,0,0,0,131.0
1998-01-18,South Carolina,Climb,Small,Unknown bird - small,Night,0,0,0,140.0
1998-01-19,Florida,Take-off run,Small,Unknown bird - small,Day,0,0,0,140.0
1998-01-19,New York,Landing Roll,Small,Short-eared owl,Night,0,0,0,140.0
1998-01-21,Texas,Approach,Small,Blackbirds,Day,0,0,0,125.0
1998-01-22,Pennsylvania,Approach,Small,Unknown bird - small,Day,0,0,0,125.0
1998-01-22,Hawaii,Take-off run,Small,Unknown bird - small,Day,0,0,0,128.0
1998-01-23,California,Climb,Small,Unknown bird - small,Dawn,0,0,0,150.0
1998-01-23,Colorado,Climb,Small,Unknown bird - small,Day,0,0,0,140.0
1998-01-25,California,Landing Roll,Medium,Unknown bird - medium,Dusk,0,0,0,140.0
1998-01-26,Hawaii,Landing Roll,Medium,Unknown bird - medium,Day,0,0,0,140.0
1998-01-26,California,Landing Roll,Small,Unknown bird - small,Day,0,0,0,140.0
1998-01-26,Hawaii,Landing Roll,Small,Zebra dove,Day,0,0,0,140.0
1998-01-27,South Carolina,Approach,Large,Unknown bird - large,Day,0,0,0,180.0
1998-01-27,New York,Landing Roll,Large,Canada goose,Night,0,0,0,140.0
1998-01-27,Texas,Landing Roll,Medium,Unknown bird - medium,Day,0,0,0,100.0
1998-01-27,California,Climb,Medium,Unknown bird - medium,Night,0,0,0,210.0
1998-01-30,Florida,Climb,Large,Unknown bird - large,Day,0,0,0,180.0
1998-02-01,Texas,Approach,Medium,Unknown bird - medium,Day,0,0,0,140.0
1998-02-06,Oregon,Approach,Medium,Unknown bird - medium,Dusk,0,0,0,140.0
1998-02-06,Oregon,Approach,Medium,Unknown bird - medium,Night,0,0,0,140.0
1998-02-07,Hawaii,Approach,Medium,Unknown bird - medium,Night,0,0,0,140.0
1998-02-07,Pennsylvania,Approach,Small,European starling,Night,0,0,0,140.0
1998-02-08,Florida,Climb,Large,Unknown bird - large,Day,0,0,0,190.0
1998-02-09,California,Climb,Large,Unknown bird - large,Night,0,0,0,140.0
1998-02-09,California,Approach,Medium,Unknown bird - medium,Night,0,0,0,140.0
1998-02-10,Hawaii,Take-off run,Medium,Unknown bird - medium,Dusk,0,0,0,90.0
1998-02-10,DC,Descent,Medium,Unknown bird - medium,Night,0,0,0,250.0
1998-02-10,New York,Climb,Small,Horned lark,Day,0,0,0,140.0
1998-02-11,Florida,Approach,Large,Turkey vulture,Day,0,0,0,120.0
1998-02-11,Hawaii,Take-off run,Small,Rock pigeon,Day,0,0,0,140.0
1998-02-12,Oregon,Climb,Medium,Mallard,Night,0,0,0,160.0
1998-02-15,California,Climb,Small,Unknown bird - small,Day,0,0,0,150.0
1998-02-16,Oregon,Take-off run,Small,Unknown bird - small,Dawn,0,0,0,140.0
1998-02-16,Hawaii,Landing Roll,Small,Unknown bird - small,Dusk,0,0,0,80.0
1998-02-19,Ohio,Take-off run,Small,Mourning dove,Dawn,0,0,0,120.0
1998-02-21,DC,Approach,Medium,Ring-billed gull,Night,0,70435,70435,140.0
1998-02-23,Missouri,Take-off run,Medium,Red-tailed hawk,Dawn,0,0,0,95.0
1998-02-24,Texas,Climb,Large,Unknown bird - large,Dawn,0,7043545,7043545,190.0
1998-02-25,Tennessee,Approach,Small,Unknown bird - small,Night,0,0,0,210.0
1998-02-27,Texas,Climb,Medium,Unknown bird - medium,Night,0,0,0,155.0
1998-02-27,Kentucky,Approach,Small,European starling,Dusk,0,0,0,130.0
1998-03-01,California,Landing Roll,Medium,Unknown bird - medium,Day,0,0,0,140.0
1998-03-01,Illinois,Approach,Small,Unknown bird - small,Dusk,0,0,0,135.0
1998-03-02,Hawaii,Approach,Small,Pacific golden-plover,Day,0,0,0,137.0
1998-03-04,Arizona,Climb,Medium,Unknown bird - medium,Day,0,0,0,230.0
1998-03-04,California,Climb,Small,Unknown bird - small,Day,0,0,0,145.0
1998-03-05,Arizona,Approach,Small,Unknown bird - small,Night,0,0,0,137.0
1998-03-06,Florida,Take-off run,Medium,Mallard,Day,0,0,0,140.0
1998-03-06,New Jersey,Descent,Medium,Unknown bird - medium,Night,0,0,0,110.0
1998-03-08,Utah,Approach,Medium,Unknown bird - medium,Night,0,0,0,145.0
1998-03-08,Hawaii,Landing Roll,Small,Barn owl,Night,0,0,0,137.0
1998-03-09,Colorado,Descent,Medium,Unknown bird - medium,Night,0,0,0,140.0
1998-03-09,Utah,Approach,Medium,Unknown bird - medium,Night,0,0,0,140.0
1998-03-09,California,Approach,Small,Unknown bird - small,Night,0,0,0,140.0
1998-03-09,Hawaii,Climb,Small,Unknown bird - small,Night,0,0,0,140.0
1998-03-10,Texas,Approach,Large,Unknown bird - large,Night,0,0,0,160.0
1998-03-10,Texas,Landing Roll,Small,Unknown bird - small,Day,0,0,0,110.0
1998-03-11,DC,Landing Roll,Medium,Ring-billed gull,Day,0,0,0,80.0
1998-03-12,Utah,Climb,Medium,Unknown bird - medium,Night,0,7044,7044,140.0
1998-03-12,Indiana,Approach,Small,European starling,Day,0,0,0,180.0
1998-03-12,California,Landing Roll,Small,American kestrel,Day,0,0,0,140.0
1998-03-12,Utah,Approach,Small,Unknown bird - small,Night,0,0,0,140.0
1998-03-13,California,Climb,Medium,Unknown bird - medium,Night,0,0,0,170.0
1998-03-13,Indiana,Landing Roll,Small,Unknown bird - small,Day,0,0,0,100.0
1998-03-13,Texas,Take-off run,Small,Unknown bird - small,Dusk,0,0,0,139.0
1998-03-15,Oregon,Descent,Large,Canada goose,Night,0,493893,493893,140.0
1998-03-16,Texas,Approach,Medium,Unknown bird - medium,Dawn,0,0,0,132.0
1998-03-16,Texas,Approach,Medium,Unknown bird - medium,Night,0,0,0,140.0
1998-03-17,Indiana,Climb,Medium,Unknown bird - medium,Day,0,0,0,180.0
1998-03-17,Kentucky,Approach,Small,Unknown bird - small,Day,0,0,0,130.0
1998-03-18,Texas,Approach,Medium,Unknown bird - medium,Day,0,0,0,135.0
1998-03-18,Illinois,Descent,Medium,Ring-billed gull,Day,0,0,0,140.0
1998-03-18,Oregon,Approach,Medium,Mallard,Dusk,0,0,0,140.0
1998-03-18,Louisiana,Climb,Medium,Unknown bird or bat,Dusk,0,0,0,115.0
1998-03-18,Kentucky,Approach,Medium,Unknown bird - medium,Night,0,0,0,130.0
1998-03-18,Texas,Approach,Small,Unknown bird - small,Night,0,0,0,140.0
1998-03-19,Kentucky,Landing Roll,Small,Mourning dove,Day,0,0,0,140.0
1998-03-19,Oregon,Climb,Small,Barn owl,Night,0,0,0,140.0
1998-03-21,New Jersey,Landing Roll,Medium,Unknown bird - medium,Day,0,0,0,140.0
1998-03-21,DC,Take-off run,Medium,Ring-billed gull,Day,0,0,0,90.0
1998-03-21,Utah,Climb,Small,Unknown bird - small,Day,0,0,0,140.0
1998-03-22,Pennsylvania,Landing Roll,Large,White-tailed deer,Night,0,0,0,140.0
1998-03-22,Nebraska,Approach,Large,Unknown bird - large,Night,0,0,0,140.0
1998-03-22,Washington,Landing Roll,Small,Killdeer,Night,0,0,0,145.0
1998-03-23,Louisiana,Climb,Medium,Unknown bird or bat,Day,0,0,0,156.0
1998-03-23,Oregon,Landing Roll,Medium,Mallard,Day,0,0,0,140.0
1998-03-23,New York,Approach,Medium,Unknown bird - medium,Night,0,0,0,210.0
1998-03-24,Minnesota,Approach,Medium,Unknown bird or bat,Dusk,0,0,0,140.0
1998-03-24,Louisiana,Approach,Medium,Unknown bird or bat,Night,0,0,0,163.0
1998-03-24,Hawaii,Climb,Small,Unknown bird - small,Day,0,0,0,120.0
1998-03-24,Oregon,Take-off run,Small,Unknown bird - small,Day,0,0,0,140.0
1998-03-25,Minnesota,Approach,Large,Canada goose,Dawn,0,0,0,140.0
1998-03-25,Texas,Climb,Medium,Unknown bird - medium,Day,0,0,0,140.0
1998-03-25,Kentucky,Approach,Medium,Unknown bird - medium,Night,0,0,0,130.0
1998-03-25,North Carolina,Approach,Medium,Unknown bird - medium,Night,0,0,0,200.0
1998-03-27,Massachusetts,Take-off run,Medium,Unknown bird - medium,Day,0,0,0,110.0
1998-03-27,California,Climb,Small,Rock pigeon,Dawn,0,0,0,160.0
1998-03-28,Texas,Climb,Medium,Unknown bird - medium,Dawn,0,0,0,160.0
1998-03-28,Texas,Approach,Medium,Unknown bird - medium,Day,0,0,0,140.0
1998-03-29,Texas,Approach,Medium,Unknown bird - medium,Day,0,0,0,140.0
1998-03-31,Tennessee,Approach,Medium,Unknown bird - medium,Day,0,0,0,137.0
1998-03-31,DC,Approach,Medium,Unknown bird - medium,Night,0,0,0,150.0
1998-04-01,DC,Approach,Medium,Unknown bird - medium,Night,0,0,0,140.0
1998-04-02,New Jersey,Approach,Medium,Mallard,Day,0,0,0,140.0
1998-04-02,Missouri,Descent,Small,Unknown bird - small,Night,0,0,0,210.0
1998-04-03,Minnesota,Descent,Small,Unknown bird - small,Night,0,0,0,140.0
1998-04-04,New York,Take-off run,Large,Canada goose,Dusk,0,0,0,140.0
1998-04-04,New York,Approach,Medium,Unknown bird - medium,Day,0,0,0,140.0
1998-04-04,Texas,Landing Roll,Medium,Unknown bird - medium,Day,0,0,0,140.0
1998-04-04,DC,Approach,Small,Rock pigeon,Day,0,0,0,105.0
1998-04-05,Kentucky,Take-off run,Large,Unknown bird - large,Night,0,0,0,205.0
1998-04-06,Utah,Approach,Medium,Unknown bird - medium,Night,0,0,0,140.0
1998-04-06,California,Take-off run,Medium,Unknown bird - medium,Night,0,0,0,140.0
1998-04-07,Hawaii,Landing Roll,Small,Pacific golden-plover,Day,0,0,0,125.0
1998-04-09,Minnesota,Approach,Small,Unknown bird - small,Night,0,0,0,145.0
1998-04-10,Illinois,Approach,Small,Unknown bird - small,Night,0,0,0,210.0
1998-04-11,Texas,Climb,Small,Unknown bird - small,Day,0,0,0,170.0
1998-04-12,California,Climb,Medium,Unknown bird - medium,Day,0,0,0,200.0
1998-04-12,New York,Descent,Small,Unknown bird - small,Night,0,0,0,210.0
1998-04-13,Massachusetts,Climb,Medium,Unknown bird - medium,Night,0,0,0,150.0
1998-04-15,New Jersey,Taxi,Small,Rock pigeon,Day,0,0,0,140.0
1998-04-15,New Jersey,Approach,Small,Unknown bird - small,Night,0,0,0,280.0
1998-04-16,California,Climb,Large,Canada goose,Day,0,0,0,90.0
1998-04-16,Michigan,Climb,Small,Unknown bird - small,Day,0,0,0,140.0
1998-04-17,Louisiana,Approach,Small,Unknown bird - small,Day,0,0,0,138.0
1998-04-18,Louisiana,Descent,Medium,Unknown bird - medium,Day,0,0,0,140.0
1998-04-20,DC,Approach,Small,Unknown bird - small,Dusk,0,0,0,170.0
1998-04-22,California,Descent,Small,Unknown bird - small,Day,0,0,0,130.0
1998-04-22,California,Landing Roll,Small,Unknown bird - small,Day,0,0,0,140.0
1998-04-23,California,Climb,Small,Unknown bird - small,Day,0,0,0,140.0
1998-04-24,Illinois,Approach,Medium,Unknown bird - medium,Day,0,0,0,180.0
1998-04-24,Texas,Take-off run,Small,Unknown bird - small,Day,0,0,0,135.0
1998-04-25,Tennessee,Approach,Medium,Unknown bird - medium,Night,0,0,0,170.0
1998-04-25,Kentucky,Descent,Medium,Unknown bird - medium,Night,0,0,0,140.0
1998-04-25,Oregon,Climb,Small,Unknown bird - small,Day,0,0,0,140.0
1998-04-25,Texas,Climb,Small,Unknown bird - small,Night,0,0,0,250.0
1998-04-26,Texas,Climb,Small,Unknown bird - small,Day,0,0,0,210.0
1998-04-26,Minnesota,Approach,Small,Unknown bird - small,Night,0,0,0,140.0
1998-04-26,Washington,Descent,Small,Unknown bird - small,Night,0,0,0,250.0
1998-04-27,Texas,Approach,Small,Unknown bird - small,Day,0,0,0,160.0
1998-04-27,California,Climb,Small,Unknown bird - small,Night,0,0,0,250.0
1998-04-28,Washington,Approach,Medium,Unknown bird - medium,Night,0,0,0,140.0
1998-04-28,Missouri,Climb,Small,Unknown bird - small,Day,0,0,0,160.0
1998-04-28,California,Climb,Small,Unknown bird - small,Night,0,0,0,230.0
1998-04-29,Tennessee,Approach,Medium,Unknown bird - medium,Dawn,0,0,0,140.0
1998-04-29,Louisiana,Climb,Medium,Unknown bird - medium,Night,0,0,0,140.0
1998-04-29,Texas,Climb,Medium,Unknown bird - medium,Night,0,0,0,210.0
1998-04-29,Illinois,Descent,Small,Unknown bird - small,Night,0,0,0,250.0
1998-04-30,Maryland,Approach,Medium,Unknown bird - medium,Day,0,0,0,140.0
1998-04-30,Texas,Approach,Medium,Unknown bird - medium,Day,0,0,0,140.0
1998-04-30,New York,Approach,Medium,Unknown bird - medium,Night,0,0,0,140.0
1998-04-30,California,Take-off run,Small,Unknown bird - small,Day,0,0,0,140.0
1998-04-30,Massachusetts,Approach,Small,Unknown bird - small,Night,0,0,0,135.0
1998-04-30,Tennessee,Approach,Small,Unknown bird - small,Night,0,0,0,140.0
1998-05-01,Texas,Climb,Medium,Unknown bird - medium,Night,0,0,0,320.0
1998-05-01,Texas,Approach,Small,Unknown bird - small,Day,0,0,0,140.0
1998-05-02,Arizona,Take-off run,Medium,Unknown bird - medium,Day,0,0,0,140.0
1998-05-02,Maryland,Approach,Small,Unknown bird - small,Night,0,0,0,160.0
1998-05-02,Texas,Approach,Small,Unknown bird - small,Night,0,0,0,127.0
1998-05-03,Texas,Climb,Medium,Unknown bird - medium,Night,0,0,0,220.0
1998-05-03,Missouri,Approach,Small,Unknown bird - small,Day,0,0,0,133.0
1998-05-03,Texas,Approach,Small,Unknown bird - small,Day,0,0,0,140.0
1998-05-03,Arizona,Take-off run,Small,Unknown bird - small,Dusk,0,0,0,120.0
1998-05-04,Texas,Take-off run,Medium,Unknown bird - medium,Day,0,0,0,140.0
1998-05-04,Missouri,Approach,Medium,Unknown bird - medium,Night,0,0,0,150.0
1998-05-04,Texas,Approach,Small,Unknown bird - small,Day,0,0,0,150.0
1998-05-05,Tennessee,Approach,Small,Unknown bird - small,Day,0,0,0,140.0
1998-05-05,Texas,Descent,Small,Unknown bird - small,Dusk,0,0,0,250.0
1998-05-06,North Carolina,Landing Roll,Small,Unknown bird - small,Day,0,0,0,149.0
1998-05-07,Maryland,Approach,Medium,Unknown bird - medium,Day,0,0,0,145.0
1998-05-07,South Carolina,Take-off run,Medium,Unknown bird or bat,Day,0,0,0,115.0
1998-05-07,Georgia,Approach,Medium,Unknown bird - medium,Night,0,0,0,140.0
1998-05-08,California,Climb,Large,Canada goose,Day,0,0,0,160.0
1998-05-08,Minnesota,Approach,Medium,Unknown bird - medium,Day,0,0,0,140.0
1998-05-08,New Jersey,Landing Roll,Medium,Mallard,Night,0,0,0,100.0
1998-05-08,Colorado,Approach,Small,Unknown bird - small,Day,0,0,0,140.0
1998-05-08,California,Approach,Small,Unknown bird - small,Night,0,0,0,240.0
1998-05-09,North Carolina,Take-off run,Small,Unknown bird - small,Day,0,0,0,110.0
1998-05-09,Tennessee,Climb,Small,Unknown bird - small,Dusk,0,0,0,140.0
1998-05-09,California,Descent,Small,Unknown bird - small,Night,0,0,0,250.0
1998-05-10,Ohio,Take-off run,Small,Barn swallow,Day,0,0,0,120.0
1998-05-11,Tennessee,Approach,Large,Unknown bird - large,Night,0,0,0,190.0
1998-05-11,Tennessee,Approach,Medium,Unknown bird - medium,Night,0,0,0,170.0
1998-05-12,Illinois,Take-off run,Large,Canada goose,Day,0,0,0,160.0
1998-05-12,Tennessee,Climb,Large,Canada goose,Dusk,0,0,0,140.0
1998-05-12,North Carolina,Approach,Medium,Unknown bird - medium,Day,0,0,0,140.0
1998-05-12,Pennsylvania,Landing Roll,Medium,Unknown bird - medium,Day,0,0,0,130.0
1998-05-12,Missouri,Approach,Medium,Unknown bird - medium,Dusk,0,0,0,130.0
1998-05-12,Texas,Approach,Small,Unknown bird - small,Day,0,0,0,135.0
1998-05-12,Texas,Climb,Small,European starling,Day,0,0,0,210.0
1998-05-13,New Jersey,Climb,Medium,Unknown bird or bat,Day,0,0,0,140.0
1998-05-13,New Jersey,Take-off run,Medium,Unknown bird or bat,Day,0,0,0,140.0
1998-05-13,DC,Approach,Small,Unknown bird - small,Night,0,0,0,200.0
1998-05-13,Missouri,Approach,Small,Unknown bird - small,Night,0,0,0,150.0
1998-05-14,New Jersey,Approach,Small,Unknown bird - small,Night,0,0,0,170.0
1998-05-16,New York,Landing Roll,Large,Canada goose,Day,0,0,0,140.0
1998-05-16,Minnesota,Climb,Large,Canada goose,Day,0,0,0,140.0
1998-05-16,New Jersey,Approach,Medium,Unknown bird - medium,Night,0,0,0,140.0
1998-05-17,Missouri,Approach,Small,Unknown bird - small,Night,0,0,0,250.0
1998-05-17,Texas,Approach,Small,Unknown bird - small,Night,0,0,0,230.0
1998-05-18,Maryland,Approach,Large,Unknown bird - large,Night,0,0,0,131.0
1998-05-18,Texas,Take-off run,Medium,Unknown bird - medium,Dawn,0,0,0,140.0
1998-05-18,Minnesota,Approach,Medium,Unknown bird - medium,Day,0,0,0,140.0
1998-05-18,Utah,Climb,Medium,Unknown bird - medium,Day,0,0,0,140.0
1998-05-18,Texas,Approach,Small,Unknown bird - small,Night,0,0,0,155.0
1998-05-19,Arizona,Approach,Small,Unknown bird - small,Day,0,0,0,140.0
1998-05-19,Massachusetts,Landing Roll,Small,Rock pigeon,Day,0,0,0,60.0
1998-05-19,Tennessee,Landing Roll,Small,Unknown bird - small,Night,0,0,0,140.0
1998-05-20,New York,Approach,Medium,Unknown bird - medium,Night,0,0,0,140.0
1998-05-20,Florida,Approach,Small,Unknown bird - small,Night,0,0,0,210.0
1998-05-22,Hawaii,Take-off run,Small,Unknown bird - small,Day,0,0,0,125.0
1998-05-22,Hawaii,Take-off run,Small,Unknown bird - small,Day,0,0,0,140.0
1998-05-22,Tennessee,Approach,Small,Unknown bird - small,Night,0,0,0,130.0
1998-05-23,DC,Climb,Medium,Unknown bird - medium,Night,0,0,0,150.0
1998-05-24,New York,Climb,Medium,Unknown bird - medium,Night,0,0,0,140.0
1998-05-24,Maryland,Climb,Small,European starling,Day,0,0,0,140.0
1998-05-24,Maryland,Climb,Small,Unknown bird - small,Day,0,0,0,130.0
1998-05-25,Massachusetts,Landing Roll,Medium,Unknown bird - medium,Day,0,0,0,140.0
1998-05-26,Arizona,Approach,Small,Unknown bird - small,Day,0,0,0,140.0
1998-05-26,North Carolina,Landing Roll,Small,Unknown bird - small,Dusk,0,0,0,130.0
1998-05-27,Tennessee,Approach,Medium,Unknown bird - medium,Night,0,0,0,180.0
1998-05-27,Minnesota,Approach,Small,Unknown bird - small,Day,0,0,0,122.0
1998-05-27,Colorado,Take-off run,Small,Unknown bird - small,Day,0,0,0,130.0
1998-05-28,New York,Climb,Large,Canada goose,Dusk,0,0,0,180.0
1998-05-28,Kentucky,Approach,Small,Unknown bird - small,Day,0,0,0,144.0
1998-05-28,Ohio,Approach,Small,Unknown bird - small,Dusk,0,0,0,125.0
1998-05-28,Hawaii,Approach,Small,Unknown bird - small,Night,0,0,0,140.0
1998-05-28,Missouri,Climb,Small,Unknown bird - small,Night,0,0,0,160.0
1998-05-29,DC,Landing Roll,Small,European starling,Day,0,0,0,120.0
1998-06-01,Ohio,Take-off run,Large,Turkey vulture,Day,0,0,0,140.0
1998-06-01,Missouri,Climb,Medium,Unknown bird - medium,Day,0,0,0,140.0
1998-06-01,New Jersey,Approach,Medium,Unknown bird - medium,Day,0,0,0,140.0
1998-06-01,New York,Landing Roll,Small,European starling,Day,0,0,0,140.0
1998-06-02,Texas,Approach,Medium,Unknown bird - medium,Night,0,0,0,140.0
1998-06-02,New Jersey,Take-off run,Small,Mourning dove,Day,0,0,0,40.0
1998-06-03,North Carolina,Climb,Medium,Unknown bird - medium,Day,0,0,0,200.0
1998-06-03,Maryland,Landing Roll,Small,American robin,Day,0,0,0,140.0
1998-06-03,Pennsylvania,Take-off run,Small,American robin,Day,0,0,0,80.0
1998-06-04,Utah,Landing Roll,Medium,Unknown bird - medium,Day,0,0,0,140.0
1998-06-04,Texas,Approach,Medium,Unknown bird - medium,Night,0,0,0,230.0
1998-06-04,Kentucky,Approach,Small,Unknown bird - small,Day,0,0,0,140.0
1998-06-04,Pennsylvania,Landing Roll,Small,European starling,Day,0,0,0,130.0
1998-06-05,Massachusetts,Take-off run,Small,Rock pigeon,Dawn,0,0,0,140.0
1998-06-05,Massachusetts,Take-off run,Small,Killdeer,Day,0,0,0,145.0
1998-06-05,Missouri,Take-off run,Small,Unknown bird - small,Day,0,0,0,30.0
1998-06-06,Oregon,Take-off run,Large,Great blue heron,Day,0,0,0,100.0
1998-06-06,Texas,Climb,Small,Unknown bird - small,Day,0,0,0,160.0
1998-06-07,Texas,Approach,Medium,Unknown bird - medium,Night,0,0,0,140.0
1998-06-07,New York,Take-off run,Small,Unknown bird - small,Day,0,0,0,150.0
1998-06-08,New York,Climb,Large,Canada goose,Day,0,0,0,140.0
1998-06-08,Maryland,Approach,Small,Unknown bird - small,Day,70,0,70,140.0
1998-06-10,Utah,Climb,Medium,Unknown bird or bat,Dusk,0,0,0,140.0
1998-06-10,North Carolina,Approach,Small,Unknown bird - small,Day,0,0,0,145.0
1998-06-12,South Carolina,Take-off run,Medium,Unknown bird or bat,Day,0,0,0,140.0
1998-06-12,Texas,Approach,Small,Unknown bird - small,Day,0,0,0,141.0
1998-06-13,Ohio,Take-off run,Small,Unknown bird - small,Day,0,0,0,136.0
1998-06-15,Colorado,Approach,Medium,Unknown bird - medium,Day,0,0,0,140.0
1998-06-15,Utah,Approach,Medium,Unknown bird - medium,Day,0,0,0,140.0
1998-06-15,Colorado,Landing Roll,Small,Unknown bird - small,Day,0,0,0,140.0
1998-06-16,Pennsylvania,Climb,Small,Unknown bird - small,Day,0,0,0,155.0
1998-06-17,Pennsylvania,Climb,Small,European starling,Dawn,0,0,0,160.0
1998-06-17,Utah,Approach,Small,Unknown bird - small,Day,0,0,0,140.0
1998-06-19,Louisiana,Approach,Medium,Unknown bird - medium,Night,0,0,0,140.0
1998-06-19,Colorado,Approach,Small,Unknown bird - small,Day,0,0,0,135.0
1998-06-19,Texas,Approach,Small,Unknown bird - small,Day,0,0,0,145.0
1998-06-20,Utah,Climb,Medium,Unknown bird - medium,Day,0,0,0,140.0
1998-06-21,Oregon,Approach,Medium,Unknown bird - medium,Dusk,0,0,0,140.0
1998-06-21,Indiana,Take-off run,Small,European starling,Day,0,0,0,140.0
1998-06-22,Colorado,Climb,Small,Unknown bird - small,Day,0,0,0,140.0
1998-06-22,Missouri,Take-off run,Small,Unknown bird - small,Day,0,0,0,120.0
1998-06-24,Louisiana,Approach,Medium,Unknown bird or bat,Night,0,0,0,140.0
1998-06-24,Colorado,Climb,Small,Unknown bird - small,Day,0,0,0,160.0
1998-06-24,Missouri,Landing Roll,Small,Unknown bird - small,Day,0,0,0,120.0
1998-06-25,Missouri,Climb,Large,Great blue heron,Day,0,0,0,145.0
1998-06-26,Utah,Approach,Medium,Unknown bird - medium,Day,0,0,0,140.0
1998-06-26,New York,Approach,Small,Laughing gull,Dawn,0,0,0,140.0
1998-06-26,Texas,Take-off run,Small,Unknown bird - small,Day,0,0,0,140.0
1998-06-27,Texas,Approach,Medium,Unknown bird - medium,Day,0,0,0,140.0
1998-06-28,Colorado,Take-off run,Medium,Unknown bird - medium,Day,0,0,0,140.0
1998-06-29,Tennessee,Approach,Small,Unknown bird - small,Day,0,0,0,140.0
1998-06-29,Texas,Landing Roll,Small,Unknown bird - small,Day,0,0,0,120.0
1998-07-01,Louisiana,Approach,Medium,Unknown bird - medium,Dawn,0,0,0,140.0
1998-07-01,Colorado,Take-off run,Small,Unknown bird - small,Dawn,0,0,0,140.0
1998-07-01,Florida,Take-off run,Small,Unknown bird - small,Dawn,0,0,0,120.0
1998-07-01,Utah,Landing Roll,Small,Unknown bird - small,Day,0,0,0,140.0
1998-07-02,Louisiana,Approach,Medium,Unknown bird or bat,Day,0,0,0,140.0
1998-07-02,New York,Approach,Small,Rock pigeon,Day,0,0,0,140.0
1998-07-03,Texas,Approach,Small,Unknown bird - small,Dusk,0,0,0,140.0
1998-07-05,Texas,Approach,Medium,Unknown bird - medium,Night,0,0,0,130.0
1998-07-05,Colorado,Approach,Small,Unknown bird - small,Day,0,0,0,140.0
1998-07-05,New Jersey,Approach,Small,European starling,Day,0,0,0,120.0
1998-07-06,DC,Landing Roll,Medium,Mallard,Dusk,0,0,0,140.0
1998-07-06,Colorado,Approach,Small,Unknown bird - small,Day,0,0,0,140.0
1998-07-06,Florida,Take-off run,Small,Unknown bird - small,Day,0,0,0,140.0
1998-07-07,Texas,Climb,Medium,Unknown bird - medium,Day,0,0,0,250.0
1998-07-07,Louisiana,Landing Roll,Small,Unknown bird - small,Dawn,0,0,0,140.0
1998-07-08,California,Take-off run,Large,Canada goose,Day,0,0,0,140.0
1998-07-08,California,Approach,Medium,Unknown bird - medium,Day,0,0,0,150.0
1998-07-08,New Jersey,Climb,Medium,Unknown bird or bat,Day,0,0,0,140.0
1998-07-08,Utah,Climb,Medium,Unknown bird - medium,Day,0,0,0,170.0
1998-07-08,California,Landing Roll,Medium,Unknown bird - medium,Day,0,0,0,140.0
1998-07-08,Ohio,Approach,Medium,Unknown bird - medium,Dusk,0,0,0,103.0
1998-07-08,Louisiana,Approach,Small,Unknown bird - small,Day,0,0,0,135.0
1998-07-08,California,Landing Roll,Small,Unknown bird - small,Day,0,0,0,100.0
1998-07-08,DC,Take-off run,Small,Unknown bird - small,Day,0,0,0,100.0
1998-07-09,Missouri,Approach,Medium,Unknown bird - medium,Day,0,0,0,136.0
1998-07-09,Florida,Approach,Medium,Unknown bird - medium,Night,0,0,0,140.0
1998-07-10,Maryland,Approach,Large,White-tailed deer,Day,0,0,0,140.0
1998-07-10,New Jersey,Landing Roll,Medium,Unknown bird or bat,Day,0,0,0,130.0
1998-07-11,Illinois,Landing Roll,Medium,Mallard,Dawn,0,0,0,145.0
1998-07-11,Oklahoma,Approach,Medium,Unknown bird - medium,Day,0,0,0,140.0
1998-07-11,Florida,Climb,Small,European starling,Dawn,0,0,0,150.0
1998-07-11,Illinois,Approach,Small,Rock pigeon,Day,0,0,0,140.0
1998-07-12,Texas,Climb,Medium,Unknown bird - medium,Day,0,0,0,160.0
1998-07-12,Indiana,Take-off run,Medium,Herring gull,Day,0,0,0,120.0
1998-07-12,Oklahoma,Take-off run,Medium,Unknown bird - medium,Day,0,0,0,140.0
1998-07-13,California,Landing Roll,Medium,Unknown bird - medium,Day,0,0,0,140.0
1998-07-13,Louisiana,Climb,Small,Blackbirds,Day,0,0,0,160.0
1998-07-13,Indiana,Landing Roll,Small,Killdeer,Day,0,0,0,115.0
1998-07-13,Texas,Landing Roll,Small,Rock pigeon,Day,0,0,0,125.0
1998-07-14,North Carolina,Take-off run,Medium,Unknown bird - medium,Day,0,0,0,90.0
1998-07-14,Tennessee,Take-off run,Medium,Unknown bird - medium,Dusk,0,0,0,140.0
1998-07-14,Missouri,Climb,Small,Unknown bird - small,Dawn,0,0,0,140.0
1998-07-14,Illinois,Approach,Small,Rock pigeon,Day,0,0,0,126.0
1998-07-15,Utah,Climb,Medium,Unknown bird - medium,Day,0,0,0,140.0
1998-07-15,Kentucky,Approach,Medium,Unknown bird - medium,Night,0,0,0,140.0
1998-07-15,DC,Landing Roll,Small,Unknown bird - small,Dawn,0,0,0,118.0
1998-07-15,Kentucky,Landing Roll,Small,European starling,Day,0,0,0,105.0
1998-07-15,Utah,Landing Roll,Small,Unknown bird - small,Day,0,0,0,120.0
1998-07-15,Missouri,Take-off run,Small,Unknown bird - small,Day,0,0,0,140.0
1998-07-16,North Carolina,Approach,Small,Unknown bird - small,Day,0,0,0,120.0
1998-07-17,South Carolina,Climb,Medium,Unknown bird or bat,Day,0,0,0,140.0
1998-07-17,Missouri,Landing Roll,Small,Mourning dove,Day,0,0,0,100.0
1998-07-17,California,Climb,Small,Unknown bird - small,Night,0,0,0,180.0
1998-07-18,Illinois,Take-off run,Medium,Unknown bird - medium,Day,0,0,0,200.0
1998-07-18,Hawaii,Landing Roll,Small,Unknown bird - small,Day,0,0,0,140.0
1998-07-18,Kentucky,Take-off run,Small,Unknown bird - small,Day,0,0,0,140.0
1998-07-19,Maryland,Approach,Medium,Unknown bird - medium,Day,0,0,0,130.0
1998-07-20,Missouri,Approach,Medium,Unknown bird - medium,Day,0,0,0,160.0
1998-07-20,California,Climb,Medium,Unknown bird - medium,Day,0,0,0,140.0
1998-07-21,California,Climb,Small,Unknown bird - small,Day,0,0,0,140.0
1998-07-21,Pennsylvania,Landing Roll,Small,Unknown bird - small,Day,0,0,0,130.0
1998-07-21,Ohio,Take-off run,Small,Unknown bird - small,Day,0,0,0,160.0
1998-07-22,New York,Approach,Small,European starling,Dawn,0,0,0,140.0
1998-07-22,Tennessee,Take-off run,Small,Unknown bird - small,Day,0,0,0,110.0
1998-07-23,California,Landing Roll,Medium,Unknown bird - medium,Day,0,0,0,140.0
1998-07-23,Louisiana,Take-off run,Medium,Unknown bird - medium,Day,0,0,0,140.0
1998-07-23,California,Approach,Small,Unknown bird - small,Day,0,0,0,137.0
1998-07-24,Louisiana,Approach,Medium,Unknown bird or bat,Day,0,0,0,145.0
1998-07-24,California,Climb,Medium,Unknown bird - medium,Day,0,0,0,140.0
1998-07-24,Illinois,Approach,Small,American kestrel,Day,0,0,0,140.0
1998-07-24,Kentucky,Approach,Small,Unknown bird - small,Day,0,0,0,130.0
1998-07-24,California,Take-off run,Small,Unknown bird - small,Day,0,0,0,140.0
1998-07-25,California,Approach,Small,Unknown bird - small,Day,0,0,0,120.0
1998-07-25,DC,Approach,Small,Unknown bird - small,Day,0,0,0,140.0
1998-07-25,Michigan,Approach,Small,Unknown bird - small,Day,0,0,0,146.0
1998-07-25,DC,Take-off run,Small,Unknown bird - small,Day,0,0,0,140.0
1998-07-26,Texas,Take-off run,Medium,Unknown bird - medium,Day,0,0,0,130.0
1998-07-26,Kentucky,Approach,Small,Mourning dove,Day,0,0,0,137.0
1998-07-26,Utah,Climb,Small,Unknown bird - small,Day,0,0,0,180.0
1998-07-27,Massachusetts,Take-off run,Medium,Unknown bird - medium,Day,0,0,0,140.0
1998-07-28,New York,Approach,Medium,Unknown bird - medium,Day,0,0,0,140.0
1998-07-29,Ohio,Approach,Medium,Unknown bird - medium,Dusk,0,0,0,126.0
1998-07-29,Utah,Climb,Small,Unknown bird - small,Day,0,0,0,160.0
1998-07-30,Tennessee,Approach,Large,Unknown bird - large,Day,0,0,0,140.0
1998-07-30,Louisiana,Approach,Large,Great blue heron,Night,0,21360,21360,150.0
1998-07-30,Utah,Descent,Medium,Unknown bird - medium,Dawn,0,0,0,265.0
1998-07-30,Kentucky,Landing Roll,Small,European starling,Day,0,0,0,140.0
1998-07-30,Ohio,Take-off run,Small,Mourning dove,Day,0,0,0,120.0
1998-07-31,Maryland,Climb,Large,Turkey vulture,Day,0,0,0,160.0
1998-08-01,DC,Approach,Small,Mourning dove,Day,0,0,0,90.0
1998-08-01,Nebraska,Climb,Small,Unknown bird - small,Day,0,0,0,140.0
1998-08-02,Texas,Climb,Large,Unknown bird - large,Day,0,0,0,200.0
1998-08-02,DC,Approach,Large,Canada goose,Night,0,0,0,144.0
1998-08-02,California,Approach,Small,Unknown bird - small,Day,0,0,0,125.0
1998-08-02,Pennsylvania,Landing Roll,Small,Unknown bird - small,Day,0,0,0,110.0
1998-08-03,DC,Climb,Small,European starling,Day,0,0,0,140.0
1998-08-03,Pennsylvania,Approach,Small,Unknown bird - small,Day,0,0,0,145.0
1998-08-03,North Carolina,Approach,Small,Unknown bird - small,Night,0,0,0,141.0
1998-08-04,New York,Landing Roll,Medium,Unknown bird - medium,Night,0,0,0,140.0
1998-08-04,Texas,Approach,Small,Unknown bird - small,Day,0,0,0,140.0
1998-08-04,North Carolina,Approach,Small,Killdeer,Night,0,0,0,141.0
1998-08-05,Tennessee,Climb,Small,Unknown bird - small,Day,0,0,0,150.0
1998-08-05,Maryland,Take-off run,Small,Unknown bird - small,Day,0,0,0,90.0
1998-08-05,Missouri,Climb,Small,Unknown bird - small,Night,0,0,0,200.0
1998-08-06,Texas,Approach,Medium,Unknown bird - medium,Day,0,0,0,240.0
1998-08-06,Kentucky,Approach,Small,European starling,Day,0,0,0,140.0
1998-08-06,California,Climb,Small,Unknown bird - small,Day,0,0,0,140.0
1998-08-06,California,Landing Roll,Small,Unknown bird - small,Day,0,0,0,140.0
1998-08-07,Maryland,Approach,Medium,Unknown bird - medium,Dawn,0,0,0,125.0
1998-08-07,Texas,Take-off run,Medium,Unknown bird - medium,Day,0,0,0,140.0
1998-08-07,Texas,Approach,Small,Unknown bird - small,Night,0,0,0,210.0
1998-08-08,South Carolina,Take-off run,Medium,Unknown bird or bat,Day,0,0,0,120.0
1998-08-08,California,Approach,Small,Unknown bird - small,Day,0,0,0,145.0
1998-08-08,Utah,Take-off run,Small,Unknown bird - small,Day,0,0,0,140.0
1998-08-09,Tennessee,Approach,Small,Unknown bird - small,Day,0,0,0,130.0
1998-08-09,Tennessee,Approach,Small,Unknown bird - small,Day,0,0,0,140.0
1998-08-09,Utah,Approach,Small,Unknown bird - small,Day,0,0,0,140.0
1998-08-09,Tennessee,Climb,Small,American robin,Day,0,0,0,150.0
1998-08-09,Oregon,Take-off run,Small,European starling,Day,0,0,0,140.0
1998-08-09,California,Landing Roll,Small,Unknown bird - small,Dusk,0,0,0,130.0
1998-08-09,Hawaii,Landing Roll,Small,Barn owl,Night,0,0,0,100.0
1998-08-10,South Carolina,Approach,Small,Unknown bird - small,Day,0,0,0,140.0
1998-08-10,Pennsylvania,Climb,Small,Unknown bird - small,Day,0,0,0,140.0
1998-08-10,South Carolina,Take-off run,Small,Unknown bird - small,Day,0,0,0,140.0
1998-08-11,Pennsylvania,Take-off run,Large,Canada goose,Day,0,0,0,115.0
1998-08-11,Georgia,Take-off run,Medium,Unknown bird - medium,Day,0,0,0,150.0
1998-08-11,North Carolina,Climb,Small,Mourning dove,Day,0,0,0,140.0
1998-08-11,Texas,Take-off run,Small,Unknown bird - small,Dusk,0,0,0,150.0
1998-08-12,North Carolina,Approach,Medium,Unknown bird - medium,Day,0,0,0,170.0
1998-08-12,Arizona,Approach,Small,Unknown bird - small,Day,0,0,0,140.0
1998-08-13,Georgia,Descent,Medium,Unknown bird - medium,Day,0,0,0,140.0
1998-08-13,Utah,Climb,Medium,Unknown bird - medium,Day,0,0,0,140.0
1998-08-13,Texas,Approach,Medium,Unknown bird - medium,Day,0,0,0,140.0
1998-08-13,California,Landing Roll,Medium,Unknown bird - medium,Day,0,0,0,140.0
1998-08-13,Massachusetts,Take-off run,Medium,Unknown bird - medium,Day,0,0,0,120.0
1998-08-13,Missouri,Approach,Medium,Unknown bird - medium,Night,0,0,0,140.0
1998-08-13,Arizona,Approach,Small,Unknown bird - small,Dawn,0,0,0,200.0
1998-08-13,DC,Approach,Small,Unknown bird - small,Day,0,0,0,130.0
1998-08-13,North Carolina,Approach,Small,Unknown bird - small,Day,0,0,0,125.0
1998-08-13,Pennsylvania,Approach,Small,Unknown bird - small,Day,0,0,0,130.0
1998-08-13,Ohio,Take-off run,Small,Unknown bird - small,Day,0,0,0,110.0
1998-08-13,Pennsylvania,Take-off run,Small,Unknown bird - small,Day,0,0,0,148.0
1998-08-13,California,Take-off run,Small,Rock pigeon,Dusk,0,0,0,100.0
1998-08-14,Georgia,Climb,Medium,Unknown bird - medium,Day,0,0,0,130.0
1998-08-14,South Carolina,Climb,Small,Unknown bird - small,Day,0,0,0,140.0
1998-08-14,Maryland,Climb,Small,Unknown bird - small,Day,0,0,0,150.0
1998-08-15,California,Take-off run,Medium,Unknown bird - medium,Day,0,0,0,140.0
1998-08-15,Oregon,Approach,Small,Unknown bird - small,Day,0,0,0,140.0
1998-08-16,Tennessee,Climb,Large,Unknown bird - large,Day,0,0,0,250.0
1998-08-16,California,Landing Roll,Medium,Unknown bird - medium,Day,0,0,0,140.0
1998-08-16,Washington,Climb,Small,Unknown bird - small,Day,0,0,0,140.0
1998-08-16,Pennsylvania,Climb,Small,Unknown bird - small,Night,0,0,0,160.0
1998-08-17,South Carolina,Climb,Medium,Unknown bird or bat,Day,0,0,0,140.0
1998-08-17,Kentucky,Approach,Medium,Unknown bird - medium,Night,0,0,0,144.0
1998-08-17,New Jersey,Approach,Small,Barn swallow,Day,0,0,0,140.0
1998-08-17,Hawaii,Landing Roll,Small,Unknown bird - small,Day,0,0,0,110.0
1998-08-17,Oregon,Landing Roll,Small,European starling,Day,0,0,0,140.0
1998-08-17,California,Take-off run,Small,Unknown bird - small,Day,0,0,0,140.0
1998-08-17,Indiana,Take-off run,Small,Killdeer,Day,0,0,0,140.0
1998-08-17,South Carolina,Take-off run,Small,Mourning dove,Day,0,0,0,100.0
1998-08-18,Indiana,Take-off run,Small,Unknown bird - small,Dawn,0,0,0,130.0
1998-08-18,Florida,Take-off run,Small,Unknown bird - small,Day,0,0,0,150.0
1998-08-19,South Carolina,Take-off run,Medium,Unknown bird or bat,Day,0,0,0,90.0
1998-08-19,Pennsylvania,Take-off run,Small,Mourning dove,Dawn,0,0,0,130.0
1998-08-19,Ohio,Approach,Small,Unknown bird - small,Day,0,0,0,140.0
1998-08-19,Illinois,Take-off run,Small,Unknown bird - small,Day,0,0,0,130.0
1998-08-20,Kentucky,Take-off run,Medium,Unknown bird - medium,Day,0,0,0,140.0
1998-08-20,Arizona,Approach,Small,Unknown bird - small,Day,0,0,0,140.0
1998-08-20,DC,Approach,Small,Rock pigeon,Day,0,0,0,140.0
1998-08-20,Missouri,Take-off run,Small,Unknown bird - small,Day,0,0,0,130.0
1998-08-20,Texas,Descent,Small,Unknown bird - small,Night,0,0,0,250.0
1998-08-21,Tennessee,Approach,Medium,Unknown bird - medium,Day,0,0,0,140.0
1998-08-21,Washington,Climb,Medium,Unknown bird - medium,Dusk,0,0,0,160.0
1998-08-21,South Carolina,Take-off run,Medium,Unknown bird or bat,Dusk,0,0,0,130.0
1998-08-21,Illinois,Approach,Medium,Unknown bird - medium,Night,0,0,0,210.0
1998-08-22,Utah,Climb,Large,Unknown bird - large,Night,0,0,0,140.0
1998-08-22,Georgia,Climb,Medium,Unknown bird - medium,Day,0,0,0,210.0
1998-08-22,Utah,Climb,Medium,Unknown bird - medium,Day,0,0,0,140.0
1998-08-22,Georgia,Approach,Small,Unknown bird - small,Day,0,0,0,150.0
1998-08-22,Kentucky,Approach,Small,Unknown bird - small,Day,0,0,0,140.0
1998-08-22,Oregon,Approach,Small,Cliff swallow,Day,0,0,0,140.0
1998-08-22,Oregon,Landing Roll,Small,Cliff swallow,Day,0,0,0,140.0
1998-08-22,Illinois,Take-off run,Small,American kestrel,Day,0,0,0,120.0
1998-08-23,Utah,Approach,Large,Unknown bird - large,Night,0,0,0,170.0
1998-08-23,Pennsylvania,Approach,Medium,Unknown bird - medium,Day,0,0,0,250.0
1998-08-23,Colorado,Take-off run,Medium,Unknown bird - medium,Day,0,0,0,140.0
1998-08-23,Utah,Take-off run,Medium,Unknown bird - medium,Day,0,0,0,140.0
1998-08-23,Indiana,Take-off run,Small,European starling,Dawn,0,0,0,140.0
1998-08-23,Indiana,Landing Roll,Small,Mourning dove,Day,0,0,0,140.0
1998-08-23,Texas,Descent,Small,Unknown bird - small,Night,0,0,0,250.0
1998-08-24,Ohio,Approach,Small,Unknown bird - small,Day,0,0,0,140.0
1998-08-24,Illinois,Take-off run,Small,Unknown bird - small,Day,0,0,0,140.0
1998-08-25,DC,Approach,Large,Unknown bird - large,Night,0,42261,42261,120.0
1998-08-25,Illinois,Approach,Medium,Unknown bird - medium,Night,0,0,0,180.0
1998-08-25,Missouri,Approach,Medium,Unknown bird - medium,Night,0,0,0,140.0
1998-08-25,Louisiana,Take-off run,Small,Unknown bird - small,Dawn,0,0,0,125.0
1998-08-25,Illinois,Descent,Small,Unknown bird - small,Night,0,0,0,250.0
1998-08-26,Kentucky,Approach,Medium,Unknown bird - medium,Night,0,0,0,140.0
1998-08-26,Washington,Approach,Small,Rock pigeon,Day,0,0,0,140.0
1998-08-26,DC,Approach,Small,Unknown bird - small,Day,0,0,0,105.0
1998-08-26,North Carolina,Landing Roll,Small,Rock pigeon,Day,0,0,0,80.0
1998-08-27,New Jersey,Take-off run,Medium,Unknown bird - medium,Day,0,0,0,140.0
1998-08-27,Tennessee,Take-off run,Medium,Unknown bird - medium,Night,0,0,0,140.0
1998-08-27,Texas,Approach,Small,Unknown bird - small,Day,0,0,0,140.0
1998-08-27,Texas,Climb,Small,Unknown bird - small,Day,0,0,0,150.0
1998-08-27,Missouri,Landing Roll,Small,Unknown bird - small,Day,0,0,0,135.0
1998-08-27,Tennessee,Approach,Small,Unknown bird - small,Night,0,0,0,135.0
1998-08-27,Utah,Approach,Small,Horned lark,Night,0,0,0,140.0
1998-08-28,DC,Approach,Medium,Unknown bird - medium,Night,0,0,0,200.0
1998-08-28,DC,Take-off run,Small,Unknown bird - small,Day,0,0,0,70.0
1998-08-28,Hawaii,Landing Roll,Small,Zebra dove,Day,0,0,0,140.0
1998-08-29,Texas,Climb,Small,Unknown bird - small,Day,0,0,0,250.0
1998-08-29,Texas,Approach,Small,Unknown bird - small,Day,0,0,0,190.0
1998-08-29,Utah,Approach,Small,Unknown bird - small,Day,0,0,0,160.0
1998-08-30,New Jersey,Approach,Medium,Unknown bird - medium,Day,0,0,0,160.0
1998-08-30,Illinois,Approach,Medium,Unknown bird - medium,Night,0,0,0,180.0
1998-08-30,Louisiana,Take-off run,Small,Killdeer,Dawn,0,0,0,80.0
1998-08-30,Illinois,Landing Roll,Small,Unknown bird - small,Day,0,0,0,60.0
1998-08-30,New Jersey,Landing Roll,Small,Unknown bird - small,Night,0,0,0,75.0
1998-08-31,California,Landing Roll,Medium,Unknown bird - medium,Day,0,0,0,140.0
1998-08-31,DC,Approach,Medium,Unknown bird - medium,Dusk,0,0,0,145.0
1998-08-31,Florida,Approach,Small,Unknown bird - small,Day,0,0,0,160.0
1998-09-01,Illinois,Climb,Small,Mourning dove,Day,0,0,0,140.0
1998-09-02,Texas,Approach,Medium,Unknown bird - medium,Day,0,0,0,140.0
1998-09-02,South Carolina,Approach,Medium,Unknown bird or bat,Night,0,0,0,127.0
1998-09-02,Illinois,Approach,Small,Unknown bird - small,Day,0,0,0,150.0
1998-09-02,Missouri,Approach,Small,Unknown bird - small,Day,0,0,0,140.0
1998-09-02,Colorado,Landing Roll,Small,Unknown bird - small,Day,0,0,0,132.0
1998-09-02,South Carolina,Take-off run,Small,Mourning dove,Day,0,0,0,105.0
1998-09-02,Hawaii,Take-off run,Small,Unknown bird - small,Dusk,0,0,0,80.0
1998-09-03,Texas,Climb,Medium,Unknown bird - medium,Day,0,0,0,140.0
1998-09-03,New Jersey,Approach,Medium,Unknown bird - medium,Day,0,0,0,140.0
1998-09-03,Illinois,Approach,Small,Unknown bird - small,Dawn,0,0,0,180.0
1998-09-03,Ohio,Descent,Small,European starling,Day,0,0,0,140.0
1998-09-03,Texas,Descent,Small,Unknown bird - small,Day,0,0,0,250.0
1998-09-03,California,Take-off run,Small,Unknown bird - small,Day,0,0,0,170.0
1998-09-03,Pennsylvania,Climb,Small,Unknown bird - small,Night,0,0,0,180.0
1998-09-04,North Carolina,Take-off run,Large,Unknown bird - large,Night,0,0,0,120.0
1998-09-04,DC,Climb,Medium,Unknown bird - medium,Day,0,0,0,250.0
1998-09-04,Georgia,Take-off run,Medium,Unknown bird - medium,Day,0,0,0,145.0
1998-09-04,Kentucky,Landing Roll,Medium,Unknown bird - medium,Night,0,0,0,140.0
1998-09-04,Texas,Approach,Small,Unknown bird - small,Dawn,0,0,0,120.0
1998-09-04,Texas,Landing Roll,Small,Unknown bird - small,Day,0,0,0,140.0
1998-09-04,Texas,Landing Roll,Small,Unknown bird - small,Day,0,0,0,100.0
1998-09-05,Maryland,Climb,Medium,Unknown bird - medium,Day,0,0,0,140.0
1998-09-05,DC,Approach,Medium,Ring-billed gull,Night,0,0,0,106.0
1998-09-05,New Jersey,Approach,Medium,Unknown bird - medium,Night,0,0,0,180.0
1998-09-05,Missouri,Approach,Small,Unknown bird - small,Day,0,0,0,140.0
1998-09-05,North Carolina,Approach,Small,Unknown bird - small,Day,0,0,0,150.0
1998-09-05,California,Take-off run,Small,Rock pigeon,Day,0,0,0,90.0
1998-09-05,Louisiana,Take-off run,Small,Unknown bird - small,Day,0,0,0,140.0
1998-09-05,Pennsylvania,Landing Roll,Small,Unknown bird - small,Dusk,0,0,0,110.0
1998-09-07,Oklahoma,Climb,Small,Unknown bird - small,Day,0,0,0,240.0
1998-09-07,Kentucky,Landing Roll,Small,Unknown bird - small,Day,0,0,0,140.0
1998-09-08,New Jersey,Landing Roll,Large,Unknown bird - large,Day,0,0,0,140.0
1998-09-08,Illinois,Approach,Medium,Unknown bird - medium,Day,0,0,0,140.0
1998-09-08,South Carolina,Climb,Medium,Unknown bird or bat,Day,0,0,0,110.0
1998-09-08,Kentucky,Approach,Medium,Unknown bird - medium,Night,0,0,0,140.0
1998-09-08,Tennessee,Landing Roll,Small,Unknown bird - small,Day,0,0,0,100.0
1998-09-09,Tennessee,Approach,Large,Canada goose,Night,0,0,0,150.0
1998-09-09,Missouri,Climb,Medium,Unknown bird - medium,Day,0,0,0,160.0
1998-09-09,California,Take-off run,Medium,Unknown bird - medium,Day,0,0,0,140.0
1998-09-09,Hawaii,Take-off run,Medium,Unknown bird or bat,Day,0,0,0,140.0
1998-09-09,Ohio,Take-off run,Medium,American crow,Day,0,0,0,165.0
1998-09-09,Louisiana,Approach,Medium,Unknown bird or bat,Night,0,0,0,125.0
1998-09-09,New Jersey,Landing Roll,Small,Unknown bird - small,Day,0,0,0,140.0
1998-09-09,Ohio,Landing Roll,Small,Unknown bird - small,Day,0,0,0,120.0
1998-09-09,Georgia,Approach,Small,Unknown bird - small,Night,0,0,0,160.0
1998-09-09,Louisiana,Approach,Small,American robin,Night,0,0,0,125.0
1998-09-10,DC,Descent,Medium,Unknown bird - medium,Day,0,0,0,210.0
1998-09-10,South Carolina,Approach,Medium,Unknown bird or bat,Night,0,0,0,118.0
1998-09-10,Indiana,Approach,Small,Unknown bird - small,Dawn,0,0,0,140.0
1998-09-10,Texas,Approach,Small,Mourning dove,Dawn,0,0,0,140.0
1998-09-10,Texas,Climb,Small,Unknown bird - small,Day,0,0,0,110.0
1998-09-10,North Carolina,Landing Roll,Small,Unknown bird - small,Day,0,0,0,115.0
1998-09-10,Texas,Landing Roll,Small,Unknown bird - small,Day,0,0,0,140.0
1998-09-10,Oregon,Take-off run,Small,Unknown bird - small,Day,0,0,0,110.0
1998-09-10,California,Climb,Small,Unknown bird - small,Night,0,0,0,180.0
1998-09-11,Tennessee,Approach,Medium,Unknown bird - medium,Day,0,0,0,150.0
1998-09-11,New Jersey,Climb,Medium,Herring gull,Day,0,0,0,125.0
1998-09-11,New York,Approach,Small,Rock pigeon,Day,0,0,0,140.0
1998-09-11,Ohio,Landing Roll,Small,Unknown bird - small,Day,0,0,0,120.0
1998-09-12,Kentucky,Climb,Medium,Unknown bird - medium,Day,0,0,0,140.0
1998-09-12,Pennsylvania,Take-off run,Medium,Unknown bird - medium,Day,0,0,0,140.0
1998-09-12,Pennsylvania,Approach,Small,Unknown bird - small,Day,0,0,0,130.0
1998-09-12,DC,Approach,Small,Unknown bird - small,Night,0,0,0,140.0
1998-09-12,Illinois,Take-off run,Small,Unknown bird - small,Night,0,0,0,100.0
1998-09-13,Utah,Approach,Large,Unknown bird - large,Night,0,0,0,140.0
1998-09-13,Minnesota,Descent,Medium,Unknown bird - medium,Night,0,0,0,250.0
1998-09-13,Colorado,Approach,Small,Unknown bird - small,Night,0,0,0,140.0
1998-09-14,Oregon,Approach,Large,Unknown bird - large,Dusk,0,0,0,140.0
1998-09-14,Washington,Descent,Large,Unknown bird - large,Night,0,0,0,140.0
1998-09-14,Kentucky,Take-off run,Small,Unknown bird - small,Dawn,0,0,0,120.0
1998-09-14,California,Approach,Small,Unknown bird - small,Day,0,0,0,200.0
1998-09-14,Kentucky,Approach,Small,Mourning dove,Day,0,0,0,150.0
1998-09-14,Massachusetts,Take-off run,Small,Unknown bird - small,Day,0,0,0,120.0
1998-09-15,Texas,Approach,Medium,Unknown bird - medium,Day,0,0,0,140.0
1998-09-15,Massachusetts,Take-off run,Medium,Unknown bird - medium,Day,0,0,0,123.0
1998-09-15,Illinois,Approach,Medium,Unknown bird - medium,Night,0,0,0,150.0
1998-09-15,Texas,Landing Roll,Small,Mourning dove,Dusk,0,0,0,140.0
1998-09-15,Tennessee,Approach,Small,Unknown bird - small,Night,0,0,0,140.0
1998-09-16,Pennsylvania,Climb,Medium,Unknown bird - medium,Day,0,0,0,140.0
1998-09-16,New Jersey,Climb,Small,Unknown bird - small,Day,0,0,0,140.0
1998-09-16,New York,Approach,Small,Laughing gull,Day,0,0,0,135.0
1998-09-16,Ohio,Approach,Small,Unknown bird - small,Day,0,0,0,180.0
1998-09-16,Kentucky,Approach,Small,Unknown bird - small,Night,0,0,0,170.0
1998-09-17,South Carolina,Approach,Medium,Unknown bird or bat,Night,0,0,0,150.0
1998-09-17,Illinois,Climb,Medium,Unknown bird - medium,Night,0,0,0,140.0
1998-09-17,California,Take-off run,Small,Unknown bird - small,Day,0,0,0,140.0
1998-09-17,Kentucky,Descent,Small,Unknown bird - small,Night,0,0,0,250.0
1998-09-18,Maryland,Climb,Small,Unknown bird - small,Day,0,0,0,140.0
1998-09-18,Kentucky,Landing Roll,Small,Mourning dove,Day,0,0,0,140.0
1998-09-18,Texas,Take-off run,Small,Unknown bird - small,Day,0,0,0,165.0
1998-09-18,Kentucky,Descent,Small,Unknown bird - small,Night,0,0,0,220.0
1998-09-19,Kentucky,Climb,Medium,Red-tailed hawk,Day,0,0,0,160.0
1998-09-19,North Carolina,Approach,Small,Unknown bird - small,Day,0,0,0,113.0
1998-09-19,California,Approach,Small,Unknown bird - small,Night,0,0,0,160.0
1998-09-20,Tennessee,Climb,Medium,Unknown bird - medium,Day,0,0,0,240.0
1998-09-20,Texas,Approach,Small,Unknown bird - small,Day,0,0,0,140.0
1998-09-20,Pennsylvania,Landing Roll,Small,Unknown bird - small,Day,0,0,0,100.0
1998-09-20,Illinois,Approach,Small,Unknown bird - small,Night,0,0,0,170.0
1998-09-20,Utah,Climb,Small,Unknown bird - small,Night,0,0,0,165.0
1998-09-21,Georgia,Descent,Large,Unknown bird - large,Day,0,0,0,140.0
1998-09-21,Illinois,Approach,Medium,Unknown bird - medium,Day,0,0,0,210.0
1998-09-21,South Carolina,Take-off run,Medium,Unknown bird or bat,Day,0,0,0,120.0
1998-09-21,Tennessee,Approach,Medium,Unknown bird - medium,Night,0,0,0,150.0
1998-09-21,California,Take-off run,Medium,Unknown bird - medium,Night,0,0,0,140.0
1998-09-22,Tennessee,Climb,Large,Unknown bird - large,Day,0,0,0,140.0
1998-09-22,New Jersey,Approach,Medium,Unknown bird - medium,Day,0,0,0,140.0
1998-09-22,New Jersey,Approach,Medium,Unknown bird - medium,Night,0,0,0,140.0
1998-09-22,Texas,Climb,Medium,Unknown bird - medium,Night,0,0,0,140.0
1998-09-22,Texas,Climb,Small,Unknown bird - small,Dusk,0,0,0,220.0
1998-09-22,Illinois,Approach,Small,Unknown bird - small,Night,0,0,0,137.0
1998-09-22,Kentucky,Approach,Small,Unknown bird - small,Night,0,0,0,130.0
1998-09-23,DC,Climb,Medium,Unknown bird - medium,Day,0,0,0,150.0
1998-09-23,New York,Climb,Medium,Unknown bird - medium,Night,0,0,0,170.0
1998-09-23,Florida,Approach,Medium,Unknown bird - medium,Night,0,0,0,140.0
1998-09-23,Tennessee,Approach,Small,Unknown bird - small,Day,0,0,0,120.0
1998-09-23,Kentucky,Approach,Small,Unknown bird - small,Night,0,0,0,140.0
1998-09-23,Florida,Descent,Small,Unknown bird - small,Night,0,0,0,250.0
1998-09-24,Louisiana,Take-off run,Medium,Unknown bird - medium,Day,0,0,0,140.0
1998-09-24,Florida,Climb,Medium,Unknown bird - medium,Night,0,0,0,210.0
1998-09-24,DC,Approach,Small,Unknown bird - small,Day,0,0,0,130.0
1998-09-24,Texas,Landing Roll,Small,Mourning dove,Day,0,0,0,140.0
1998-09-25,Florida,Approach,Medium,Unknown bird - medium,Night,0,0,0,140.0
1998-09-27,Hawaii,Approach,Medium,Unknown bird - medium,Day,0,0,0,220.0
1998-09-28,DC,Climb,Medium,Unknown bird - medium,Day,0,0,0,140.0
1998-09-28,Pennsylvania,Climb,Medium,Unknown bird - medium,Night,0,0,0,150.0
1998-09-28,Texas,Climb,Small,Unknown bird - small,Dawn,0,0,0,180.0
1998-09-28,Maryland,Climb,Small,Unknown bird - small,Day,0,0,0,210.0
1998-09-28,New York,Landing Roll,Small,Unknown bird - small,Day,0,0,0,102.0
1998-09-28,DC,Approach,Small,Unknown bird - small,Dusk,0,0,0,125.0
1998-09-28,Massachusetts,Approach,Small,Unknown bird - small,Dusk,0,0,0,140.0
1998-09-28,Texas,Take-off run,Small,Mourning dove,Dusk,0,0,0,140.0
1998-09-28,New Jersey,Approach,Small,Unknown bird - small,Night,0,0,0,130.0
1998-09-28,Pennsylvania,Approach,Small,Unknown bird - small,Night,0,0,0,150.0
1998-09-28,DC,Climb,Small,Unknown bird - small,Night,0,0,0,145.0
1998-09-29,California,Approach,Medium,Unknown bird - medium,Day,0,0,0,113.0
1998-09-29,DC,Approach,Small,Unknown bird - small,Day,0,0,0,140.0
1998-09-29,Pennsylvania,Approach,Small,Unknown bird - small,Day,0,0,0,200.0
1998-09-29,Hawaii,Landing Roll,Small,Pacific golden-plover,Day,0,0,0,140.0
1998-09-29,DC,Take-off run,Small,Rock pigeon,Day,0,0,0,170.0
1998-09-30,Missouri,Landing Roll,Small,European starling,Day,0,0,0,135.0
1998-09-30,Georgia,Climb,Small,Unknown bird - small,Night,0,0,0,175.0
1998-10-01,California,Take-off run,Medium,Unknown bird - medium,Day,0,0,0,140.0
1998-10-01,New Jersey,Approach,Medium,Unknown bird - medium,Night,0,0,0,120.0
1998-10-01,North Carolina,Climb,Small,Unknown bird - small,Day,0,0,0,150.0
1998-10-01,DC,Approach,Small,Unknown bird - small,Night,0,0,0,140.0
1998-10-01,Illinois,Approach,Small,Unknown bird - small,Night,0,0,0,220.0
1998-10-01,Kentucky,Approach,Small,Unknown bird - small,Night,0,0,0,130.0
1998-10-01,Tennessee,Approach,Small,Unknown bird - small,Night,0,0,0,140.0
1998-10-01,Georgia,Climb,Small,Unknown bird - small,Night,0,0,0,140.0
1998-10-02,Georgia,Approach,Medium,Unknown bird - medium,Night,0,0,0,160.0
1998-10-02,California,Take-off run,Small,Unknown bird - small,Day,0,7044,7044,90.0
1998-10-02,Missouri,Landing Roll,Small,Unknown bird - small,Day,0,0,0,100.0
1998-10-02,DC,Approach,Small,Unknown bird - small,Night,0,0,0,210.0
1998-10-02,Kentucky,Approach,Small,Unknown bird - small,Night,0,0,0,210.0
1998-10-03,Georgia,Take-off run,Small,Unknown bird - small,Day,0,0,0,140.0
1998-10-03,Missouri,Take-off run,Small,Unknown bird - small,Day,0,0,0,100.0
1998-10-03,Georgia,Approach,Small,Unknown bird - small,Night,0,0,0,140.0
1998-10-04,Hawaii,Take-off run,Medium,Unknown bird - medium,Day,0,0,0,100.0
1998-10-04,Massachusetts,Descent,Medium,Unknown bird - medium,Night,0,0,0,250.0
1998-10-04,Texas,Descent,Small,Unknown bird - small,Night,0,0,0,250.0
1998-10-05,Colorado,Approach,Medium,Unknown bird - medium,Day,0,0,0,150.0
1998-10-05,Missouri,Landing Roll,Small,European starling,Day,0,0,0,140.0
1998-10-06,Pennsylvania,Climb,Large,Unknown bird - large,Dusk,0,0,0,200.0
1998-10-06,Tennessee,Approach,Medium,Unknown bird - medium,Night,0,0,0,140.0
1998-10-06,Georgia,Approach,Small,Unknown bird - small,Day,0,0,0,125.0
1998-10-06,Washington,Approach,Small,Unknown bird - small,Day,0,0,0,138.0
1998-10-06,Missouri,Landing Roll,Small,Unknown bird - small,Day,0,0,0,135.0
1998-10-06,Missouri,Take-off run,Small,Unknown bird - small,Day,0,0,0,140.0
1998-10-06,Louisiana,Approach,Small,Common nighthawk,Night,0,0,0,143.0
1998-10-06,New Jersey,Descent,Small,Unknown bird - small,Night,0,0,0,140.0
1998-10-07,North Carolina,Approach,Large,Canada goose,Night,0,0,0,110.0
1998-10-07,Hawaii,Climb,Medium,Unknown bird - medium,Day,0,0,0,120.0
1998-10-07,Tennessee,Descent,Medium,Unknown bird - medium,Night,0,0,0,250.0
1998-10-07,California,Approach,Medium,Unknown bird - medium,Night,0,0,0,140.0
1998-10-07,Oregon,Landing Roll,Medium,Red-tailed hawk,Night,0,0,0,140.0
1998-10-07,Texas,Take-off run,Small,Unknown bird - small,Day,0,0,0,140.0
1998-10-07,Texas,Take-off run,Small,Rock pigeon,Day,0,0,0,140.0
1998-10-08,South Carolina,Take-off run,Medium,Unknown bird or bat,Day,0,0,0,110.0
1998-10-08,Kentucky,Climb,Medium,Unknown bird - medium,Night,0,0,0,240.0
1998-10-08,Ohio,Descent,Medium,Unknown bird - medium,Night,0,0,0,240.0
1998-10-08,Tennessee,Take-off run,Medium,Unknown bird - medium,Night,0,0,0,140.0
1998-10-08,Georgia,Take-off run,Small,Unknown bird - small,Day,0,0,0,100.0
1998-10-08,Nebraska,Climb,Small,European starling,Day,0,0,0,150.0
1998-10-08,Kentucky,Approach,Small,Unknown bird - small,Night,0,0,0,140.0
1998-10-09,Oregon,Landing Roll,Medium,Unknown bird - medium,Day,0,0,0,140.0
1998-10-10,California,Take-off run,Medium,Unknown bird - medium,Day,0,0,0,120.0
1998-10-10,DC,Descent,Medium,Unknown bird - medium,Night,0,0,0,250.0
1998-10-10,Florida,Approach,Small,Unknown bird - small,Night,0,0,0,140.0
1998-10-10,Georgia,Approach,Small,Unknown bird - small,Night,0,0,0,140.0
1998-10-10,North Carolina,Approach,Small,Unknown bird - small,Night,0,0,0,140.0
1998-10-11,California,Approach,Medium,Unknown bird - medium,Night,0,0,0,140.0
1998-10-11,Texas,Climb,Medium,Unknown bird - medium,Night,0,0,0,250.0
1998-10-11,Tennessee,Approach,Small,Unknown bird - small,Day,0,0,0,125.0
1998-10-11,Hawaii,Take-off run,Small,Pacific golden-plover,Day,0,0,0,120.0
1998-10-11,Illinois,Take-off run,Small,Unknown bird - small,Day,0,0,0,145.0
1998-10-11,DC,Approach,Small,Unknown bird - small,Night,0,0,0,250.0
1998-10-12,California,Approach,Medium,Unknown bird - medium,Day,0,0,0,140.0
1998-10-12,Texas,Landing Roll,Medium,Unknown bird - medium,Day,0,0,0,140.0
1998-10-12,Ohio,Approach,Small,Mourning dove,Dawn,0,0,0,140.0
1998-10-12,Pennsylvania,Landing Roll,Small,Mourning dove,Day,0,0,0,112.0
1998-10-12,Illinois,Approach,Small,Unknown bird - small,Night,0,0,0,150.0
1998-10-12,Minnesota,Approach,Small,Unknown bird - small,Night,0,0,0,180.0
1998-10-12,Missouri,Approach,Small,Unknown bird - small,Night,0,0,0,135.0
1998-10-13,South Carolina,Climb,Medium,Unknown bird or bat,Night,0,0,0,200.0
1998-10-13,Illinois,Descent,Medium,Unknown bird - medium,Night,0,0,0,140.0
1998-10-13,Tennessee,Take-off run,Small,American robin,Day,0,0,0,130.0
1998-10-13,Kentucky,Approach,Small,Unknown bird - small,Night,0,0,0,193.0
1998-10-13,Georgia,Climb,Small,Unknown bird - small,Night,0,0,0,250.0
1998-10-13,Tennessee,Descent,Small,Unknown bird - small,Night,0,0,0,140.0
1998-10-14,Colorado,Take-off run,Small,Unknown bird - small,Day,0,0,0,140.0
1998-10-14,Hawaii,Take-off run,Small,Pacific golden-plover,Day,0,0,0,140.0
1998-10-14,Missouri,Approach,Small,Unknown bird - small,Night,0,0,0,140.0
1998-10-15,New York,Take-off run,Medium,Herring gull,Day,0,0,0,140.0
1998-10-15,DC,Approach,Medium,Unknown bird - medium,Night,0,0,0,220.0
1998-10-15,Washington,Approach,Medium,Unknown bird - medium,Night,0,0,0,140.0
1998-10-15,Pennsylvania,Landing Roll,Small,European starling,Day,0,1409,1409,140.0
1998-10-15,Colorado,Approach,Small,Unknown bird - small,Day,0,0,0,140.0
1998-10-15,Hawaii,Climb,Small,Zebra dove,Day,0,0,0,120.0
1998-10-15,Hawaii,Landing Roll,Small,Pacific golden-plover,Day,0,0,0,140.0
1998-10-15,Pennsylvania,Approach,Small,Unknown bird - small,Night,0,0,0,134.0
1998-10-16,New York,Approach,Medium,Unknown bird - medium,Night,0,0,0,140.0
1998-10-16,Hawaii,Climb,Small,Unknown bird - small,Day,0,0,0,135.0
1998-10-16,New Jersey,Climb,Small,Unknown bird - small,Night,0,0,0,140.0
1998-10-16,Texas,Climb,Small,Unknown bird - small,Night,0,0,0,140.0
1998-10-17,California,Take-off run,Medium,Unknown bird - medium,Day,0,0,0,140.0
1998-10-17,Missouri,Approach,Small,Unknown bird - small,Day,0,0,0,150.0
1998-10-17,Ohio,Approach,Small,Mourning dove,Dusk,0,0,0,140.0
1998-10-17,Hawaii,Approach,Small,Unknown bird - small,Night,0,0,0,130.0
1998-10-17,Georgia,Climb,Small,Unknown bird - small,Night,0,0,0,140.0
1998-10-18,California,Climb,Medium,American crow,Day,0,0,0,150.0
1998-10-18,Missouri,Approach,Medium,Unknown bird - medium,Night,0,0,0,140.0
1998-10-18,Texas,Climb,Small,Unknown bird - small,Day,0,0,0,180.0
1998-10-18,Texas,Climb,Small,Unknown bird - small,Night,0,0,0,250.0
1998-10-19,Texas,Climb,Large,Turkey vulture,Day,0,0,0,140.0
1998-10-19,DC,Descent,Large,Canada goose,Night,0,0,0,140.0
1998-10-19,Texas,Climb,Medium,Unknown bird - medium,Dawn,0,0,0,170.0
1998-10-20,Kentucky,Climb,Large,Unknown bird - large,Night,0,0,0,140.0
1998-10-20,Hawaii,Approach,Medium,Unknown bird - medium,Dawn,0,0,0,150.0
1998-10-20,Tennessee,Approach,Medium,Unknown bird - medium,Night,0,0,0,140.0
1998-10-20,South Carolina,Take-off run,Medium,Unknown bird or bat,Night,0,0,0,140.0
1998-10-20,Tennessee,Approach,Small,Unknown bird - small,Night,0,0,0,165.0
1998-10-21,Louisiana,Landing Roll,Large,Coyote,Night,0,0,0,140.0
1998-10-21,Massachusetts,Climb,Medium,Unknown bird - medium,Night,0,0,0,140.0
1998-10-21,Louisiana,Approach,Small,Eastern meadowlark,Night,0,0,0,143.0
1998-10-22,South Carolina,Approach,Medium,Unknown bird or bat,Night,0,0,0,160.0
1998-10-22,Texas,Approach,Medium,Unknown bird - medium,Night,0,0,0,140.0
1998-10-22,New York,Approach,Small,Unknown bird - small,Night,0,0,0,240.0
1998-10-23,Kentucky,Approach,Medium,Unknown bird - medium,Night,0,0,0,220.0
1998-10-23,Arizona,Approach,Small,Rock pigeon,Day,0,0,0,60.0
1998-10-23,Louisiana,Approach,Small,Unknown bird - small,Day,0,0,0,140.0
1998-10-24,Texas,Approach,Medium,Unknown bird - medium,Day,0,0,0,140.0
1998-10-24,Colorado,Approach,Small,European starling,Day,0,0,0,140.0
1998-10-24,California,Landing Roll,Small,Unknown bird - small,Day,0,0,0,140.0
1998-10-24,Hawaii,Take-off run,Small,Unknown bird - small,Day,0,0,0,120.0
1998-10-25,Utah,Approach,Medium,Unknown bird - medium,Day,0,0,0,140.0
1998-10-25,Hawaii,Climb,Medium,Unknown bird - medium,Day,0,0,0,150.0
1998-10-25,California,Take-off run,Medium,Unknown bird - medium,Day,0,0,0,120.0
1998-10-25,Pennsylvania,Approach,Medium,Unknown bird - medium,Dusk,0,0,0,250.0
1998-10-25,New York,Approach,Medium,Unknown bird - medium,Night,0,0,0,210.0
1998-10-25,Pennsylvania,Approach,Medium,Unknown bird - medium,Night,0,0,0,130.0
1998-10-25,New York,Approach,Small,Unknown bird - small,Night,0,0,0,210.0
1998-10-26,North Carolina,Approach,Large,Unknown bird - large,Night,0,0,0,120.0
1998-10-26,Texas,Climb,Medium,Unknown bird - medium,Day,0,0,0,180.0
1998-10-26,Louisiana,Approach,Medium,Unknown bird - medium,Day,0,0,0,140.0
1998-10-26,DC,Approach,Medium,Unknown bird - medium,Night,0,0,0,180.0
1998-10-26,New York,Approach,Medium,Unknown bird - medium,Night,0,0,0,180.0
1998-10-27,Kentucky,Landing Roll,Medium,Unknown bird - medium,Day,0,0,0,140.0
1998-10-27,Tennessee,Approach,Small,Unknown bird - small,Day,0,0,0,140.0
1998-10-28,Missouri,Approach,Large,Unknown bird - large,Day,0,0,0,200.0
1998-10-29,Oregon,Landing Roll,Large,Great blue heron,Day,0,0,0,120.0
1998-10-29,Missouri,Descent,Large,Unknown bird - large,Night,0,0,0,250.0
1998-10-29,Texas,Take-off run,Medium,Unknown bird - medium,Day,0,0,0,140.0
1998-10-29,Maryland,Approach,Small,Unknown bird - small,Night,0,0,0,250.0
1998-10-30,Missouri,Approach,Medium,Unknown bird - medium,Night,0,0,0,140.0
1998-10-30,California,Climb,Small,Unknown bird - small,Day,0,0,0,140.0
1998-10-30,Georgia,Approach,Small,Unknown bird - small,Night,0,0,0,170.0
1998-10-30,Pennsylvania,Descent,Small,Unknown bird - small,Night,0,0,0,210.0
1998-10-30,Tennessee,Descent,Small,Unknown bird - small,Night,0,0,0,140.0
1998-10-31,Oregon,Take-off run,Medium,Unknown bird - medium,Day,0,0,0,140.0
1998-11-01,Oklahoma,Climb,Medium,Ring-billed gull,Day,0,0,0,140.0
1998-11-01,North Carolina,Climb,Medium,Unknown bird - medium,Night,0,0,0,250.0
1998-11-01,Texas,Climb,Small,Unknown bird - small,Night,0,0,0,140.0
1998-11-02,Ohio,Landing Roll,Large,Coyote,Day,0,0,0,140.0
1998-11-02,Texas,Landing Roll,Medium,Unknown bird - medium,Dawn,0,0,0,140.0
1998-11-02,Louisiana,Approach,Medium,Unknown bird - medium,Night,0,0,0,140.0
1998-11-02,Texas,Climb,Medium,Unknown bird - medium,Night,0,0,0,250.0
1998-11-02,Tennessee,Climb,Small,Unknown bird - small,Day,0,0,0,145.0
1998-11-02,Texas,Approach,Small,Unknown bird - small,Night,0,0,0,145.0
1998-11-03,Ohio,Approach,Medium,Unknown bird - medium,Dawn,0,0,0,125.0
1998-11-03,Georgia,Take-off run,Small,Unknown bird - small,Day,0,0,0,150.0
1998-11-03,Maryland,Approach,Small,Rock pigeon,Night,0,0,0,140.0
1998-11-04,Kentucky,Approach,Large,Unknown bird - large,Night,0,0,0,140.0
1998-11-04,Maryland,Descent,Large,Unknown bird - large,Night,0,0,0,240.0
1998-11-04,New Jersey,Climb,Medium,Unknown bird - medium,Day,0,0,0,145.0
1998-11-04,South Carolina,Approach,Medium,Unknown bird or bat,Night,0,0,0,230.0
1998-11-04,Pennsylvania,Approach,Small,Unknown bird - small,Night,0,0,0,130.0
1998-11-04,Arizona,Climb,Small,Unknown bird - small,Night,0,0,0,220.0
1998-11-05,Pennsylvania,Approach,Small,Unknown bird - small,Day,0,0,0,140.0
1998-11-06,North Carolina,Approach,Small,Unknown bird - small,Night,0,0,0,140.0
1998-11-06,Tennessee,Climb,Small,Unknown bird - small,Night,0,0,0,140.0
1998-11-07,California,Take-off run,Medium,Unknown bird - medium,Day,0,0,0,120.0
1998-11-07,Florida,Landing Roll,Medium,Unknown bird - medium,Day,0,0,0,140.0
1998-11-07,California,Take-off run,Medium,Unknown bird - medium,Day,0,0,0,140.0
1998-11-08,Massachusetts,Approach,Large,Unknown bird - large,Night,0,0,0,250.0
1998-11-09,Maryland,Landing Roll,Large,White-tailed deer,Night,0,23244,23244,50.0
1998-11-09,DC,Approach,Medium,Unknown bird - medium,Night,0,0,0,250.0
1998-11-09,New York,Climb,Medium,Unknown bird - medium,Night,0,0,0,180.0
1998-11-09,California,Climb,Small,Rock pigeon,Day,0,89453,89453,130.0
1998-11-10,Kentucky,Climb,Large,Unknown bird - large,Night,0,0,0,230.0
1998-11-10,Illinois,Approach,Medium,Unknown bird - medium,Day,0,0,0,140.0
1998-11-10,New Jersey,Take-off run,Medium,Unknown bird - medium,Night,0,0,0,140.0
1998-11-10,New York,Take-off run,Small,Unknown bird - small,Dusk,0,0,0,140.0
1998-11-10,Tennessee,Take-off run,Small,Unknown bird - small,Dusk,0,0,0,100.0
1998-11-10,Texas,Approach,Small,Unknown bird - small,Night,0,0,0,200.0
1998-11-11,Ohio,Approach,Medium,Unknown bird - medium,Night,0,0,0,130.0
1998-11-12,Missouri,Climb,Medium,Unknown bird - medium,Day,0,0,0,250.0
1998-11-12,Pennsylvania,Landing Roll,Small,Unknown bird - small,Day,0,0,0,120.0
1998-11-14,Oklahoma,Approach,Medium,Unknown bird - medium,Night,0,0,0,140.0
1998-11-14,Hawaii,Take-off run,Small,Zebra dove,Day,0,0,0,140.0
1998-11-15,Florida,Approach,Small,Unknown bird - small,Night,0,0,0,235.0
1998-11-16,Texas,Landing Roll,Medium,Unknown bird - medium,Day,0,0,0,140.0
1998-11-16,Illinois,Climb,Small,Unknown bird - small,Day,0,0,0,140.0
1998-11-18,Florida,Approach,Medium,Unknown bird - medium,Night,0,0,0,140.0
1998-11-19,New York,Approach,Medium,Unknown bird - medium,Day,0,0,0,140.0
1998-11-20,Louisiana,Approach,Medium,Unknown bird or bat,Day,0,0,0,145.0
1998-11-20,South Carolina,Approach,Medium,Unknown bird or bat,Day,0,0,0,140.0
1998-11-20,Texas,Approach,Medium,Unknown bird - medium,Day,0,0,0,150.0
1998-11-21,Ohio,Climb,Large,Canada goose,Night,0,0,0,200.0
1998-11-21,California,Approach,Medium,Unknown bird - medium,Day,0,0,0,130.0
1998-11-21,Kentucky,Approach,Small,European starling,Day,0,0,0,140.0
1998-11-23,California,Approach,Small,Unknown bird - small,Day,0,0,0,140.0
1998-11-25,New York,Approach,Medium,Unknown bird - medium,Night,0,0,0,140.0
1998-11-25,Texas,Approach,Small,Unknown bird - small,Night,0,0,0,135.0
1998-11-25,Texas,Climb,Small,Unknown bird - small,Night,0,0,0,150.0
1998-11-27,Hawaii,Landing Roll,Small,Pacific golden-plover,Day,0,0,0,140.0
1998-11-30,California,Approach,Medium,Unknown bird - medium,Night,0,0,0,140.0
1998-12-01,California,Approach,Medium,Unknown bird - medium,Night,0,0,0,140.0
1998-12-01,Louisiana,Climb,Small,Unknown bird - small,Day,0,0,0,210.0
1998-12-03,California,Approach,Medium,Unknown bird - medium,Day,0,0,0,140.0
1998-12-04,South Carolina,Approach,Medium,Unknown bird or bat,Day,0,0,0,130.0
1998-12-04,Colorado,Landing Roll,Medium,Unknown bird - medium,Day,0,0,0,140.0
1998-12-04,California,Approach,Medium,Unknown bird - medium,Night,0,0,0,140.0
1998-12-04,Texas,Approach,Small,Unknown bird - small,Dusk,0,0,0,130.0
1998-12-06,Pennsylvania,Approach,Medium,Unknown bird - medium,Day,0,0,0,130.0
1998-12-06,California,Approach,Medium,Unknown bird - medium,Night,0,0,0,210.0
1998-12-08,Hawaii,Approach,Medium,Unknown bird - medium,Day,0,0,0,180.0
1998-12-08,Utah,Take-off run,Medium,Unknown bird - medium,Day,0,0,0,140.0
1998-12-08,Hawaii,Approach,Medium,Unknown bird - medium,Dusk,0,0,0,180.0
1998-12-09,DC,Approach,Medium,Ring-billed gull,Day,0,0,0,140.0
1998-12-10,Massachusetts,Approach,Medium,Unknown bird - medium,Day,0,35,35,180.0
1998-12-10,Hawaii,Climb,Small,Unknown bird - small,Day,0,0,0,127.0
1998-12-11,Texas,Landing Roll,Medium,Unknown bird - medium,Night,0,0,0,140.0
1998-12-15,Florida,Approach,Large,Turkey vulture,Day,0,0,0,160.0
1998-12-15,Oklahoma,Landing Roll,Large,Great blue heron,Day,0,0,0,130.0
1998-12-15,California,Climb,Medium,Unknown bird - medium,Night,0,0,0,140.0
1998-12-15,Hawaii,Take-off run,Small,Unknown bird - small,Day,0,0,0,140.0
1998-12-17,Arizona,Climb,Small,Unknown bird - small,Day,0,0,0,160.0
1998-12-18,California,Climb,Large,Unknown bird - large,Dusk,0,0,0,210.0
1998-12-19,Arizona,Approach,Medium,Unknown bird - medium,Day,0,0,0,143.0
1998-12-19,Texas,Take-off run,Small,Meadowlarks,Day,0,0,0,140.0
1998-12-21,Pennsylvania,Climb,Small,Unknown bird - small,Day,0,0,0,150.0
1998-12-22,Kentucky,Approach,Large,Unknown bird - large,Night,0,84523,84523,140.0
1998-12-22,DC,Approach,Medium,Ring-billed gull,Night,0,0,0,140.0
1998-12-22,Tennessee,Approach,Medium,Unknown bird - medium,Night,0,0,0,180.0
1998-12-24,Pennsylvania,Climb,Large,Canada goose,Day,0,0,0,250.0
1998-12-24,New York,Approach,Medium,Unknown bird - medium,Night,0,0,0,140.0
1998-12-25,Florida,Approach,Small,Unknown bird - small,Dawn,0,0,0,140.0
1998-12-26,Texas,Take-off run,Large,Coyote,Day,0,0,0,140.0
1998-12-27,California,Approach,Large,Unknown bird - large,Night,0,0,0,135.0
1998-12-27,Texas,Climb,Medium,Unknown bird - medium,Night,0,0,0,250.0
1998-12-29,Oregon,Landing Roll,Medium,Unknown bird - medium,Night,0,0,0,130.0
1998-12-31,Illinois,Climb,Large,Canada goose,Night,0,50714,50714,140.0
1999-01-02,Texas,Landing Roll,Large,Coyote,Night,0,0,0,140.0
1999-01-02,New York,Landing Roll,Medium,Unknown bird - medium,Day,0,0,0,140.0
1999-01-02,Hawaii,Take-off run,Medium,Unknown bird - medium,Day,0,0,0,140.0
1999-01-02,Colorado,Approach,Small,Unknown bird - small,Night,0,0,0,145.0
1999-01-04,Louisiana,Approach,Large,Unknown bird - large,Day,0,0,0,210.0
1999-01-04,Colorado,Take-off run,Large,Coyote,Dusk,0,0,0,140.0
1999-01-05,California,Approach,Medium,Unknown bird - medium,Night,0,0,0,140.0
1999-01-06,California,Climb,Large,Unknown bird - large,Day,0,0,0,165.0
1999-01-06,California,Climb,Medium,Unknown bird - medium,Day,0,0,0,140.0
1999-01-06,Colorado,Climb,Small,Unknown bird - small,Day,0,0,0,140.0
1999-01-07,California,Approach,Medium,Unknown bird - medium,Day,0,0,0,160.0
1999-01-07,Hawaii,Take-off run,Small,Unknown bird - small,Day,0,0,0,130.0
1999-01-08,Colorado,Landing Roll,Medium,Red-tailed hawk,Day,0,0,0,140.0
1999-01-11,Louisiana,Take-off run,Medium,Unknown bird - medium,Dawn,0,0,0,140.0
1999-01-11,California,Approach,Medium,Unknown bird - medium,Day,0,0,0,140.0
1999-01-11,DC,Approach,Small,Unknown bird - small,Night,0,0,0,120.0
1999-01-12,Louisiana,Climb,Small,Mourning dove,Dusk,0,0,0,105.0
1999-01-12,New Jersey,Landing Roll,Small,Mourning dove,Night,0,0,0,140.0
1999-01-13,Louisiana,Approach,Small,Killdeer,Day,0,0,0,140.0
1999-01-13,Louisiana,Landing Roll,Small,Unknown bird - small,Night,0,0,0,90.0
1999-01-14,Indiana,Landing Roll,Medium,Red-tailed hawk,Day,0,0,0,140.0
1999-01-15,Texas,Landing Roll,Medium,Unknown bird - medium,Day,0,0,0,140.0
1999-01-16,California,Landing Roll,Medium,Red-tailed hawk,Day,0,0,0,140.0
1999-01-16,Georgia,Landing Roll,Small,Unknown bird - small,Dawn,0,0,0,100.0
1999-01-16,California,Approach,Small,Unknown bird - small,Night,0,0,0,140.0
1999-01-18,Florida,Approach,Small,Unknown bird - small,Day,0,0,0,145.0
1999-01-19,Maryland,Landing Roll,Medium,Unknown bird - medium,Day,0,0,0,140.0
1999-01-19,Texas,Landing Roll,Small,Unknown bird - small,Day,0,0,0,135.0
1999-01-20,Texas,Approach,Medium,Unknown bird - medium,Day,0,0,0,140.0
1999-01-20,Texas,Landing Roll,Small,Unknown bird - small,Day,0,0,0,60.0
1999-01-21,DC,Approach,Small,European starling,Day,0,0,0,140.0
1999-01-23,Oregon,Landing Roll,Large,Coyote,Night,0,0,0,140.0
1999-01-23,New York,Approach,Small,Unknown bird - small,Day,0,0,0,140.0
1999-01-23,Texas,Climb,Small,Unknown bird - small,Night,0,0,0,210.0
1999-01-24,Florida,Take-off run,Medium,Unknown bird - medium,Day,0,0,0,138.0
1999-01-25,New Jersey,Approach,Medium,Mallard,Night,0,0,0,140.0
1999-01-28,DC,Approach,Small,Unknown bird - small,Night,0,0,0,133.0
1999-01-30,New York,Take-off run,Medium,Unknown bird - medium,Day,0,0,0,140.0
1999-02-01,California,Approach,Large,Unknown bird - large,Night,0,0,0,125.0
1999-02-01,New York,Landing Roll,Medium,Unknown bird - medium,Day,0,0,0,140.0
1999-02-01,Texas,Take-off run,Small,Unknown bird - small,Day,0,0,0,140.0
1999-02-03,Georgia,Climb,Medium,Unknown bird - medium,Night,0,0,0,200.0
1999-02-03,Oregon,Landing Roll,Small,Barn owl,Night,0,0,0,140.0
1999-02-04,New Jersey,Approach,Small,Rock pigeon,Dusk,0,20581,20581,120.0
1999-02-05,Missouri,Approach,Small,European starling,Dawn,0,0,0,138.0
1999-02-06,Hawaii,Landing Roll,Medium,Unknown bird or bat,Night,0,0,0,109.0
1999-02-07,Georgia,Approach,Small,Unknown bird - small,Day,0,0,0,140.0
1999-02-10,Texas,Approach,Small,Unknown bird - small,Day,0,0,0,145.0
1999-02-10,Colorado,Take-off run,Small,Unknown bird - small,Day,0,0,0,140.0
1999-02-11,Florida,Approach,Medium,Unknown bird - medium,Night,0,0,0,140.0
1999-02-11,Indiana,Climb,Medium,Unknown bird - medium,Night,0,0,0,140.0
1999-02-13,California,Climb,Medium,Unknown bird - medium,Day,0,0,0,140.0
1999-02-13,Colorado,Take-off run,Small,Unknown bird - small,Day,0,0,0,120.0
1999-02-14,California,Approach,Medium,Unknown bird - medium,Day,0,0,0,170.0
1999-02-14,Texas,Approach,Small,Unknown bird - small,Night,0,0,0,140.0
1999-02-15,Maryland,Landing Roll,Large,White-tailed deer,Night,0,0,0,140.0
1999-02-15,Washington,Approach,Small,Killdeer,Dawn,0,0,0,140.0
1999-02-16,Pennsylvania,Descent,Medium,Unknown bird - medium,Day,0,0,0,140.0
1999-02-16,DC,Approach,Medium,Unknown bird - medium,Day,0,0,0,200.0
1999-02-16,Texas,Landing Roll,Medium,Unknown bird - medium,Day,0,0,0,140.0
1999-02-16,Texas,Take-off run,Medium,Unknown bird - medium,Day,0,0,0,140.0
1999-02-17,Florida,Take-off run,Medium,Unknown bird - medium,Day,0,0,0,140.0
1999-02-17,DC,Landing Roll,Small,Rock pigeon,Day,0,0,0,140.0
1999-02-17,Kentucky,Landing Roll,Small,Killdeer,Day,0,0,0,140.0
1999-02-18,California,Approach,Large,Unknown bird - large,Night,0,0,0,220.0
1999-02-18,Hawaii,Landing Roll,Medium,Unknown bird - medium,Day,0,0,0,140.0
1999-02-18,Hawaii,Take-off run,Small,Zebra dove,Day,0,0,0,60.0
1999-02-19,Hawaii,Take-off run,Medium,Unknown bird - medium,Day,0,0,0,140.0
1999-02-19,California,Landing Roll,Medium,Unknown bird - medium,Night,0,0,0,140.0
1999-02-20,Oregon,Climb,Medium,Unknown bird or bat,Night,0,0,0,140.0
1999-02-22,Kentucky,Climb,Small,European starling,Day,0,686031,686031,150.0
1999-02-22,Florida,Approach,Small,Unknown bird - small,Day,0,0,0,150.0
1999-02-22,Oregon,Approach,Small,Barn owl,Night,0,0,0,138.0
1999-02-23,Hawaii,Climb,Small,Zebra dove,Day,0,0,0,140.0
1999-02-24,Florida,Climb,Medium,Unknown bird - medium,Day,0,0,0,180.0
1999-02-24,California,Descent,Medium,Unknown bird - medium,Night,0,0,0,210.0
1999-02-24,Oregon,Approach,Small,Barn owl,Night,0,48022,48022,140.0
1999-02-26,Hawaii,Take-off run,Medium,Unknown bird - medium,Day,0,0,0,100.0
1999-02-26,South Carolina,Approach,Medium,Unknown bird or bat,Night,0,0,0,140.0
1999-02-26,South Carolina,Approach,Medium,Unknown bird or bat,Night,0,0,0,200.0
1999-02-26,Tennessee,Approach,Medium,Unknown bird - medium,Night,0,0,0,140.0
1999-02-26,Texas,Approach,Medium,Unknown bird - medium,Night,0,0,0,170.0
1999-02-27,Hawaii,Landing Roll,Medium,Unknown bird - medium,Day,0,0,0,140.0
1999-02-28,Oregon,Landing Roll,Medium,Red-tailed hawk,Dusk,0,0,0,140.0
1999-03-01,DC,Climb,Medium,Ring-billed gull,Day,0,0,0,130.0
1999-03-02,Missouri,Approach,Medium,Unknown bird - medium,Night,0,0,0,140.0
1999-03-02,Hawaii,Landing Roll,Small,Unknown bird - small,Dawn,0,0,0,120.0
1999-03-04,Illinois,Take-off run,Large,Coyote,Night,0,0,0,140.0
1999-03-05,Louisiana,Climb,Medium,Unknown bird - medium,Day,0,2744,2744,155.0
1999-03-05,California,Approach,Medium,Unknown bird - medium,Day,0,0,0,140.0
1999-03-05,Arizona,Climb,Medium,Unknown bird - medium,Day,0,0,0,220.0
1999-03-05,Hawaii,Take-off run,Small,Pacific golden-plover,Day,0,0,0,136.0
1999-03-07,Utah,Climb,Small,European starling,Day,0,0,0,160.0
1999-03-07,Oklahoma,Approach,Small,Unknown bird - small,Day,0,0,0,150.0
1999-03-08,Florida,Climb,Medium,Unknown bird - medium,Dusk,0,0,0,230.0
1999-03-09,California,Landing Roll,Medium,Red-tailed hawk,Day,0,0,0,100.0
1999-03-09,Hawaii,Climb,Small,Unknown bird - small,Dawn,0,0,0,125.0
1999-03-09,Texas,Approach,Small,Unknown bird - small,Night,0,0,0,250.0
1999-03-11,Hawaii,Landing Roll,Medium,Unknown bird - medium,Dawn,0,0,0,140.0
1999-03-11,Hawaii,Approach,Small,Pacific golden-plover,Day,0,0,0,142.0
1999-03-12,Oregon,Take-off run,Medium,Mallard,Day,0,0,0,155.0
1999-03-12,Hawaii,Landing Roll,Small,Zebra dove,Day,0,0,0,140.0
1999-03-14,Florida,Approach,Medium,Unknown bird - medium,Day,0,0,0,140.0
1999-03-14,Ohio,Approach,Medium,American crow,Day,0,0,0,133.0
1999-03-14,New York,Take-off run,Medium,Herring gull,Day,0,0,0,140.0
1999-03-14,DC,Climb,Small,Mourning dove,Day,0,0,0,186.0
1999-03-15,Pennsylvania,Approach,Large,Canada goose,Night,0,0,0,140.0
1999-03-15,Michigan,Take-off run,Medium,Unknown bird - medium,Day,0,0,0,140.0
1999-03-15,Texas,Approach,Medium,Unknown bird - medium,Night,0,0,0,150.0
1999-03-16,DC,Approach,Large,Unknown bird - large,Night,0,0,0,140.0
1999-03-17,New York,Landing Roll,Medium,Herring gull,Day,0,0,0,140.0
1999-03-17,Oregon,Climb,Medium,Unknown bird - medium,Night,0,0,0,230.0
1999-03-17,Ohio,Climb,Small,Unknown bird - small,Day,0,0,0,140.0
1999-03-17,California,Landing Roll,Small,Barn swallow,Dusk,0,0,0,140.0
1999-03-17,Pennsylvania,Approach,Small,Unknown bird - small,Night,0,0,0,120.0
1999-03-18,Nebraska,Approach,Medium,Red-tailed hawk,Day,0,411618,411618,140.0
1999-03-18,Arizona,Approach,Medium,Unknown bird - medium,Night,0,0,0,140.0
1999-03-18,Texas,Approach,Small,Unknown bird - small,Night,0,0,0,130.0
1999-03-19,Oregon,Descent,Medium,Unknown bird - medium,Night,0,0,0,250.0
1999-03-19,Hawaii,Climb,Small,Unknown bird - small,Day,0,0,0,160.0
1999-03-19,California,Take-off run,Small,Unknown bird - small,Day,0,0,0,120.0
1999-03-22,Oregon,Landing Roll,Medium,Mallard,Dusk,0,0,0,140.0
1999-03-22,California,Approach,Medium,Unknown bird - medium,Night,38418,6586,45004,120.0
1999-03-24,Texas,Approach,Medium,Unknown bird - medium,Day,0,0,0,135.0
1999-03-24,Kentucky,Approach,Medium,Unknown bird - medium,Night,0,0,0,200.0
1999-03-24,Illinois,Approach,Small,Unknown bird - small,Day,0,0,0,140.0
1999-03-24,Washington,Climb,Small,Unknown bird - small,Day,0,0,0,200.0
1999-03-25,California,Approach,Medium,Unknown bird - medium,Day,0,0,0,135.0
1999-03-25,Ohio,Approach,Small,Unknown bird - small,Night,0,0,0,140.0
1999-03-26,New Jersey,Approach,Large,Unknown bird - large,Night,0,0,0,147.0
1999-03-26,DC,Approach,Medium,Ring-billed gull,Day,0,0,0,140.0
1999-03-26,California,Take-off run,Small,Unknown bird - small,Day,0,0,0,140.0
1999-03-26,Georgia,Take-off run,Small,Unknown bird - small,Day,0,0,0,140.0
1999-03-26,Texas,Climb,Small,Unknown bird - small,Night,0,0,0,200.0
1999-03-28,DC,Landing Roll,Small,Rock pigeon,Day,0,0,0,100.0
1999-03-29,Pennsylvania,Approach,Medium,Unknown bird - medium,Night,0,0,0,140.0
1999-03-29,Louisiana,Approach,Small,Unknown bird - small,Night,0,0,0,180.0
1999-03-30,Tennessee,Take-off run,Medium,Unknown bird - medium,Night,0,0,0,140.0
1999-03-31,Illinois,Approach,Medium,Unknown bird - medium,Night,0,0,0,180.0
1999-03-31,Texas,Approach,Medium,Unknown bird - medium,Night,0,0,0,190.0
1999-03-31,Kentucky,Descent,Medium,Unknown bird - medium,Night,0,0,0,250.0
1999-03-31,California,Landing Roll,Small,American kestrel,Day,0,0,0,90.0
1999-04-01,Florida,Climb,Large,Unknown bird - large,Day,0,0,0,210.0
1999-04-01,Texas,Climb,Small,Unknown bird - small,Day,0,0,0,170.0
1999-04-02,Florida,Descent,Medium,Unknown bird - medium,Night,0,0,0,250.0
1999-04-02,New Jersey,Approach,Small,Horned lark,Day,0,0,0,140.0
1999-04-03,Utah,Approach,Medium,Mallard,Day,0,0,0,140.0
1999-04-05,Illinois,Take-off run,Medium,Red-tailed hawk,Day,0,1715077,1715077,140.0
1999-04-05,South Carolina,Climb,Medium,Unknown bird or bat,Day,0,0,0,310.0
1999-04-07,South Carolina,Approach,Medium,Unknown bird or bat,Night,0,0,0,200.0
1999-04-07,Hawaii,Take-off run,Small,Unknown bird - small,Day,0,0,0,140.0
1999-04-08,Florida,Approach,Medium,Unknown bird - medium,Day,0,0,0,140.0
1999-04-08,Louisiana,Climb,Medium,Unknown bird - medium,Night,0,0,0,160.0
1999-04-08,Tennessee,Descent,Medium,Unknown bird - medium,Night,0,0,0,250.0
1999-04-08,Georgia,Climb,Small,Unknown bird - small,Night,0,0,0,160.0
1999-04-10,Illinois,Approach,Medium,Unknown bird - medium,Night,0,0,0,170.0
1999-04-10,South Carolina,Approach,Medium,Unknown bird or bat,Night,0,0,0,160.0
1999-04-11,Louisiana,Climb,Small,Unknown bird - small,Day,0,0,0,250.0
1999-04-12,Tennessee,Approach,Small,Unknown bird - small,Day,0,0,0,150.0
1999-04-12,New Jersey,Take-off run,Small,European starling,Day,0,0,0,144.0
1999-04-13,Missouri,Approach,Large,Unknown bird - large,Night,0,0,0,135.0
1999-04-13,Hawaii,Landing Roll,Medium,Unknown bird - medium,Day,0,0,0,140.0
1999-04-13,Hawaii,Landing Roll,Small,Pacific golden-plover,Day,0,0,0,140.0
1999-04-13,Texas,Approach,Small,Unknown bird - small,Night,0,0,0,140.0
1999-04-15,New Jersey,Climb,Medium,Herring gull,Day,0,0,0,225.0
1999-04-15,California,Landing Roll,Small,Unknown bird - small,Day,0,0,0,70.0
1999-04-15,California,Approach,Small,Unknown bird - small,Night,0,0,0,140.0
1999-04-16,Indiana,Climb,Medium,Mallard,Day,0,0,0,140.0
1999-04-16,California,Descent,Medium,Unknown bird - medium,Night,0,0,0,210.0
1999-04-18,Ohio,Approach,Medium,Mallard,Day,0,0,0,140.0
1999-04-19,California,Landing Roll,Small,Unknown bird - small,Day,0,0,0,140.0
1999-04-19,Texas,Approach,Small,Unknown bird - small,Night,0,0,0,140.0
1999-04-19,DC,Descent,Small,Unknown bird - small,Night,0,0,0,140.0
1999-04-20,Louisiana,Climb,Medium,Unknown bird or bat,Day,0,0,0,160.0
1999-04-20,DC,Take-off run,Medium,Unknown bird - medium,Day,0,0,0,120.0
1999-04-20,California,Take-off run,Small,Unknown bird - small,Day,0,0,0,120.0
1999-04-21,Kentucky,Approach,Medium,Unknown bird - medium,Night,0,0,0,145.0
1999-04-21,Georgia,Climb,Medium,Unknown bird - medium,Night,1372,0,1372,210.0
1999-04-21,Ohio,Take-off run,Small,Unknown bird - small,Day,0,0,0,140.0
1999-04-22,Texas,Approach,Medium,Unknown bird - medium,Day,0,0,0,140.0
1999-04-22,Maryland,Approach,Small,Unknown bird - small,Night,0,0,0,210.0
1999-04-23,Utah,Approach,Medium,Unknown bird - medium,Day,0,0,0,140.0
1999-04-23,Florida,Approach,Medium,Unknown bird - medium,Night,0,0,0,220.0
1999-04-23,Utah,Climb,Small,Unknown bird - small,Day,0,0,0,155.0
1999-04-23,Tennessee,Approach,Small,Unknown bird - small,Night,0,0,0,170.0
1999-04-24,Minnesota,Climb,Medium,Unknown bird - medium,Night,0,0,0,160.0
1999-04-24,Tennessee,Descent,Medium,Unknown bird - medium,Night,0,0,0,250.0
1999-04-24,Pennsylvania,Take-off run,Small,Unknown bird - small,Dusk,0,0,0,90.0
1999-04-24,Missouri,Approach,Small,Unknown bird - small,Night,0,0,0,143.0
1999-04-25,Utah,Approach,Medium,Unknown bird - medium,Night,0,0,0,140.0
1999-04-26,Michigan,Approach,Medium,Ring-billed gull,Night,0,29734,29734,180.0
1999-04-26,Colorado,Climb,Medium,Unknown bird - medium,Night,0,0,0,140.0
1999-04-26,Minnesota,Take-off run,Medium,Unknown bird - medium,Night,0,0,0,140.0
1999-04-26,Texas,Descent,Small,Unknown bird - small,Day,0,0,0,250.0
1999-04-27,Pennsylvania,Climb,Large,Unknown bird - large,Day,0,0,0,140.0
1999-04-27,Pennsylvania,Approach,Large,Unknown bird - large,Night,0,0,0,180.0
1999-04-27,Massachusetts,Climb,Medium,Unknown bird - medium,Day,6558,6860,13418,220.0
1999-04-27,Utah,Approach,Small,Unknown bird - small,Night,0,0,0,150.0
1999-04-28,Kentucky,Approach,Large,Unknown bird - large,Night,0,0,0,140.0
1999-04-28,Texas,Descent,Medium,Unknown bird - medium,Night,0,0,0,140.0
1999-04-28,Kentucky,Approach,Small,Unknown bird - small,Night,0,0,0,210.0
1999-04-30,Pennsylvania,Landing Roll,Medium,Unknown bird - medium,Day,0,0,0,140.0
1999-04-30,Tennessee,Approach,Medium,Unknown bird - medium,Night,0,0,0,220.0
1999-04-30,Oregon,Approach,Medium,Unknown bird - medium,Night,0,0,0,140.0
1999-04-30,Oregon,Landing Roll,Medium,Mallard,Night,0,0,0,140.0
1999-04-30,North Carolina,Landing Roll,Small,Mourning dove,Day,0,0,0,140.0
1999-05-01,Kentucky,Approach,Small,Unknown bird - small,Night,0,0,0,135.0
1999-05-01,Nebraska,Approach,Small,Unknown bird - small,Night,0,0,0,180.0
1999-05-02,Texas,Landing Roll,Medium,Unknown bird - medium,Day,0,0,0,130.0
1999-05-02,Nebraska,Descent,Small,Unknown bird - small,Night,0,0,0,220.0
1999-05-04,Ohio,Climb,Small,Unknown bird - small,Dawn,0,0,0,115.0
1999-05-05,Arizona,Approach,Medium,Unknown bird - medium,Night,0,0,0,140.0
1999-05-05,North Carolina,Approach,Medium,Unknown bird - medium,Night,0,0,0,140.0
1999-05-05,Maryland,Climb,Medium,Unknown bird - medium,Night,0,0,0,145.0
1999-05-06,Oregon,Approach,Medium,Unknown bird - medium,Night,0,0,0,140.0
1999-05-06,Arizona,Approach,Small,Unknown bird - small,Day,0,0,0,145.0
1999-05-06,Pennsylvania,Approach,Small,Unknown bird - small,Day,0,0,0,140.0
1999-05-07,Tennessee,Approach,Medium,Unknown bird - medium,Night,0,0,0,140.0
1999-05-07,Maryland,Descent,Medium,Unknown bird - medium,Night,0,0,0,210.0
1999-05-07,California,Approach,Small,Unknown bird - small,Night,0,0,0,200.0
1999-05-07,Kentucky,Approach,Small,Unknown bird - small,Night,0,0,0,160.0
1999-05-07,Pennsylvania,Approach,Small,Unknown bird - small,Night,0,0,0,180.0
1999-05-08,DC,Approach,Small,Unknown bird - small,Night,0,0,0,150.0
1999-05-08,Tennessee,Approach,Small,Unknown bird - small,Night,0,0,0,140.0
1999-05-09,Texas,Approach,Small,Unknown bird - small,Night,0,0,0,130.0
1999-05-10,Pennsylvania,Climb,Medium,Unknown bird - medium,Night,0,0,0,250.0
1999-05-10,Tennessee,Descent,Medium,Unknown bird - medium,Night,0,0,0,240.0
1999-05-11,Tennessee,Approach,Medium,Unknown bird - medium,Night,0,0,0,240.0
1999-05-11,Georgia,Climb,Medium,Unknown bird - medium,Night,0,0,0,140.0
1999-05-11,North Carolina,Landing Roll,Medium,Unknown bird - medium,Night,0,0,0,120.0
1999-05-11,Missouri,Landing Roll,Small,American robin,Day,0,0,0,140.0
1999-05-11,Maryland,Approach,Small,Unknown bird - small,Dusk,0,0,0,210.0
1999-05-12,Utah,Landing Roll,Small,Unknown bird - small,Day,0,0,0,140.0
1999-05-12,Hawaii,Approach,Small,Unknown bird - small,Dusk,0,0,0,140.0
1999-05-13,Texas,Approach,Large,Unknown bird - large,Night,0,0,0,210.0
1999-05-13,Maryland,Landing Roll,Medium,Ring-billed gull,Day,0,0,0,120.0
1999-05-13,Hawaii,Approach,Medium,Unknown bird - medium,Dusk,0,0,0,140.0
1999-05-13,Massachusetts,Approach,Medium,Unknown bird - medium,Night,0,0,0,140.0
1999-05-13,California,Landing Roll,Medium,Unknown bird - medium,Night,0,0,0,140.0
1999-05-13,Texas,Landing Roll,Small,Unknown bird - small,Day,0,0,0,140.0
1999-05-13,Oklahoma,Approach,Small,Unknown bird - small,Night,0,0,0,180.0
1999-05-14,North Carolina,Approach,Large,Canada goose,Day,6860,16465,23325,108.0
1999-05-14,Texas,Climb,Small,Unknown bird - small,Day,0,0,0,120.0
1999-05-15,Florida,Landing Roll,Medium,Unknown bird - medium,Day,0,0,0,120.0
1999-05-15,South Carolina,Approach,Medium,Unknown bird or bat,Night,0,0,0,140.0
1999-05-15,Utah,Approach,Small,Unknown bird - small,Night,0,0,0,140.0
1999-05-16,DC,Approach,Medium,Unknown bird - medium,Night,0,0,0,160.0
1999-05-16,Maryland,Approach,Small,Unknown bird - small,Night,0,0,0,190.0
1999-05-18,California,Approach,Medium,Unknown bird - medium,Night,0,0,0,140.0
1999-05-18,DC,Descent,Medium,Unknown bird - medium,Night,0,0,0,140.0
1999-05-19,Illinois,Climb,Medium,Herring gull,Day,0,104002,104002,300.0
1999-05-19,Illinois,Approach,Small,Unknown bird - small,Day,0,0,0,135.0
1999-05-20,Louisiana,Approach,Medium,Unknown bird or bat,Day,0,0,0,140.0
1999-05-20,Louisiana,Climb,Medium,Unknown bird or bat,Day,0,0,0,160.0
1999-05-20,Arizona,Descent,Small,Unknown bird - small,Day,0,0,0,140.0
1999-05-21,Pennsylvania,Landing Roll,Large,White-tailed deer,Night,0,105507,105507,140.0
1999-05-21,Minnesota,Approach,Medium,Unknown bird - medium,Day,0,0,0,115.0
1999-05-22,Arizona,Climb,Medium,Unknown bird - medium,Day,0,0,0,160.0
1999-05-23,California,Approach,Large,Canada goose,Day,0,0,0,140.0
1999-05-23,Colorado,Take-off run,Small,Unknown bird - small,Day,0,0,0,140.0
1999-05-23,Utah,Take-off run,Small,Unknown bird - small,Day,0,0,0,140.0
1999-05-25,New Jersey,Approach,Medium,Unknown bird - medium,Day,0,0,0,230.0
1999-05-25,New York,Climb,Medium,Unknown bird - medium,Night,0,0,0,230.0
1999-05-25,Massachusetts,Take-off run,Small,Unknown bird - small,Day,0,0,0,140.0
1999-05-26,Louisiana,Take-off run,Small,Mourning dove,Dusk,0,0,0,128.0
1999-05-28,Utah,Climb,Small,Unknown bird - small,Day,0,0,0,140.0
1999-05-28,Missouri,Landing Roll,Small,American robin,Day,0,0,0,100.0
1999-05-28,Utah,Landing Roll,Small,Unknown bird - small,Night,0,0,0,140.0
1999-05-29,Utah,Take-off run,Medium,American crow,Day,0,0,0,135.0
1999-05-29,Oregon,Approach,Medium,Unknown bird - medium,Night,0,0,0,170.0
1999-05-29,Texas,Approach,Medium,Unknown bird - medium,Night,0,0,0,120.0
1999-05-29,Utah,Climb,Small,European starling,Day,0,0,0,140.0
1999-05-29,Texas,Approach,Small,Unknown bird - small,Night,0,0,0,160.0
1999-05-30,DC,Climb,Medium,Unknown bird - medium,Day,0,0,0,160.0
1999-05-30,Massachusetts,Approach,Medium,Unknown bird - medium,Night,0,0,0,140.0
1999-05-30,Florida,Climb,Small,Unknown bird - small,Day,0,0,0,145.0
1999-05-31,Nebraska,Approach,Large,Unknown bird - large,Day,0,0,0,135.0
1999-05-31,Illinois,Take-off run,Medium,Ring-billed gull,Day,0,0,0,60.0
1999-05-31,DC,Approach,Small,Unknown bird - small,Day,0,0,0,145.0
1999-05-31,Pennsylvania,Take-off run,Small,Unknown bird - small,Day,0,0,0,140.0
1999-05-31,Kentucky,Take-off run,Small,Unknown bird - small,Dusk,0,0,0,100.0
1999-06-01,Illinois,Approach,Medium,Unknown bird - medium,Night,0,0,0,180.0
1999-06-01,New Jersey,Landing Roll,Small,Unknown bird - small,Day,0,0,0,110.0
1999-06-02,Arizona,Climb,Large,Unknown bird - large,Night,0,0,0,140.0
1999-06-02,Oregon,Approach,Medium,Unknown bird - medium,Night,0,0,0,170.0
1999-06-03,Kentucky,Climb,Medium,Unknown bird - medium,Day,0,0,0,200.0
1999-06-03,Texas,Take-off run,Medium,Unknown bird - medium,Day,0,0,0,140.0
1999-06-04,Hawaii,Landing Roll,Medium,Unknown bird - medium,Day,0,0,0,140.0
1999-06-04,Texas,Approach,Small,Unknown bird - small,Day,0,0,0,140.0
1999-06-04,Nebraska,Climb,Small,Unknown bird - small,Day,0,0,0,160.0
1999-06-05,Utah,Climb,Medium,Unknown bird - medium,Day,0,0,0,140.0
1999-06-05,South Carolina,Take-off run,Medium,Unknown bird or bat,Day,0,0,0,140.0
1999-06-05,Texas,Take-off run,Small,Unknown bird - small,Day,0,0,0,140.0
1999-06-08,Texas,Approach,Medium,Unknown bird - medium,Day,0,0,0,250.0
1999-06-08,Texas,Climb,Medium,Unknown bird - medium,Night,0,0,0,140.0
1999-06-08,Texas,Approach,Small,Unknown bird - small,Night,0,0,0,180.0
1999-06-11,Ohio,Approach,Medium,Unknown bird - medium,Day,0,0,0,140.0
1999-06-11,Missouri,Approach,Small,European starling,Day,82,0,82,140.0
1999-06-14,California,Climb,Medium,Unknown bird - medium,Day,0,0,0,140.0
1999-06-14,California,Landing Roll,Medium,Unknown bird - medium,Day,0,0,0,140.0
1999-06-15,Ohio,Take-off run,Small,Unknown bird - small,Night,0,0,0,140.0
1999-06-16,Texas,Landing Roll,Small,Unknown bird - small,Day,0,0,0,140.0
1999-06-17,New Jersey,Climb,Medium,Mallard,Day,0,0,0,140.0
1999-06-17,Florida,Landing Roll,Medium,Unknown bird - medium,Day,0,0,0,140.0
1999-06-18,Texas,Climb,Medium,Unknown bird - medium,Day,0,0,0,140.0
1999-06-18,California,Take-off run,Medium,Unknown bird - medium,Day,0,0,0,140.0
1999-06-18,Kentucky,Approach,Small,Unknown bird - small,Day,0,0,0,130.0
1999-06-18,California,Take-off run,Small,Unknown bird - small,Day,0,0,0,140.0
1999-06-19,Texas,Approach,Medium,Unknown bird - medium,Night,0,0,0,180.0
1999-06-20,Texas,Approach,Small,Unknown bird - small,Day,0,0,0,120.0
1999-06-21,Colorado,Landing Roll,Small,Unknown bird - small,Day,0,0,0,140.0
1999-06-21,Hawaii,Landing Roll,Small,Short-eared owl,Day,0,0,0,140.0
1999-06-21,Texas,Landing Roll,Small,Unknown bird - small,Dusk,0,0,0,90.0
1999-06-22,Hawaii,Landing Roll,Medium,Unknown bird - medium,Day,0,0,0,140.0
1999-06-22,Oregon,Landing Roll,Medium,Red-tailed hawk,Day,0,0,0,140.0
1999-06-24,Indiana,Approach,Small,Mourning dove,Day,0,0,0,140.0
1999-06-24,Kentucky,Approach,Small,Unknown bird - small,Day,0,0,0,140.0
1999-06-25,Pennsylvania,Take-off run,Medium,Unknown bird - medium,Day,0,0,0,140.0
1999-06-25,Texas,Take-off run,Medium,Unknown bird - medium,Day,0,0,0,140.0
1999-06-26,Missouri,Landing Roll,Small,Unknown bird - small,Day,0,0,0,100.0
1999-06-27,Hawaii,Landing Roll,Small,Pacific golden-plover,Day,0,0,0,130.0
1999-06-29,Louisiana,Approach,Medium,Unknown bird or bat,Day,0,0,0,143.0
1999-06-29,Missouri,Landing Roll,Small,European starling,Day,0,0,0,140.0
1999-06-30,California,Landing Roll,Medium,Unknown bird - medium,Dusk,0,0,0,140.0
1999-06-30,Pennsylvania,Climb,Small,Mourning dove,Day,0,0,0,140.0
1999-06-30,DC,Approach,Small,Unknown bird - small,Day,0,0,0,130.0
1999-06-30,Kentucky,Take-off run,Small,American robin,Day,0,0,0,140.0
1999-07-01,California,Approach,Small,Unknown bird - small,Day,137,0,137,140.0
1999-07-01,Tennessee,Approach,Small,Unknown bird - small,Dusk,0,0,0,130.0
1999-07-03,Kentucky,Approach,Medium,Unknown bird - medium,Day,0,0,0,135.0
1999-07-03,Texas,Approach,Medium,Unknown bird - medium,Day,0,0,0,230.0
1999-07-03,California,Take-off run,Medium,Unknown bird - medium,Day,0,0,0,140.0
1999-07-04,Missouri,Approach,Small,American kestrel,Day,0,0,0,140.0
1999-07-04,California,Landing Roll,Small,Unknown bird - small,Day,0,0,0,140.0
1999-07-04,Missouri,Take-off run,Small,Eastern meadowlark,Day,0,0,0,140.0
1999-07-04,Missouri,Take-off run,Small,Unknown bird - small,Day,0,0,0,140.0
1999-07-04,Missouri,Take-off run,Small,Unknown bird - small,Day,0,0,0,120.0
1999-07-04,Illinois,Approach,Small,Unknown bird - small,Dusk,0,0,0,140.0
1999-07-05,California,Landing Roll,Medium,Unknown bird - medium,Day,0,0,0,140.0
1999-07-05,Kentucky,Climb,Small,Unknown bird - small,Day,0,0,0,140.0
1999-07-06,Utah,Approach,Medium,Unknown bird - medium,Night,0,0,0,140.0
1999-07-06,Illinois,Approach,Small,Unknown bird - small,Dawn,343,0,343,200.0
1999-07-06,Texas,Climb,Small,Unknown bird - small,Day,0,3430,3430,150.0
1999-07-06,Utah,Approach,Small,European starling,Day,0,0,0,140.0
1999-07-06,Kentucky,Landing Roll,Small,Unknown bird - small,Day,0,0,0,170.0
1999-07-07,New York,Approach,Medium,Unknown bird - medium,Day,0,0,0,140.0
1999-07-07,Oklahoma,Climb,Medium,Unknown bird - medium,Day,0,0,0,200.0
1999-07-07,California,Approach,Small,American kestrel,Day,0,0,0,123.0
1999-07-07,Tennessee,Climb,Small,Unknown bird - small,Night,0,0,0,140.0
1999-07-08,California,Take-off run,Medium,Unknown bird - medium,Day,0,0,0,140.0
1999-07-08,Colorado,Landing Roll,Small,Unknown bird - small,Day,0,0,0,140.0
1999-07-09,Kentucky,Approach,Medium,Unknown bird - medium,Night,0,0,0,140.0
1999-07-09,California,Approach,Small,Mourning dove,Day,0,0,0,140.0
1999-07-09,Georgia,Approach,Small,Unknown bird - small,Day,0,0,0,130.0
1999-07-09,Kentucky,Take-off run,Small,Unknown bird - small,Day,0,0,0,140.0
1999-07-09,Pennsylvania,Approach,Small,Mourning dove,Dusk,0,0,0,110.0
1999-07-09,Florida,Climb,Small,Unknown bird - small,Dusk,0,0,0,150.0
1999-07-09,Texas,Climb,Small,Unknown bird - small,Night,0,0,0,250.0
1999-07-10,DC,Landing Roll,Large,Unknown bird - large,Day,0,0,0,140.0
1999-07-10,South Carolina,Approach,Medium,Unknown bird or bat,Day,0,0,0,140.0
1999-07-10,Utah,Climb,Small,Cliff swallow,Dawn,0,0,0,120.0
1999-07-10,Illinois,Landing Roll,Small,Unknown bird - small,Day,0,0,0,140.0
1999-07-11,New York,Landing Roll,Small,Unknown bird - small,Day,0,0,0,110.0
1999-07-11,Kentucky,Landing Roll,Small,Unknown bird - small,Dusk,0,0,0,140.0
1999-07-12,Hawaii,Climb,Small,Pacific golden-plover,Day,0,0,0,140.0
1999-07-12,Ohio,Approach,Small,Unknown bird - small,Night,0,0,0,140.0
1999-07-13,Louisiana,Approach,Medium,Unknown bird or bat,Day,0,0,0,176.0
1999-07-13,Georgia,Approach,Small,Unknown bird - small,Day,0,0,0,135.0
1999-07-13,Tennessee,Approach,Small,Unknown bird - small,Night,0,0,0,140.0
1999-07-13,Texas,Descent,Small,Unknown bird - small,Night,0,0,0,220.0
1999-07-14,Missouri,Landing Roll,Small,American kestrel,Dawn,0,0,0,140.0
1999-07-16,North Carolina,Approach,Medium,Unknown bird - medium,Day,0,0,0,140.0
1999-07-16,Nebraska,Approach,Medium,Unknown bird - medium,Day,0,0,0,170.0
1999-07-16,Arizona,Climb,Medium,Unknown bird - medium,Night,0,0,0,140.0
1999-07-16,New York,Climb,Small,Laughing gull,Day,0,0,0,160.0
1999-07-16,Nebraska,Landing Roll,Small,Unknown bird - small,Day,0,0,0,105.0
1999-07-17,California,Take-off run,Medium,Unknown bird - medium,Day,0,0,0,140.0
1999-07-17,Utah,Landing Roll,Small,American kestrel,Day,0,0,0,140.0
1999-07-18,California,Landing Roll,Small,American kestrel,Day,0,0,0,80.0
1999-07-19,North Carolina,Approach,Small,European starling,Day,0,0,0,140.0
1999-07-19,Utah,Landing Roll,Small,Unknown bird - small,Day,137,0,137,160.0
1999-07-19,California,Landing Roll,Small,American kestrel,Dusk,0,0,0,140.0
1999-07-20,Illinois,Landing Roll,Medium,Unknown bird - medium,Day,0,0,0,120.0
1999-07-20,Utah,Approach,Small,Blackbirds,Day,0,0,0,160.0
1999-07-20,Pennsylvania,Take-off run,Small,Unknown bird - small,Day,0,0,0,140.0
1999-07-20,Utah,Take-off run,Small,Unknown bird - small,Night,0,0,0,140.0
1999-07-21,Ohio,Take-off run,Medium,Unknown bird - medium,Day,0,0,0,125.0
1999-07-21,Missouri,Approach,Small,European starling,Day,0,0,0,140.0
1999-07-21,Washington,Approach,Small,Unknown bird - small,Day,0,0,0,140.0
1999-07-22,Massachusetts,Approach,Medium,Unknown bird - medium,Day,0,0,0,140.0
1999-07-22,Illinois,Approach,Small,Rock pigeon,Day,0,0,0,150.0
1999-07-22,Ohio,Landing Roll,Small,Unknown bird - small,Day,0,0,0,100.0
1999-07-23,Missouri,Descent,Small,Unknown bird - small,Day,0,0,0,250.0
1999-07-23,Kentucky,Take-off run,Small,American kestrel,Day,0,0,0,120.0
1999-07-24,Texas,Climb,Small,Unknown bird - small,Dawn,0,0,0,180.0
1999-07-24,Pennsylvania,Take-off run,Small,Unknown bird - small,Day,0,0,0,140.0
1999-07-25,New York,Landing Roll,Small,Killdeer,Day,0,0,0,140.0
1999-07-26,Indiana,Take-off run,Large,Unknown bird - large,Day,0,0,0,180.0
1999-07-26,Texas,Approach,Small,Unknown bird - small,Day,0,0,0,135.0
1999-07-26,Massachusetts,Climb,Small,Unknown bird - small,Day,0,0,0,150.0
1999-07-27,Hawaii,Approach,Large,Unknown bird - large,Day,0,0,0,160.0
1999-07-27,North Carolina,Approach,Small,Unknown bird - small,Day,0,0,0,135.0
1999-07-27,Indiana,Landing Roll,Small,Unknown bird - small,Day,0,0,0,140.0
1999-07-27,Maryland,Take-off run,Small,Unknown bird - small,Day,0,0,0,100.0
1999-07-28,Nebraska,Approach,Large,Unknown bird - large,Night,0,0,0,150.0
1999-07-28,Indiana,Take-off run,Medium,Unknown bird - medium,Day,0,0,0,140.0
1999-07-29,Tennessee,Take-off run,Medium,Unknown bird - medium,Day,0,0,0,160.0
1999-07-29,Missouri,Approach,Small,Unknown bird - small,Day,0,0,0,128.0
1999-07-31,California,Landing Roll,Small,Rock pigeon,Day,0,0,0,140.0
1999-08-01,Illinois,Approach,Medium,Unknown bird - medium,Dusk,0,0,0,140.0
1999-08-01,Texas,Approach,Small,Unknown bird - small,Day,0,0,0,145.0
1999-08-01,Missouri,Climb,Small,Unknown bird - small,Day,0,0,0,140.0
1999-08-01,Missouri,Landing Roll,Small,Unknown bird - small,Day,0,0,0,135.0
1999-08-01,California,Approach,Small,Unknown bird - small,Night,0,0,0,140.0
1999-08-02,Ohio,Approach,Large,Canada goose,Day,0,0,0,140.0
1999-08-02,Texas,Approach,Medium,Unknown bird - medium,Day,0,0,0,140.0
1999-08-02,New Jersey,Approach,Small,Unknown bird - small,Day,0,0,0,140.0
1999-08-02,Indiana,Take-off run,Small,European starling,Day,0,0,0,140.0
1999-08-03,Pennsylvania,Approach,Medium,Unknown bird - medium,Day,0,0,0,126.0
1999-08-03,Colorado,Approach,Medium,Unknown bird - medium,Night,0,0,0,140.0
1999-08-03,Florida,Approach,Medium,Unknown bird - medium,Night,0,0,0,130.0
1999-08-03,California,Approach,Small,American kestrel,Day,0,0,0,140.0
1999-08-03,California,Climb,Small,Rock pigeon,Day,0,0,0,140.0
1999-08-04,Kentucky,Approach,Small,European starling,Day,0,0,0,140.0
1999-08-04,Nebraska,Approach,Small,Unknown bird - small,Day,0,0,0,110.0
1999-08-04,Texas,Approach,Small,Unknown bird - small,Day,0,0,0,180.0
1999-08-04,Utah,Landing Roll,Small,European starling,Day,0,0,0,115.0
1999-08-04,Pennsylvania,Take-off run,Small,Unknown bird - small,Day,0,0,0,152.0
1999-08-05,Michigan,Landing Roll,Large,Canada goose,Dusk,0,0,0,120.0
1999-08-05,California,Climb,Medium,Unknown bird - medium,Day,0,0,0,140.0
1999-08-05,Louisiana,Take-off run,Medium,Unknown bird or bat,Dusk,0,0,0,125.0
1999-08-05,Texas,Climb,Medium,Unknown bird - medium,Night,0,0,0,250.0
1999-08-05,Louisiana,Approach,Medium,Unknown bird or bat,Night,0,0,0,195.0
1999-08-05,North Carolina,Approach,Small,Unknown bird - small,Day,0,0,0,130.0
1999-08-07,Tennessee,Take-off run,Large,Unknown bird - large,Night,0,0,0,110.0
1999-08-07,Pennsylvania,Approach,Small,European starling,Day,0,0,0,120.0
1999-08-08,California,Climb,Medium,American crow,Day,0,0,0,160.0
1999-08-09,Texas,Climb,Medium,Unknown bird - medium,Night,0,0,0,140.0
1999-08-09,Texas,Climb,Medium,Unknown bird - medium,Night,137,0,137,160.0
1999-08-09,Minnesota,Approach,Small,Unknown bird - small,Day,0,0,0,150.0
1999-08-09,Tennessee,Take-off run,Small,Unknown bird - small,Day,0,0,0,100.0
1999-08-10,Texas,Climb,Medium,Unknown bird - medium,Day,0,0,0,165.0
1999-08-10,California,Landing Roll,Medium,Unknown bird - medium,Day,0,0,0,140.0
1999-08-10,Pennsylvania,Approach,Small,Unknown bird - small,Day,0,0,0,130.0
1999-08-10,Pennsylvania,Approach,Small,Unknown bird - small,Day,0,0,0,140.0
1999-08-10,Georgia,Take-off run,Small,Unknown bird - small,Day,0,0,0,100.0
1999-08-10,Indiana,Take-off run,Small,Mourning dove,Day,0,0,0,140.0
1999-08-11,California,Approach,Medium,Unknown bird - medium,Night,0,0,0,140.0
1999-08-11,DC,Approach,Medium,Unknown bird - medium,Night,0,0,0,130.0
1999-08-11,South Carolina,Take-off run,Medium,Unknown bird or bat,Night,0,0,0,140.0
1999-08-11,Georgia,Approach,Small,Unknown bird - small,Day,0,0,0,150.0
1999-08-11,Pennsylvania,Climb,Small,Unknown bird - small,Day,0,0,0,140.0
1999-08-12,South Carolina,Approach,Medium,Unknown bird or bat,Dusk,0,0,0,220.0
1999-08-12,Texas,Approach,Small,Unknown bird - small,Day,0,0,0,112.0
1999-08-12,Massachusetts,Climb,Small,Unknown bird - small,Day,0,0,0,150.0
1999-08-13,Nebraska,Approach,Medium,Unknown bird - medium,Day,0,0,0,120.0
1999-08-13,Texas,Approach,Small,Unknown bird - small,Dawn,0,0,0,125.0
1999-08-13,Maryland,Approach,Small,Unknown bird - small,Day,0,0,0,130.0
1999-08-13,Illinois,Take-off run,Small,Unknown bird - small,Day,0,0,0,140.0
1999-08-13,Indiana,Take-off run,Small,Unknown bird - small,Day,0,0,0,140.0
1999-08-13,North Carolina,Take-off run,Small,Unknown bird - small,Day,0,0,0,135.0
1999-08-14,Hawaii,Approach,Medium,Unknown bird - medium,Dawn,0,0,0,215.0
1999-08-14,DC,Approach,Small,Unknown bird - small,Day,0,0,0,125.0
1999-08-15,California,Climb,Large,Unknown bird - large,Day,0,0,0,140.0
1999-08-15,California,Approach,Medium,Unknown bird - medium,Day,0,0,0,142.0
1999-08-16,Minnesota,Take-off run,Large,Canada goose,Day,0,0,0,140.0
1999-08-16,California,Climb,Large,Unknown bird - large,Day,0,0,0,140.0
1999-08-16,Colorado,Landing Roll,Medium,Unknown bird - medium,Day,0,0,0,140.0
1999-08-16,Texas,Climb,Medium,Unknown bird - medium,Night,0,0,0,140.0
1999-08-16,Utah,Take-off run,Small,Barn swallow,Day,0,0,0,140.0
1999-08-16,Kentucky,Approach,Small,Unknown bird - small,Night,0,0,0,170.0
1999-08-17,Hawaii,Take-off run,Large,Unknown bird - large,Night,0,0,0,125.0
1999-08-17,South Carolina,Approach,Medium,Unknown bird or bat,Day,0,0,0,125.0
1999-08-17,Pennsylvania,Climb,Medium,Unknown bird - medium,Day,0,0,0,140.0
1999-08-17,Kentucky,Approach,Medium,Unknown bird - medium,Night,0,0,0,140.0
1999-08-17,Georgia,Take-off run,Small,Unknown bird - small,Dawn,0,0,0,120.0
1999-08-18,Georgia,Take-off run,Medium,Red-tailed hawk,Day,0,0,0,140.0
1999-08-18,California,Take-off run,Small,Rock pigeon,Day,0,0,0,140.0
1999-08-18,Missouri,Approach,Small,Unknown bird - small,Night,0,0,0,200.0
1999-08-19,California,Take-off run,Medium,Unknown bird - medium,Day,0,0,0,140.0
1999-08-19,North Carolina,Take-off run,Small,Unknown bird - small,Day,0,0,0,125.0
1999-08-19,Utah,Landing Roll,Small,Unknown bird - small,Day,0,0,0,140.0
1999-08-19,Georgia,Take-off run,Small,Unknown bird - small,Day,0,0,0,110.0
1999-08-19,Maryland,Take-off run,Small,Unknown bird - small,Day,0,0,0,120.0
1999-08-20,California,Climb,Medium,Unknown bird - medium,Day,0,0,0,140.0
1999-08-20,Missouri,Approach,Medium,Unknown bird - medium,Night,0,0,0,139.0
1999-08-20,Texas,Take-off run,Small,Unknown bird - small,Dawn,0,0,0,80.0
1999-08-20,Minnesota,Approach,Small,Unknown bird - small,Day,0,0,0,120.0
1999-08-20,Florida,Landing Roll,Small,Unknown bird - small,Day,0,0,0,100.0
1999-08-21,Oregon,Landing Roll,Small,European starling,Day,0,0,0,140.0
1999-08-23,Texas,Approach,Large,Unknown bird - large,Day,0,0,0,135.0
1999-08-23,New York,Take-off run,Medium,Herring gull,Day,0,0,0,100.0
1999-08-24,New Jersey,Climb,Medium,Unknown bird - medium,Day,0,0,0,250.0
1999-08-24,Minnesota,Approach,Small,Unknown bird - small,Day,0,0,0,120.0
1999-08-24,Ohio,Approach,Small,Unknown bird - small,Day,0,0,0,160.0
1999-08-24,Missouri,Approach,Small,Unknown bird - small,Dusk,0,0,0,140.0
1999-08-25,Texas,Climb,Large,Unknown bird - large,Night,0,0,0,210.0
1999-08-25,Missouri,Landing Roll,Small,Killdeer,Night,0,0,0,140.0
1999-08-26,Texas,Climb,Medium,Unknown bird - medium,Night,0,13721,13721,140.0
1999-08-26,Texas,Climb,Small,Unknown bird - small,Day,0,0,0,230.0
1999-08-26,Indiana,Landing Roll,Small,Unknown bird - small,Day,0,0,0,140.0
1999-08-27,DC,Approach,Medium,Unknown bird - medium,Day,0,0,0,145.0
1999-08-27,Minnesota,Climb,Medium,Unknown bird - medium,Dusk,0,0,0,175.0
1999-08-27,DC,Approach,Medium,Unknown bird - medium,Night,0,0,0,135.0
1999-08-27,Ohio,Approach,Medium,Unknown bird - medium,Night,0,0,0,140.0
1999-08-27,Missouri,Approach,Small,Unknown bird - small,Day,0,0,0,145.0
1999-08-27,Pennsylvania,Climb,Small,Killdeer,Day,0,0,0,150.0
1999-08-27,Washington,Approach,Small,Unknown bird - small,Dusk,0,0,0,140.0
1999-08-27,DC,Approach,Small,Unknown bird - small,Night,0,0,0,160.0
1999-08-28,Texas,Approach,Medium,Unknown bird - medium,Day,0,0,0,250.0
1999-08-28,DC,Approach,Medium,Unknown bird - medium,Night,0,0,0,152.0
1999-08-28,Oregon,Take-off run,Small,European starling,Day,8232,102905,111137,140.0
1999-08-28,Missouri,Approach,Small,Unknown bird - small,Day,0,0,0,210.0
1999-08-28,Texas,Approach,Small,Unknown bird - small,Day,0,0,0,135.0
1999-08-29,Kentucky,Approach,Medium,Unknown bird - medium,Day,0,0,0,135.0
1999-08-30,Florida,Landing Roll,Large,Canada goose,Dusk,0,0,0,120.0
1999-08-30,Kentucky,Landing Roll,Small,Mourning dove,Day,0,0,0,100.0
1999-08-30,New York,Descent,Small,Unknown bird - small,Night,0,0,0,240.0
1999-08-31,California,Climb,Medium,Unknown bird - medium,Day,0,0,0,140.0
1999-08-31,Texas,Climb,Medium,Unknown bird - medium,Night,0,0,0,140.0
1999-08-31,Tennessee,Take-off run,Small,Unknown bird - small,Dawn,0,0,0,100.0
1999-08-31,Indiana,Landing Roll,Small,European starling,Day,0,0,0,140.0
1999-09-01,Louisiana,Approach,Small,Unknown bird - small,Day,0,0,0,140.0
1999-09-01,Kentucky,Approach,Small,Unknown bird - small,Night,0,0,0,160.0
1999-09-01,Maryland,Approach,Small,Unknown bird - small,Night,0,0,0,250.0
1999-09-02,Oregon,Approach,Medium,Unknown bird - medium,Day,0,0,0,140.0
1999-09-02,Colorado,Take-off run,Medium,Unknown bird - medium,Day,0,0,0,130.0
1999-09-02,Louisiana,Take-off run,Medium,Unknown bird or bat,Day,0,0,0,143.0
1999-09-02,Kentucky,Approach,Medium,Unknown bird - medium,Night,0,0,0,140.0
1999-09-02,Pennsylvania,Take-off run,Small,Unknown bird - small,Dawn,0,0,0,60.0
1999-09-03,Colorado,Approach,Medium,Unknown bird - medium,Night,0,0,0,140.0
1999-09-03,New Jersey,Approach,Medium,Unknown bird - medium,Night,0,0,0,240.0
1999-09-03,Oregon,Climb,Small,Unknown bird - small,Day,0,0,0,120.0
1999-09-03,Missouri,Landing Roll,Small,European starling,Day,0,0,0,140.0
1999-09-03,Hawaii,Take-off run,Small,Unknown bird - small,Day,0,0,0,140.0
1999-09-04,Texas,Climb,Medium,Unknown bird - medium,Night,0,0,0,140.0
1999-09-04,Maryland,Climb,Small,Mourning dove,Day,0,0,0,150.0
1999-09-04,California,Landing Roll,Small,Unknown bird - small,Day,0,0,0,130.0
1999-09-04,Texas,Descent,Small,Unknown bird - small,Night,0,0,0,250.0
1999-09-05,Texas,Approach,Medium,Unknown bird - medium,Day,0,0,0,140.0
1999-09-05,Texas,Approach,Medium,Unknown bird - medium,Night,0,0,0,150.0
1999-09-05,Oregon,Approach,Small,Unknown bird - small,Day,0,0,0,140.0
1999-09-05,Oregon,Take-off run,Small,Unknown bird - small,Day,0,0,0,140.0
1999-09-06,DC,Landing Roll,Large,Unknown bird - large,Day,0,0,0,110.0
1999-09-06,Kentucky,Climb,Medium,Mallard,Day,0,0,0,225.0
1999-09-06,Pennsylvania,Approach,Medium,Unknown bird - medium,Night,0,0,0,135.0
1999-09-06,Washington,Approach,Medium,Unknown bird - medium,Night,0,0,0,170.0
1999-09-06,Hawaii,Landing Roll,Small,Short-eared owl,Dawn,0,0,0,140.0
1999-09-06,Pennsylvania,Landing Roll,Small,European starling,Day,0,0,0,125.0
1999-09-06,Indiana,Approach,Small,Unknown bird - small,Night,0,0,0,180.0
1999-09-07,Massachusetts,Take-off run,Medium,Unknown bird - medium,Day,0,0,0,140.0
1999-09-07,Oklahoma,Take-off run,Medium,Unknown bird - medium,Day,0,0,0,100.0
1999-09-07,Illinois,Climb,Medium,Unknown bird - medium,Night,0,0,0,210.0
1999-09-07,Pennsylvania,Landing Roll,Small,European starling,Day,0,0,0,70.0
1999-09-08,Texas,Approach,Small,Unknown bird - small,Day,0,0,0,140.0
1999-09-08,Indiana,Approach,Small,Unknown bird - small,Night,0,0,0,250.0
1999-09-09,Louisiana,Climb,Medium,Unknown bird or bat,Day,0,0,0,160.0
1999-09-09,California,Take-off run,Small,Unknown bird - small,Dawn,0,0,0,80.0
1999-09-09,Texas,Climb,Small,Unknown bird - small,Day,0,0,0,250.0
1999-09-09,Pennsylvania,Landing Roll,Small,Unknown bird - small,Day,0,0,0,140.0
1999-09-09,Louisiana,Approach,Small,Unknown bird - small,Night,0,0,0,130.0
1999-09-10,Louisiana,Approach,Medium,Unknown bird or bat,Day,0,0,0,156.0
1999-09-10,South Carolina,Climb,Medium,Unknown bird or bat,Day,0,0,0,140.0
1999-09-10,Texas,Climb,Medium,Unknown bird - medium,Night,0,0,0,250.0
1999-09-10,Pennsylvania,Approach,Small,Mourning dove,Dawn,0,0,0,125.0
1999-09-10,Pennsylvania,Climb,Small,Unknown bird - small,Day,0,0,0,190.0
1999-09-11,California,Landing Roll,Medium,Unknown bird - medium,Day,0,0,0,140.0
1999-09-11,Kentucky,Landing Roll,Medium,Unknown bird - medium,Dusk,0,0,0,120.0
1999-09-11,Missouri,Landing Roll,Small,Unknown bird - small,Dawn,0,0,0,100.0
1999-09-12,Utah,Approach,Large,Unknown bird - large,Night,0,0,0,140.0
1999-09-12,DC,Approach,Medium,Unknown bird - medium,Night,0,0,0,150.0
1999-09-13,Pennsylvania,Landing Roll,Large,Canada goose,Day,0,0,0,140.0
1999-09-13,Illinois,Landing Roll,Medium,Ring-billed gull,Day,0,0,0,130.0
1999-09-13,Texas,Approach,Medium,Unknown bird - medium,Night,0,0,0,200.0
1999-09-13,Arizona,Approach,Medium,Unknown bird - medium,Night,0,0,0,210.0
1999-09-13,Oregon,Approach,Medium,Unknown bird - medium,Night,0,0,0,140.0
1999-09-13,Washington,Approach,Small,Unknown bird - small,Dawn,0,0,0,150.0
1999-09-13,Michigan,Approach,Small,Unknown bird - small,Day,0,0,0,110.0
1999-09-13,Pennsylvania,Approach,Small,European starling,Day,0,0,0,148.0
1999-09-13,Tennessee,Take-off run,Small,Unknown bird - small,Day,0,0,0,100.0
1999-09-14,Oregon,Landing Roll,Medium,Red-tailed hawk,Day,0,0,0,140.0
1999-09-14,Nebraska,Landing Roll,Small,Unknown bird - small,Day,0,0,0,140.0
1999-09-14,Texas,Approach,Small,Unknown bird - small,Night,0,0,0,140.0
1999-09-15,Georgia,Approach,Small,Unknown bird - small,Day,0,0,0,210.0
1999-09-15,Texas,Approach,Small,Unknown bird - small,Day,0,0,0,250.0
1999-09-15,Pennsylvania,Landing Roll,Small,European starling,Day,0,0,0,110.0
1999-09-16,Oregon,Approach,Large,Canada goose,Night,0,0,0,140.0
1999-09-16,Texas,Climb,Medium,Unknown bird - medium,Dawn,0,0,0,170.0
1999-09-16,Florida,Landing Roll,Medium,Unknown bird - medium,Day,0,0,0,140.0
1999-09-16,Massachusetts,Climb,Medium,Unknown bird - medium,Night,0,0,0,140.0
1999-09-16,Kentucky,Descent,Medium,Unknown bird - medium,Night,0,0,0,250.0
1999-09-16,Kentucky,Approach,Small,Unknown bird - small,Day,0,0,0,135.0
1999-09-17,DC,Approach,Medium,Unknown bird - medium,Night,0,0,0,250.0
1999-09-17,Tennessee,Approach,Medium,Unknown bird - medium,Night,0,0,0,140.0
1999-09-17,Washington,Approach,Medium,Unknown bird - medium,Night,0,0,0,140.0
1999-09-17,Tennessee,Descent,Medium,Unknown bird - medium,Night,0,0,0,140.0
1999-09-17,Kentucky,Climb,Small,Unknown bird - small,Day,0,0,0,140.0
1999-09-17,Kentucky,Take-off run,Small,Unknown bird - small,Dusk,0,0,0,125.0
1999-09-17,Oregon,Approach,Small,Unknown bird - small,Night,0,0,0,180.0
1999-09-17,Missouri,Climb,Small,Unknown bird - small,Night,0,0,0,210.0
1999-09-17,Pennsylvania,Climb,Small,Unknown bird - small,Night,0,0,0,140.0
1999-09-18,DC,Approach,Small,European starling,Day,0,0,0,140.0
1999-09-18,DC,Approach,Small,European starling,Day,0,0,0,136.0
1999-09-18,Georgia,Landing Roll,Small,Unknown bird - small,Day,0,0,0,140.0
1999-09-18,California,Take-off run,Small,Unknown bird - small,Day,0,0,0,135.0
1999-09-19,California,Approach,Large,Unknown bird - large,Night,0,0,0,140.0
1999-09-19,Florida,Take-off run,Medium,Unknown bird - medium,Day,0,0,0,150.0
1999-09-19,Ohio,Take-off run,Medium,Unknown bird - medium,Day,0,0,0,140.0
1999-09-20,Tennessee,Climb,Medium,Unknown bird - medium,Day,0,0,0,140.0
1999-09-20,Kentucky,Climb,Small,Unknown bird - small,Night,0,0,0,250.0
1999-09-21,Illinois,Approach,Large,Canada goose,Day,0,0,0,220.0
1999-09-21,Kentucky,Approach,Medium,Unknown bird - medium,Night,0,0,0,140.0
1999-09-21,Pennsylvania,Climb,Medium,Unknown bird - medium,Night,0,0,0,200.0
1999-09-21,Texas,Climb,Medium,Unknown bird - medium,Night,0,0,0,140.0
1999-09-21,Hawaii,Landing Roll,Small,Unknown bird - small,Dusk,0,0,0,125.0
1999-09-21,Oregon,Landing Roll,Small,Barn owl,Night,0,0,0,140.0
1999-09-22,DC,Approach,Medium,Unknown bird - medium,Night,0,0,0,140.0
1999-09-22,Georgia,Approach,Medium,Unknown bird - medium,Night,0,0,0,200.0
1999-09-22,South Carolina,Approach,Medium,Unknown bird or bat,Night,0,0,0,140.0
1999-09-22,Kentucky,Take-off run,Small,Unknown bird - small,Dawn,0,0,0,135.0
1999-09-22,Texas,Climb,Small,Unknown bird - small,Day,0,0,0,250.0
1999-09-23,Illinois,Climb,Medium,Mallard,Dusk,0,0,0,130.0
1999-09-23,DC,Approach,Medium,Unknown bird - medium,Night,0,0,0,180.0
1999-09-23,Kentucky,Climb,Medium,Unknown bird - medium,Night,0,0,0,250.0
1999-09-23,Kentucky,Descent,Medium,Unknown bird - medium,Night,0,0,0,250.0
1999-09-23,Kentucky,Approach,Small,Unknown bird - small,Day,0,0,0,130.0
1999-09-23,Ohio,Approach,Small,Unknown bird - small,Night,0,0,0,140.0
1999-09-24,Utah,Climb,Large,Unknown bird - large,Day,0,0,0,140.0
1999-09-24,California,Approach,Large,Unknown bird - large,Dusk,0,0,0,135.0
1999-09-24,California,Climb,Medium,Unknown bird - medium,Night,0,0,0,180.0
1999-09-24,Texas,Landing Roll,Small,Mourning dove,Day,0,0,0,130.0
1999-09-25,New York,Landing Roll,Small,Tree swallow,Day,0,0,0,140.0
1999-09-26,Oregon,Climb,Medium,Red-tailed hawk,Dusk,0,274,274,140.0
1999-09-26,Utah,Approach,Medium,Unknown bird - medium,Night,0,0,0,140.0
1999-09-26,Hawaii,Landing Roll,Small,Pacific golden-plover,Day,0,0,0,140.0
1999-09-26,Texas,Approach,Small,Unknown bird - small,Night,0,0,0,250.0
1999-09-27,Oregon,Climb,Medium,Unknown bird - medium,Day,0,0,0,150.0
1999-09-27,Ohio,Landing Roll,Small,Unknown bird - small,Day,0,0,0,140.0
1999-09-28,Hawaii,Landing Roll,Medium,Unknown bird - medium,Day,0,0,0,140.0
1999-09-28,Massachusetts,Approach,Small,Unknown bird - small,Night,0,0,0,140.0
1999-09-28,Nebraska,Approach,Small,Unknown bird - small,Night,0,0,0,140.0
1999-09-29,Texas,Descent,Medium,Unknown bird - medium,Day,0,0,0,210.0
1999-09-29,Kentucky,Descent,Medium,Unknown bird - medium,Night,0,0,0,250.0
1999-09-29,Texas,Landing Roll,Small,American kestrel,Day,0,0,0,140.0
1999-09-29,Illinois,Climb,Small,Unknown bird - small,Night,0,0,0,140.0
1999-09-29,Texas,Climb,Small,Unknown bird - small,Night,0,0,0,250.0
1999-09-30,Pennsylvania,Climb,Large,Unknown bird - large,Night,0,0,0,140.0
1999-09-30,Tennessee,Descent,Medium,Unknown bird - medium,Dawn,0,0,0,200.0
1999-09-30,Maryland,Approach,Medium,Unknown bird - medium,Day,0,0,0,140.0
1999-09-30,Pennsylvania,Approach,Medium,Unknown bird - medium,Night,6860,686,7546,140.0
1999-09-30,Oregon,Approach,Medium,Unknown bird - medium,Night,0,0,0,220.0
1999-09-30,Kentucky,Descent,Medium,Unknown bird - medium,Night,0,0,0,250.0
1999-09-30,Indiana,Descent,Small,Unknown bird - small,Night,0,0,0,140.0
1999-10-01,Oregon,Landing Roll,Medium,Unknown bird - medium,Dawn,0,0,0,140.0
1999-10-01,Oregon,Take-off run,Medium,Red-tailed hawk,Day,0,0,0,140.0
1999-10-01,Hawaii,Landing Roll,Small,Pacific golden-plover,Day,0,0,0,140.0
1999-10-01,Pennsylvania,Approach,Small,Unknown bird - small,Night,0,0,0,145.0
1999-10-01,Oregon,Climb,Small,Unknown bird - small,Night,0,0,0,250.0
1999-10-02,Pennsylvania,Climb,Medium,Unknown bird - medium,Day,0,0,0,225.0
1999-10-02,Utah,Approach,Small,Unknown bird - small,Day,0,0,0,140.0
1999-10-02,Washington,Approach,Small,Unknown bird - small,Day,0,0,0,140.0
1999-10-03,DC,Approach,Medium,Unknown bird - medium,Day,0,0,0,160.0
1999-10-03,Kentucky,Approach,Medium,American crow,Day,0,0,0,140.0
1999-10-03,Maryland,Approach,Medium,Unknown bird - medium,Day,0,0,0,140.0
1999-10-03,California,Landing Roll,Medium,Unknown bird - medium,Day,0,0,0,140.0
1999-10-03,Maryland,Approach,Medium,Unknown bird - medium,Night,0,0,0,140.0
1999-10-03,Kentucky,Landing Roll,Small,Mourning dove,Day,0,0,0,138.0
1999-10-04,Texas,Take-off run,Medium,Unknown bird - medium,Day,0,0,0,140.0
1999-10-04,South Carolina,Take-off run,Small,Unknown bird - small,Day,0,0,0,142.0
1999-10-04,Texas,Take-off run,Small,Unknown bird - small,Day,0,0,0,140.0
1999-10-04,Indiana,Approach,Small,Unknown bird - small,Dusk,0,0,0,140.0
1999-10-04,California,Approach,Small,Barn owl,Night,0,0,0,125.0
1999-10-04,Texas,Descent,Small,Unknown bird - small,Night,0,0,0,210.0
1999-10-05,Florida,Approach,Medium,Unknown bird - medium,Night,0,0,0,250.0
1999-10-05,Texas,Approach,Medium,Unknown bird - medium,Night,0,0,0,220.0
1999-10-05,Missouri,Descent,Medium,Unknown bird - medium,Night,0,0,0,140.0
1999-10-05,DC,Descent,Small,Unknown bird - small,Day,0,0,0,180.0
1999-10-05,Colorado,Take-off run,Small,Unknown bird - small,Day,0,0,0,140.0
1999-10-05,Louisiana,Approach,Small,Unknown bird - small,Night,0,0,0,135.0
1999-10-05,Tennessee,Approach,Small,Unknown bird - small,Night,0,0,0,140.0
1999-10-05,Texas,Approach,Small,Unknown bird - small,Night,0,0,0,140.0
1999-10-06,Georgia,Climb,Medium,Unknown bird - medium,Day,0,0,0,200.0
1999-10-06,Hawaii,Landing Roll,Small,Pacific golden-plover,Day,0,0,0,140.0
1999-10-06,Pennsylvania,Approach,Small,Unknown bird - small,Dusk,0,0,0,130.0
1999-10-06,Maryland,Descent,Small,Unknown bird - small,Night,0,0,0,210.0
1999-10-07,New Jersey,Approach,Large,Unknown bird - large,Night,0,0,0,140.0
1999-10-07,New Jersey,Approach,Medium,Unknown bird - medium,Day,0,6174,6174,215.0
1999-10-07,New York,Landing Roll,Medium,Unknown bird - medium,Night,0,0,0,140.0
1999-10-07,Pennsylvania,Approach,Small,Unknown bird - small,Day,0,0,0,130.0
1999-10-07,New Jersey,Approach,Small,Unknown bird - small,Night,0,0,0,140.0
1999-10-08,Missouri,Take-off run,Small,Unknown bird - small,Dawn,0,0,0,140.0
1999-10-08,Texas,Landing Roll,Small,Rock pigeon,Day,0,0,0,140.0
1999-10-08,Hawaii,Landing Roll,Small,Pacific golden-plover,Day,0,0,0,140.0
1999-10-09,Indiana,Landing Roll,Small,Unknown bird - small,Day,0,0,0,140.0
1999-10-09,Texas,Approach,Small,Unknown bird - small,Night,0,0,0,140.0
1999-10-10,Nebraska,Approach,Large,Turkey vulture,Day,0,0,0,125.0
1999-10-10,Pennsylvania,Approach,Medium,Unknown bird - medium,Day,0,0,0,100.0
1999-10-10,Missouri,Take-off run,Small,Unknown bird - small,Day,0,0,0,130.0
1999-10-11,Texas,Approach,Medium,Unknown bird - medium,Night,0,0,0,210.0
1999-10-11,Louisiana,Approach,Small,Unknown bird - small,Day,0,0,0,140.0
1999-10-11,Oregon,Approach,Small,European starling,Dusk,0,0,0,140.0
1999-10-11,Oregon,Climb,Small,European starling,Dusk,0,0,0,140.0
1999-10-11,North Carolina,Approach,Small,Unknown bird - small,Night,0,0,0,135.0
1999-10-12,Arizona,Approach,Medium,Unknown bird - medium,Night,0,0,0,200.0
1999-10-12,Missouri,Approach,Small,Unknown bird - small,Day,0,0,0,140.0
1999-10-12,DC,Taxi,Small,Unknown bird - small,Day,0,0,0,20.0
1999-10-12,California,Approach,Small,Unknown bird - small,Night,0,0,0,135.0
1999-10-12,Tennessee,Descent,Small,Unknown bird - small,Night,0,0,0,140.0
1999-10-13,Maryland,Approach,Small,Unknown bird - small,Day,0,0,0,135.0
1999-10-13,Utah,Take-off run,Small,Horned lark,Day,0,0,0,140.0
1999-10-13,Arizona,Approach,Small,Unknown bird - small,Night,0,0,0,150.0
1999-10-13,Illinois,Approach,Small,Unknown bird - small,Night,0,0,0,180.0
1999-10-14,Tennessee,Take-off run,Medium,Unknown bird - medium,Day,0,0,0,130.0
1999-10-14,Massachusetts,Approach,Medium,Unknown bird - medium,Night,0,0,0,140.0
1999-10-14,Louisiana,Approach,Medium,Unknown bird or bat,Night,0,0,0,168.0
1999-10-14,Texas,Approach,Medium,Unknown bird - medium,Night,0,0,0,210.0
1999-10-14,Maryland,Approach,Small,Unknown bird - small,Night,0,0,0,200.0
1999-10-15,New York,Landing Roll,Medium,Herring gull,Dawn,0,0,0,80.0
1999-10-15,Louisiana,Approach,Medium,Unknown bird or bat,Day,0,0,0,160.0
1999-10-15,Texas,Approach,Medium,Unknown bird - medium,Night,0,0,0,140.0
1999-10-15,Texas,Climb,Medium,Unknown bird - medium,Night,0,0,0,140.0
1999-10-16,Hawaii,Landing Roll,Medium,Unknown bird - medium,Day,0,0,0,140.0
1999-10-16,Florida,Approach,Medium,Unknown bird - medium,Night,0,0,0,190.0
1999-10-16,Georgia,Approach,Small,Unknown bird - small,Dawn,0,0,0,160.0
1999-10-16,Texas,Climb,Small,Unknown bird - small,Dawn,0,0,0,160.0
1999-10-16,Washington,Approach,Small,Unknown bird - small,Dusk,0,0,0,180.0
1999-10-16,California,Approach,Small,Unknown bird - small,Night,0,0,0,150.0
1999-10-16,Florida,Approach,Small,Unknown bird - small,Night,0,0,0,130.0
1999-10-17,Florida,Climb,Medium,Unknown bird - medium,Night,0,0,0,200.0
1999-10-17,Texas,Approach,Small,Unknown bird - small,Night,0,0,0,220.0
1999-10-18,Texas,Climb,Large,Unknown bird - large,Day,0,0,0,120.0
1999-10-18,Tennessee,Climb,Medium,Unknown bird - medium,Night,0,0,0,155.0
1999-10-18,Louisiana,Approach,Medium,Unknown bird - medium,Night,0,0,0,150.0
1999-10-18,Massachusetts,Approach,Medium,Unknown bird - medium,Night,0,0,0,140.0
1999-10-18,New York,Descent,Medium,Unknown bird - medium,Night,0,0,0,250.0
1999-10-18,North Carolina,Approach,Small,Unknown bird - small,Dusk,0,0,0,135.0
1999-10-18,DC,Approach,Small,Unknown bird - small,Night,0,0,0,210.0
1999-10-18,North Carolina,Descent,Small,Unknown bird - small,Night,0,0,0,140.0
1999-10-19,New York,Landing Roll,Large,Canada goose,Night,0,0,0,140.0
1999-10-19,Arizona,Approach,Medium,Unknown bird - medium,Day,0,0,0,140.0
1999-10-19,Texas,Landing Roll,Medium,Unknown bird - medium,Day,0,0,0,140.0
1999-10-19,Minnesota,Approach,Medium,Unknown bird - medium,Night,0,0,0,140.0
1999-10-19,New Jersey,Approach,Medium,Unknown bird - medium,Night,0,0,0,190.0
1999-10-19,Texas,Approach,Medium,Unknown bird - medium,Night,0,0,0,170.0
1999-10-19,Maryland,Climb,Small,Unknown bird - small,Dawn,0,0,0,160.0
1999-10-19,Texas,Climb,Small,Unknown bird - small,Dawn,0,0,0,130.0
1999-10-19,Pennsylvania,Landing Roll,Small,Unknown bird - small,Day,0,0,0,100.0
1999-10-19,Hawaii,Take-off run,Small,Pacific golden-plover,Day,0,0,0,140.0
1999-10-19,Kentucky,Climb,Small,Unknown bird - small,Night,0,0,0,200.0
1999-10-19,New Jersey,Approach,Small,Unknown bird - small,Night,0,0,0,140.0
1999-10-19,Tennessee,Approach,Small,Unknown bird - small,Night,0,0,0,140.0
1999-10-19,New Jersey,Climb,Small,Unknown bird - small,Night,0,0,0,140.0
1999-10-19,Texas,Climb,Small,Unknown bird - small,Night,0,0,0,220.0
1999-10-20,Texas,Climb,Medium,Unknown bird - medium,Day,0,0,0,140.0
1999-10-20,Hawaii,Landing Roll,Medium,Unknown bird - medium,Day,0,0,0,140.0
1999-10-20,California,Approach,Medium,Unknown bird - medium,Night,0,0,0,140.0
1999-10-20,Colorado,Climb,Medium,Unknown bird - medium,Night,0,0,0,160.0
1999-10-20,Louisiana,Approach,Medium,Unknown bird or bat,Night,0,0,0,140.0
1999-10-20,Arizona,Climb,Medium,Unknown bird - medium,Night,0,0,0,140.0
1999-10-20,Texas,Climb,Medium,Unknown bird - medium,Night,0,0,0,140.0
1999-10-20,Louisiana,Approach,Small,Killdeer,Dawn,0,0,0,140.0
1999-10-20,Texas,Approach,Small,Unknown bird - small,Day,0,0,0,140.0
1999-10-20,New Jersey,Approach,Small,Barn owl,Night,0,0,0,140.0
1999-10-20,Oregon,Landing Roll,Small,Barn owl,Night,0,0,0,140.0
1999-10-21,Illinois,Approach,Medium,Red-tailed hawk,Dawn,0,0,0,140.0
1999-10-21,Louisiana,Approach,Medium,Unknown bird or bat,Night,0,0,0,143.0
1999-10-22,Illinois,Approach,Large,Unknown bird - large,Night,0,0,0,180.0
1999-10-22,Tennessee,Approach,Medium,Unknown bird - medium,Night,0,0,0,140.0
1999-10-22,Missouri,Approach,Small,Unknown bird - small,Dawn,0,0,0,140.0
1999-10-22,North Carolina,Approach,Small,European starling,Day,0,0,0,128.0
1999-10-22,Louisiana,Climb,Small,Chimney swift,Day,0,0,0,140.0
1999-10-22,Missouri,Approach,Small,Unknown bird - small,Night,0,0,0,160.0
1999-10-23,Illinois,Approach,Large,Canada goose,Night,0,0,0,220.0
1999-10-23,New Jersey,Take-off run,Medium,Herring gull,Day,0,0,0,140.0
1999-10-23,Kentucky,Approach,Medium,Unknown bird - medium,Dusk,0,0,0,142.0
1999-10-23,Georgia,Approach,Medium,Unknown bird - medium,Night,0,0,0,140.0
1999-10-23,Oregon,Take-off run,Small,European starling,Dawn,0,0,0,140.0
1999-10-23,Tennessee,Approach,Small,Unknown bird - small,Night,0,0,0,140.0
1999-10-24,Texas,Approach,Medium,Unknown bird - medium,Day,0,0,0,130.0
1999-10-24,Colorado,Approach,Medium,Unknown bird - medium,Night,0,0,0,140.0
1999-10-24,Hawaii,Take-off run,Small,Pacific golden-plover,Day,0,0,0,120.0
1999-10-25,Nebraska,Climb,Large,Unknown bird - large,Day,0,0,0,200.0
1999-10-25,DC,Approach,Medium,Unknown bird - medium,Night,0,0,0,130.0
1999-10-25,Oregon,Take-off run,Small,European starling,Dawn,0,0,0,140.0
1999-10-25,North Carolina,Approach,Small,European starling,Day,0,0,0,120.0
1999-10-25,Colorado,Landing Roll,Small,Unknown bird - small,Day,0,0,0,140.0
1999-10-26,Illinois,Climb,Large,Canada goose,Night,0,0,0,230.0
1999-10-26,Tennessee,Climb,Small,Unknown bird - small,Night,0,0,0,140.0
1999-10-27,New Jersey,Approach,Large,Unknown bird - large,Night,0,0,0,171.0
1999-10-27,Pennsylvania,Approach,Large,Canada goose,Night,0,0,0,135.0
1999-10-27,Massachusetts,Approach,Medium,Unknown bird - medium,Night,0,0,0,140.0
1999-10-27,New York,Approach,Medium,Unknown bird - medium,Night,0,0,0,160.0
1999-10-27,Pennsylvania,Approach,Medium,Unknown bird - medium,Night,0,0,0,180.0
1999-10-27,DC,Climb,Medium,Unknown bird - medium,Night,0,0,0,140.0
1999-10-27,Hawaii,Approach,Small,Zebra dove,Day,0,0,0,155.0
1999-10-27,New Jersey,Approach,Small,Unknown bird - small,Night,0,0,0,140.0
1999-10-27,Illinois,Climb,Small,Unknown bird - small,Night,0,0,0,180.0
1999-10-28,Arizona,Descent,Medium,Unknown bird - medium,Day,0,0,0,170.0
1999-10-28,Kentucky,Approach,Medium,Unknown bird - medium,Day,0,0,0,130.0
1999-10-28,Kentucky,Approach,Medium,Unknown bird - medium,Day,0,0,0,155.0
1999-10-28,Louisiana,Take-off run,Medium,Unknown bird or bat,Day,0,0,0,140.0
1999-10-28,New Jersey,Approach,Medium,Unknown bird - medium,Night,0,0,0,140.0
1999-10-28,Missouri,Approach,Small,Mourning dove,Dawn,0,0,0,125.0
1999-10-28,New Jersey,Approach,Small,Unknown bird - small,Day,0,0,0,140.0
1999-10-29,Arizona,Descent,Small,Unknown bird - small,Night,0,0,0,140.0
1999-10-30,California,Landing Roll,Medium,Unknown bird - medium,Night,0,0,0,140.0
1999-10-30,Illinois,Climb,Small,Unknown bird - small,Day,0,0,0,200.0
1999-10-30,California,Approach,Small,Unknown bird - small,Night,0,0,0,140.0
1999-10-31,Colorado,Landing Roll,Small,Unknown bird - small,Day,0,0,0,120.0
1999-10-31,Michigan,Climb,Small,Unknown bird - small,Night,0,0,0,160.0
1999-10-31,Oregon,Climb,Small,Unknown bird - small,Night,0,0,0,200.0
1999-11-01,DC,Approach,Medium,Unknown bird - medium,Night,0,0,0,190.0
1999-11-01,DC,Approach,Medium,Unknown bird - medium,Night,0,0,0,140.0
1999-11-01,Tennessee,Take-off run,Medium,Unknown bird - medium,Night,0,0,0,95.0
1999-11-01,California,Landing Roll,Small,American kestrel,Day,0,0,0,140.0
1999-11-01,Texas,Landing Roll,Small,Unknown bird - small,Day,0,0,0,90.0
1999-11-02,Missouri,Approach,Medium,Unknown bird - medium,Day,0,0,0,130.0
1999-11-02,California,Approach,Medium,Unknown bird - medium,Night,0,0,0,140.0
1999-11-02,Texas,Take-off run,Medium,Unknown bird - medium,Night,0,0,0,140.0
1999-11-02,Colorado,Approach,Small,Unknown bird - small,Day,0,0,0,130.0
1999-11-02,Illinois,Approach,Small,Unknown bird - small,Night,0,0,0,160.0
1999-11-02,Louisiana,Approach,Small,Mourning dove,Night,0,0,0,140.0
1999-11-03,Oklahoma,Approach,Medium,Unknown bird - medium,Night,0,0,0,140.0
1999-11-04,Florida,Take-off run,Medium,Unknown bird - medium,Day,0,0,0,140.0
1999-11-04,DC,Climb,Medium,Unknown bird - medium,Night,0,0,0,250.0
1999-11-04,Louisiana,Approach,Small,Unknown bird - small,Day,0,0,0,138.0
1999-11-04,Massachusetts,Take-off run,Small,Unknown bird - small,Day,0,0,0,120.0
1999-11-04,California,Approach,Small,Unknown bird - small,Night,0,0,0,140.0
1999-11-05,Oregon,Approach,Medium,Unknown bird - medium,Day,0,0,0,140.0
1999-11-05,DC,Approach,Small,Unknown bird - small,Day,0,0,0,143.0
1999-11-05,North Carolina,Landing Roll,Small,Unknown bird - small,Day,0,0,0,140.0
1999-11-05,Illinois,Climb,Small,Unknown bird - small,Night,0,0,0,160.0
1999-11-07,DC,Climb,Large,Unknown bird - large,Dusk,0,0,0,140.0
1999-11-07,Massachusetts,Approach,Medium,Unknown bird - medium,Night,0,0,0,170.0
1999-11-07,Pennsylvania,Approach,Medium,Unknown bird - medium,Night,0,0,0,180.0
1999-11-08,California,Landing Roll,Medium,Unknown bird - medium,Dawn,0,0,0,140.0
1999-11-08,Georgia,Approach,Medium,Unknown bird - medium,Dusk,0,0,0,145.0
1999-11-08,California,Approach,Small,Unknown bird - small,Night,0,0,0,140.0
1999-11-09,Texas,Climb,Small,Unknown bird - small,Day,0,0,0,150.0
1999-11-10,Oregon,Landing Roll,Small,Barn owl,Night,0,0,0,140.0
1999-11-11,Tennessee,Approach,Large,Unknown bird - large,Night,0,0,0,190.0
1999-11-11,New York,Climb,Small,Unknown bird - small,Dusk,0,0,0,140.0
1999-11-11,Pennsylvania,Approach,Small,Unknown bird - small,Night,0,0,0,145.0
1999-11-12,California,Approach,Medium,Unknown bird - medium,Night,0,0,0,140.0
1999-11-12,Arizona,Approach,Small,Unknown bird - small,Day,0,0,0,140.0
1999-11-13,Utah,Approach,Medium,Unknown bird - medium,Night,0,0,0,140.0
1999-11-13,Washington,Approach,Small,European starling,Day,0,0,0,140.0
1999-11-13,DC,Approach,Small,Unknown bird - small,Night,0,0,0,130.0
1999-11-14,Illinois,Approach,Medium,Unknown bird - medium,Night,0,0,0,120.0
1999-11-14,New York,Climb,Medium,Unknown bird - medium,Night,0,0,0,230.0
1999-11-15,New York,Approach,Medium,Unknown bird - medium,Day,0,0,0,140.0
1999-11-15,Florida,Approach,Small,Unknown bird - small,Day,0,0,0,140.0
1999-11-15,Tennessee,Approach,Small,European starling,Day,0,0,0,140.0
1999-11-16,New York,Landing Roll,Medium,Unknown bird - medium,Day,0,0,0,140.0
1999-11-16,Texas,Approach,Medium,Unknown bird - medium,Night,0,0,0,150.0
1999-11-16,Illinois,Climb,Medium,Unknown bird - medium,Night,0,0,0,160.0
1999-11-17,DC,Approach,Medium,Unknown bird - medium,Night,0,0,0,150.0
1999-11-17,Arizona,Climb,Small,Unknown bird - small,Night,0,0,0,140.0
1999-11-18,Tennessee,Approach,Small,American robin,Day,0,0,0,135.0
1999-11-18,Utah,Approach,Small,Unknown bird - small,Day,0,0,0,150.0
1999-11-19,Missouri,Landing Roll,Medium,Unknown bird - medium,Day,0,0,0,140.0
1999-11-19,Florida,Take-off run,Medium,Unknown bird - medium,Day,0,0,0,150.0
1999-11-19,Missouri,Approach,Medium,Unknown bird - medium,Night,0,0,0,140.0
1999-11-19,Texas,Climb,Small,Rock pigeon,Day,0,0,0,120.0
1999-11-19,Utah,Landing Roll,Small,Horned lark,Day,0,0,0,130.0
1999-11-21,Missouri,Approach,Large,Canada goose,Night,0,0,0,160.0
1999-11-21,California,Approach,Medium,Unknown bird - medium,Night,0,46924,46924,140.0
1999-11-21,Florida,Approach,Small,Unknown bird - small,Dawn,0,0,0,135.0
1999-11-22,Utah,Approach,Medium,Unknown bird - medium,Night,0,0,0,140.0
1999-11-23,Louisiana,Climb,Medium,Unknown bird or bat,Night,0,0,0,140.0
1999-11-24,New York,Landing Roll,Large,Unknown bird - large,Day,0,0,0,120.0
1999-11-24,Tennessee,Approach,Small,Unknown bird - small,Day,0,0,0,145.0
1999-11-26,Texas,Landing Roll,Small,Unknown bird - small,Day,0,0,0,80.0
1999-11-26,Florida,Approach,Small,Unknown bird - small,Day,0,0,0,135.0
1999-11-27,Texas,Climb,Medium,Unknown bird - medium,Night,0,0,0,140.0
1999-11-29,Texas,Approach,Medium,Unknown bird - medium,Night,0,0,0,160.0
1999-11-29,Florida,Approach,Small,Unknown bird - small,Day,0,0,0,135.0
1999-11-30,Pennsylvania,Approach,Medium,Unknown bird - medium,Night,0,0,0,190.0
1999-11-30,New York,Climb,Medium,Unknown bird - medium,Night,0,0,0,250.0
1999-11-30,Florida,Approach,Small,Unknown bird - small,Day,0,0,0,140.0
1999-11-30,Louisiana,Climb,Small,American kestrel,Day,0,0,0,100.0
1999-12-01,California,Climb,Small,Unknown bird - small,Night,0,0,0,250.0
1999-12-02,Massachusetts,Approach,Small,Unknown bird - small,Day,0,0,0,140.0
1999-12-03,California,Climb,Medium,Unknown bird - medium,Day,0,0,0,150.0
1999-12-04,California,Climb,Medium,Unknown bird - medium,Dawn,0,0,0,170.0
1999-12-05,California,Approach,Large,Unknown bird - large,Night,0,0,0,135.0
1999-12-05,Illinois,Approach,Medium,Unknown bird - medium,Day,0,0,0,140.0
1999-12-05,Tennessee,Approach,Small,Mourning dove,Dawn,0,0,0,140.0
1999-12-05,Hawaii,Take-off run,Small,Unknown bird - small,Day,0,0,0,140.0
1999-12-06,California,Climb,Large,Unknown bird - large,Night,0,0,0,250.0
1999-12-06,DC,Take-off run,Small,Unknown bird - small,Day,0,0,0,120.0
1999-12-07,Tennessee,Approach,Medium,Unknown bird - medium,Dusk,0,0,0,130.0
1999-12-08,Louisiana,Parked,Medium,Unknown bird or bat,Night,0,0,0,140.0
1999-12-08,Hawaii,Approach,Small,Unknown bird - small,Day,0,0,0,120.0
1999-12-08,Colorado,Take-off run,Small,Western meadowlark,Day,0,0,0,140.0
1999-12-09,Colorado,Climb,Large,Unknown bird - large,Day,0,0,0,150.0
1999-12-09,DC,Landing Roll,Medium,Ring-billed gull,Day,0,0,0,120.0
1999-12-09,Louisiana,Parked,Medium,Unknown bird or bat,Day,0,0,0,140.0
1999-12-09,Texas,Take-off run,Medium,Unknown bird - medium,Day,0,0,0,140.0
1999-12-09,Hawaii,Landing Roll,Small,Unknown bird - small,Day,0,0,0,130.0
1999-12-10,Colorado,Descent,Large,Unknown bird - large,Night,0,0,0,140.0
1999-12-10,Louisiana,Parked,Medium,Unknown bird or bat,Day,0,0,0,140.0
1999-12-11,North Carolina,Climb,Large,Unknown bird - large,Dusk,6860,10290,17150,150.0
1999-12-11,California,Landing Roll,Medium,Unknown bird - medium,Day,0,0,0,140.0
1999-12-11,Texas,Approach,Small,Unknown bird - small,Day,0,0,0,140.0
1999-12-11,Hawaii,Take-off run,Small,Unknown bird - small,Day,0,0,0,150.0
1999-12-12,DC,Landing Roll,Small,American kestrel,Day,0,0,0,130.0
1999-12-12,Kentucky,Climb,Small,Unknown bird - small,Dusk,0,0,0,160.0
1999-12-13,California,Take-off run,Small,Western meadowlark,Day,0,37046,37046,140.0
1999-12-13,Maryland,Approach,Small,Unknown bird - small,Day,0,0,0,140.0
1999-12-14,New Jersey,Take-off run,Medium,Unknown bird - medium,Day,0,0,0,140.0
1999-12-14,California,Climb,Medium,Unknown bird - medium,Night,0,0,0,150.0
1999-12-14,North Carolina,Approach,Small,European starling,Day,0,0,0,132.0
1999-12-15,Nebraska,Approach,Large,Unknown bird - large,Night,0,0,0,200.0
1999-12-15,Arizona,Approach,Small,Unknown bird - small,Day,0,0,0,140.0
1999-12-15,Tennessee,Approach,Small,Unknown bird - small,Day,0,0,0,140.0
1999-12-16,Texas,Approach,Medium,Unknown bird - medium,Day,0,0,0,110.0
1999-12-17,Tennessee,Climb,Small,European starling,Day,0,0,0,155.0
1999-12-18,Florida,Climb,Medium,Unknown bird - medium,Day,0,0,0,150.0
1999-12-21,Florida,Climb,Large,Turkey vulture,Day,0,0,0,140.0
1999-12-21,Texas,Climb,Medium,Unknown bird - medium,Day,0,0,0,150.0
1999-12-23,South Carolina,Climb,Medium,Unknown bird or bat,Dusk,0,11361,11361,140.0
1999-12-24,North Carolina,Landing Roll,Small,Rock pigeon,Day,0,0,0,140.0
1999-12-26,Texas,Climb,Large,Unknown bird - large,Night,0,0,0,230.0
1999-12-26,California,Climb,Small,Unknown bird - small,Day,0,0,0,140.0
1999-12-26,California,Approach,Small,Unknown bird - small,Night,0,0,0,145.0
1999-12-27,Texas,Take-off run,Medium,Unknown bird - medium,Dusk,0,0,0,130.0
1999-12-27,Hawaii,Take-off run,Small,Pacific golden-plover,Day,0,0,0,130.0
1999-12-29,Washington,Approach,Medium,Unknown bird - medium,Night,0,0,0,140.0
1999-12-30,Hawaii,Climb,Medium,Unknown bird - medium,Day,0,0,0,160.0
1999-12-30,Hawaii,Approach,Small,Pacific golden-plover,Night,0,0,0,140.0
1999-12-30,Missouri,Take-off run,Small,Unknown bird - small,Night,0,0,0,140.0
1999-12-31,Hawaii,Approach,Small,Unknown bird - small,Day,0,0,0,130.0
2000-01-01,New Jersey,Take-off run,Medium,Unknown bird - medium,Day,0,0,0,140.0
2000-01-02,Missouri,Approach,Large,Canada goose,Night,0,0,0,140.0
2000-01-02,Utah,Landing Roll,Small,Unknown bird - small,Day,0,0,0,130.0
2000-01-03,Georgia,Climb,Medium,Unknown bird - medium,Day,0,0,0,230.0
2000-01-03,Tennessee,Climb,Small,Unknown bird - small,Dawn,0,0,0,190.0
2000-01-03,Utah,Approach,Small,Unknown bird - small,Day,0,0,0,140.0
2000-01-04,California,Climb,Large,Unknown bird - large,Day,26727,0,26727,145.0
2000-01-04,Maryland,Climb,Medium,Unknown bird - medium,Day,0,0,0,170.0
2000-01-04,Texas,Approach,Medium,Unknown bird - medium,Night,0,0,0,175.0
2000-01-05,Ohio,Take-off run,Large,Unknown bird - large,Day,0,0,0,100.0
2000-01-05,Ohio,Take-off run,Medium,Red-tailed hawk,Day,0,0,0,140.0
2000-01-06,Georgia,Take-off run,Small,Rock pigeon,Day,0,0,0,80.0
2000-01-06,Missouri,Landing Roll,Small,Unknown bird - small,Dusk,0,0,0,100.0
2000-01-08,Texas,Landing Roll,Medium,Unknown bird - medium,Day,0,0,0,110.0
2000-01-08,Oregon,Approach,Medium,Unknown bird - medium,Night,0,0,0,100.0
2000-01-08,Michigan,Approach,Small,Unknown bird - small,Day,0,0,0,140.0
2000-01-08,Missouri,Approach,Small,Unknown bird - small,Day,0,0,0,125.0
2000-01-09,Indiana,Take-off run,Large,Coyote,Dawn,0,0,0,140.0
2000-01-09,Maryland,Climb,Medium,Unknown bird - medium,Day,0,0,0,100.0
2000-01-10,New York,Landing Roll,Medium,Unknown bird - medium,Day,0,0,0,140.0
2000-01-11,Ohio,Landing Roll,Medium,Unknown bird - medium,Day,0,0,0,100.0
2000-01-12,California,Approach,Medium,Unknown bird - medium,Night,0,668,668,140.0
2000-01-12,Tennessee,Landing Roll,Medium,Unknown bird - medium,Night,0,0,0,140.0
2000-01-17,Oregon,Take-off run,Large,Unknown bird - large,Day,0,0,0,80.0
2000-01-17,California,Approach,Small,Unknown bird - small,Day,0,0,0,140.0
2000-01-19,Tennessee,Approach,Medium,Unknown bird - medium,Day,0,668,668,140.0
2000-01-19,California,Landing Roll,Small,Unknown bird - small,Night,0,0,0,100.0
2000-01-20,Illinois,Approach,Large,Canada goose,Night,0,0,0,170.0
2000-01-20,California,Landing Roll,Large,Canada goose,Night,0,66818,66818,80.0
2000-01-21,California,Approach,Medium,Unknown bird - medium,Day,0,0,0,140.0
2000-01-21,New Jersey,Landing Roll,Small,Unknown bird - small,Day,0,0,0,140.0
2000-01-23,New York,Landing Roll,Medium,Herring gull,Day,0,0,0,140.0
2000-01-23,Texas,Landing Roll,Medium,Unknown bird - medium,Day,0,0,0,140.0
2000-01-25,California,Climb,Medium,Unknown bird - medium,Night,13364,66818,80182,140.0
2000-01-27,Colorado,Climb,Large,Unknown bird - large,Night,0,0,0,180.0
2000-01-27,Kentucky,Approach,Medium,Unknown bird - medium,Night,0,0,0,140.0
2000-01-30,California,Approach,Large,Unknown bird - large,Night,0,0,0,140.0
2000-01-31,California,Climb,Medium,Unknown bird - medium,Day,0,0,0,175.0
2000-01-31,Ohio,Approach,Small,Unknown bird - small,Dusk,0,0,0,140.0
2000-02-01,Colorado,Climb,Medium,Unknown bird - medium,Day,0,0,0,140.0
2000-02-02,California,Approach,Medium,Unknown bird - medium,Night,0,1336,1336,220.0
2000-02-03,California,Approach,Medium,Unknown bird - medium,Night,0,0,0,140.0
2000-02-04,California,Climb,Small,Unknown bird - small,Dawn,0,0,0,170.0
2000-02-05,North Carolina,Landing Roll,Medium,Red-tailed hawk,Dawn,0,0,0,110.0
2000-02-05,Florida,Climb,Medium,Unknown bird - medium,Day,0,0,0,250.0
2000-02-05,Texas,Approach,Small,Rock pigeon,Day,0,0,0,130.0
2000-02-05,Arizona,Climb,Small,Unknown bird - small,Day,0,0,0,155.0
2000-02-06,Ohio,Approach,Small,Unknown bird - small,Day,0,0,0,100.0
2000-02-08,Texas,Climb,Medium,Unknown bird - medium,Dawn,0,0,0,130.0
2000-02-08,Texas,Climb,Medium,Unknown bird - medium,Night,0,0,0,180.0
2000-02-08,Hawaii,Landing Roll,Small,Pacific golden-plover,Day,0,0,0,140.0
2000-02-09,Kentucky,Climb,Medium,Unknown bird - medium,Night,0,0,0,145.0
2000-02-09,Tennessee,Approach,Small,Unknown bird - small,Day,0,0,0,165.0
2000-02-09,Tennessee,Approach,Small,Unknown bird - small,Night,0,0,0,140.0
2000-02-10,Hawaii,Take-off run,Medium,Unknown bird - medium,Day,0,0,0,110.0
2000-02-11,Texas,Climb,Large,Unknown bird - large,Day,0,0,0,150.0
2000-02-12,Maryland,Take-off run,Medium,Unknown bird - medium,Night,0,0,0,140.0
2000-02-12,Tennessee,Climb,Small,Unknown bird - small,Dawn,0,0,0,180.0
2000-02-12,Arizona,Landing Roll,Small,Rock pigeon,Day,0,0,0,140.0
2000-02-13,Texas,Climb,Medium,Unknown bird - medium,Dawn,0,0,0,150.0
2000-02-13,Nebraska,Landing Roll,Small,Unknown bird - small,Day,0,0,0,140.0
2000-02-13,Oklahoma,Approach,Small,Western meadowlark,Dusk,0,0,0,120.0
2000-02-14,California,Climb,Large,Unknown bird - large,Night,0,0,0,150.0
2000-02-14,Pennsylvania,Climb,Small,Unknown bird - small,Day,0,0,0,165.0
2000-02-15,DC,Landing Roll,Medium,Red-tailed hawk,Day,0,0,0,120.0
2000-02-17,California,Approach,Medium,Unknown bird - medium,Day,0,0,0,140.0
2000-02-18,Tennessee,Climb,Small,European starling,Dusk,0,0,0,150.0
2000-02-19,Illinois,Climb,Medium,Red-tailed hawk,Day,0,0,0,145.0
2000-02-19,DC,Approach,Medium,Ring-billed gull,Day,0,0,0,130.0
2000-02-20,DC,Approach,Medium,Unknown bird - medium,Dusk,0,0,0,160.0
2000-02-21,North Carolina,Climb,Medium,Unknown bird - medium,Day,0,0,0,150.0
2000-02-22,Pennsylvania,Climb,Large,Canada goose,Day,26727,3340917,3367644,180.0
2000-02-23,Arizona,Approach,Small,Unknown bird - small,Dawn,0,0,0,125.0
2000-02-24,Louisiana,Approach,Medium,Unknown bird or bat,Night,0,0,0,153.0
2000-02-25,Illinois,Climb,Medium,Unknown bird - medium,Day,0,0,0,250.0
2000-02-25,Texas,Climb,Medium,Unknown bird - medium,Day,0,0,0,135.0
2000-02-25,Texas,Landing Roll,Small,Unknown bird - small,Day,0,0,0,140.0
2000-02-25,Utah,Take-off run,Small,Unknown bird - small,Day,0,0,0,140.0
2000-02-26,California,Climb,Medium,Unknown bird - medium,Night,0,0,0,250.0
2000-02-26,Kentucky,Climb,Small,American kestrel,Day,0,0,0,140.0
2000-02-26,New York,Take-off run,Small,Unknown bird - small,Day,0,0,0,145.0
2000-02-26,Tennessee,Approach,Small,Unknown bird - small,Night,0,0,0,170.0
2000-02-28,Texas,Approach,Small,Unknown bird - small,Day,0,0,0,200.0
2000-02-28,California,Take-off run,Small,Western meadowlark,Day,0,0,0,140.0
2000-02-29,DC,Climb,Medium,Ring-billed gull,Day,0,0,0,180.0
2000-02-29,California,Approach,Medium,Unknown bird - medium,Night,0,0,0,150.0
2000-02-29,Louisiana,Approach,Medium,Unknown bird or bat,Night,0,0,0,140.0
2000-03-01,Colorado,Climb,Small,Unknown bird - small,Day,0,0,0,140.0
2000-03-02,Oregon,Climb,Large,Great blue heron,Day,0,0,0,140.0
2000-03-05,Illinois,Take-off run,Medium,Unknown bird - medium,Day,0,0,0,140.0
2000-03-05,Hawaii,Climb,Small,Unknown bird - small,Day,0,0,0,180.0
2000-03-05,Arizona,Take-off run,Small,European starling,Day,0,0,0,150.0
2000-03-05,Georgia,Climb,Small,Unknown bird - small,Night,0,0,0,160.0
2000-03-06,New Jersey,Landing Roll,Small,Unknown bird - small,Day,0,0,0,140.0
2000-03-06,Missouri,Approach,Small,Unknown bird - small,Night,0,0,0,140.0
2000-03-07,New Jersey,Approach,Large,Canada goose,Night,0,0,0,170.0
2000-03-07,California,Approach,Small,Unknown bird - small,Day,0,0,0,125.0
2000-03-07,Minnesota,Approach,Small,Unknown bird - small,Day,0,0,0,130.0
2000-03-07,Hawaii,Landing Roll,Small,Short-eared owl,Day,0,0,0,140.0
2000-03-07,Pennsylvania,Approach,Small,Unknown bird - small,Night,0,0,0,140.0
2000-03-08,DC,Climb,Medium,Unknown bird - medium,Day,124282,26727,151009,170.0
2000-03-08,California,Approach,Medium,Unknown bird - medium,Night,0,0,0,135.0
2000-03-08,DC,Approach,Medium,Unknown bird - medium,Night,0,0,0,185.0
2000-03-08,Louisiana,Approach,Small,Unknown bird - small,Night,0,0,0,200.0
2000-03-10,Florida,Approach,Large,Turkey vulture,Day,0,0,0,165.0
2000-03-11,Florida,Approach,Medium,Unknown bird - medium,Day,0,0,0,140.0
2000-03-11,Indiana,Climb,Small,European starling,Day,0,0,0,150.0
2000-03-12,Nebraska,Approach,Large,Canada goose,Night,0,93546,93546,140.0
2000-03-13,Texas,Landing Roll,Medium,Unknown bird - medium,Day,0,0,0,140.0
2000-03-14,Georgia,Approach,Medium,Mallard,Night,0,0,0,140.0
2000-03-14,New Jersey,Approach,Medium,Unknown bird - medium,Night,0,0,0,250.0
2000-03-14,New York,Approach,Medium,Unknown bird - medium,Night,0,0,0,250.0
2000-03-15,New York,Approach,Medium,Unknown bird - medium,Night,0,0,0,150.0
2000-03-15,Texas,Descent,Medium,Unknown bird - medium,Night,0,0,0,210.0
2000-03-16,Illinois,Take-off run,Medium,Red-tailed hawk,Dusk,0,0,0,140.0
2000-03-18,Florida,Take-off run,Medium,Ring-billed gull,Day,0,0,0,125.0
2000-03-18,Missouri,Landing Roll,Small,Unknown bird - small,Day,0,0,0,110.0
2000-03-20,California,Climb,Medium,Unknown bird - medium,Day,0,0,0,140.0
2000-03-20,Kentucky,Climb,Small,Killdeer,Day,0,0,0,155.0
2000-03-20,Texas,Descent,Small,Unknown bird - small,Day,0,0,0,250.0
2000-03-21,DC,Approach,Medium,Ring-billed gull,Day,0,0,0,120.0
2000-03-21,Texas,Approach,Small,European starling,Dusk,0,0,0,140.0
2000-03-21,Oklahoma,Approach,Small,Unknown bird - small,Night,0,0,0,105.0
2000-03-22,Missouri,Approach,Medium,Unknown bird - medium,Dusk,0,0,0,150.0
2000-03-22,Texas,Descent,Medium,Unknown bird - medium,Night,0,0,0,230.0
2000-03-23,Kentucky,Descent,Medium,Unknown bird - medium,Night,0,0,0,250.0
2000-03-23,Texas,Landing Roll,Medium,Unknown bird - medium,Night,0,0,0,140.0
2000-03-23,Ohio,Approach,Small,Unknown bird - small,Night,0,0,0,140.0
2000-03-24,Michigan,Climb,Small,Unknown bird - small,Night,0,0,0,160.0
2000-03-25,New Jersey,Climb,Large,Canada goose,Night,0,126237,126237,230.0
2000-03-25,Ohio,Approach,Small,Unknown bird - small,Day,0,0,0,135.0
2000-03-25,Texas,Climb,Small,Unknown bird - small,Day,0,0,0,160.0
2000-03-26,Oregon,Approach,Medium,Unknown bird - medium,Day,0,5720,5720,130.0
2000-03-26,Tennessee,Landing Roll,Medium,Red-tailed hawk,Day,0,0,0,140.0
2000-03-26,Pennsylvania,Climb,Medium,Red-tailed hawk,Dusk,0,0,0,150.0
2000-03-28,Michigan,Approach,Medium,Unknown bird - medium,Night,0,668183,668183,140.0
2000-03-29,Ohio,Approach,Large,Canada goose,Day,0,44100,44100,170.0
2000-03-30,Florida,Climb,Medium,Unknown bird - medium,Night,0,0,0,140.0
2000-03-31,Texas,Approach,Medium,Unknown bird - medium,Night,0,0,0,180.0
2000-03-31,Texas,Approach,Small,European starling,Day,0,0,0,130.0
2000-04-01,DC,Approach,Small,Unknown bird - small,Night,0,0,0,140.0
2000-04-02,California,Climb,Medium,Unknown bird - medium,Dawn,0,0,0,160.0
2000-04-03,Michigan,Climb,Large,Unknown bird - large,Dawn,0,100228,100228,180.0
2000-04-03,New York,Approach,Small,Unknown bird - small,Day,0,6014,6014,250.0
2000-04-04,Texas,Approach,Medium,Unknown bird - medium,Day,0,0,0,130.0
2000-04-05,California,Descent,Medium,Unknown bird - medium,Night,0,0,0,210.0
2000-04-05,Utah,Approach,Small,Unknown bird - small,Night,0,0,0,140.0
2000-04-06,Louisiana,Approach,Medium,Unknown bird or bat,Night,0,0,0,168.0
2000-04-06,Oregon,Landing Roll,Medium,Mallard,Night,0,0,0,140.0
2000-04-06,California,Take-off run,Small,Unknown bird - small,Day,0,0,0,140.0
2000-04-07,Massachusetts,Approach,Large,Unknown bird - large,Night,0,0,0,140.0
2000-04-07,Texas,Approach,Medium,Unknown bird - medium,Night,0,0,0,140.0
2000-04-07,Oregon,Approach,Small,Barn owl,Dusk,0,0,0,135.0
2000-04-07,Texas,Climb,Small,Unknown bird - small,Night,0,0,0,230.0
2000-04-08,Michigan,Climb,Medium,Unknown bird - medium,Day,0,0,0,135.0
2000-04-08,Illinois,Take-off run,Medium,Unknown bird - medium,Day,0,0,0,140.0
2000-04-08,DC,Approach,Small,Unknown bird - small,Day,0,2673,2673,145.0
2000-04-09,New Jersey,Take-off run,Medium,Mallard,Day,0,0,0,140.0
2000-04-09,Tennessee,Approach,Medium,Unknown bird - medium,Day,0,0,0,150.0
2000-04-09,New Jersey,Landing Roll,Medium,Ring-billed gull,Day,0,0,0,140.0
2000-04-09,Georgia,Approach,Small,Unknown bird - small,Day,0,0,0,127.0
2000-04-09,Kentucky,Approach,Small,Unknown bird - small,Dusk,0,0,0,125.0
2000-04-09,Washington,Approach,Small,Unknown bird - small,Night,0,0,0,140.0
2000-04-11,Washington,Approach,Medium,Unknown bird - medium,Night,0,0,0,200.0
2000-04-11,Texas,Landing Roll,Small,Unknown bird - small,Day,0,0,0,140.0
2000-04-12,Texas,Approach,Medium,Unknown bird - medium,Day,0,0,0,140.0
2000-04-12,California,Approach,Small,Killdeer,Day,0,1336,1336,140.0
2000-04-12,Texas,Take-off run,Small,Unknown bird - small,Day,0,0,0,140.0
2000-04-13,Minnesota,Approach,Large,Canada goose,Night,0,0,0,140.0
2000-04-13,California,Approach,Small,Unknown bird - small,Day,0,0,0,115.0
2000-04-14,Texas,Approach,Medium,Unknown bird - medium,Day,0,0,0,140.0
2000-04-14,Texas,Approach,Medium,Unknown bird - medium,Night,0,0,0,140.0
2000-04-14,Kentucky,Approach,Small,Unknown bird - small,Night,0,0,0,230.0
2000-04-15,Kentucky,Approach,Medium,Unknown bird - medium,Night,0,0,0,160.0
2000-04-15,Missouri,Approach,Medium,Unknown bird - medium,Night,0,0,0,250.0
2000-04-16,Michigan,Approach,Medium,Unknown bird - medium,Day,0,0,0,130.0
2000-04-16,Oregon,Take-off run,Medium,Mallard,Dusk,2005,66818,68823,140.0
2000-04-16,North Carolina,Take-off run,Small,Unknown bird - small,Day,0,0,0,120.0
2000-04-17,Arizona,Approach,Large,Turkey vulture,Day,0,66818,66818,140.0
2000-04-17,Illinois,Approach,Medium,Unknown bird - medium,Day,0,0,0,135.0
2000-04-17,Florida,Descent,Medium,Unknown bird - medium,Night,0,0,0,140.0
2000-04-18,California,Approach,Small,Killdeer,Day,0,0,0,170.0
2000-04-20,Louisiana,Take-off run,Medium,Unknown bird or bat,Day,0,0,0,95.0
2000-04-20,DC,Approach,Medium,Unknown bird - medium,Night,0,0,0,140.0
2000-04-20,Georgia,Climb,Small,Unknown bird - small,Dawn,0,0,0,160.0
2000-04-20,Ohio,Landing Roll,Small,Savannah sparrow,Day,0,0,0,140.0
2000-04-20,Georgia,Approach,Small,Unknown bird - small,Night,0,0,0,140.0
2000-04-21,Florida,Climb,Large,Unknown bird - large,Day,0,0,0,250.0
2000-04-21,New Jersey,Approach,Large,Unknown bird - large,Night,0,0,0,140.0
2000-04-21,Texas,Descent,Small,Unknown bird - small,Night,0,0,0,250.0
2000-04-22,Indiana,Approach,Large,Unknown bird - large,Night,0,0,0,136.0
2000-04-22,California,Approach,Small,Unknown bird - small,Night,0,0,0,140.0
2000-04-23,Texas,Approach,Small,Unknown bird - small,Dawn,0,0,0,132.0
2000-04-24,South Carolina,Climb,Medium,Unknown bird or bat,Day,0,32073,32073,140.0
2000-04-24,Texas,Climb,Medium,Unknown bird - medium,Night,0,0,0,310.0
2000-04-24,DC,Descent,Small,Unknown bird - small,Dusk,0,0,0,250.0
2000-04-25,Oregon,Landing Roll,Small,Barn owl,Night,0,0,0,140.0
2000-04-26,Pennsylvania,Approach,Large,Unknown bird - large,Day,0,0,0,147.0
2000-04-26,Tennessee,Approach,Large,Unknown bird - large,Dusk,0,0,0,180.0
2000-04-26,Texas,Approach,Medium,Unknown bird - medium,Day,0,0,0,190.0
2000-04-26,Florida,Descent,Small,Unknown bird - small,Day,0,0,0,155.0
2000-04-26,Colorado,Take-off run,Small,Western meadowlark,Day,0,0,0,140.0
2000-04-26,Texas,Approach,Small,Unknown bird - small,Night,0,0,0,200.0
2000-04-26,Georgia,Climb,Small,Unknown bird - small,Night,0,0,0,190.0
2000-04-27,California,Landing Roll,Small,Unknown bird - small,Dusk,0,0,0,80.0
2000-04-28,Missouri,Climb,Large,Canada goose,Dusk,66818,267273,334091,160.0
2000-04-28,Tennessee,Approach,Medium,Unknown bird - medium,Day,0,0,0,140.0
2000-04-28,North Carolina,Approach,Small,Unknown bird - small,Day,0,0,0,140.0
2000-04-28,North Carolina,Approach,Small,Unknown bird - small,Day,0,0,0,150.0
2000-04-29,Texas,Descent,Medium,Unknown bird - medium,Day,0,0,0,200.0
2000-04-30,Georgia,Climb,Large,Unknown bird - large,Night,0,0,0,190.0
2000-04-30,Illinois,Climb,Medium,Unknown bird - medium,Night,0,0,0,140.0
2000-04-30,Massachusetts,Landing Roll,Medium,Unknown bird - medium,Night,0,0,0,140.0
2000-04-30,Kentucky,Approach,Small,Unknown bird - small,Day,0,0,0,140.0
2000-04-30,Maryland,Climb,Small,Unknown bird - small,Day,0,0,0,140.0
2000-05-01,Louisiana,Approach,Medium,Unknown bird or bat,Day,0,0,0,140.0
2000-05-01,Missouri,Take-off run,Medium,Red-tailed hawk,Dusk,0,0,0,90.0
2000-05-01,DC,Landing Roll,Medium,Unknown bird - medium,Dusk,0,0,0,140.0
2000-05-01,Texas,Climb,Small,Unknown bird - small,Day,0,0,0,150.0
2000-05-01,Tennessee,Approach,Small,Unknown bird - small,Night,0,0,0,200.0
2000-05-01,New York,Descent,Small,Unknown bird - small,Night,0,0,0,245.0
2000-05-02,Tennessee,Climb,Large,Canada goose,Day,0,13364,13364,150.0
2000-05-02,Tennessee,Approach,Small,Unknown bird - small,Night,0,0,0,190.0
2000-05-03,Tennessee,Take-off run,Medium,Unknown bird - medium,Day,0,0,0,133.0
2000-05-03,Pennsylvania,Climb,Medium,Unknown bird - medium,Dusk,0,0,0,140.0
2000-05-03,Oklahoma,Approach,Small,Unknown bird - small,Day,0,0,0,200.0
2000-05-03,Indiana,Landing Roll,Small,European starling,Day,0,0,0,140.0
2000-05-03,Indiana,Approach,Small,Unknown bird - small,Night,0,0,0,240.0
2000-05-03,Indiana,Take-off run,Small,Unknown bird - small,Night,0,0,0,130.0
2000-05-04,Illinois,Climb,Medium,Unknown bird - medium,Night,0,0,0,250.0
2000-05-04,Missouri,Climb,Small,Unknown bird - small,Dawn,0,0,0,150.0
2000-05-04,California,Landing Roll,Small,Unknown bird - small,Day,0,0,0,110.0
2000-05-04,Georgia,Climb,Small,Unknown bird - small,Night,0,0,0,250.0
2000-05-05,California,Approach,Small,Unknown bird - small,Night,0,0,0,200.0
2000-05-05,California,Approach,Small,Unknown bird - small,Night,0,0,0,220.0
2000-05-05,Kentucky,Approach,Small,Unknown bird - small,Night,0,0,0,142.0
2000-05-05,Tennessee,Approach,Small,Unknown bird - small,Night,0,0,0,150.0
2000-05-05,Tennessee,Approach,Small,Unknown bird - small,Night,0,0,0,210.0
2000-05-06,New Jersey,Climb,Medium,Unknown bird - medium,Night,0,0,0,180.0
2000-05-06,DC,Climb,Small,Unknown bird - small,Day,0,0,0,150.0
2000-05-07,New Jersey,Approach,Medium,Unknown bird - medium,Night,0,0,0,140.0
2000-05-07,New Jersey,Approach,Medium,Unknown bird - medium,Night,0,0,0,190.0
2000-05-07,Texas,Climb,Small,Unknown bird - small,Night,0,0,0,210.0
2000-05-07,DC,Approach,Small,Unknown bird - small,Night,0,0,0,140.0
2000-05-08,Colorado,Take-off run,Medium,Unknown bird - medium,Day,0,0,0,140.0
2000-05-08,Oregon,Take-off run,Medium,Unknown bird - medium,Day,0,0,0,140.0
2000-05-08,Texas,Approach,Medium,Unknown bird - medium,Night,0,8018,8018,200.0
2000-05-08,New York,Climb,Medium,Unknown bird - medium,Night,0,0,0,200.0
2000-05-08,Arizona,Approach,Small,Unknown bird - small,Day,0,0,0,130.0
2000-05-08,Arizona,Approach,Small,Unknown bird - small,Day,0,0,0,140.0
2000-05-08,Kentucky,Take-off run,Small,Killdeer,Day,0,0,0,140.0
2000-05-09,Pennsylvania,Approach,Medium,Unknown bird - medium,Day,0,0,0,130.0
2000-05-09,Washington,Approach,Medium,Unknown bird - medium,Day,0,0,0,140.0
2000-05-09,DC,Approach,Medium,Unknown bird - medium,Night,0,0,0,140.0
2000-05-09,North Carolina,Descent,Small,Unknown bird - small,Day,0,0,0,250.0
2000-05-09,Kentucky,Approach,Small,Unknown bird - small,Day,0,0,0,140.0
2000-05-09,New York,Approach,Small,Unknown bird - small,Day,0,0,0,132.0
2000-05-10,Oregon,Landing Roll,Medium,Mallard,Day,0,0,0,140.0
2000-05-10,Georgia,Climb,Medium,Unknown bird - medium,Night,0,0,0,200.0
2000-05-10,Tennessee,Approach,Small,Unknown bird - small,Day,0,0,0,140.0
2000-05-10,Texas,Approach,Small,Unknown bird - small,Day,0,0,0,140.0
2000-05-11,Texas,Approach,Small,Unknown bird - small,Day,0,0,0,130.0
2000-05-11,Texas,Approach,Small,Unknown bird - small,Dusk,0,0,0,150.0
2000-05-11,Tennessee,Descent,Small,Unknown bird - small,Night,0,0,0,140.0
2000-05-12,Tennessee,Approach,Medium,Unknown bird - medium,Day,0,0,0,140.0
2000-05-12,Massachusetts,Climb,Medium,Unknown bird - medium,Day,0,0,0,160.0
2000-05-14,Minnesota,Climb,Large,Canada goose,Day,0,0,0,250.0
2000-05-14,DC,Approach,Small,Unknown bird - small,Day,0,0,0,130.0
2000-05-15,Illinois,Climb,Medium,Unknown bird - medium,Night,0,0,0,250.0
2000-05-15,California,Take-off run,Small,Rock pigeon,Day,133637,668183,801820,100.0
2000-05-15,Tennessee,Approach,Small,Unknown bird - small,Day,0,0,0,230.0
2000-05-16,Missouri,Descent,Large,Unknown bird - large,Day,0,0,0,300.0
2000-05-16,Louisiana,Approach,Medium,Unknown bird or bat,Day,0,0,0,126.0
2000-05-16,New York,Approach,Medium,Unknown bird - medium,Day,0,200,200,127.0
2000-05-16,New York,Climb,Medium,Herring gull,Day,0,0,0,170.0
2000-05-16,DC,Approach,Small,Unknown bird - small,Day,0,0,0,150.0
2000-05-16,Oregon,Approach,Small,Unknown bird - small,Day,0,0,0,125.0
2000-05-16,Indiana,Approach,Small,Unknown bird - small,Night,0,0,0,200.0
2000-05-16,Minnesota,Approach,Small,Unknown bird - small,Night,0,0,0,130.0
2000-05-18,Tennessee,Approach,Medium,Unknown bird - medium,Night,0,0,0,140.0
2000-05-19,Illinois,Landing Roll,Medium,Ring-billed gull,Day,0,0,0,140.0
2000-05-19,Oregon,Descent,Medium,Unknown bird - medium,Night,0,0,0,140.0
2000-05-19,California,Climb,Small,Unknown bird - small,Day,0,0,0,170.0
2000-05-19,Illinois,Climb,Small,Unknown bird - small,Day,0,0,0,140.0
2000-05-19,Hawaii,Landing Roll,Small,Unknown bird - small,Dusk,0,0,0,80.0
2000-05-21,Nebraska,Approach,Medium,Unknown bird - medium,Day,0,0,0,180.0
2000-05-22,Massachusetts,Climb,Medium,Unknown bird - medium,Day,0,0,0,160.0
2000-05-22,California,Climb,Medium,Unknown bird - medium,Night,0,0,0,210.0
2000-05-23,Oregon,Climb,Medium,Unknown bird - medium,Day,0,0,0,140.0
2000-05-23,Pennsylvania,Approach,Medium,Unknown bird - medium,Dusk,0,0,0,140.0
2000-05-23,California,Climb,Small,American kestrel,Day,0,0,0,140.0
2000-05-24,California,Landing Roll,Large,Turkey vulture,Day,0,0,0,140.0
2000-05-24,Texas,Descent,Medium,Unknown bird - medium,Day,0,0,0,140.0
2000-05-24,Louisiana,Take-off run,Medium,Unknown bird or bat,Day,0,0,0,150.0
2000-05-24,Tennessee,Take-off run,Medium,Unknown bird - medium,Day,0,0,0,135.0
2000-05-24,California,Approach,Small,Killdeer,Day,0,0,0,150.0
2000-05-24,Indiana,Approach,Small,Unknown bird - small,Day,0,0,0,140.0
2000-05-24,New Jersey,Approach,Small,Unknown bird - small,Day,0,0,0,175.0
2000-05-24,Texas,Approach,Small,Unknown bird - small,Day,0,0,0,140.0
2000-05-24,Texas,Approach,Small,Unknown bird - small,Day,0,0,0,120.0
2000-05-25,Colorado,Take-off run,Medium,Unknown bird - medium,Day,0,0,0,140.0
2000-05-25,Maryland,Approach,Medium,Unknown bird - medium,Night,0,0,0,138.0
2000-05-25,Texas,Approach,Small,Mourning dove,Day,0,0,0,125.0
2000-05-26,Oregon,Landing Roll,Medium,Red-tailed hawk,Day,401,0,401,140.0
2000-05-27,Tennessee,Take-off run,Large,Coyote,Day,0,0,0,140.0
2000-05-27,Ohio,Take-off run,Medium,Unknown bird - medium,Day,0,0,0,110.0
2000-05-28,Pennsylvania,Approach,Medium,Unknown bird - medium,Day,0,0,0,110.0
2000-05-28,California,Climb,Small,Rock pigeon,Day,0,0,0,150.0
2000-05-28,Nebraska,Approach,Small,Unknown bird - small,Night,0,0,0,140.0
2000-05-29,Kentucky,Approach,Small,European starling,Day,0,0,0,120.0
2000-05-29,Pennsylvania,Approach,Small,Unknown bird - small,Day,0,0,0,240.0
2000-05-29,Indiana,Take-off run,Small,European starling,Day,0,0,0,140.0
2000-05-30,DC,Climb,Small,American robin,Day,0,0,0,140.0
2000-05-31,California,Take-off run,Medium,Unknown bird - medium,Day,0,0,0,140.0
2000-05-31,Louisiana,Climb,Small,Mourning dove,Day,0,0,0,135.0
2000-06-01,New Jersey,Descent,Small,Unknown bird - small,Night,0,0,0,220.0
2000-06-02,Utah,Approach,Medium,Unknown bird - medium,Day,0,0,0,140.0
2000-06-02,Texas,Approach,Small,Unknown bird - small,Day,0,0,0,135.0
2000-06-02,Louisiana,Landing Roll,Small,Unknown bird - small,Day,0,0,0,124.0
2000-06-03,Louisiana,Approach,Medium,Unknown bird - medium,Day,0,0,0,210.0
2000-06-03,Colorado,Landing Roll,Medium,Unknown bird - medium,Day,0,0,0,140.0
2000-06-03,Texas,Landing Roll,Medium,Unknown bird - medium,Day,0,0,0,140.0
2000-06-03,Pennsylvania,Approach,Small,Unknown bird - small,Day,0,0,0,140.0
2000-06-03,Texas,Approach,Small,Unknown bird - small,Dusk,0,0,0,130.0
2000-06-04,Utah,Landing Roll,Medium,Unknown bird - medium,Day,0,0,0,140.0
2000-06-04,California,Take-off run,Medium,Unknown bird - medium,Day,0,0,0,140.0
2000-06-04,Oregon,Landing Roll,Small,Cliff swallow,Day,0,0,0,140.0
2000-06-04,Utah,Landing Roll,Small,Unknown bird - small,Day,0,0,0,140.0
2000-06-04,Georgia,Climb,Small,Unknown bird - small,Night,0,0,0,210.0
2000-06-05,Georgia,Take-off run,Medium,Unknown bird - medium,Day,0,0,0,60.0
2000-06-05,Maryland,Take-off run,Medium,Unknown bird - medium,Day,0,0,0,140.0
2000-06-06,DC,Approach,Small,Unknown bird - small,Day,0,0,0,130.0
2000-06-06,Hawaii,Approach,Small,Unknown bird - small,Day,0,0,0,125.0
2000-06-06,Pennsylvania,Approach,Small,Mourning dove,Day,0,0,0,135.0
2000-06-07,Kentucky,Approach,Small,Unknown bird - small,Day,0,0,0,135.0
2000-06-07,Texas,Approach,Small,Unknown bird - small,Day,0,0,0,140.0
2000-06-07,Illinois,Landing Roll,Small,Killdeer,Day,0,0,0,140.0
2000-06-08,Colorado,Landing Roll,Medium,Unknown bird - medium,Day,0,0,0,140.0
2000-06-08,Florida,Climb,Small,Unknown bird - small,Day,0,0,0,145.0
2000-06-09,Tennessee,Take-off run,Medium,Unknown bird - medium,Day,0,0,0,140.0
2000-06-09,Colorado,Approach,Small,Unknown bird - small,Day,0,0,0,140.0
2000-06-09,Illinois,Climb,Small,Unknown bird - small,Day,0,0,0,150.0
2000-06-09,Ohio,Landing Roll,Small,Unknown bird - small,Day,0,0,0,140.0
2000-06-09,Kentucky,Approach,Small,Unknown bird - small,Night,0,0,0,165.0
2000-06-11,Massachusetts,Climb,Large,Unknown bird - large,Day,0,211146,211146,160.0
2000-06-11,Missouri,Approach,Small,Unknown bird - small,Night,0,0,0,150.0
2000-06-12,Colorado,Approach,Small,Unknown bird - small,Day,0,0,0,140.0
2000-06-12,Illinois,Approach,Small,Unknown bird - small,Day,0,0,0,140.0
2000-06-13,Louisiana,Approach,Medium,Unknown bird or bat,Day,0,0,0,280.0
2000-06-13,Oregon,Landing Roll,Small,European starling,Day,0,0,0,140.0
2000-06-14,California,Approach,Small,Unknown bird - small,Day,0,0,0,140.0
2000-06-15,Colorado,Take-off run,Medium,Unknown bird - medium,Day,0,0,0,140.0
2000-06-15,California,Approach,Medium,Unknown bird - medium,Day,0,0,0,140.0
2000-06-16,South Carolina,Approach,Medium,Unknown bird or bat,Day,0,0,0,130.0
2000-06-17,Tennessee,Take-off run,Medium,Unknown bird - medium,Day,0,0,0,120.0
2000-06-17,Louisiana,Take-off run,Medium,Unknown bird - medium,Day,0,0,0,140.0
2000-06-17,Tennessee,Take-off run,Small,Unknown bird - small,Day,0,0,0,100.0
2000-06-19,Washington,Landing Roll,Small,Unknown bird - small,Day,0,0,0,140.0
2000-06-20,Kentucky,Descent,Medium,Unknown bird - medium,Night,0,0,0,140.0
2000-06-20,Kentucky,Approach,Small,Unknown bird - small,Day,0,0,0,145.0
2000-06-20,Kentucky,Approach,Small,Unknown bird - small,Day,0,0,0,120.0
2000-06-20,Kentucky,Climb,Small,European starling,Day,0,0,0,150.0
2000-06-20,Texas,Landing Roll,Small,Barn owl,Night,0,0,0,140.0
2000-06-21,Kentucky,Climb,Small,Unknown bird - small,Day,0,0,0,170.0
2000-06-21,Colorado,Take-off run,Small,Western meadowlark,Day,0,0,0,140.0
2000-06-21,Texas,Approach,Small,Unknown bird - small,Dusk,0,0,0,136.0
2000-06-21,Indiana,Landing Roll,Small,American kestrel,Night,0,0,0,140.0
2000-06-22,Indiana,Take-off run,Medium,Red-tailed hawk,Day,0,0,0,140.0
2000-06-23,Texas,Approach,Medium,Unknown bird - medium,Day,0,0,0,140.0
2000-06-23,Kentucky,Climb,Medium,Unknown bird - medium,Day,0,0,0,130.0
2000-06-23,South Carolina,Climb,Medium,Unknown bird - medium,Day,0,0,0,250.0
2000-06-23,Florida,Take-off run,Medium,Unknown bird - medium,Day,0,0,0,150.0
2000-06-23,Utah,Approach,Small,Unknown bird - small,Day,0,0,0,142.0
2000-06-23,Kentucky,Take-off run,Small,Unknown bird - small,Day,0,0,0,120.0
2000-06-24,Hawaii,Landing Roll,Small,Short-eared owl,Day,0,0,0,140.0
2000-06-25,Colorado,Take-off run,Medium,Unknown bird - medium,Day,0,0,0,140.0
2000-06-25,Tennessee,Take-off run,Medium,American crow,Day,0,0,0,100.0
2000-06-25,Kentucky,Approach,Small,Mourning dove,Day,0,0,0,130.0
2000-06-25,Tennessee,Climb,Small,Unknown bird - small,Day,0,0,0,190.0
2000-06-25,Kentucky,Landing Roll,Small,European starling,Day,0,0,0,100.0
2000-06-25,Texas,Landing Roll,Small,Rock pigeon,Day,0,0,0,100.0
2000-06-25,Kentucky,Take-off run,Small,Unknown bird - small,Day,0,0,0,140.0
2000-06-26,Indiana,Take-off run,Small,Mourning dove,Dawn,0,0,0,110.0
2000-06-26,Texas,Take-off run,Small,Rock pigeon,Day,0,0,0,80.0
2000-06-27,Georgia,Landing Roll,Medium,Unknown bird - medium,Day,0,40091,40091,80.0
2000-06-27,Illinois,Climb,Medium,Unknown bird - medium,Day,0,0,0,250.0
2000-06-28,California,Take-off run,Medium,Unknown bird - medium,Day,0,0,0,140.0
2000-06-28,DC,Climb,Small,Barn swallow,Day,0,0,0,140.0
2000-06-29,Texas,Take-off run,Medium,Unknown bird - medium,Day,0,0,0,110.0
2000-06-29,Kentucky,Climb,Small,European starling,Day,0,0,0,145.0
2000-06-29,Illinois,Take-off run,Small,Unknown bird - small,Day,0,0,0,100.0
2000-06-29,Tennessee,Take-off run,Small,Unknown bird - small,Dusk,0,0,0,120.0
2000-06-30,Ohio,Climb,Medium,Unknown bird - medium,Day,0,0,0,220.0
2000-06-30,California,Take-off run,Medium,Unknown bird - medium,Day,0,0,0,140.0
2000-06-30,Tennessee,Approach,Medium,Unknown bird - medium,Night,0,0,0,130.0
2000-06-30,New York,Landing Roll,Small,European starling,Day,0,0,0,100.0
2000-07-01,Utah,Landing Roll,Small,Unknown bird - small,Day,0,0,0,140.0
2000-07-01,DC,Climb,Small,Unknown bird - small,Night,0,0,0,170.0
2000-07-02,Colorado,Landing Roll,Medium,Unknown bird - medium,Day,0,0,0,140.0
2000-07-02,California,Landing Roll,Small,American kestrel,Day,0,0,0,140.0
2000-07-02,California,Landing Roll,Small,European starling,Day,0,0,0,140.0
2000-07-02,Kentucky,Landing Roll,Small,Mourning dove,Day,0,0,0,130.0
2000-07-02,California,Take-off run,Small,European starling,Day,0,0,0,140.0
2000-07-03,Georgia,Climb,Large,Unknown bird - large,Night,0,0,0,220.0
2000-07-03,Missouri,Climb,Small,Unknown bird - small,Day,0,0,0,170.0
2000-07-04,Georgia,Climb,Medium,Unknown bird - medium,Dusk,0,0,0,250.0
2000-07-04,Tennessee,Approach,Small,Unknown bird - small,Day,0,0,0,150.0
2000-07-04,Washington,Landing Roll,Small,European starling,Day,0,0,0,140.0
2000-07-05,Utah,Approach,Medium,Unknown bird - medium,Night,0,0,0,140.0
2000-07-05,DC,Climb,Medium,Unknown bird - medium,Night,0,0,0,150.0
2000-07-05,Texas,Climb,Small,Unknown bird - small,Day,0,0,0,250.0
2000-07-05,Texas,Landing Roll,Small,Rock pigeon,Day,0,0,0,140.0
2000-07-06,Illinois,Approach,Medium,Unknown bird - medium,Day,0,0,0,145.0
2000-07-06,California,Approach,Medium,Unknown bird - medium,Night,0,0,0,140.0
2000-07-06,Texas,Approach,Small,Unknown bird - small,Day,0,0,0,140.0
2000-07-06,Tennessee,Landing Roll,Small,European starling,Day,0,0,0,110.0
2000-07-06,Oregon,Take-off run,Small,Unknown bird - small,Day,0,0,0,128.0
2000-07-06,Texas,Take-off run,Small,European starling,Day,0,0,0,150.0
2000-07-07,Oklahoma,Take-off run,Medium,Unknown bird or bat,Day,0,0,0,145.0
2000-07-07,Colorado,Approach,Small,Unknown bird - small,Day,0,0,0,120.0
2000-07-07,Pennsylvania,Approach,Small,Unknown bird - small,Day,0,0,0,140.0
2000-07-07,Maryland,Climb,Small,Mourning dove,Day,0,0,0,180.0
2000-07-07,North Carolina,Take-off run,Small,American robin,Day,0,0,0,110.0
2000-07-08,New York,Approach,Small,Unknown bird - small,Dawn,0,0,0,140.0
2000-07-08,Washington,Approach,Small,European starling,Day,0,0,0,127.0
2000-07-08,California,Climb,Small,Rock pigeon,Day,0,0,0,140.0
2000-07-08,California,Take-off run,Small,Unknown bird - small,Day,0,0,0,100.0
2000-07-09,Texas,Approach,Medium,Unknown bird - medium,Day,0,0,0,140.0
2000-07-09,California,Take-off run,Small,Rock pigeon,Day,0,0,0,140.0
2000-07-09,Georgia,Approach,Small,Unknown bird - small,Day,0,0,0,140.0
2000-07-09,Missouri,Take-off run,Small,Mourning dove,Day,0,0,0,140.0
2000-07-09,Missouri,Landing Roll,Small,Killdeer,Dusk,0,0,0,110.0
2000-07-10,DC,Landing Roll,Medium,Unknown bird - medium,Day,0,0,0,140.0
2000-07-10,Texas,Landing Roll,Medium,Unknown bird - medium,Day,0,0,0,140.0
2000-07-10,New Jersey,Take-off run,Medium,Mallard,Night,0,0,0,140.0
2000-07-10,California,Climb,Small,Rock pigeon,Day,0,0,0,140.0
2000-07-11,Louisiana,Take-off run,Medium,Unknown bird - medium,Day,0,0,0,140.0
2000-07-11,Tennessee,Approach,Small,Mourning dove,Day,0,0,0,130.0
2000-07-12,Hawaii,Landing Roll,Medium,Unknown bird - medium,Day,0,0,0,140.0
2000-07-12,Michigan,Take-off run,Small,Unknown bird - small,Dawn,0,0,0,110.0
2000-07-12,California,Landing Roll,Small,American kestrel,Day,0,0,0,115.0
2000-07-12,Kentucky,Take-off run,Small,Unknown bird - small,Day,0,0,0,140.0
2000-07-13,Oregon,Approach,Small,Unknown bird - small,Dawn,0,0,0,140.0
2000-07-13,Tennessee,Take-off run,Small,Unknown bird - small,Day,0,0,0,135.0
2000-07-14,Illinois,Climb,Medium,American crow,Night,0,0,0,150.0
2000-07-14,Nebraska,Approach,Medium,Unknown bird - medium,Night,0,0,0,140.0
2000-07-14,Illinois,Approach,Small,Unknown bird - small,Day,0,0,0,140.0
2000-07-14,Kentucky,Climb,Small,Unknown bird - small,Day,0,0,0,250.0
2000-07-15,Pennsylvania,Take-off run,Small,Unknown bird - small,Day,0,0,0,80.0
2000-07-16,Florida,Approach,Medium,Unknown bird - medium,Day,0,0,0,130.0
2000-07-16,Colorado,Landing Roll,Small,Unknown bird - small,Day,0,0,0,140.0
2000-07-17,California,Take-off run,Medium,Unknown bird - medium,Day,0,0,0,140.0
2000-07-17,California,Landing Roll,Medium,American crow,Dusk,0,0,0,140.0
2000-07-17,Colorado,Take-off run,Small,Unknown bird - small,Day,0,0,0,110.0
2000-07-18,Oregon,Landing Roll,Medium,American crow,Day,0,0,0,140.0
2000-07-18,Indiana,Landing Roll,Small,Killdeer,Dawn,0,0,0,140.0
2000-07-18,Nebraska,Approach,Small,Unknown bird - small,Day,0,0,0,140.0
2000-07-18,New Jersey,Climb,Small,European starling,Dusk,13364,100228,113592,180.0
2000-07-19,Kentucky,Climb,Medium,American crow,Day,0,0,0,150.0
2000-07-19,South Carolina,Approach,Medium,Unknown bird - medium,Night,0,0,0,140.0
2000-07-19,Georgia,Climb,Small,Unknown bird - small,Dawn,0,0,0,200.0
2000-07-19,Missouri,Take-off run,Small,Unknown bird - small,Day,0,0,0,140.0
2000-07-20,Missouri,Approach,Large,Canada goose,Day,0,0,0,135.0
2000-07-20,Kentucky,Climb,Medium,Unknown bird - medium,Day,0,0,0,140.0
2000-07-21,Missouri,Approach,Medium,Unknown bird - medium,Day,0,0,0,140.0
2000-07-21,Tennessee,Climb,Medium,Unknown bird - medium,Day,0,0,0,170.0
2000-07-21,Ohio,Take-off run,Medium,Unknown bird - medium,Day,0,0,0,140.0
2000-07-21,South Carolina,Approach,Medium,Unknown bird or bat,Dusk,0,0,0,180.0
2000-07-21,Indiana,Approach,Small,Unknown bird - small,Day,0,0,0,130.0
2000-07-21,Kentucky,Landing Roll,Small,Mourning dove,Day,0,0,0,100.0
2000-07-21,Texas,Take-off run,Small,Western meadowlark,Day,0,0,0,140.0
2000-07-22,DC,Approach,Small,Barn swallow,Day,0,0,0,140.0
2000-07-22,North Carolina,Approach,Small,European starling,Day,0,0,0,140.0
2000-07-22,California,Landing Roll,Small,Unknown bird - small,Day,0,0,0,140.0
2000-07-23,Utah,Approach,Large,Great blue heron,Day,0,0,0,150.0
2000-07-23,Texas,Climb,Medium,Unknown bird - medium,Day,0,0,0,200.0
2000-07-23,Illinois,Take-off run,Small,Unknown bird - small,Day,0,0,0,100.0
2000-07-23,Massachusetts,Approach,Small,Unknown bird - small,Day,0,0,0,136.0
2000-07-23,Missouri,Approach,Small,European starling,Day,0,0,0,120.0
2000-07-23,Kentucky,Take-off run,Small,Eastern meadowlark,Day,0,0,0,150.0
2000-07-24,Pennsylvania,Approach,Medium,Unknown bird - medium,Day,0,0,0,110.0
2000-07-24,California,Landing Roll,Medium,Unknown bird - medium,Day,0,0,0,110.0
2000-07-25,Kentucky,Landing Roll,Medium,Unknown bird - medium,Day,0,0,0,130.0
2000-07-25,Colorado,Approach,Small,Unknown bird - small,Day,0,0,0,110.0
2000-07-25,New York,Approach,Small,Unknown bird - small,Day,0,0,0,160.0
2000-07-25,California,Landing Roll,Small,American kestrel,Day,0,0,0,140.0
2000-07-26,Illinois,Descent,Small,Unknown bird - small,Day,0,0,0,140.0
2000-07-26,California,Climb,Small,Unknown bird - small,Day,0,0,0,140.0
2000-07-26,Texas,Landing Roll,Small,Rock pigeon,Day,0,0,0,140.0
2000-07-26,Oregon,Take-off run,Small,Cliff swallow,Day,0,0,0,140.0
2000-07-26,Pennsylvania,Take-off run,Small,Unknown bird - small,Day,0,0,0,150.0
2000-07-27,Texas,Climb,Medium,Unknown bird - medium,Day,0,0,0,170.0
2000-07-27,North Carolina,Landing Roll,Small,Unknown bird - small,Dawn,0,0,0,120.0
2000-07-27,Oklahoma,Take-off run,Small,Mourning dove,Dawn,0,0,0,120.0
2000-07-27,Ohio,Climb,Small,Unknown bird - small,Day,0,0,0,140.0
2000-07-27,Colorado,Landing Roll,Small,Unknown bird - small,Day,0,0,0,100.0
2000-07-27,Oregon,Landing Roll,Small,Cliff swallow,Day,0,0,0,140.0
2000-07-28,Georgia,Approach,Small,Unknown bird - small,Day,0,0,0,140.0
2000-07-28,Texas,Approach,Small,Unknown bird - small,Day,0,0,0,140.0
2000-07-29,Texas,Take-off run,Medium,Unknown bird - medium,Night,0,0,0,165.0
2000-07-29,Illinois,Climb,Small,Unknown bird - small,Day,0,0,0,170.0
2000-07-30,Ohio,Climb,Medium,Unknown bird - medium,Day,0,0,0,140.0
2000-07-30,Texas,Climb,Medium,Unknown bird - medium,Day,0,0,0,250.0
2000-07-30,Kentucky,Approach,Small,Unknown bird - small,Day,0,0,0,140.0
2000-07-31,Illinois,Landing Roll,Small,Unknown bird - small,Day,0,0,0,120.0
2000-07-31,Texas,Landing Roll,Small,Rock pigeon,Day,0,0,0,140.0
2000-08-01,Pennsylvania,Climb,Medium,Unknown bird - medium,Day,0,0,0,140.0
2000-08-01,Utah,Approach,Small,Unknown bird - small,Day,0,0,0,140.0
2000-08-01,Colorado,Climb,Small,Unknown bird - small,Day,0,0,0,160.0
2000-08-01,Kentucky,Landing Roll,Small,Unknown bird - small,Day,0,0,0,140.0
2000-08-01,Pennsylvania,Landing Roll,Small,Unknown bird - small,Day,0,0,0,140.0
2000-08-01,Texas,Landing Roll,Small,Unknown bird - small,Day,0,0,0,110.0
2000-08-01,Texas,Landing Roll,Small,Barn owl,Night,0,0,0,140.0
2000-08-02,California,Approach,Large,Turkey vulture,Day,0,0,0,100.0
2000-08-02,North Carolina,Approach,Small,Mourning dove,Day,0,0,0,135.0
2000-08-02,Texas,Landing Roll,Small,Unknown bird - small,Day,0,0,0,80.0
2000-08-02,Missouri,Climb,Small,European starling,Dusk,0,0,0,154.0
2000-08-03,New York,Approach,Medium,Herring gull,Day,0,0,0,140.0
2000-08-03,Ohio,Take-off run,Medium,Unknown bird - medium,Day,0,0,0,140.0
2000-08-04,New Jersey,Landing Roll,Medium,Mallard,Night,0,0,0,140.0
2000-08-05,Maryland,Landing Roll,Small,Unknown bird - small,Day,0,0,0,120.0
2000-08-05,Texas,Landing Roll,Small,Mourning dove,Day,0,0,0,110.0
2000-08-05,Colorado,Climb,Small,Unknown bird - small,Night,0,0,0,320.0
2000-08-06,Michigan,Landing Roll,Medium,Unknown bird - medium,Day,0,0,0,140.0
2000-08-06,Pennsylvania,Landing Roll,Medium,Unknown bird - medium,Day,0,0,0,140.0
2000-08-06,New Jersey,Approach,Medium,Unknown bird - medium,Night,0,0,0,140.0
2000-08-06,Kentucky,Approach,Small,Mourning dove,Dawn,0,0,0,120.0
2000-08-06,Maryland,Landing Roll,Small,Unknown bird - small,Day,0,0,0,120.0
2000-08-06,Kentucky,Take-off run,Small,Unknown bird - small,Day,0,0,0,110.0
2000-08-07,Minnesota,Climb,Medium,Unknown bird - medium,Day,0,0,0,140.0
2000-08-07,Missouri,Take-off run,Medium,Unknown bird - medium,Day,0,0,0,100.0
2000-08-07,North Carolina,Approach,Small,Mourning dove,Day,0,0,0,130.0
2000-08-08,New Jersey,Climb,Medium,Unknown bird - medium,Day,0,0,0,150.0
2000-08-08,Texas,Approach,Small,Unknown bird - small,Day,0,0,0,140.0
2000-08-08,Oregon,Landing Roll,Small,European starling,Day,0,0,0,140.0
2000-08-09,Kentucky,Landing Roll,Medium,Unknown bird - medium,Day,0,0,0,140.0
2000-08-09,Illinois,Landing Roll,Small,Unknown bird - small,Day,0,0,0,60.0
2000-08-09,Tennessee,Take-off run,Small,Unknown bird - small,Day,0,0,0,110.0
2000-08-10,Texas,Climb,Large,Unknown bird - large,Day,0,0,0,140.0
2000-08-10,Texas,Descent,Medium,Unknown bird - medium,Night,0,0,0,140.0
2000-08-10,Indiana,Approach,Small,Unknown bird - small,Dawn,0,0,0,180.0
2000-08-10,Illinois,Approach,Small,American kestrel,Day,0,0,0,140.0
2000-08-10,Arizona,Climb,Small,Unknown bird - small,Day,0,0,0,160.0
2000-08-10,Missouri,Climb,Small,Unknown bird - small,Day,0,0,0,180.0
2000-08-10,Nebraska,Approach,Small,Killdeer,Dusk,0,0,0,140.0
2000-08-10,Massachusetts,Approach,Small,Unknown bird - small,Night,0,0,0,180.0
2000-08-10,Maryland,Approach,Small,Unknown bird - small,Night,0,0,0,135.0
2000-08-11,Texas,Climb,Small,Unknown bird - small,Day,0,0,0,170.0
2000-08-11,Tennessee,Landing Roll,Small,Unknown bird - small,Day,0,0,0,100.0
2000-08-11,Utah,Landing Roll,Small,Unknown bird - small,Day,0,0,0,140.0
2000-08-11,Oregon,Take-off run,Small,Unknown bird - small,Day,0,0,0,140.0
2000-08-11,Washington,Take-off run,Small,European starling,Day,0,0,0,140.0
2000-08-11,Kentucky,Climb,Small,Unknown bird - small,Dusk,0,0,0,160.0
2000-08-11,Kentucky,Approach,Small,Unknown bird - small,Night,0,0,0,140.0
2000-08-12,Tennessee,Climb,Small,European starling,Day,0,0,0,160.0
2000-08-12,Texas,Landing Roll,Small,Mourning dove,Day,0,0,0,140.0
2000-08-12,California,Approach,Small,Unknown bird - small,Night,0,0,0,135.0
2000-08-13,California,Take-off run,Small,Rock pigeon,Day,0,0,0,140.0
2000-08-13,Ohio,Take-off run,Small,Unknown bird - small,Day,0,0,0,140.0
2000-08-14,California,Landing Roll,Small,Unknown bird - small,Dawn,0,0,0,140.0
2000-08-15,New York,Climb,Small,Unknown bird - small,Day,0,0,0,160.0
2000-08-15,Illinois,Landing Roll,Small,Unknown bird - small,Dusk,0,0,0,120.0
2000-08-16,Indiana,Climb,Large,Unknown bird - large,Dusk,0,0,0,140.0
2000-08-16,Kentucky,Approach,Large,Unknown bird - large,Night,0,0,0,150.0
2000-08-16,Georgia,Approach,Medium,Unknown bird - medium,Day,0,0,0,140.0
2000-08-16,Illinois,Climb,Medium,Unknown bird - medium,Day,0,0,0,190.0
2000-08-16,Pennsylvania,Approach,Small,Unknown bird - small,Day,0,0,0,140.0
2000-08-16,Florida,Landing Roll,Small,Unknown bird - small,Day,0,0,0,145.0
2000-08-16,Kentucky,Landing Roll,Small,Mourning dove,Day,0,0,0,140.0
2000-08-16,New Jersey,Take-off run,Small,Rock pigeon,Day,0,0,0,130.0
2000-08-16,Tennessee,Descent,Small,Unknown bird - small,Night,0,0,0,250.0
2000-08-17,Indiana,Approach,Medium,Unknown bird - medium,Night,0,0,0,130.0
2000-08-17,DC,Approach,Small,European starling,Day,0,0,0,140.0
2000-08-17,Tennessee,Approach,Small,Unknown bird - small,Day,0,0,0,140.0
2000-08-17,California,Take-off run,Small,Unknown bird - small,Day,0,0,0,140.0
2000-08-17,California,Approach,Small,Unknown bird - small,Night,0,0,0,140.0
2000-08-18,Illinois,Approach,Medium,Unknown bird - medium,Day,0,0,0,140.0
2000-08-18,Louisiana,Climb,Medium,Unknown bird - medium,Day,0,0,0,140.0
2000-08-18,New Jersey,Landing Roll,Small,Rock pigeon,Day,0,0,0,120.0
2000-08-18,Arizona,Take-off run,Small,Unknown bird - small,Day,0,0,0,140.0
2000-08-18,Massachusetts,Take-off run,Small,American kestrel,Day,0,0,0,140.0
2000-08-19,North Carolina,Approach,Small,Unknown bird - small,Day,0,0,0,140.0
2000-08-19,New Jersey,Approach,Small,Unknown bird - small,Day,0,0,0,140.0
2000-08-20,Pennsylvania,Climb,Medium,Unknown bird - medium,Day,0,0,0,160.0
2000-08-20,North Carolina,Approach,Small,European starling,Day,0,0,0,160.0
2000-08-20,New Jersey,Landing Roll,Small,Rock pigeon,Day,0,0,0,120.0
2000-08-20,Oregon,Take-off run,Small,American kestrel,Day,0,0,0,140.0
2000-08-20,Texas,Take-off run,Small,Unknown bird - small,Day,0,0,0,100.0
2000-08-21,Maryland,Approach,Medium,Unknown bird - medium,Day,0,0,0,220.0
2000-08-21,Nebraska,Take-off run,Medium,Unknown bird - medium,Dusk,0,0,0,140.0
2000-08-22,Utah,Approach,Medium,Unknown bird - medium,Night,0,0,0,140.0
2000-08-22,Maryland,Approach,Small,European starling,Day,0,0,0,110.0
2000-08-22,New Jersey,Climb,Small,European starling,Day,0,0,0,140.0
2000-08-22,Minnesota,Approach,Small,Unknown bird - small,Night,0,0,0,160.0
2000-08-22,Georgia,Climb,Small,Unknown bird - small,Night,0,0,0,160.0
2000-08-23,Pennsylvania,Landing Roll,Small,European starling,Day,0,0,0,100.0
2000-08-23,Ohio,Take-off run,Small,Unknown bird - small,Day,0,0,0,140.0
2000-08-24,Illinois,Approach,Medium,Unknown bird - medium,Day,0,0,0,140.0
2000-08-24,New York,Landing Roll,Medium,Unknown bird - medium,Day,0,0,0,140.0
2000-08-24,Colorado,Take-off run,Medium,Unknown bird - medium,Day,0,0,0,140.0
2000-08-24,Oregon,Landing Roll,Small,American kestrel,Dusk,0,0,0,140.0
2000-08-25,Oregon,Take-off run,Medium,Red-tailed hawk,Day,0,0,0,110.0
2000-08-25,Missouri,Approach,Small,Unknown bird - small,Day,0,0,0,135.0
2000-08-25,New Jersey,Approach,Small,Rock pigeon,Day,0,0,0,130.0
2000-08-25,Florida,Approach,Small,Unknown bird - small,Dusk,0,0,0,150.0
2000-08-25,Kentucky,Descent,Small,Unknown bird - small,Night,0,0,0,175.0
2000-08-26,Kentucky,Landing Roll,Large,Unknown bird - large,Day,22718,17373,40091,130.0
2000-08-26,Kentucky,Descent,Large,Unknown bird - large,Night,0,0,0,240.0
2000-08-26,Colorado,Climb,Medium,Unknown bird - medium,Day,0,0,0,140.0
2000-08-26,New Jersey,Approach,Medium,Unknown bird - medium,Day,0,0,0,140.0
2000-08-26,North Carolina,Take-off run,Medium,Unknown bird - medium,Day,0,0,0,120.0
2000-08-27,Texas,Landing Roll,Medium,Unknown bird - medium,Day,0,0,0,140.0
2000-08-27,Minnesota,Approach,Small,Unknown bird - small,Day,0,0,0,140.0
2000-08-27,Illinois,Climb,Small,Unknown bird - small,Day,0,0,0,140.0
2000-08-28,Missouri,Approach,Small,Unknown bird - small,Night,0,0,0,140.0
2000-08-29,Kentucky,Climb,Large,Unknown bird - large,Dusk,0,0,0,180.0
2000-08-29,Colorado,Climb,Large,Unknown bird - large,Night,0,0,0,210.0
2000-08-29,Missouri,Approach,Small,Unknown bird - small,Day,0,0,0,135.0
2000-08-29,Tennessee,Descent,Small,Unknown bird - small,Day,0,0,0,250.0
2000-08-29,Texas,Landing Roll,Small,Mourning dove,Day,0,0,0,140.0
2000-08-29,Massachusetts,Take-off run,Small,European starling,Day,0,0,0,140.0
2000-08-29,Pennsylvania,Take-off run,Small,Mourning dove,Day,0,0,0,110.0
2000-08-29,Tennessee,Approach,Small,Unknown bird - small,Night,0,0,0,140.0
2000-08-30,Illinois,Approach,Medium,Unknown bird - medium,Day,0,0,0,160.0
2000-08-30,South Carolina,Approach,Medium,Unknown bird or bat,Day,0,0,0,140.0
2000-08-30,Colorado,Approach,Medium,Unknown bird - medium,Night,0,0,0,140.0
2000-08-30,Louisiana,Landing Roll,Medium,Unknown bird - medium,Night,0,0,0,140.0
2000-08-30,Michigan,Approach,Small,Unknown bird - small,Day,0,0,0,130.0
2000-08-31,Nebraska,Approach,Large,Unknown bird - large,Day,0,0,0,160.0
2000-08-31,Kentucky,Climb,Large,Unknown bird - large,Day,0,0,0,170.0
2000-08-31,Colorado,Climb,Medium,Unknown bird - medium,Day,0,0,0,140.0
2000-08-31,Illinois,Approach,Small,Unknown bird - small,Day,0,0,0,138.0
2000-08-31,Pennsylvania,Landing Roll,Small,Killdeer,Day,0,0,0,135.0
2000-09-01,Oklahoma,Approach,Medium,Unknown bird - medium,Night,0,0,0,200.0
2000-09-01,Georgia,Approach,Medium,Unknown bird - medium,Night,0,0,0,160.0
2000-09-01,Missouri,Approach,Small,Unknown bird - small,Day,0,0,0,170.0
2000-09-02,Arizona,Climb,Large,Unknown bird - large,Day,0,0,0,190.0
2000-09-02,Texas,Approach,Medium,Unknown bird - medium,Day,0,0,0,137.0
2000-09-02,DC,Approach,Medium,Unknown bird - medium,Night,0,0,0,140.0
2000-09-02,Texas,Taxi,Small,Barn owl,Dusk,0,0,0,140.0
2000-09-02,Kentucky,Approach,Small,Unknown bird - small,Night,0,0,0,180.0
2000-09-03,New Jersey,Descent,Medium,Unknown bird - medium,Night,0,0,0,140.0
2000-09-03,California,Climb,Small,Rock pigeon,Day,0,0,0,140.0
2000-09-03,Utah,Approach,Small,Unknown bird - small,Night,0,0,0,140.0
2000-09-04,Missouri,Landing Roll,Medium,Unknown bird - medium,Day,0,0,0,120.0
2000-09-04,Missouri,Approach,Small,Killdeer,Day,0,0,0,135.0
2000-09-04,Louisiana,Landing Roll,Small,European starling,Day,0,0,0,140.0
2000-09-04,New Jersey,Approach,Small,Unknown bird - small,Night,0,0,0,150.0
2000-09-04,Arizona,Take-off run,Small,Unknown bird - small,Night,0,0,0,140.0
2000-09-05,Ohio,Climb,Large,Canada goose,Day,0,0,0,170.0
2000-09-05,Maryland,Approach,Medium,Unknown bird - medium,Day,0,0,0,110.0
2000-09-05,Washington,Approach,Medium,Unknown bird - medium,Night,0,0,0,0.0
2000-09-05,New York,Approach,Small,Unknown bird - small,Dawn,0,0,0,145.0
2000-09-05,California,Approach,Small,Unknown bird - small,Night,0,0,0,210.0
2000-09-05,Tennessee,Approach,Small,Unknown bird - small,Night,0,0,0,170.0
2000-09-06,DC,Climb,Small,Mourning dove,Dusk,12666,7326,19992,200.0
2000-09-07,Missouri,Approach,Medium,Unknown bird - medium,Day,0,0,0,130.0
2000-09-07,Illinois,Climb,Medium,Unknown bird - medium,Night,0,0,0,210.0
2000-09-07,Texas,Take-off run,Small,Mourning dove,Dusk,0,0,0,100.0
2000-09-07,Oregon,Approach,Small,Unknown bird - small,Night,0,0,0,135.0
2000-09-08,Missouri,Approach,Medium,Unknown bird - medium,Night,0,0,0,140.0
2000-09-08,Georgia,Climb,Medium,Unknown bird - medium,Night,0,0,0,140.0
2000-09-08,New York,Take-off run,Small,Unknown bird - small,Dawn,0,0,0,140.0
2000-09-08,Nebraska,Approach,Small,European starling,Day,0,0,0,135.0
2000-09-08,Florida,Landing Roll,Small,Unknown bird - small,Day,0,0,0,100.0
2000-09-08,Georgia,Landing Roll,Small,Unknown bird - small,Day,0,0,0,140.0
2000-09-08,Kentucky,Take-off run,Small,Unknown bird - small,Day,0,0,0,140.0
2000-09-08,Missouri,Approach,Small,Mourning dove,Dusk,0,0,0,135.0
2000-09-08,Ohio,Approach,Small,Unknown bird - small,Dusk,0,0,0,130.0
2000-09-09,North Carolina,Climb,Medium,Unknown bird - medium,Night,0,0,0,210.0
2000-09-09,Maryland,Approach,Small,Unknown bird - small,Day,0,0,0,140.0
2000-09-10,Pennsylvania,Take-off run,Medium,Unknown bird - medium,Day,0,0,0,140.0
2000-09-10,Illinois,Climb,Small,Unknown bird - small,Night,0,0,0,230.0
2000-09-11,Oregon,Take-off run,Medium,Red-tailed hawk,Day,0,0,0,140.0
2000-09-11,Georgia,Take-off run,Small,Unknown bird - small,Dawn,0,0,0,120.0
2000-09-12,Texas,Approach,Medium,Unknown bird - medium,Day,0,0,0,140.0
2000-09-12,Illinois,Approach,Medium,Unknown bird - medium,Night,0,0,0,160.0
2000-09-12,Texas,Approach,Medium,Unknown bird - medium,Night,0,0,0,140.0
2000-09-13,North Carolina,Approach,Medium,Unknown bird - medium,Dusk,0,0,0,180.0
2000-09-13,Ohio,Approach,Medium,Unknown bird - medium,Night,0,0,0,140.0
2000-09-13,South Carolina,Approach,Medium,Unknown bird or bat,Night,0,0,0,140.0
2000-09-13,California,Approach,Small,Unknown bird - small,Day,0,0,0,135.0
2000-09-13,Oregon,Approach,Small,Unknown bird - small,Day,0,0,0,170.0
2000-09-13,DC,Approach,Small,Unknown bird - small,Night,0,0,0,125.0
2000-09-13,Ohio,Approach,Small,Unknown bird - small,Night,0,0,0,170.0
2000-09-13,Tennessee,Approach,Small,Unknown bird - small,Night,0,0,0,115.0
2000-09-13,Washington,Approach,Small,Unknown bird - small,Night,0,0,0,120.0
2000-09-13,Texas,Landing Roll,Small,Barn owl,Night,0,0,0,110.0
2000-09-14,New Jersey,Approach,Medium,Unknown bird - medium,Night,0,0,0,140.0
2000-09-14,Nebraska,Approach,Small,Unknown bird - small,Day,0,0,0,130.0
2000-09-15,DC,Approach,Large,Unknown bird - large,Dawn,0,0,0,170.0
2000-09-15,Maryland,Approach,Medium,Unknown bird - medium,Night,0,0,0,150.0
2000-09-15,Oklahoma,Approach,Medium,Unknown bird - medium,Night,0,0,0,140.0
2000-09-15,North Carolina,Approach,Small,Unknown bird - small,Dawn,0,0,0,140.0
2000-09-15,North Carolina,Approach,Small,Unknown bird - small,Dawn,0,0,0,145.0
2000-09-15,California,Approach,Small,Rock pigeon,Day,0,0,0,140.0
2000-09-15,DC,Approach,Small,Unknown bird - small,Day,0,0,0,130.0
2000-09-15,Missouri,Approach,Small,Mourning dove,Day,0,0,0,126.0
2000-09-15,DC,Approach,Small,Unknown bird - small,Night,0,0,0,190.0
2000-09-15,Tennessee,Approach,Small,Unknown bird - small,Night,0,0,0,150.0
2000-09-16,Hawaii,Approach,Medium,Unknown bird - medium,Dawn,0,0,0,140.0
2000-09-16,Maryland,Climb,Medium,Unknown bird - medium,Day,0,0,0,215.0
2000-09-16,Georgia,Approach,Small,Unknown bird - small,Dawn,0,0,0,125.0
2000-09-16,Oregon,Landing Roll,Small,Barn owl,Dawn,0,0,0,140.0
2000-09-17,Texas,Climb,Medium,Unknown bird - medium,Day,0,0,0,250.0
2000-09-17,Texas,Landing Roll,Small,Unknown bird - small,Dawn,0,0,0,60.0
2000-09-18,North Carolina,Approach,Large,Unknown bird - large,Day,0,0,0,150.0
2000-09-18,Florida,Take-off run,Small,Unknown bird - small,Day,0,0,0,140.0
2000-09-18,Utah,Approach,Small,Unknown bird - small,Night,0,0,0,140.0
2000-09-18,Texas,Landing Roll,Small,Barn owl,Night,0,0,0,140.0
2000-09-19,Nebraska,Approach,Small,Unknown bird - small,Day,0,0,0,140.0
2000-09-19,Florida,Take-off run,Small,Unknown bird - small,Day,0,0,0,140.0
2000-09-20,Utah,Approach,Large,Unknown bird - large,Night,0,0,0,140.0
2000-09-20,Missouri,Approach,Medium,Unknown bird - medium,Night,0,0,0,180.0
2000-09-20,Kentucky,Take-off run,Medium,Unknown bird - medium,Night,0,0,0,140.0
2000-09-20,New York,Approach,Small,European starling,Day,0,0,0,140.0
2000-09-20,Missouri,Approach,Small,Unknown bird - small,Night,0,0,0,210.0
2000-09-20,Pennsylvania,Approach,Small,Unknown bird - small,Night,0,0,0,145.0
2000-09-20,Utah,Approach,Small,Unknown bird - small,Night,0,0,0,250.0
2000-09-21,Nebraska,Approach,Large,Unknown bird - large,Night,13364,2673,16037,140.0
2000-09-21,Texas,Approach,Medium,Unknown bird - medium,Day,0,0,0,120.0
2000-09-21,Louisiana,Approach,Medium,Unknown bird - medium,Day,0,0,0,140.0
2000-09-21,Tennessee,Approach,Medium,Unknown bird - medium,Night,0,0,0,180.0
2000-09-21,Illinois,Descent,Medium,Unknown bird - medium,Night,0,0,0,250.0
2000-09-21,Texas,Landing Roll,Small,Western meadowlark,Dusk,0,0,0,100.0
2000-09-22,Georgia,Approach,Medium,Unknown bird - medium,Night,0,0,0,200.0
2000-09-22,Georgia,Climb,Medium,Unknown bird - medium,Night,0,0,0,220.0
2000-09-22,Kentucky,Climb,Medium,Unknown bird - medium,Night,0,0,0,150.0
2000-09-22,Hawaii,Landing Roll,Small,Pacific golden-plover,Day,0,0,0,125.0
2000-09-22,Texas,Take-off run,Small,Mourning dove,Dusk,0,0,0,148.0
2000-09-23,New Jersey,Approach,Large,Unknown bird - large,Night,0,0,0,170.0
2000-09-23,Illinois,Approach,Medium,Unknown bird - medium,Night,0,0,0,160.0
2000-09-23,New Jersey,Approach,Medium,Unknown bird - medium,Night,0,0,0,200.0
2000-09-23,New Jersey,Approach,Medium,Unknown bird - medium,Night,0,0,0,210.0
2000-09-23,Louisiana,Take-off run,Small,Unknown bird - small,Dawn,0,0,0,130.0
2000-09-23,Hawaii,Take-off run,Small,Unknown bird - small,Day,0,0,0,140.0
2000-09-24,Ohio,Landing Roll,Medium,Unknown bird - medium,Day,0,0,0,140.0
2000-09-24,DC,Approach,Medium,Unknown bird - medium,Night,0,0,0,250.0
2000-09-24,Florida,Descent,Medium,Unknown bird - medium,Night,0,0,0,220.0
2000-09-24,Maryland,Take-off run,Medium,Unknown bird - medium,Night,0,0,0,150.0
2000-09-24,Kentucky,Approach,Small,Unknown bird - small,Day,0,0,0,145.0
2000-09-24,Texas,Approach,Small,Unknown bird - small,Day,0,0,0,130.0
2000-09-24,Texas,Approach,Small,Unknown bird - small,Day,0,0,0,120.0
2000-09-24,Ohio,Climb,Small,Mourning dove,Day,0,0,0,150.0
2000-09-24,Hawaii,Take-off run,Small,Pacific golden-plover,Day,0,0,0,140.0
2000-09-24,South Carolina,Take-off run,Small,Mourning dove,Dusk,0,220501,220501,60.0
2000-09-25,New York,Approach,Medium,Unknown bird - medium,Night,0,0,0,140.0
2000-09-25,Tennessee,Approach,Medium,Unknown bird - medium,Night,0,0,0,160.0
2000-09-25,Florida,Climb,Medium,Unknown bird - medium,Night,0,0,0,210.0
2000-09-25,Georgia,Climb,Medium,Unknown bird - medium,Night,0,0,0,220.0
2000-09-25,Louisiana,Approach,Small,Unknown bird - small,Day,0,0,0,135.0
2000-09-25,Arizona,Approach,Small,Unknown bird - small,Night,0,0,0,170.0
2000-09-25,Oregon,Approach,Small,Unknown bird - small,Night,0,0,0,210.0
2000-09-26,Colorado,Landing Roll,Medium,Unknown bird - medium,Day,0,0,0,140.0
2000-09-26,New York,Approach,Medium,Unknown bird - medium,Night,0,0,0,130.0
2000-09-26,Pennsylvania,Climb,Medium,Unknown bird - medium,Night,0,0,0,160.0
2000-09-26,Indiana,Approach,Small,Mourning dove,Dawn,0,0,0,140.0
2000-09-26,Florida,Take-off run,Small,Unknown bird - small,Day,0,0,0,121.0
2000-09-26,Kentucky,Approach,Small,Unknown bird - small,Night,0,0,0,160.0
2000-09-26,Kentucky,Approach,Small,Unknown bird - small,Night,0,0,0,210.0
2000-09-26,Pennsylvania,Climb,Small,Unknown bird - small,Night,0,0,0,155.0
2000-09-27,Tennessee,Landing Roll,Medium,Unknown bird - medium,Day,0,0,0,100.0
2000-09-27,Georgia,Approach,Medium,Unknown bird - medium,Night,0,0,0,140.0
2000-09-27,Texas,Approach,Medium,Unknown bird - medium,Night,0,0,0,125.0
2000-09-27,Illinois,Approach,Small,Unknown bird - small,Day,0,0,0,135.0
2000-09-27,Texas,Approach,Small,Unknown bird - small,Night,0,0,0,140.0
2000-09-27,Maryland,Climb,Small,Unknown bird - small,Night,0,0,0,220.0
2000-09-28,Michigan,Climb,Large,Canada goose,Day,0,0,0,140.0
2000-09-28,DC,Climb,Large,Unknown bird - large,Night,0,0,0,140.0
2000-09-28,South Carolina,Approach,Medium,Unknown bird or bat,Night,0,0,0,140.0
2000-09-28,South Carolina,Approach,Medium,Unknown bird or bat,Night,0,0,0,225.0
2000-09-28,Tennessee,Approach,Small,Unknown bird - small,Night,0,0,0,200.0
2000-09-29,Tennessee,Approach,Medium,Unknown bird - medium,Dusk,0,0,0,140.0
2000-09-29,Tennessee,Approach,Medium,Unknown bird - medium,Night,0,0,0,115.0
2000-09-29,California,Approach,Small,Unknown bird - small,Night,0,0,0,145.0
2000-09-30,California,Approach,Medium,Unknown bird - medium,Day,0,0,0,170.0
2000-09-30,Kentucky,Approach,Small,Unknown bird - small,Night,0,0,0,130.0
2000-09-30,Utah,Approach,Small,Unknown bird - small,Night,0,0,0,125.0
2000-10-01,New Jersey,Approach,Large,Unknown bird - large,Night,0,0,0,140.0
2000-10-01,Louisiana,Take-off run,Medium,Unknown bird - medium,Dawn,0,0,0,80.0
2000-10-01,Pennsylvania,Descent,Medium,Unknown bird - medium,Night,0,0,0,250.0
2000-10-01,Arizona,Approach,Small,Unknown bird - small,Day,0,0,0,140.0
2000-10-01,Kentucky,Approach,Small,Unknown bird - small,Dusk,0,0,0,141.0
2000-10-01,North Carolina,Descent,Small,Unknown bird - small,Night,0,0,0,250.0
2000-10-01,DC,Approach,Small,Unknown bird - small,Night,0,0,0,132.0
2000-10-02,Oregon,Approach,Medium,Unknown bird - medium,Night,0,0,0,190.0
2000-10-02,Texas,Approach,Small,Unknown bird - small,Day,0,0,0,140.0
2000-10-02,Hawaii,Landing Roll,Small,Pacific golden-plover,Day,0,0,0,140.0
2000-10-02,Illinois,Approach,Small,Unknown bird - small,Night,0,0,0,180.0
2000-10-02,Maryland,Approach,Small,Unknown bird - small,Night,0,0,0,140.0
2000-10-03,Washington,Climb,Medium,Unknown bird - medium,Night,0,0,0,200.0
2000-10-03,DC,Approach,Small,Unknown bird - small,Day,0,0,0,139.0
2000-10-03,Hawaii,Take-off run,Small,Pacific golden-plover,Day,0,0,0,140.0
2000-10-04,Michigan,Take-off run,Medium,Ring-billed gull,Day,0,0,0,70.0
2000-10-04,Missouri,Climb,Medium,Unknown bird - medium,Night,0,0,0,140.0
2000-10-04,Tennessee,Approach,Small,European starling,Day,0,0,0,140.0
2000-10-04,Texas,Approach,Small,Unknown bird - small,Day,0,0,0,150.0
2000-10-04,Missouri,Take-off run,Small,Unknown bird - small,Day,0,0,0,120.0
2000-10-05,Texas,Approach,Medium,Unknown bird - medium,Day,0,0,0,120.0
2000-10-05,DC,Climb,Medium,Unknown bird - medium,Day,0,0,0,190.0
2000-10-05,Illinois,Climb,Medium,Unknown bird - medium,Day,0,0,0,140.0
2000-10-06,Tennessee,Approach,Large,Unknown bird - large,Night,0,0,0,230.0
2000-10-06,Texas,Approach,Medium,Unknown bird - medium,Dawn,0,0,0,130.0
2000-10-06,Texas,Approach,Medium,Unknown bird - medium,Day,0,0,0,143.0
2000-10-06,Texas,Landing Roll,Medium,Red-tailed hawk,Day,0,0,0,140.0
2000-10-06,DC,Approach,Medium,Unknown bird - medium,Night,0,0,0,210.0
2000-10-06,Tennessee,Approach,Medium,Unknown bird - medium,Night,0,0,0,165.0
2000-10-06,Tennessee,Approach,Medium,Unknown bird - medium,Night,0,0,0,170.0
2000-10-06,Tennessee,Climb,Medium,Unknown bird - medium,Night,0,0,0,200.0
2000-10-06,California,Approach,Small,Unknown bird - small,Day,0,0,0,220.0
2000-10-06,Texas,Approach,Small,Unknown bird - small,Day,0,0,0,180.0
2000-10-06,DC,Approach,Small,Unknown bird - small,Night,0,0,0,140.0
2000-10-07,Georgia,Descent,Large,Unknown bird - large,Day,0,0,0,180.0
2000-10-07,Indiana,Approach,Medium,Unknown bird - medium,Dawn,0,0,0,160.0
2000-10-07,Illinois,Approach,Medium,Unknown bird - medium,Day,0,0,0,160.0
2000-10-07,Florida,Climb,Medium,Unknown bird - medium,Day,0,0,0,275.0
2000-10-07,Texas,Climb,Medium,Unknown bird - medium,Night,0,0,0,160.0
2000-10-07,Tennessee,Approach,Medium,Unknown bird - medium,Night,0,0,0,140.0
2000-10-07,California,Approach,Small,Unknown bird - small,Day,0,0,0,230.0
2000-10-07,Hawaii,Approach,Small,Pacific golden-plover,Day,0,0,0,140.0
2000-10-07,Texas,Landing Roll,Small,Unknown bird - small,Day,0,0,0,140.0
2000-10-07,Massachusetts,Approach,Small,Unknown bird - small,Night,0,0,0,130.0
2000-10-07,Tennessee,Approach,Small,Unknown bird - small,Night,0,0,0,160.0
2000-10-08,Tennessee,Climb,Medium,Unknown bird - medium,Day,0,0,0,150.0
2000-10-08,DC,Approach,Medium,Unknown bird - medium,Night,0,0,0,170.0
2000-10-08,New Jersey,Approach,Medium,Unknown bird - medium,Night,0,0,0,131.0
2000-10-08,Texas,Approach,Small,Unknown bird - small,Day,0,0,0,180.0
2000-10-08,California,Landing Roll,Small,Barn swallow,Day,0,0,0,140.0
2000-10-08,Texas,Landing Roll,Small,Unknown bird - small,Day,0,0,0,100.0
2000-10-09,Michigan,Approach,Small,Unknown bird - small,Day,0,0,0,130.0
2000-10-09,Texas,Approach,Small,Unknown bird - small,Day,0,0,0,200.0
2000-10-10,New Jersey,Approach,Large,Canada goose,Dusk,0,53455,53455,130.0
2000-10-10,DC,Approach,Small,Unknown bird - small,Day,0,0,0,130.0
2000-10-10,California,Landing Roll,Small,Unknown bird - small,Day,0,0,0,140.0
2000-10-10,New Jersey,Approach,Small,Unknown bird - small,Night,0,0,0,180.0
2000-10-11,New York,Approach,Large,Unknown bird - large,Day,0,0,0,210.0
2000-10-11,Kentucky,Landing Roll,Medium,Unknown bird - medium,Night,0,0,0,140.0
2000-10-11,Texas,Approach,Small,Unknown bird - small,Day,0,0,0,130.0
2000-10-11,Pennsylvania,Approach,Small,Unknown bird - small,Night,0,0,0,180.0
2000-10-12,DC,Approach,Medium,Unknown bird - medium,Day,0,0,0,220.0
2000-10-12,Louisiana,Approach,Medium,Unknown bird or bat,Dusk,0,0,0,150.0
2000-10-12,New York,Approach,Medium,Unknown bird - medium,Night,0,0,0,140.0
2000-10-12,Tennessee,Take-off run,Small,Unknown bird - small,Dawn,0,0,0,140.0
2000-10-13,California,Approach,Large,Unknown bird - large,Night,2673,334092,336765,170.0
2000-10-13,New Jersey,Approach,Medium,Unknown bird - medium,Night,0,0,0,154.0
2000-10-13,Ohio,Climb,Small,Unknown bird - small,Day,0,0,0,160.0
2000-10-14,Minnesota,Landing Roll,Large,Unknown bird - large,Day,0,0,0,160.0
2000-10-14,Minnesota,Approach,Medium,Unknown bird - medium,Night,0,0,0,145.0
2000-10-14,DC,Climb,Medium,Unknown bird - medium,Night,0,0,0,250.0
2000-10-14,Florida,Climb,Medium,Unknown bird - medium,Night,0,0,0,170.0
2000-10-15,Florida,Approach,Medium,Unknown bird - medium,Day,0,0,0,150.0
2000-10-15,Missouri,Approach,Medium,Unknown bird - medium,Night,0,0,0,160.0
2000-10-15,DC,Descent,Medium,Unknown bird - medium,Night,0,0,0,250.0
2000-10-15,Illinois,Approach,Small,Unknown bird - small,Dawn,0,0,0,135.0
2000-10-15,California,Climb,Small,Mourning dove,Day,0,0,0,160.0
2000-10-15,Pennsylvania,Approach,Small,Unknown bird - small,Night,0,0,0,210.0
2000-10-16,Oklahoma,Climb,Large,Turkey vulture,Day,0,0,0,250.0
2000-10-16,New Jersey,Approach,Medium,Unknown bird - medium,Night,0,0,0,140.0
2000-10-16,Pennsylvania,Approach,Medium,Unknown bird - medium,Night,0,0,0,130.0
2000-10-16,Kentucky,Approach,Small,European starling,Day,0,0,0,130.0
2000-10-16,Massachusetts,Take-off run,Small,Rock pigeon,Day,0,0,0,140.0
2000-10-16,Ohio,Approach,Small,Unknown bird - small,Night,0,0,0,160.0
2000-10-16,Tennessee,Climb,Small,Unknown bird - small,Night,0,0,0,130.0
2000-10-17,California,Approach,Large,Turkey vulture,Day,0,20046,20046,70.0
2000-10-17,Pennsylvania,Approach,Medium,Unknown bird - medium,Day,0,0,0,200.0
2000-10-17,Tennessee,Landing Roll,Medium,Unknown bird - medium,Day,0,0,0,130.0
2000-10-17,Arizona,Approach,Small,Unknown bird - small,Day,0,0,0,140.0
2000-10-17,Texas,Landing Roll,Small,Unknown bird - small,Day,0,0,0,100.0
2000-10-17,Tennessee,Approach,Small,European starling,Night,0,0,0,150.0
2000-10-17,Texas,Approach,Small,Unknown bird - small,Night,0,0,0,210.0
2000-10-18,New Jersey,Approach,Medium,Unknown bird - medium,Night,0,0,0,180.0
2000-10-18,Tennessee,Approach,Medium,Unknown bird - medium,Night,0,0,0,140.0
2000-10-18,Tennessee,Climb,Small,Unknown bird - small,Day,0,0,0,140.0
2000-10-18,Kentucky,Approach,Small,Unknown bird - small,Night,0,0,0,150.0
2000-10-19,South Carolina,Approach,Medium,Unknown bird or bat,Dusk,0,0,0,200.0
2000-10-19,South Carolina,Approach,Medium,Unknown bird or bat,Night,0,0,0,230.0
2000-10-19,North Carolina,Climb,Medium,Unknown bird - medium,Night,0,0,0,135.0
2000-10-19,Maryland,Descent,Medium,Unknown bird - medium,Night,0,0,0,220.0
2000-10-19,Hawaii,Landing Roll,Small,Pacific golden-plover,Day,0,0,0,140.0
2000-10-19,Texas,Landing Roll,Small,Unknown bird - small,Day,0,0,0,130.0
2000-10-19,Texas,Take-off run,Small,Unknown bird - small,Day,0,0,0,90.0
2000-10-19,Arizona,Climb,Small,Unknown bird - small,Night,0,0,0,140.0
2000-10-20,Massachusetts,Climb,Small,Unknown bird - small,Day,0,0,0,140.0
2000-10-20,Colorado,Climb,Small,Unknown bird - small,Day,0,0,0,140.0
2000-10-20,Texas,Landing Roll,Small,Mourning dove,Day,0,0,0,140.0
2000-10-20,Texas,Landing Roll,Small,Meadowlarks,Day,0,0,0,140.0
2000-10-20,Minnesota,Approach,Small,Unknown bird - small,Night,0,0,0,140.0
2000-10-20,Minnesota,Climb,Small,Unknown bird - small,Night,0,0,0,160.0
2000-10-20,New York,Descent,Small,Unknown bird - small,Night,0,0,0,210.0
2000-10-21,DC,Approach,Medium,Unknown bird - medium,Night,0,0,0,140.0
2000-10-21,Nebraska,Climb,Medium,Unknown bird - medium,Night,0,0,0,140.0
2000-10-21,DC,Approach,Small,Unknown bird - small,Night,0,0,0,150.0
2000-10-22,Oklahoma,Approach,Large,Unknown bird - large,Night,0,0,0,135.0
2000-10-22,DC,Approach,Medium,Unknown bird - medium,Night,0,0,0,140.0
2000-10-22,Missouri,Approach,Small,Unknown bird - small,Night,0,0,0,130.0
2000-10-23,South Carolina,Approach,Medium,Unknown bird or bat,Day,0,0,0,220.0
2000-10-23,California,Approach,Medium,Unknown bird - medium,Night,0,0,0,250.0
2000-10-23,New York,Approach,Small,Unknown bird - small,Day,0,0,0,115.0
2000-10-23,North Carolina,Take-off run,Small,Unknown bird - small,Dusk,0,0,0,100.0
2000-10-23,Ohio,Approach,Small,Unknown bird - small,Night,0,0,0,190.0
2000-10-24,Maryland,Descent,Medium,Unknown bird - medium,Day,0,0,0,230.0
2000-10-24,Florida,Approach,Medium,Unknown bird - medium,Night,0,0,0,140.0
2000-10-24,Georgia,Approach,Medium,Unknown bird - medium,Night,0,0,0,200.0
2000-10-25,New York,Take-off run,Medium,Herring gull,Day,0,0,0,160.0
2000-10-25,Florida,Approach,Medium,Unknown bird - medium,Night,0,0,0,140.0
2000-10-26,New Jersey,Approach,Medium,Unknown bird - medium,Night,0,0,0,140.0
2000-10-26,Georgia,Climb,Medium,Unknown bird - medium,Night,0,0,0,230.0
2000-10-26,DC,Descent,Medium,Unknown bird - medium,Night,0,0,0,140.0
2000-10-26,Louisiana,Descent,Small,Unknown bird - small,Night,0,0,0,250.0
2000-10-27,Illinois,Climb,Medium,Unknown bird - medium,Dusk,0,0,0,200.0
2000-10-27,Tennessee,Approach,Medium,Unknown bird - medium,Night,0,0,0,160.0
2000-10-27,Pennsylvania,Climb,Medium,Unknown bird - medium,Night,0,0,0,140.0
2000-10-27,Georgia,Approach,Small,Unknown bird - small,Dusk,0,0,0,130.0
2000-10-27,Missouri,Approach,Small,Unknown bird - small,Night,0,0,0,135.0
2000-10-27,North Carolina,Climb,Small,Unknown bird - small,Night,0,0,0,250.0
2000-10-28,Kentucky,Approach,Medium,Unknown bird - medium,Night,0,0,0,130.0
2000-10-28,Tennessee,Approach,Medium,Unknown bird - medium,Night,0,0,0,140.0
2000-10-28,Pennsylvania,Take-off run,Medium,Unknown bird - medium,Night,0,0,0,110.0
2000-10-28,New York,Approach,Small,Unknown bird - small,Night,0,0,0,140.0
2000-10-29,Oregon,Descent,Large,Unknown bird - large,Night,134,0,134,250.0
2000-10-29,Texas,Take-off run,Medium,Unknown bird - medium,Day,0,0,0,120.0
2000-10-29,DC,Approach,Medium,Unknown bird - medium,Night,0,0,0,120.0
2000-10-29,New York,Approach,Medium,Unknown bird - medium,Night,0,0,0,210.0
2000-10-29,Illinois,Approach,Small,Rock pigeon,Day,0,0,0,138.0
2000-10-29,Georgia,Approach,Small,Unknown bird - small,Night,0,0,0,140.0
2000-10-30,New Jersey,Approach,Large,Unknown bird - large,Night,0,0,0,190.0
2000-10-30,Florida,Approach,Medium,Unknown bird - medium,Dawn,0,0,0,170.0
2000-10-30,DC,Approach,Medium,Unknown bird - medium,Night,0,0,0,170.0
2000-10-30,Tennessee,Climb,Small,Unknown bird - small,Day,0,0,0,150.0
2000-10-30,Oregon,Descent,Small,Unknown bird - small,Night,0,0,0,140.0
2000-10-31,California,Approach,Medium,Unknown bird - medium,Night,0,0,0,140.0
2000-10-31,Texas,Landing Roll,Small,Unknown bird - small,Day,0,0,0,115.0
2000-10-31,South Carolina,Approach,Small,American robin,Night,0,0,0,230.0
2000-11-01,Washington,Approach,Medium,American crow,Night,0,0,0,140.0
2000-11-01,South Carolina,Climb,Medium,Unknown bird or bat,Night,0,0,0,200.0
2000-11-01,California,Climb,Small,Unknown bird - small,Day,0,0,0,160.0
2000-11-01,New York,Approach,Small,Unknown bird - small,Night,0,0,0,180.0
2000-11-01,Texas,Approach,Small,Unknown bird - small,Night,0,0,0,200.0
2000-11-01,Pennsylvania,Climb,Small,Unknown bird - small,Night,0,0,0,250.0
2000-11-01,Oklahoma,Descent,Small,Unknown bird - small,Night,0,0,0,250.0
2000-11-02,Ohio,Approach,Small,Unknown bird - small,Night,0,0,0,190.0
2000-11-02,Tennessee,Climb,Small,Unknown bird - small,Night,0,0,0,220.0
2000-11-03,Tennessee,Approach,Large,Unknown bird - large,Night,0,0,0,240.0
2000-11-03,California,Approach,Large,Unknown bird - large,Night,0,0,0,140.0
2000-11-03,Minnesota,Approach,Large,Unknown bird - large,Night,0,0,0,180.0
2000-11-03,New York,Climb,Medium,Herring gull,Day,0,0,0,140.0
2000-11-03,Missouri,Approach,Small,Unknown bird - small,Dusk,0,0,0,220.0
2000-11-04,New York,Climb,Medium,Unknown bird - medium,Day,0,0,0,190.0
2000-11-04,Tennessee,Approach,Medium,Unknown bird - medium,Night,0,0,0,140.0
2000-11-04,Massachusetts,Landing Roll,Medium,Unknown bird - medium,Night,0,0,0,140.0
2000-11-04,New York,Approach,Small,European starling,Day,0,0,0,140.0
2000-11-05,Texas,Descent,Medium,Unknown bird - medium,Day,0,0,0,150.0
2000-11-05,California,Approach,Medium,Unknown bird - medium,Night,0,0,0,170.0
2000-11-05,Colorado,Landing Roll,Medium,Unknown bird - medium,Night,0,0,0,140.0
2000-11-06,California,Take-off run,Small,Unknown bird - small,Day,0,0,0,140.0
2000-11-06,Pennsylvania,Approach,Small,Unknown bird - small,Night,0,0,0,180.0
2000-11-06,Texas,Landing Roll,Small,Barn owl,Night,0,0,0,140.0
2000-11-07,New Jersey,Approach,Large,Unknown bird - large,Night,0,0,0,100.0
2000-11-07,Georgia,Approach,Large,Unknown bird - large,Night,0,0,0,110.0
2000-11-07,California,Take-off run,Medium,Unknown bird - medium,Day,0,0,0,125.0
2000-11-07,California,Climb,Small,Unknown bird - small,Day,0,0,0,67.0
2000-11-08,Washington,Approach,Small,Unknown bird - small,Night,0,0,0,140.0
2000-11-09,Michigan,Landing Roll,Medium,Unknown bird - medium,Day,0,0,0,120.0
2000-11-09,Texas,Descent,Small,Unknown bird - small,Night,0,0,0,240.0
2000-11-10,Missouri,Approach,Large,Unknown bird - large,Night,0,0,0,220.0
2000-11-10,Tennessee,Approach,Medium,Unknown bird - medium,Night,0,0,0,140.0
2000-11-10,Kentucky,Landing Roll,Medium,Unknown bird - medium,Night,0,0,0,140.0
2000-11-11,Colorado,Approach,Small,Unknown bird - small,Day,0,0,0,145.0
2000-11-11,Missouri,Approach,Small,American robin,Night,0,0,0,140.0
2000-11-11,Texas,Approach,Small,Unknown bird - small,Night,0,0,0,129.0
2000-11-12,Pennsylvania,Approach,Large,Canada goose,Night,0,0,0,230.0
2000-11-12,Texas,Descent,Large,Unknown bird - large,Night,0,0,0,150.0
2000-11-12,Massachusetts,Landing Roll,Small,European starling,Dusk,0,0,0,112.0
2000-11-12,Texas,Climb,Small,Unknown bird - small,Night,0,0,0,190.0
2000-11-13,Minnesota,Climb,Large,Unknown bird - large,Night,0,0,0,170.0
2000-11-13,Louisiana,Approach,Large,Turkey vulture,Night,0,0,0,138.0
2000-11-13,Texas,Climb,Small,Unknown bird - small,Night,0,0,0,200.0
2000-11-14,Hawaii,Landing Roll,Medium,Unknown bird - medium,Day,0,0,0,140.0
2000-11-14,Texas,Landing Roll,Medium,Red-tailed hawk,Day,0,0,0,140.0
2000-11-15,Washington,Climb,Medium,Unknown bird - medium,Day,0,0,0,120.0
2000-11-15,Massachusetts,Climb,Small,Unknown bird - small,Dawn,0,0,0,150.0
2000-11-15,North Carolina,Approach,Small,Unknown bird - small,Day,0,0,0,140.0
2000-11-16,Minnesota,Approach,Large,Canada goose,Day,7216,80182,87398,140.0
2000-11-16,Maryland,Landing Roll,Large,White-tailed deer,Night,0,0,0,120.0
2000-11-16,Missouri,Approach,Medium,Unknown bird - medium,Night,0,0,0,160.0
2000-11-16,New York,Climb,Small,Unknown bird - small,Day,0,0,0,160.0
2000-11-16,Texas,Landing Roll,Small,American kestrel,Day,0,0,0,140.0
2000-11-16,Texas,Landing Roll,Small,Western meadowlark,Day,0,0,0,140.0
2000-11-19,DC,Climb,Large,Canada goose,Day,0,1304,1304,140.0
2000-11-19,South Carolina,Take-off run,Medium,Herring gull,Dusk,0,0,0,80.0
2000-11-19,DC,Approach,Small,Mourning dove,Day,0,0,0,125.0
2000-11-19,Hawaii,Landing Roll,Small,Pacific golden-plover,Day,0,0,0,140.0
2000-11-19,Tennessee,Approach,Small,Unknown bird - small,Night,0,0,0,200.0
2000-11-20,Texas,Approach,Small,Unknown bird - small,Night,0,0,0,140.0
2000-11-21,Texas,Approach,Large,Turkey vulture,Day,0,0,0,140.0
2000-11-22,Washington,Climb,Large,Canada goose,Night,0,0,0,160.0
2000-11-22,Ohio,Approach,Medium,Unknown bird - medium,Night,0,0,0,140.0
2000-11-22,Ohio,Landing Roll,Small,Mourning dove,Night,0,0,0,140.0
2000-11-23,New York,Climb,Medium,Unknown bird - medium,Night,0,30736,30736,140.0
2000-11-24,California,Take-off run,Medium,Unknown bird - medium,Day,0,0,0,140.0
2000-11-25,DC,Approach,Small,Unknown bird - small,Night,0,0,0,140.0
2000-11-26,Indiana,Landing Roll,Medium,Ring-billed gull,Day,0,0,0,140.0
2000-11-26,Tennessee,Approach,Medium,Unknown bird - medium,Night,0,0,0,210.0
2000-11-27,Texas,Landing Roll,Medium,Red-tailed hawk,Day,0,0,0,140.0
2000-11-28,North Carolina,Approach,Medium,Unknown bird - medium,Night,0,0,0,180.0
2000-11-28,Texas,Landing Roll,Small,Rock pigeon,Day,0,0,0,140.0
2000-11-28,Oregon,Approach,Small,Unknown bird - small,Dusk,0,0,0,140.0
2000-11-29,Louisiana,Approach,Medium,Unknown bird or bat,Day,0,0,0,140.0
2000-11-29,South Carolina,Approach,Medium,Unknown bird or bat,Day,0,0,0,200.0
2000-11-29,Utah,Approach,Medium,Unknown bird - medium,Night,0,0,0,140.0
2000-11-30,Colorado,Climb,Medium,Unknown bird - medium,Day,0,0,0,140.0
2000-11-30,New Jersey,Landing Roll,Medium,Unknown bird or bat,Night,0,0,0,140.0
2000-11-30,Pennsylvania,Take-off run,Medium,Unknown bird - medium,Night,0,0,0,150.0
2000-12-01,Louisiana,Approach,Medium,Unknown bird or bat,Day,0,0,0,160.0
2000-12-01,Hawaii,Approach,Small,Unknown bird - small,Night,0,0,0,140.0
2000-12-02,Washington,Landing Roll,Small,European starling,Dawn,0,0,0,140.0
2000-12-02,California,Approach,Small,Unknown bird - small,Night,0,0,0,130.0
2000-12-03,California,Climb,Medium,Unknown bird - medium,Day,0,0,0,140.0
2000-12-03,California,Approach,Medium,Unknown bird - medium,Night,0,0,0,135.0
2000-12-03,Kentucky,Climb,Medium,Unknown bird - medium,Night,0,0,0,180.0
2000-12-05,DC,Approach,Medium,Unknown bird - medium,Night,0,0,0,175.0
2000-12-06,California,Approach,Medium,Unknown bird - medium,Night,0,0,0,210.0
2000-12-06,California,Approach,Small,Unknown bird - small,Night,0,0,0,170.0
2000-12-07,Massachusetts,Landing Roll,Small,Unknown bird - small,Day,0,0,0,120.0
2000-12-09,Texas,Take-off run,Medium,Red-tailed hawk,Day,0,0,0,140.0
2000-12-09,California,Climb,Medium,Unknown bird - medium,Day,0,0,0,140.0
2000-12-09,Texas,Take-off run,Medium,Unknown bird - medium,Day,0,0,0,140.0
2000-12-11,Tennessee,Approach,Large,Unknown bird - large,Night,0,0,0,180.0
2000-12-11,DC,Approach,Small,Unknown bird - small,Day,0,0,0,130.0
2000-12-11,California,Approach,Small,Killdeer,Night,0,0,0,120.0
2000-12-12,South Carolina,Approach,Medium,Unknown bird or bat,Day,0,0,0,130.0
2000-12-12,Oregon,Landing Roll,Small,Mourning dove,Dawn,0,0,0,140.0
2000-12-12,California,Approach,Small,Unknown bird - small,Night,0,0,0,140.0
2000-12-13,California,Approach,Medium,Unknown bird - medium,Day,0,0,0,140.0
2000-12-13,Kentucky,Climb,Medium,Unknown bird - medium,Night,0,0,0,170.0
2000-12-14,Hawaii,Descent,Medium,Unknown bird - medium,Day,0,0,0,140.0
2000-12-15,South Carolina,Approach,Medium,Unknown bird or bat,Day,0,0,0,0.0
2000-12-15,Pennsylvania,Landing Roll,Small,Mourning dove,Day,0,0,0,115.0
2000-12-16,New Jersey,Climb,Medium,Red-tailed hawk,Day,0,0,0,110.0
2000-12-16,Massachusetts,Approach,Medium,Herring gull,Dusk,0,0,0,125.0
2000-12-17,Tennessee,Climb,Large,Unknown bird - large,Day,0,0,0,235.0
2000-12-17,Missouri,Approach,Small,Unknown bird - small,Day,0,0,0,160.0
2000-12-18,California,Climb,Large,Unknown bird - large,Night,0,0,0,210.0
2000-12-19,Texas,Take-off run,Medium,Red-tailed hawk,Day,0,0,0,140.0
2000-12-19,Texas,Take-off run,Small,European starling,Day,0,0,0,140.0
2000-12-20,Ohio,Approach,Medium,Unknown bird - medium,Night,0,0,0,140.0
2000-12-23,New Jersey,Approach,Medium,Unknown bird - medium,Day,0,0,0,140.0
2000-12-23,California,Approach,Medium,Unknown bird - medium,Night,0,0,0,140.0
2000-12-23,North Carolina,Landing Roll,Small,Rock pigeon,Day,0,0,0,90.0
2000-12-25,Texas,Landing Roll,Medium,Ring-billed gull,Day,0,0,0,140.0
2000-12-25,Texas,Take-off run,Medium,Unknown bird - medium,Day,0,0,0,126.0
2000-12-26,DC,Approach,Medium,Unknown bird - medium,Day,0,0,0,140.0
2000-12-26,Oregon,Take-off run,Small,Barn owl,Night,0,0,0,140.0
2000-12-27,California,Approach,Large,Unknown bird - large,Night,0,0,0,170.0
2000-12-28,Colorado,Approach,Small,Unknown bird - small,Day,0,0,0,140.0
2000-12-28,Colorado,Take-off run,Small,Unknown bird - small,Night,0,0,0,140.0
2000-12-30,Tennessee,Landing Roll,Medium,Red-tailed hawk,Day,0,0,0,140.0
2001-01-01,New York,Take-off run,Large,Unknown bird - large,Day,0,0,0,130.0
2001-01-02,Louisiana,Approach,Medium,Unknown bird - medium,Day,0,0,0,250.0
2001-01-02,Texas,Take-off run,Medium,Unknown bird - medium,Day,0,0,0,140.0
2001-01-02,Texas,Descent,Medium,Unknown bird - medium,Night,0,0,0,210.0
2001-01-02,Utah,Landing Roll,Small,Unknown bird - small,Day,0,0,0,140.0
2001-01-02,New Jersey,Take-off run,Small,Unknown bird - small,Dusk,0,0,0,145.0
2001-01-03,North Carolina,Take-off run,Small,Unknown bird - small,Dusk,0,0,0,135.0
2001-01-05,South Carolina,Climb,Medium,Unknown bird or bat,Day,0,0,0,180.0
2001-01-05,North Carolina,Approach,Medium,Unknown bird - medium,Dusk,0,0,0,140.0
2001-01-06,Utah,Landing Roll,Medium,Unknown bird - medium,Dawn,0,0,0,140.0
2001-01-06,California,Approach,Small,Unknown bird - small,Night,0,0,0,130.0
2001-01-07,Texas,Landing Roll,Large,Coyote,Night,0,0,0,140.0
2001-01-08,California,Landing Roll,Medium,Unknown bird - medium,Day,0,0,0,140.0
2001-01-08,California,Approach,Medium,Unknown bird - medium,Night,0,0,0,140.0
2001-01-09,Arizona,Landing Roll,Small,Horned lark,Day,0,0,0,140.0
2001-01-10,Arizona,Landing Roll,Medium,Unknown bird - medium,Day,0,0,0,140.0
2001-01-10,DC,Approach,Medium,Unknown bird - medium,Night,0,0,0,160.0
2001-01-10,Pennsylvania,Approach,Small,Unknown bird - small,Night,0,0,0,130.0
2001-01-11,Hawaii,Approach,Small,Unknown bird - small,Day,0,0,0,135.0
2001-01-12,California,Take-off run,Medium,Unknown bird or bat,Day,0,0,0,145.0
2001-01-13,Texas,Take-off run,Medium,Unknown bird - medium,Day,0,0,0,140.0
2001-01-13,Hawaii,Landing Roll,Small,Unknown bird - small,Day,0,0,0,110.0
2001-01-14,Pennsylvania,Approach,Medium,Unknown bird - medium,Dusk,0,0,0,145.0
2001-01-15,Missouri,Landing Roll,Medium,Unknown bird - medium,Dawn,0,0,0,100.0
2001-01-15,Ohio,Climb,Medium,Unknown bird - medium,Dusk,0,0,0,200.0
2001-01-15,California,Landing Roll,Small,Rock pigeon,Day,0,0,0,120.0
2001-01-16,California,Approach,Medium,Unknown bird - medium,Day,0,0,0,120.0
2001-01-16,South Carolina,Approach,Medium,Unknown bird or bat,Day,0,0,0,125.0
2001-01-16,Hawaii,Take-off run,Small,Pacific golden-plover,Day,0,0,0,90.0
2001-01-16,Maryland,Approach,Small,Unknown bird - small,Night,0,0,0,180.0
2001-01-17,California,Climb,Medium,Unknown bird - medium,Dusk,0,0,0,220.0
2001-01-18,Colorado,Take-off run,Medium,Unknown bird - medium,Night,0,0,0,140.0
2001-01-18,California,Approach,Small,Unknown bird - small,Night,0,0,0,150.0
2001-01-20,California,Take-off run,Small,Unknown bird - small,Day,0,0,0,140.0
2001-01-21,California,Approach,Large,Unknown bird - large,Dusk,0,0,0,180.0
2001-01-21,Oregon,Take-off run,Medium,Herring gull,Day,0,0,0,167.0
2001-01-21,Kentucky,Approach,Small,Unknown bird - small,Night,0,0,0,140.0
2001-01-23,Missouri,Climb,Large,Canada goose,Night,0,29273,29273,250.0
2001-01-24,Texas,Landing Roll,Medium,Unknown bird - medium,Day,0,0,0,140.0
2001-01-24,Pennsylvania,Approach,Small,Unknown bird - small,Day,0,0,0,145.0
2001-01-25,Missouri,Take-off run,Small,Rock pigeon,Dawn,0,0,0,140.0
2001-01-26,Arizona,Landing Roll,Medium,Unknown bird - medium,Night,0,0,0,140.0
2001-01-27,Illinois,Landing Roll,Large,Coyote,Night,0,0,0,140.0
2001-01-28,California,Climb,Medium,Unknown bird - medium,Dawn,0,0,0,190.0
2001-01-28,South Carolina,Approach,Medium,Unknown bird or bat,Day,0,0,0,130.0
2001-01-28,Texas,Approach,Small,Unknown bird - small,Day,0,0,0,138.0
2001-01-29,Utah,Landing Roll,Small,Horned lark,Day,0,0,0,140.0
2001-01-30,Texas,Approach,Medium,Unknown bird - medium,Night,0,0,0,140.0
2001-01-31,Maryland,Approach,Small,Unknown bird - small,Dawn,0,0,0,120.0
2001-02-01,California,Take-off run,Medium,Unknown bird - medium,Day,0,0,0,140.0
2001-02-01,California,Approach,Small,Unknown bird - small,Night,195,0,195,130.0
2001-02-02,Florida,Take-off run,Medium,Unknown bird - medium,Dawn,0,0,0,140.0
2001-02-02,Missouri,Approach,Medium,Unknown bird - medium,Dawn,0,0,0,130.0
2001-02-02,DC,Approach,Medium,Ring-billed gull,Night,0,0,0,140.0
2001-02-02,Louisiana,Approach,Small,Unknown bird - small,Dusk,0,0,0,130.0
2001-02-04,New York,Approach,Medium,Unknown bird - medium,Night,0,0,0,140.0
2001-02-04,Texas,Climb,Small,European starling,Day,0,0,0,140.0
2001-02-05,Missouri,Approach,Large,Canada goose,Night,0,0,0,128.0
2001-02-05,California,Take-off run,Medium,Unknown bird - medium,Night,0,0,0,140.0
2001-02-06,Louisiana,Climb,Medium,Unknown bird - medium,Night,0,0,0,250.0
2001-02-06,New York,Landing Roll,Small,Horned lark,Day,0,0,0,140.0
2001-02-07,South Carolina,Take-off run,Medium,Unknown bird or bat,Day,0,0,0,80.0
2001-02-07,South Carolina,Climb,Medium,Unknown bird or bat,Dusk,0,0,0,130.0
2001-02-09,Texas,Climb,Medium,Unknown bird - medium,Dusk,0,0,0,140.0
2001-02-10,Hawaii,Take-off run,Small,Meadowlarks,Day,0,0,0,140.0
2001-02-10,Hawaii,Take-off run,Small,Unknown bird - small,Dusk,0,0,0,90.0
2001-02-12,California,Climb,Small,Unknown bird - small,Day,0,0,0,130.0
2001-02-12,Kentucky,Climb,Small,Eastern meadowlark,Day,0,0,0,160.0
2001-02-12,Utah,Landing Roll,Small,Unknown bird - small,Day,0,0,0,100.0
2001-02-12,Utah,Landing Roll,Small,Unknown bird - small,Day,0,0,0,140.0
2001-02-14,Texas,Landing Roll,Small,Unknown bird - small,Day,0,0,0,100.0
2001-02-15,Hawaii,Landing Roll,Small,Meadowlarks,Day,0,0,0,140.0
2001-02-16,DC,Descent,Medium,Ring-billed gull,Day,0,0,0,140.0
2001-02-16,California,Climb,Medium,Unknown bird - medium,Night,0,13016,13016,200.0
2001-02-16,Arizona,Approach,Small,Unknown bird - small,Night,0,0,0,140.0
2001-02-16,Washington,Approach,Small,Unknown bird - small,Night,0,0,0,140.0
2001-02-19,California,Climb,Large,Unknown bird - large,Night,0,0,0,160.0
2001-02-19,Ohio,Take-off run,Large,Coyote,Night,0,0,0,140.0
2001-02-19,Utah,Approach,Medium,Unknown bird - medium,Night,0,0,0,140.0
2001-02-19,Texas,Climb,Medium,Unknown bird - medium,Night,0,0,0,150.0
2001-02-20,Hawaii,Take-off run,Medium,Unknown bird - medium,Day,0,0,0,140.0
2001-02-20,Texas,Approach,Small,Unknown bird - small,Dawn,0,0,0,135.0
2001-02-21,Louisiana,Climb,Large,Unknown bird - large,Dawn,0,0,0,180.0
2001-02-21,Louisiana,Approach,Small,Horned lark,Night,0,0,0,140.0
2001-02-23,Louisiana,Approach,Medium,Red-tailed hawk,Day,0,32540,32540,150.0
2001-02-25,Oregon,Climb,Large,Great blue heron,Dawn,0,2332,2332,140.0
2001-02-25,South Carolina,Approach,Medium,Unknown bird - medium,Dusk,0,0,0,165.0
2001-02-26,Missouri,Approach,Medium,Red-tailed hawk,Day,0,0,0,140.0
2001-02-26,Louisiana,Take-off run,Small,Unknown bird - small,Day,0,0,0,134.0
2001-02-27,Colorado,Approach,Large,Canada goose,Night,0,0,0,160.0
2001-02-27,Texas,Take-off run,Medium,Unknown bird - medium,Day,0,0,0,140.0
2001-02-27,California,Approach,Medium,Unknown bird - medium,Dusk,0,0,0,140.0
2001-02-27,Texas,Approach,Small,Unknown bird - small,Night,0,0,0,140.0
2001-02-28,Oregon,Landing Roll,Small,Unknown bird - small,Night,0,0,0,140.0
2001-03-02,Hawaii,Approach,Small,Unknown bird - small,Day,0,0,0,138.0
2001-03-02,California,Approach,Small,Unknown bird - small,Night,0,0,0,140.0
2001-03-03,Texas,Landing Roll,Small,Unknown bird - small,Day,0,0,0,130.0
2001-03-04,Texas,Take-off run,Medium,Unknown bird - medium,Day,0,0,0,140.0
2001-03-04,Oregon,Climb,Small,Rock pigeon,Day,0,979455,979455,140.0
2001-03-05,Washington,Descent,Large,Unknown bird - large,Night,0,0,0,140.0
2001-03-05,Texas,Descent,Medium,Unknown bird - medium,Night,0,0,0,210.0
2001-03-06,California,Climb,Medium,Unknown bird - medium,Night,0,0,0,250.0
2001-03-06,Florida,Approach,Small,Unknown bird - small,Day,0,0,0,160.0
2001-03-06,Texas,Climb,Small,Unknown bird - small,Day,0,0,0,230.0
2001-03-06,Texas,Descent,Small,Unknown bird - small,Night,0,0,0,250.0
2001-03-07,South Carolina,Take-off run,Medium,Unknown bird or bat,Day,0,0,0,130.0
2001-03-07,Tennessee,Climb,Medium,Unknown bird - medium,Night,0,0,0,150.0
2001-03-09,North Carolina,Take-off run,Medium,Ring-billed gull,Day,0,0,0,125.0
2001-03-09,Texas,Climb,Small,Unknown bird - small,Dawn,0,0,0,140.0
2001-03-11,DC,Climb,Medium,Unknown bird - medium,Night,0,0,0,170.0
2001-03-11,Missouri,Take-off run,Medium,Red-tailed hawk,Night,0,0,0,120.0
2001-03-12,Oregon,Take-off run,Large,Great blue heron,Day,0,0,0,140.0
2001-03-12,Texas,Approach,Large,Unknown bird - large,Night,0,0,0,180.0
2001-03-12,New York,Climb,Medium,Unknown bird - medium,Night,0,0,0,170.0
2001-03-13,Florida,Climb,Small,Unknown bird - small,Day,0,0,0,180.0
2001-03-13,Texas,Approach,Small,Unknown bird - small,Night,0,0,0,130.0
2001-03-14,Pennsylvania,Climb,Medium,Unknown bird - medium,Dusk,0,0,0,140.0
2001-03-14,Massachusetts,Approach,Medium,Unknown bird - medium,Night,0,0,0,140.0
2001-03-17,Hawaii,Approach,Small,Pacific golden-plover,Day,0,0,0,103.0
2001-03-18,Texas,Take-off run,Medium,Unknown bird - medium,Day,0,0,0,140.0
2001-03-19,DC,Approach,Large,Canada goose,Night,0,0,0,140.0
2001-03-19,Florida,Landing Roll,Medium,Ring-billed gull,Day,0,0,0,125.0
2001-03-21,Texas,Climb,Medium,Unknown bird - medium,Dawn,0,0,0,150.0
2001-03-21,Texas,Approach,Small,Unknown bird - small,Day,0,0,0,115.0
2001-03-21,Nebraska,Approach,Small,Unknown bird - small,Night,0,0,0,110.0
2001-03-22,Missouri,Climb,Large,Unknown bird - large,Night,0,49726,49726,250.0
2001-03-22,Oregon,Approach,Medium,Unknown bird - medium,Dawn,0,31238,31238,140.0
2001-03-22,Texas,Climb,Medium,Unknown bird - medium,Night,0,0,0,240.0
2001-03-22,Oregon,Approach,Small,American robin,Day,0,36445,36445,140.0
2001-03-23,Missouri,Climb,Large,Unknown bird - large,Night,0,0,0,210.0
2001-03-23,Hawaii,Approach,Small,Pacific golden-plover,Day,0,0,0,130.0
2001-03-23,Florida,Climb,Small,Unknown bird - small,Day,0,0,0,155.0
2001-03-23,Oregon,Approach,Small,Unknown bird - small,Night,0,0,0,250.0
2001-03-24,New Jersey,Climb,Medium,Unknown bird - medium,Day,0,0,0,140.0
2001-03-24,Illinois,Approach,Small,Rock pigeon,Day,0,1952,1952,135.0
2001-03-24,Arizona,Approach,Small,Unknown bird - small,Day,0,0,0,140.0
2001-03-25,Pennsylvania,Approach,Medium,Unknown bird - medium,Night,0,0,0,129.0
2001-03-25,Kentucky,Approach,Small,Unknown bird - small,Day,0,0,0,130.0
2001-03-25,Oregon,Landing Roll,Small,European starling,Day,0,0,0,140.0
2001-03-25,DC,Approach,Small,Unknown bird - small,Night,0,0,0,150.0
2001-03-27,Louisiana,Approach,Medium,Unknown bird or bat,Day,0,0,0,147.0
2001-03-27,South Carolina,Take-off run,Medium,Unknown bird or bat,Day,0,0,0,150.0
2001-03-28,DC,Approach,Medium,Unknown bird - medium,Night,0,0,0,200.0
2001-03-28,DC,Approach,Medium,Unknown bird - medium,Night,0,0,0,140.0
2001-03-28,Texas,Approach,Small,Rock pigeon,Day,0,0,0,120.0
2001-03-28,Texas,Approach,Small,Unknown bird - small,Night,0,0,0,140.0
2001-03-29,Florida,Climb,Large,Unknown bird - large,Day,0,15619,15619,200.0
2001-03-30,Texas,Descent,Medium,Unknown bird - medium,Dusk,0,0,0,230.0
2001-03-30,Oregon,Take-off run,Medium,Red-tailed hawk,Dusk,0,0,0,140.0
2001-03-31,Texas,Climb,Medium,Unknown bird - medium,Day,0,0,0,140.0
2001-04-01,DC,Approach,Medium,Unknown bird - medium,Dawn,0,0,0,135.0
2001-04-01,South Carolina,Climb,Medium,Unknown bird or bat,Day,0,0,0,160.0
2001-04-02,Louisiana,Approach,Medium,Unknown bird or bat,Day,0,0,0,142.0
2001-04-02,Texas,Take-off run,Medium,Unknown bird - medium,Day,0,0,0,140.0
2001-04-02,Illinois,Approach,Medium,Unknown bird - medium,Night,0,0,0,160.0
2001-04-02,Florida,Approach,Small,Unknown bird - small,Day,0,0,0,130.0
2001-04-03,Maryland,Approach,Large,Unknown bird - large,Night,0,0,0,230.0
2001-04-03,Minnesota,Approach,Large,Canada goose,Night,0,0,0,140.0
2001-04-03,North Carolina,Approach,Medium,Ring-billed gull,Day,0,0,0,138.0
2001-04-03,South Carolina,Approach,Medium,Unknown bird or bat,Night,0,0,0,140.0
2001-04-03,Maryland,Descent,Medium,Unknown bird - medium,Night,0,0,0,250.0
2001-04-03,Tennessee,Climb,Small,Unknown bird - small,Day,0,0,0,155.0
2001-04-03,DC,Climb,Small,Unknown bird - small,Night,0,0,0,140.0
2001-04-04,Missouri,Take-off run,Medium,Unknown bird - medium,Day,0,0,0,135.0
2001-04-04,Michigan,Climb,Medium,Unknown bird - medium,Night,0,0,0,140.0
2001-04-04,Georgia,Approach,Small,Unknown bird - small,Day,0,0,0,140.0
2001-04-04,Louisiana,Approach,Small,Unknown bird - small,Day,0,0,0,140.0
2001-04-04,Hawaii,Climb,Small,Unknown bird - small,Day,0,0,0,160.0
2001-04-04,Illinois,Approach,Small,Unknown bird - small,Night,0,0,0,230.0
2001-04-04,Kentucky,Descent,Small,Unknown bird - small,Night,0,0,0,240.0
2001-04-05,DC,Climb,Large,Unknown bird - large,Night,0,0,0,250.0
2001-04-05,Louisiana,Approach,Medium,Unknown bird or bat,Day,0,0,0,155.0
2001-04-05,California,Approach,Medium,Unknown bird - medium,Night,0,0,0,140.0
2001-04-05,Pennsylvania,Approach,Medium,Unknown bird - medium,Night,0,0,0,250.0
2001-04-05,Pennsylvania,Approach,Medium,Unknown bird - medium,Night,0,0,0,230.0
2001-04-05,Washington,Approach,Medium,Unknown bird - medium,Night,0,0,0,170.0
2001-04-05,Texas,Approach,Small,Unknown bird - small,Day,0,0,0,135.0
2001-04-05,DC,Approach,Small,Unknown bird - small,Night,0,0,0,150.0
2001-04-05,Nebraska,Approach,Small,Unknown bird - small,Night,0,0,0,114.0
2001-04-06,Illinois,Approach,Medium,Unknown bird - medium,Night,0,0,0,180.0
2001-04-06,California,Climb,Small,Unknown bird - small,Day,0,0,0,175.0
2001-04-08,California,Approach,Large,Unknown bird - large,Night,0,0,0,136.0
2001-04-08,Michigan,Landing Roll,Medium,Unknown bird - medium,Day,0,0,0,140.0
2001-04-08,Minnesota,Approach,Medium,Unknown bird - medium,Night,0,0,0,140.0
2001-04-08,Illinois,Approach,Small,Unknown bird - small,Night,0,0,0,170.0
2001-04-09,Georgia,Approach,Large,Unknown bird - large,Night,0,0,0,110.0
2001-04-10,North Carolina,Approach,Medium,Unknown bird - medium,Night,0,0,0,140.0
2001-04-10,Minnesota,Climb,Medium,Unknown bird - medium,Night,0,0,0,160.0
2001-04-10,Texas,Approach,Small,Unknown bird - small,Day,0,0,0,130.0
2001-04-11,Texas,Approach,Medium,Unknown bird - medium,Night,0,0,0,140.0
2001-04-11,New York,Climb,Medium,Unknown bird - medium,Night,0,0,0,180.0
2001-04-11,New Jersey,Take-off run,Small,American kestrel,Day,0,0,0,140.0
2001-04-12,Kentucky,Take-off run,Medium,Unknown bird - medium,Dusk,0,0,0,150.0
2001-04-12,California,Approach,Medium,Unknown bird - medium,Night,0,0,0,140.0
2001-04-12,Oregon,Approach,Medium,Mallard,Night,0,0,0,140.0
2001-04-12,Tennessee,Approach,Small,Eastern meadowlark,Day,0,0,0,128.0
2001-04-13,Georgia,Take-off run,Medium,Unknown bird - medium,Day,0,0,0,160.0
2001-04-13,New York,Approach,Medium,Ring-billed gull,Day,0,0,0,140.0
2001-04-13,Pennsylvania,Climb,Small,Unknown bird - small,Day,0,0,0,250.0
2001-04-14,Texas,Take-off run,Medium,Unknown bird - medium,Day,0,0,0,140.0
2001-04-14,Missouri,Climb,Small,Unknown bird - small,Day,0,0,0,250.0
2001-04-14,Texas,Approach,Small,Unknown bird - small,Night,0,0,0,250.0
2001-04-15,Maryland,Approach,Small,Unknown bird - small,Night,0,0,0,140.0
2001-04-15,Oregon,Descent,Small,Unknown bird - small,Night,0,0,0,220.0
2001-04-16,DC,Approach,Medium,Ring-billed gull,Day,0,0,0,125.0
2001-04-17,Arizona,Approach,Small,Mourning dove,Day,0,0,0,140.0
2001-04-18,DC,Approach,Medium,Ring-billed gull,Day,0,0,0,125.0
2001-04-18,South Carolina,Take-off run,Medium,Unknown bird or bat,Day,0,0,0,140.0
2001-04-18,North Carolina,Approach,Small,Unknown bird - small,Dawn,0,0,0,128.0
2001-04-18,Minnesota,Approach,Small,Unknown bird - small,Day,0,0,0,135.0
2001-04-18,Ohio,Approach,Small,Mourning dove,Day,0,0,0,140.0
2001-04-18,Louisiana,Approach,Small,Horned lark,Night,0,0,0,165.0
2001-04-19,Texas,Take-off run,Large,Unknown bird - large,Day,0,0,0,140.0
2001-04-19,Texas,Approach,Small,Unknown bird - small,Night,0,130,130,150.0
2001-04-21,Illinois,Approach,Medium,Unknown bird - medium,Night,0,0,0,148.0
2001-04-21,California,Landing Roll,Small,Unknown bird - small,Day,0,0,0,120.0
2001-04-21,Oregon,Landing Roll,Small,Barn owl,Night,0,46858,46858,140.0
2001-04-22,Texas,Climb,Medium,Unknown bird - medium,Day,0,0,0,140.0
2001-04-22,Texas,Descent,Small,Unknown bird - small,Day,0,0,0,250.0
2001-04-22,California,Approach,Small,Unknown bird - small,Dusk,0,0,0,140.0
2001-04-23,Nebraska,Take-off run,Medium,Unknown bird - medium,Day,0,0,0,140.0
2001-04-23,Texas,Take-off run,Medium,Unknown bird - medium,Day,0,0,0,140.0
2001-04-23,New York,Approach,Small,Unknown bird - small,Night,0,0,0,180.0
2001-04-24,Florida,Approach,Small,Unknown bird - small,Night,0,0,0,140.0
2001-04-24,Tennessee,Approach,Small,Unknown bird - small,Night,0,0,0,140.0
2001-04-25,Arizona,Climb,Medium,Unknown bird - medium,Night,0,0,0,140.0
2001-04-25,Arizona,Approach,Small,Unknown bird - small,Night,0,0,0,250.0
2001-04-25,Texas,Climb,Small,Unknown bird - small,Night,0,0,0,160.0
2001-04-26,Colorado,Take-off run,Medium,Unknown bird - medium,Day,0,0,0,110.0
2001-04-26,Oregon,Landing Roll,Medium,Mallard,Night,0,0,0,140.0
2001-04-27,Louisiana,Climb,Medium,Unknown bird or bat,Day,0,0,0,140.0
2001-04-27,Louisiana,Climb,Medium,Unknown bird or bat,Day,0,0,0,165.0
2001-04-27,South Carolina,Approach,Medium,Unknown bird - medium,Night,0,0,0,140.0
2001-04-27,North Carolina,Climb,Medium,Unknown bird - medium,Night,0,0,0,140.0
2001-04-27,Oklahoma,Climb,Medium,Unknown bird - medium,Night,0,0,0,140.0
2001-04-27,New Jersey,Approach,Small,Unknown bird - small,Day,0,0,0,140.0
2001-04-28,Tennessee,Approach,Medium,Unknown bird - medium,Night,0,0,0,157.0
2001-04-28,Maryland,Approach,Small,Unknown bird - small,Day,0,0,0,140.0
2001-04-28,Ohio,Approach,Small,European starling,Day,0,0,0,120.0
2001-04-29,Missouri,Approach,Small,Horned lark,Night,0,0,0,130.0
2001-04-30,Missouri,Climb,Large,Unknown bird - large,Night,0,0,0,250.0
2001-04-30,South Carolina,Approach,Medium,Unknown bird or bat,Night,0,0,0,140.0
2001-05-01,Tennessee,Take-off run,Medium,Unknown bird - medium,Dawn,0,0,0,118.0
2001-05-01,Texas,Climb,Medium,Unknown bird - medium,Day,0,0,0,140.0
2001-05-01,Pennsylvania,Climb,Medium,Unknown bird - medium,Day,0,0,0,140.0
2001-05-01,Michigan,Take-off run,Medium,Unknown bird - medium,Day,0,0,0,140.0
2001-05-01,New Jersey,Take-off run,Medium,Unknown bird - medium,Night,0,781,781,250.0
2001-05-01,Hawaii,Climb,Small,Unknown bird - small,Day,0,0,0,170.0
2001-05-01,Indiana,Approach,Small,Unknown bird - small,Night,0,0,0,180.0
2001-05-02,Louisiana,Approach,Medium,Unknown bird or bat,Day,0,0,0,170.0
2001-05-02,Tennessee,Climb,Medium,Unknown bird - medium,Night,0,0,0,140.0
2001-05-02,Louisiana,Approach,Small,Barn swallow,Night,0,0,0,140.0
2001-05-03,Missouri,Approach,Small,Unknown bird - small,Day,0,0,0,140.0
2001-05-03,DC,Approach,Small,Unknown bird - small,Night,0,0,0,230.0
2001-05-03,Maryland,Approach,Small,Unknown bird - small,Night,0,0,0,170.0
2001-05-04,Ohio,Climb,Medium,Unknown bird - medium,Day,0,0,0,140.0
2001-05-04,Tennessee,Approach,Small,Unknown bird - small,Night,0,0,0,130.0
2001-05-05,South Carolina,Approach,Medium,Unknown bird or bat,Day,0,0,0,140.0
2001-05-05,South Carolina,Approach,Medium,Unknown bird or bat,Day,0,0,0,130.0
2001-05-05,Pennsylvania,Climb,Small,Rock pigeon,Dawn,0,0,0,130.0
2001-05-06,Tennessee,Approach,Small,Unknown bird - small,Day,0,0,0,140.0
2001-05-07,Texas,Approach,Small,Unknown bird - small,Day,0,0,0,180.0
2001-05-07,Ohio,Approach,Small,Unknown bird - small,Night,0,0,0,180.0
2001-05-08,Texas,Approach,Medium,Unknown bird - medium,Day,0,0,0,140.0
2001-05-08,Kentucky,Approach,Medium,Unknown bird - medium,Night,0,0,0,140.0
2001-05-08,Maryland,Approach,Medium,Unknown bird - medium,Night,0,0,0,220.0
2001-05-08,Tennessee,Approach,Small,Unknown bird - small,Day,0,0,0,140.0
2001-05-08,Kentucky,Landing Roll,Small,Unknown bird - small,Day,0,0,0,100.0
2001-05-08,Texas,Take-off run,Small,Unknown bird - small,Day,0,0,0,140.0
2001-05-08,Arizona,Parked,Small,Unknown bird - small,Dusk,0,0,0,0.0
2001-05-09,New York,Take-off run,Small,European starling,Day,0,0,0,140.0
2001-05-09,New Jersey,Approach,Small,Unknown bird - small,Night,0,0,0,180.0
2001-05-10,South Carolina,Approach,Medium,Unknown bird or bat,Night,0,0,0,140.0
2001-05-11,DC,Climb,Large,Canada goose,Day,0,0,0,140.0
2001-05-11,California,Take-off run,Medium,Mallard,Day,0,0,0,140.0
2001-05-11,Indiana,Descent,Medium,Unknown bird - medium,Night,0,0,0,250.0
2001-05-12,Illinois,Approach,Small,Unknown bird - small,Day,0,0,0,140.0
2001-05-12,Missouri,Approach,Small,Unknown bird - small,Night,0,0,0,180.0
2001-05-12,Texas,Climb,Small,Unknown bird - small,Night,0,0,0,280.0
2001-05-13,Texas,Approach,Medium,Unknown bird - medium,Day,0,0,0,140.0
2001-05-13,New York,Climb,Small,Unknown bird - small,Dawn,0,0,0,170.0
2001-05-14,Oregon,Approach,Large,Unknown bird - large,Day,0,0,0,120.0
2001-05-14,Louisiana,Climb,Small,Unknown bird - small,Day,0,0,0,144.0
2001-05-14,Kentucky,Approach,Small,Unknown bird - small,Dusk,0,0,0,140.0
2001-05-15,Pennsylvania,Landing Roll,Large,Canada goose,Day,0,0,0,100.0
2001-05-15,Louisiana,Approach,Medium,Unknown bird or bat,Day,0,0,0,164.0
2001-05-15,Texas,Climb,Medium,Unknown bird - medium,Night,0,0,0,140.0
2001-05-16,Maryland,Approach,Medium,Unknown bird - medium,Day,0,0,0,135.0
2001-05-16,Texas,Climb,Medium,Unknown bird - medium,Night,0,0,0,140.0
2001-05-16,Kentucky,Landing Roll,Small,American robin,Dusk,0,0,0,140.0
2001-05-16,Florida,Approach,Small,Unknown bird - small,Night,0,0,0,140.0
2001-05-17,Arizona,Approach,Medium,Unknown bird - medium,Day,0,0,0,120.0
2001-05-17,Louisiana,Climb,Medium,Unknown bird - medium,Day,0,0,0,130.0
2001-05-17,New Jersey,Approach,Medium,Unknown bird - medium,Night,0,0,0,200.0
2001-05-17,Illinois,Approach,Small,Unknown bird - small,Day,0,0,0,160.0
2001-05-17,Oklahoma,Climb,Small,Unknown bird - small,Day,0,0,0,190.0
2001-05-17,Tennessee,Climb,Small,Unknown bird - small,Day,0,0,0,140.0
2001-05-17,Tennessee,Approach,Small,Unknown bird - small,Night,0,0,0,160.0
2001-05-17,North Carolina,Descent,Small,Unknown bird - small,Night,0,0,0,220.0
2001-05-17,New Jersey,Descent,Small,Unknown bird - small,Night,0,0,0,250.0
2001-05-18,Missouri,Approach,Small,Unknown bird - small,Day,0,0,0,135.0
2001-05-19,Texas,Landing Roll,Medium,Unknown bird - medium,Day,0,0,0,140.0
2001-05-20,Colorado,Climb,Medium,Unknown bird - medium,Night,0,0,0,140.0
2001-05-20,Ohio,Climb,Small,Unknown bird - small,Day,0,0,0,140.0
2001-05-21,California,Approach,Medium,Unknown bird - medium,Day,0,0,0,128.0
2001-05-21,Texas,Approach,Medium,Unknown bird - medium,Night,0,0,0,140.0
2001-05-21,Texas,Approach,Small,Unknown bird - small,Night,0,0,0,150.0
2001-05-22,DC,Approach,Small,Unknown bird - small,Day,0,0,0,150.0
2001-05-22,Hawaii,Landing Roll,Small,Zebra dove,Day,0,0,0,150.0
2001-05-22,Georgia,Take-off run,Small,Unknown bird - small,Day,0,0,0,131.0
2001-05-22,Ohio,Approach,Small,Unknown bird - small,Dusk,0,0,0,140.0
2001-05-23,Texas,Climb,Large,Unknown bird - large,Night,0,0,0,160.0
2001-05-23,Louisiana,Approach,Medium,Unknown bird or bat,Night,0,0,0,163.0
2001-05-23,Missouri,Landing Roll,Small,Barn swallow,Day,0,0,0,150.0
2001-05-23,Colorado,Take-off run,Small,Unknown bird - small,Day,0,0,0,115.0
2001-05-24,California,Approach,Medium,Unknown bird - medium,Dawn,0,0,0,130.0
2001-05-24,New Jersey,Descent,Medium,Unknown bird - medium,Night,0,0,0,140.0
2001-05-24,Michigan,Approach,Small,Unknown bird - small,Dawn,0,0,0,160.0
2001-05-24,Louisiana,Approach,Small,Unknown bird - small,Day,0,0,0,140.0
2001-05-25,Oklahoma,Approach,Medium,Unknown bird - medium,Dusk,0,0,0,140.0
2001-05-26,Missouri,Landing Roll,Small,Meadowlarks,Day,0,0,0,100.0
2001-05-27,New York,Approach,Small,Unknown bird - small,Night,0,0,0,190.0
2001-05-28,Illinois,Climb,Medium,Unknown bird - medium,Day,0,0,0,130.0
2001-05-28,Ohio,Approach,Small,Eastern meadowlark,Day,0,0,0,140.0
2001-05-28,Illinois,Climb,Small,Unknown bird - small,Day,0,0,0,250.0
2001-05-28,Texas,Landing Roll,Small,Rock pigeon,Day,0,0,0,110.0
2001-05-29,Massachusetts,Approach,Small,Unknown bird - small,Night,0,0,0,180.0
2001-05-30,Minnesota,Approach,Large,Canada goose,Dawn,0,0,0,140.0
2001-05-30,Colorado,Approach,Medium,Unknown bird - medium,Night,0,0,0,140.0
2001-05-30,Florida,Take-off run,Small,Unknown bird - small,Dusk,0,0,0,140.0
2001-05-31,Colorado,Climb,Medium,Unknown bird - medium,Day,0,0,0,140.0
2001-05-31,Texas,Approach,Medium,Unknown bird - medium,Night,0,0,0,135.0
2001-05-31,California,Approach,Small,Unknown bird - small,Day,0,0,0,140.0
2001-05-31,Arizona,Landing Roll,Small,European starling,Day,0,0,0,140.0
2001-05-31,Oklahoma,Landing Roll,Small,American kestrel,Day,0,0,0,135.0
2001-06-01,DC,Approach,Small,Unknown bird - small,Day,0,0,0,140.0
2001-06-01,Kentucky,Approach,Small,Unknown bird - small,Day,0,0,0,140.0
2001-06-01,Arizona,Climb,Small,Unknown bird - small,Day,0,0,0,210.0
2001-06-02,DC,Approach,Small,Unknown bird - small,Day,0,0,0,140.0
2001-06-03,North Carolina,Approach,Medium,Red-tailed hawk,Day,0,0,0,140.0
2001-06-03,Texas,Take-off run,Medium,Unknown bird - medium,Day,0,0,0,140.0
2001-06-03,Utah,Climb,Medium,American crow,Night,0,0,0,170.0
2001-06-03,Illinois,Climb,Small,Unknown bird - small,Day,0,0,0,170.0
2001-06-03,Illinois,Climb,Small,Unknown bird - small,Night,0,0,0,170.0
2001-06-04,Utah,Landing Roll,Small,American kestrel,Day,0,0,0,140.0
2001-06-05,Oregon,Approach,Small,Unknown bird - small,Day,0,0,0,140.0
2001-06-05,DC,Climb,Small,Unknown bird - small,Day,0,0,0,200.0
2001-06-06,Texas,Take-off run,Medium,Unknown bird - medium,Day,0,0,0,145.0
2001-06-06,Utah,Take-off run,Small,Unknown bird - small,Day,0,0,0,140.0
2001-06-06,North Carolina,Approach,Small,Unknown bird - small,Day,0,0,0,110.0
2001-06-06,Colorado,Take-off run,Small,Unknown bird - small,Day,0,0,0,140.0
2001-06-06,Oregon,Landing Roll,Small,Chimney swift,Dusk,0,0,0,140.0
2001-06-06,Missouri,Descent,Small,Unknown bird - small,Night,0,0,0,140.0
2001-06-07,Michigan,Landing Roll,Medium,Unknown bird - medium,Day,0,0,0,140.0
2001-06-08,New Jersey,Approach,Large,Canada goose,Dawn,0,3644483,3644483,136.0
2001-06-08,DC,Take-off run,Small,Unknown bird - small,Day,0,0,0,110.0
2001-06-08,New York,Take-off run,Small,Rock pigeon,Day,0,0,0,140.0
2001-06-10,Utah,Approach,Medium,Unknown bird - medium,Day,0,0,0,150.0
2001-06-10,Kentucky,Take-off run,Small,Unknown bird - small,Dusk,0,0,0,100.0
2001-06-10,Utah,Approach,Small,Unknown bird - small,Night,0,0,0,140.0
2001-06-11,New York,Approach,Medium,Mallard,Day,0,0,0,140.0
2001-06-11,Texas,Approach,Medium,Unknown bird - medium,Day,0,0,0,140.0
2001-06-11,DC,Climb,Medium,Unknown bird - medium,Day,0,0,0,160.0
2001-06-12,South Carolina,Take-off run,Medium,Unknown bird or bat,Day,0,0,0,125.0
2001-06-12,Oklahoma,Climb,Medium,Unknown bird or bat,Dusk,0,0,0,140.0
2001-06-12,South Carolina,Climb,Small,Cattle egret,Day,0,29156,29156,125.0
2001-06-12,DC,Approach,Small,Unknown bird - small,Day,0,0,0,210.0
2001-06-13,Tennessee,Approach,Large,Turkey vulture,Day,0,0,0,210.0
2001-06-13,Oregon,Take-off run,Large,Great blue heron,Day,0,0,0,140.0
2001-06-13,Colorado,Approach,Medium,Unknown bird - medium,Day,0,0,0,140.0
2001-06-13,Florida,Take-off run,Small,Mourning dove,Day,0,19524,19524,120.0
2001-06-13,Kentucky,Landing Roll,Small,European starling,Day,0,0,0,80.0
2001-06-14,New York,Take-off run,Large,Canada goose,Day,0,0,0,70.0
2001-06-14,Michigan,Climb,Small,Unknown bird - small,Day,0,0,0,110.0
2001-06-14,New Jersey,Landing Roll,Small,Mourning dove,Day,0,0,0,140.0
2001-06-14,South Carolina,Take-off run,Small,Cattle egret,Day,0,4165,4165,120.0
2001-06-16,Texas,Approach,Medium,Unknown bird - medium,Day,0,0,0,140.0
2001-06-16,California,Climb,Medium,Unknown bird - medium,Night,0,0,0,140.0
2001-06-16,California,Take-off run,Small,Unknown bird - small,Day,0,0,0,100.0
2001-06-17,Louisiana,Approach,Medium,Unknown bird or bat,Day,0,0,0,140.0
2001-06-19,California,Approach,Small,Unknown bird - small,Day,0,0,0,135.0
2001-06-19,Illinois,Approach,Small,Unknown bird - small,Night,0,0,0,170.0
2001-06-20,Louisiana,Climb,Medium,Unknown bird or bat,Day,0,0,0,145.0
2001-06-20,Texas,Landing Roll,Medium,Unknown bird - medium,Day,0,0,0,110.0
2001-06-20,Texas,Approach,Small,Unknown bird - small,Day,0,0,0,180.0
2001-06-21,Texas,Climb,Small,Unknown bird - small,Day,0,0,0,150.0
2001-06-22,Colorado,Climb,Medium,Unknown bird - medium,Day,0,0,0,140.0
2001-06-22,South Carolina,Climb,Medium,Unknown bird or bat,Day,0,0,0,140.0
2001-06-22,Tennessee,Take-off run,Medium,American crow,Day,0,0,0,115.0
2001-06-22,New York,Take-off run,Small,Laughing gull,Day,0,0,0,140.0
2001-06-22,Arizona,Take-off run,Small,Unknown bird - small,Dusk,260,0,260,140.0
2001-06-23,Ohio,Landing Roll,Small,Mourning dove,Day,0,0,0,120.0
2001-06-24,Texas,Climb,Medium,Unknown bird - medium,Day,0,0,0,140.0
2001-06-24,Utah,Take-off run,Medium,Unknown bird - medium,Day,0,0,0,140.0
2001-06-24,Kentucky,Climb,Small,American robin,Day,0,0,0,80.0
2001-06-24,Illinois,Descent,Small,Unknown bird - small,Day,0,0,0,280.0
2001-06-24,Kentucky,Take-off run,Small,Killdeer,Day,0,0,0,130.0
2001-06-25,DC,Climb,Medium,Unknown bird - medium,Day,0,0,0,130.0
2001-06-25,Michigan,Approach,Medium,Unknown bird - medium,Day,0,0,0,140.0
2001-06-25,Texas,Approach,Medium,Unknown bird - medium,Day,0,0,0,180.0
2001-06-25,Utah,Approach,Small,Unknown bird - small,Day,0,0,0,130.0
2001-06-26,Oregon,Landing Roll,Medium,Unknown bird - medium,Day,0,1302,1302,140.0
2001-06-26,Colorado,Take-off run,Medium,Unknown bird - medium,Day,0,0,0,140.0
2001-06-26,Louisiana,Approach,Medium,Unknown bird - medium,Night,0,0,0,140.0
2001-06-26,North Carolina,Approach,Small,Rock pigeon,Day,0,0,0,105.0
2001-06-26,California,Landing Roll,Small,Unknown bird - small,Day,0,0,0,120.0
2001-06-27,New York,Take-off run,Medium,Herring gull,Day,0,0,0,140.0
2001-06-27,Minnesota,Approach,Medium,Unknown bird - medium,Night,0,0,0,140.0
2001-06-28,Colorado,Take-off run,Medium,Unknown bird - medium,Night,0,0,0,140.0
2001-06-28,Pennsylvania,Climb,Small,Unknown bird - small,Day,0,0,0,155.0
2001-06-28,Missouri,Landing Roll,Small,Unknown bird - small,Day,0,0,0,140.0
2001-06-28,Louisiana,Take-off run,Small,Barn swallow,Dusk,0,0,0,90.0
2001-06-28,Indiana,Approach,Small,Unknown bird - small,Night,0,0,0,140.0
2001-06-29,Illinois,Climb,Medium,Unknown bird - medium,Day,0,0,0,220.0
2001-06-29,Colorado,Landing Roll,Medium,Unknown bird - medium,Day,0,0,0,140.0
2001-06-29,Colorado,Approach,Small,Mourning dove,Day,0,0,0,108.0
2001-06-30,Oregon,Take-off run,Medium,Unknown bird - medium,Day,0,0,0,140.0
2001-07-01,Texas,Approach,Medium,Unknown bird - medium,Day,0,0,0,140.0
2001-07-01,Texas,Climb,Small,Unknown bird - small,Dusk,0,0,0,180.0
2001-07-02,South Carolina,Climb,Medium,Unknown bird or bat,Day,0,0,0,140.0
2001-07-02,Oklahoma,Climb,Medium,Unknown bird or bat,Night,0,0,0,140.0
2001-07-02,California,Take-off run,Small,Unknown bird - small,Day,0,0,0,150.0
2001-07-03,New York,Take-off run,Small,Laughing gull,Dusk,0,0,0,140.0
2001-07-04,Texas,Climb,Small,Unknown bird - small,Dawn,0,0,0,200.0
2001-07-04,California,Climb,Small,Unknown bird - small,Day,0,0,0,150.0
2001-07-05,Illinois,Approach,Medium,Unknown bird - medium,Day,0,0,0,105.0
2001-07-05,North Carolina,Approach,Small,Unknown bird - small,Day,0,0,0,130.0
2001-07-05,Texas,Climb,Small,Unknown bird - small,Day,0,0,0,140.0
2001-07-05,Oregon,Landing Roll,Small,Cliff swallow,Day,0,0,0,140.0
2001-07-05,California,Approach,Small,Unknown bird - small,Dusk,0,0,0,130.0
2001-07-06,California,Landing Roll,Medium,Unknown bird - medium,Day,0,0,0,140.0
2001-07-06,Illinois,Approach,Small,Unknown bird - small,Day,0,0,0,170.0
2001-07-06,Missouri,Approach,Small,Unknown bird - small,Day,0,0,0,130.0
2001-07-07,South Carolina,Climb,Medium,Unknown bird or bat,Day,0,0,0,110.0
2001-07-07,South Carolina,Take-off run,Medium,Unknown bird or bat,Day,0,0,0,100.0
2001-07-07,California,Approach,Medium,Unknown bird - medium,Night,0,0,0,140.0
2001-07-07,Colorado,Take-off run,Small,Unknown bird - small,Day,0,0,0,160.0
2001-07-07,Texas,Approach,Small,Unknown bird - small,Dusk,0,0,0,140.0
2001-07-07,California,Approach,Small,Unknown bird - small,Night,0,0,0,140.0
2001-07-08,California,Approach,Medium,Unknown bird - medium,Night,0,0,0,140.0
2001-07-08,Louisiana,Approach,Medium,Unknown bird - medium,Night,0,0,0,140.0
2001-07-08,Illinois,Approach,Small,Unknown bird - small,Day,0,0,0,132.0
2001-07-08,Colorado,Take-off run,Small,Unknown bird - small,Day,0,0,0,130.0
2001-07-09,Ohio,Approach,Medium,Unknown bird - medium,Day,0,0,0,130.0
2001-07-09,DC,Approach,Small,Mourning dove,Dawn,0,0,0,110.0
2001-07-09,Texas,Climb,Small,Unknown bird - small,Dawn,0,0,0,155.0
2001-07-09,Michigan,Approach,Small,Unknown bird - small,Day,0,0,0,130.0
2001-07-09,Colorado,Landing Roll,Small,Unknown bird - small,Day,0,0,0,140.0
2001-07-10,Kentucky,Climb,Medium,American crow,Dawn,0,0,0,150.0
2001-07-10,DC,Approach,Medium,Unknown bird - medium,Night,0,0,0,160.0
2001-07-10,Pennsylvania,Approach,Small,Unknown bird - small,Night,0,0,0,150.0
2001-07-11,Kentucky,Landing Roll,Small,Unknown bird - small,Day,0,0,0,100.0
2001-07-11,Colorado,Take-off run,Small,Unknown bird - small,Day,0,0,0,130.0
2001-07-11,Michigan,Take-off run,Small,Unknown bird - small,Day,0,0,0,130.0
2001-07-11,Tennessee,Descent,Small,Unknown bird - small,Night,0,0,0,180.0
2001-07-12,Colorado,Climb,Medium,Unknown bird - medium,Night,0,0,0,140.0
2001-07-12,California,Approach,Small,Unknown bird - small,Day,0,0,0,125.0
2001-07-12,Oregon,Landing Roll,Small,Unknown bird - small,Day,0,0,0,140.0
2001-07-12,DC,Take-off run,Small,American kestrel,Dusk,0,0,0,100.0
2001-07-13,Kentucky,Approach,Large,Unknown bird - large,Night,0,0,0,130.0
2001-07-13,California,Approach,Medium,Unknown bird - medium,Day,0,0,0,140.0
2001-07-13,Missouri,Landing Roll,Medium,Mallard,Day,0,0,0,120.0
2001-07-13,New York,Take-off run,Medium,Unknown bird - medium,Day,0,0,0,140.0
2001-07-14,Texas,Landing Roll,Medium,Unknown bird - medium,Day,0,0,0,140.0
2001-07-14,New York,Take-off run,Medium,Unknown bird - medium,Dusk,0,0,0,140.0
2001-07-14,Texas,Approach,Small,Unknown bird - small,Day,0,0,0,145.0
2001-07-14,California,Climb,Small,Unknown bird - small,Day,0,0,0,140.0
2001-07-16,California,Take-off run,Medium,Unknown bird - medium,Day,0,0,0,140.0
2001-07-16,New York,Approach,Medium,Unknown bird - medium,Day,0,0,0,130.0
2001-07-16,Michigan,Approach,Small,Unknown bird - small,Dawn,0,0,0,115.0
2001-07-16,Oregon,Approach,Small,Unknown bird - small,Dawn,0,0,0,140.0
2001-07-16,New York,Approach,Small,Unknown bird - small,Day,0,0,0,130.0
2001-07-16,Hawaii,Climb,Small,Unknown bird - small,Day,0,0,0,150.0
2001-07-16,Pennsylvania,Approach,Small,Unknown bird - small,Dusk,0,0,0,140.0
2001-07-17,Florida,Approach,Medium,Unknown bird - medium,Day,0,0,0,170.0
2001-07-17,Hawaii,Approach,Small,Western meadowlark,Dawn,0,0,0,130.0
2001-07-17,Louisiana,Approach,Small,European starling,Day,0,0,0,145.0
2001-07-17,North Carolina,Approach,Small,Mourning dove,Day,0,0,0,140.0
2001-07-17,Pennsylvania,Approach,Small,Unknown bird - small,Day,0,0,0,140.0
2001-07-17,New York,Climb,Small,Unknown bird - small,Day,0,0,0,160.0
2001-07-17,Oregon,Landing Roll,Small,American kestrel,Day,0,0,0,140.0
2001-07-17,Maryland,Take-off run,Small,Unknown bird - small,Day,0,0,0,150.0
2001-07-18,Pennsylvania,Descent,Small,Unknown bird - small,Dawn,0,0,0,140.0
2001-07-18,California,Approach,Small,Unknown bird - small,Day,0,0,0,170.0
2001-07-19,Texas,Take-off run,Medium,Unknown bird - medium,Day,0,0,0,140.0
2001-07-19,Texas,Take-off run,Medium,Unknown bird - medium,Day,0,0,0,112.0
2001-07-19,Oregon,Approach,Small,Unknown bird - small,Day,0,0,0,140.0
2001-07-19,California,Climb,Small,Unknown bird - small,Day,0,0,0,140.0
2001-07-19,Maryland,Take-off run,Small,Unknown bird - small,Day,0,0,0,135.0
2001-07-19,Texas,Approach,Small,Unknown bird - small,Night,0,0,0,140.0
2001-07-19,Texas,Climb,Small,Unknown bird - small,Night,0,0,0,200.0
2001-07-20,Kentucky,Approach,Medium,Unknown bird - medium,Night,0,0,0,180.0
2001-07-20,Washington,Climb,Small,Unknown bird - small,Day,0,0,0,140.0
2001-07-21,Oregon,Landing Roll,Medium,Red-tailed hawk,Day,0,0,0,140.0
2001-07-21,Colorado,Take-off run,Medium,Unknown bird - medium,Day,0,0,0,140.0
2001-07-22,Texas,Landing Roll,Medium,Red-tailed hawk,Day,0,0,0,80.0
2001-07-22,Texas,Landing Roll,Small,Meadowlarks,Dawn,0,0,0,90.0
2001-07-22,Texas,Descent,Small,Unknown bird - small,Day,0,0,0,240.0
2001-07-23,Oregon,Approach,Medium,Unknown bird - medium,Day,0,0,0,140.0
2001-07-23,Texas,Approach,Medium,Unknown bird - medium,Day,0,0,0,130.0
2001-07-23,Texas,Approach,Medium,Unknown bird - medium,Day,0,0,0,140.0
2001-07-23,Texas,Landing Roll,Medium,Unknown bird - medium,Day,0,0,0,140.0
2001-07-23,Illinois,Climb,Medium,Unknown bird - medium,Night,0,0,0,250.0
2001-07-23,Indiana,Landing Roll,Small,Mourning dove,Dawn,0,0,0,140.0
2001-07-23,Indiana,Take-off run,Small,Unknown bird - small,Dawn,0,0,0,140.0
2001-07-23,Texas,Approach,Small,Rock pigeon,Day,0,0,0,135.0
2001-07-23,Texas,Landing Roll,Small,Unknown bird - small,Day,0,0,0,140.0
2001-07-23,Colorado,Take-off run,Small,Unknown bird - small,Day,0,0,0,140.0
2001-07-24,Oklahoma,Climb,Medium,Unknown bird or bat,Day,0,0,0,140.0
2001-07-24,Ohio,Take-off run,Small,Mourning dove,Dawn,0,0,0,80.0
2001-07-24,North Carolina,Approach,Small,Unknown bird - small,Day,0,0,0,140.0
2001-07-24,Texas,Landing Roll,Small,Rock pigeon,Day,0,0,0,140.0
2001-07-24,Ohio,Landing Roll,Small,Mourning dove,Dusk,0,0,0,140.0
2001-07-24,Texas,Approach,Small,Unknown bird - small,Night,0,0,0,170.0
2001-07-24,Texas,Climb,Small,Unknown bird - small,Night,0,0,0,250.0
2001-07-24,Pennsylvania,Landing Roll,Small,Unknown bird - small,Night,0,0,0,80.0
2001-07-25,Texas,Landing Roll,Small,Rock pigeon,Day,0,0,0,140.0
2001-07-25,Kentucky,Approach,Small,European starling,Day,0,0,0,120.0
2001-07-26,Colorado,Climb,Medium,Unknown bird - medium,Night,0,0,0,140.0
2001-07-26,DC,Approach,Small,Unknown bird - small,Day,0,0,0,146.0
2001-07-26,North Carolina,Approach,Small,Unknown bird - small,Day,0,0,0,160.0
2001-07-26,Tennessee,Approach,Small,Unknown bird - small,Day,0,0,0,150.0
2001-07-26,Hawaii,Landing Roll,Small,Unknown bird - small,Day,0,0,0,80.0
2001-07-26,Missouri,Landing Roll,Small,Cliff swallow,Day,0,0,0,120.0
2001-07-26,Texas,Landing Roll,Small,Rock pigeon,Day,0,0,0,60.0
2001-07-27,California,Approach,Small,Rock pigeon,Day,0,0,0,62.0
2001-07-27,Louisiana,Approach,Small,Unknown bird - small,Day,0,0,0,140.0
2001-07-27,Missouri,Approach,Small,Unknown bird - small,Day,0,0,0,140.0
2001-07-27,Kentucky,Climb,Small,Unknown bird - small,Day,0,0,0,200.0
2001-07-27,Missouri,Landing Roll,Small,American kestrel,Day,0,0,0,70.0
2001-07-27,Texas,Landing Roll,Small,Rock pigeon,Day,0,0,0,100.0
2001-07-27,New York,Approach,Small,Unknown bird - small,Night,0,0,0,140.0
2001-07-28,Pennsylvania,Approach,Large,Canada goose,Dusk,0,0,0,140.0
2001-07-28,California,Approach,Medium,Unknown bird - medium,Night,0,0,0,210.0
2001-07-28,Illinois,Approach,Small,Unknown bird - small,Day,0,0,0,130.0
2001-07-28,Oregon,Take-off run,Small,Mourning dove,Day,0,0,0,140.0
2001-07-29,Ohio,Take-off run,Medium,Unknown bird - medium,Day,0,0,0,140.0
2001-07-29,Kentucky,Approach,Small,Killdeer,Day,0,0,0,110.0
2001-07-29,Texas,Climb,Small,Unknown bird - small,Day,0,0,0,170.0
2001-07-29,Illinois,Take-off run,Small,Barn swallow,Day,0,0,0,160.0
2001-07-29,Indiana,Climb,Small,European starling,Dusk,0,0,0,140.0
2001-07-30,Missouri,Approach,Small,European starling,Dawn,0,0,0,130.0
2001-07-30,Ohio,Take-off run,Small,Barn swallow,Day,0,0,0,140.0
2001-07-30,Kentucky,Approach,Small,European starling,Day,0,0,0,130.0
2001-07-30,Colorado,Landing Roll,Small,Cliff swallow,Day,0,0,0,140.0
2001-07-30,Ohio,Landing Roll,Small,American kestrel,Day,0,0,0,140.0
2001-07-30,California,Take-off run,Small,Unknown bird - small,Day,0,0,0,140.0
2001-07-30,Ohio,Take-off run,Small,Rock pigeon,Day,0,0,0,140.0
2001-07-30,DC,Landing Roll,Small,Unknown bird - small,Dusk,0,0,0,140.0
2001-07-30,Kentucky,Approach,Small,Unknown bird - small,Night,0,0,0,180.0
2001-07-30,Utah,Approach,Small,Unknown bird - small,Night,0,0,0,140.0
2001-07-31,DC,Approach,Large,Canada goose,Dusk,0,559688,559688,135.0
2001-07-31,Texas,Approach,Medium,Unknown bird - medium,Day,0,0,0,140.0
2001-07-31,Kentucky,Descent,Medium,Unknown bird - medium,Night,0,0,0,250.0
2001-07-31,Colorado,Take-off run,Small,Unknown bird - small,Dawn,0,0,0,140.0
2001-07-31,California,Climb,Small,Unknown bird - small,Day,0,0,0,150.0
2001-07-31,Pennsylvania,Descent,Small,Unknown bird - small,Day,0,0,0,140.0
2001-07-31,Colorado,Landing Roll,Small,Unknown bird - small,Day,0,0,0,140.0
2001-07-31,DC,Approach,Small,Unknown bird - small,Night,0,0,0,125.0
2001-08-02,Oregon,Landing Roll,Large,Great blue heron,Day,0,0,0,140.0
2001-08-02,Missouri,Climb,Medium,Unknown bird - medium,Dawn,0,0,0,140.0
2001-08-02,Missouri,Approach,Medium,Unknown bird - medium,Day,2864,103061,105925,140.0
2001-08-02,Missouri,Approach,Small,Mourning dove,Day,0,0,0,120.0
2001-08-02,New Jersey,Landing Roll,Small,European starling,Day,0,0,0,100.0
2001-08-02,Ohio,Landing Roll,Small,American kestrel,Day,0,0,0,140.0
2001-08-02,Indiana,Take-off run,Small,Mourning dove,Day,0,0,0,140.0
2001-08-02,North Carolina,Approach,Small,Unknown bird - small,Dusk,0,0,0,140.0
2001-08-02,New Jersey,Landing Roll,Small,Rock pigeon,Dusk,0,0,0,140.0
2001-08-02,Tennessee,Approach,Small,Unknown bird - small,Night,0,0,0,140.0
2001-08-03,Texas,Climb,Medium,Unknown bird - medium,Day,0,0,0,140.0
2001-08-03,Indiana,Take-off run,Medium,Unknown bird - medium,Day,0,0,0,100.0
2001-08-03,Florida,Climb,Medium,Unknown bird - medium,Night,0,0,0,160.0
2001-08-03,North Carolina,Approach,Small,Unknown bird - small,Day,0,0,0,140.0
2001-08-03,North Carolina,Approach,Small,Unknown bird - small,Day,0,0,0,150.0
2001-08-03,Texas,Approach,Small,Unknown bird - small,Day,0,0,0,129.0
2001-08-03,Georgia,Approach,Small,Unknown bird - small,Night,0,0,0,135.0
2001-08-04,Missouri,Take-off run,Small,American kestrel,Day,0,0,0,110.0
2001-08-04,Tennessee,Take-off run,Small,Unknown bird - small,Day,0,0,0,140.0
2001-08-04,Missouri,Approach,Small,Unknown bird - small,Night,0,0,0,130.0
2001-08-05,Pennsylvania,Landing Roll,Medium,Unknown bird - medium,Dusk,0,0,0,140.0
2001-08-05,Florida,Climb,Small,Mourning dove,Day,0,0,0,170.0
2001-08-05,Tennessee,Climb,Small,Unknown bird - small,Day,0,0,0,250.0
2001-08-05,Utah,Climb,Small,Unknown bird - small,Night,0,0,0,155.0
2001-08-06,New York,Take-off run,Small,Barn swallow,Day,0,0,0,140.0
2001-08-07,Illinois,Approach,Medium,Unknown bird - medium,Day,0,0,0,180.0
2001-08-07,Minnesota,Take-off run,Medium,Unknown bird - medium,Day,0,0,0,100.0
2001-08-07,Oregon,Landing Roll,Small,American kestrel,Day,0,0,0,140.0
2001-08-07,Pennsylvania,Landing Roll,Small,Unknown bird - small,Day,0,0,0,100.0
2001-08-07,Missouri,Take-off run,Small,American kestrel,Day,0,0,0,150.0
2001-08-08,New Jersey,Approach,Large,Canada goose,Day,0,0,0,100.0
2001-08-08,Texas,Descent,Medium,Unknown bird - medium,Day,0,0,0,210.0
2001-08-08,California,Approach,Medium,Unknown bird - medium,Night,0,0,0,140.0
2001-08-08,Texas,Landing Roll,Small,Rock pigeon,Day,0,0,0,140.0
2001-08-08,Michigan,Climb,Small,Unknown bird - small,Day,0,0,0,125.0
2001-08-08,Louisiana,Take-off run,Small,Barn swallow,Day,0,0,0,130.0
2001-08-08,Texas,Approach,Small,Unknown bird - small,Dusk,0,0,0,230.0
2001-08-08,Florida,Landing Roll,Small,Unknown bird - small,Dusk,0,0,0,110.0
2001-08-08,Indiana,Approach,Small,Unknown bird - small,Night,0,0,0,140.0
2001-08-09,Arizona,Approach,Large,Unknown bird - large,Day,0,0,0,140.0
2001-08-09,Pennsylvania,Climb,Medium,Unknown bird - medium,Day,0,0,0,240.0
2001-08-09,Missouri,Landing Roll,Medium,Unknown bird - medium,Day,0,0,0,140.0
2001-08-09,Maryland,Climb,Small,Unknown bird - small,Dawn,0,0,0,220.0
2001-08-09,Louisiana,Climb,Small,American robin,Day,0,0,0,240.0
2001-08-10,Texas,Approach,Small,Rock pigeon,Day,0,0,0,130.0
2001-08-10,Colorado,Climb,Small,Unknown bird - small,Day,0,0,0,140.0
2001-08-11,New York,Climb,Small,Unknown bird - small,Dawn,0,0,0,165.0
2001-08-11,New Jersey,Take-off run,Small,Rock pigeon,Day,0,0,0,140.0
2001-08-12,California,Approach,Medium,Unknown bird - medium,Day,0,0,0,140.0
2001-08-12,North Carolina,Approach,Medium,Unknown bird - medium,Dusk,0,0,0,95.0
2001-08-12,Kentucky,Take-off run,Small,Eastern meadowlark,Dawn,0,0,0,100.0
2001-08-12,Missouri,Approach,Small,Western meadowlark,Day,0,0,0,140.0
2001-08-12,Pennsylvania,Approach,Small,Unknown bird - small,Day,0,0,0,130.0
2001-08-12,Kentucky,Take-off run,Small,Eastern meadowlark,Day,0,0,0,140.0
2001-08-13,Louisiana,Approach,Medium,Unknown bird or bat,Day,0,0,0,140.0
2001-08-13,Pennsylvania,Landing Roll,Medium,Ring-billed gull,Day,0,0,0,140.0
2001-08-13,Kentucky,Approach,Small,Unknown bird - small,Day,0,0,0,210.0
2001-08-13,Maryland,Approach,Small,Unknown bird - small,Day,0,0,0,138.0
2001-08-13,Kentucky,Take-off run,Small,Eastern meadowlark,Day,0,0,0,140.0
2001-08-13,Kentucky,Take-off run,Small,Mourning dove,Day,0,0,0,130.0
2001-08-13,Louisiana,Take-off run,Small,Mourning dove,Day,0,0,0,150.0
2001-08-13,Texas,Take-off run,Small,Rock pigeon,Day,0,0,0,140.0
2001-08-14,DC,Climb,Medium,Unknown bird - medium,Dawn,0,0,0,150.0
2001-08-14,Texas,Descent,Medium,Unknown bird - medium,Day,0,0,0,250.0
2001-08-14,Arizona,Climb,Medium,Unknown bird - medium,Night,0,0,0,140.0
2001-08-14,Texas,Approach,Small,European starling,Day,0,0,0,120.0
2001-08-14,Texas,Climb,Small,Unknown bird - small,Day,0,0,0,250.0
2001-08-14,Pennsylvania,Descent,Small,Unknown bird - small,Day,0,0,0,170.0
2001-08-14,Texas,Descent,Small,Unknown bird - small,Day,0,0,0,280.0
2001-08-14,Utah,Approach,Small,Western meadowlark,Night,0,0,0,190.0
2001-08-15,Louisiana,Take-off run,Medium,Unknown bird or bat,Day,0,0,0,138.0
2001-08-15,Kentucky,Take-off run,Small,Mourning dove,Dawn,0,0,0,140.0
2001-08-15,Illinois,Approach,Small,European starling,Day,0,0,0,60.0
2001-08-15,Missouri,Approach,Small,Unknown bird - small,Day,0,0,0,136.0
2001-08-15,Texas,Approach,Small,Unknown bird - small,Day,0,0,0,250.0
2001-08-15,Texas,Landing Roll,Small,Rock pigeon,Day,0,0,0,70.0
2001-08-15,New Jersey,Landing Roll,Small,Mourning dove,Dusk,0,0,0,140.0
2001-08-16,Georgia,Landing Roll,Medium,Unknown bird - medium,Dawn,0,0,0,80.0
2001-08-16,Texas,Landing Roll,Small,Rock pigeon,Day,0,0,0,140.0
2001-08-16,New Jersey,Climb,Small,Rock pigeon,Day,0,0,0,150.0
2001-08-16,Kentucky,Landing Roll,Small,Barn swallow,Day,0,0,0,140.0
2001-08-16,Texas,Climb,Small,Unknown bird - small,Night,0,0,0,250.0
2001-08-17,Massachusetts,Approach,Small,Unknown bird - small,Dawn,0,0,0,130.0
2001-08-17,Ohio,Approach,Small,Unknown bird - small,Dawn,0,0,0,126.0
2001-08-17,Illinois,Approach,Small,Unknown bird - small,Day,0,0,0,170.0
2001-08-17,Ohio,Landing Roll,Small,Mourning dove,Day,0,0,0,140.0
2001-08-17,Pennsylvania,Landing Roll,Small,Unknown bird - small,Day,0,0,0,140.0
2001-08-17,Texas,Landing Roll,Small,Rock pigeon,Day,0,0,0,140.0
2001-08-17,Illinois,Take-off run,Small,Unknown bird - small,Day,0,0,0,160.0
2001-08-17,Louisiana,Approach,Small,Mourning dove,Night,0,0,0,140.0
2001-08-18,Oregon,Take-off run,Medium,Unknown bird - medium,Day,0,0,0,140.0
2001-08-18,Pennsylvania,Climb,Small,Unknown bird - small,Day,0,0,0,175.0
2001-08-18,Illinois,Landing Roll,Small,Unknown bird - small,Day,0,0,0,135.0
2001-08-19,Tennessee,Approach,Medium,American crow,Day,0,0,0,140.0
2001-08-19,Texas,Landing Roll,Medium,Unknown bird - medium,Day,0,0,0,140.0
2001-08-19,Missouri,Approach,Small,Unknown bird - small,Day,0,0,0,180.0
2001-08-20,Oklahoma,Landing Roll,Medium,Unknown bird - medium,Day,0,0,0,140.0
2001-08-20,Washington,Landing Roll,Small,European starling,Day,0,0,0,140.0
2001-08-20,Texas,Take-off run,Small,Unknown bird - small,Day,0,0,0,140.0
2001-08-20,DC,Take-off run,Small,Mourning dove,Night,0,0,0,140.0
2001-08-21,Illinois,Approach,Medium,Unknown bird - medium,Dusk,0,0,0,145.0
2001-08-21,New Jersey,Climb,Small,Unknown bird - small,Day,0,0,0,140.0
2001-08-21,Missouri,Landing Roll,Small,Eastern meadowlark,Day,0,0,0,140.0
2001-08-21,DC,Approach,Small,Unknown bird - small,Dusk,0,0,0,135.0
2001-08-21,Kentucky,Approach,Small,Mourning dove,Dusk,0,0,0,140.0
2001-08-21,DC,Approach,Small,Unknown bird - small,Night,0,0,0,156.0
2001-08-22,New York,Approach,Medium,Unknown bird - medium,Dawn,0,0,0,200.0
2001-08-22,Georgia,Climb,Medium,Unknown bird - medium,Dawn,0,0,0,230.0
2001-08-22,Indiana,Approach,Small,Unknown bird - small,Day,0,0,0,140.0
2001-08-22,Massachusetts,Climb,Small,Unknown bird - small,Day,0,0,0,140.0
2001-08-22,Florida,Take-off run,Small,Unknown bird - small,Day,0,0,0,140.0
2001-08-22,Texas,Take-off run,Small,Rock pigeon,Day,0,0,0,160.0
2001-08-22,Texas,Take-off run,Small,Rock pigeon,Day,0,0,0,140.0
2001-08-22,Minnesota,Approach,Small,Unknown bird - small,Night,0,0,0,150.0
2001-08-23,California,Landing Roll,Small,Rock pigeon,Day,0,0,0,140.0
2001-08-23,Missouri,Climb,Small,Unknown bird - small,Day,0,0,0,220.0
2001-08-23,Illinois,Landing Roll,Small,Unknown bird - small,Day,0,0,0,125.0
2001-08-23,Missouri,Take-off run,Small,Unknown bird - small,Day,0,0,0,135.0
2001-08-23,Texas,Taxi,Small,Unknown bird - small,Day,0,0,0,140.0
2001-08-23,Pennsylvania,Approach,Small,Unknown bird - small,Dusk,0,0,0,130.0
2001-08-24,New Jersey,Take-off run,Small,European starling,Dawn,0,0,0,140.0
2001-08-24,Maryland,Landing Roll,Small,American kestrel,Day,0,0,0,70.0
2001-08-24,Kentucky,Take-off run,Small,Mourning dove,Day,0,0,0,140.0
2001-08-24,Texas,Approach,Small,Unknown bird - small,Dusk,0,0,0,140.0
2001-08-25,DC,Take-off run,Medium,Unknown bird - medium,Day,0,0,0,80.0
2001-08-25,Tennessee,Approach,Medium,Unknown bird - medium,Night,0,0,0,140.0
2001-08-25,Tennessee,Approach,Small,Unknown bird - small,Day,0,0,0,130.0
2001-08-25,Pennsylvania,Descent,Small,Unknown bird - small,Day,0,0,0,140.0
2001-08-25,Florida,Take-off run,Small,Unknown bird - small,Day,0,0,0,150.0
2001-08-26,DC,Approach,Medium,Unknown bird - medium,Day,0,0,0,125.0
2001-08-26,Colorado,Take-off run,Small,Unknown bird - small,Dawn,0,0,0,140.0
2001-08-26,Missouri,Approach,Small,Unknown bird - small,Day,0,0,0,200.0
2001-08-27,Kentucky,Approach,Medium,Unknown bird - medium,Day,0,0,0,140.0
2001-08-27,Minnesota,Approach,Medium,Unknown bird - medium,Day,0,0,0,175.0
2001-08-27,New Jersey,Approach,Medium,Unknown bird - medium,Night,0,0,0,210.0
2001-08-27,Missouri,Landing Roll,Small,Meadowlarks,Day,0,0,0,140.0
2001-08-28,Pennsylvania,Landing Roll,Medium,Unknown bird - medium,Day,0,0,0,140.0
2001-08-28,New York,Descent,Medium,Unknown bird - medium,Dusk,0,0,0,140.0
2001-08-28,Texas,Approach,Small,Unknown bird - small,Day,0,0,0,230.0
2001-08-28,Texas,Approach,Small,Rock pigeon,Day,0,0,0,140.0
2001-08-28,Texas,Take-off run,Small,Unknown bird - small,Day,0,0,0,140.0
2001-08-28,Pennsylvania,Approach,Small,Unknown bird - small,Dusk,0,0,0,190.0
2001-08-29,Pennsylvania,Approach,Large,Unknown bird - large,Day,0,0,0,170.0
2001-08-29,Pennsylvania,Take-off run,Medium,Unknown bird - medium,Dawn,0,0,0,90.0
2001-08-29,North Carolina,Climb,Medium,Unknown bird - medium,Day,0,0,0,150.0
2001-08-29,Texas,Approach,Small,Unknown bird - small,Day,0,0,0,130.0
2001-08-29,California,Climb,Small,Unknown bird - small,Day,0,0,0,200.0
2001-08-29,Illinois,Climb,Small,European starling,Day,0,0,0,160.0
2001-08-29,North Carolina,Climb,Small,Unknown bird - small,Dusk,0,0,0,150.0
2001-08-29,Nebraska,Landing Roll,Small,Unknown bird - small,Dusk,0,0,0,140.0
2001-08-29,South Carolina,Approach,Small,Killdeer,Night,0,0,0,150.0
2001-08-30,Tennessee,Approach,Large,Unknown bird - large,Day,0,0,0,125.0
2001-08-30,Minnesota,Landing Roll,Medium,Unknown bird - medium,Day,0,0,0,120.0
2001-08-30,DC,Take-off run,Medium,Unknown bird - medium,Dusk,0,0,0,140.0
2001-08-30,Tennessee,Approach,Medium,Unknown bird - medium,Night,0,0,0,140.0
2001-08-30,New Jersey,Approach,Small,Unknown bird - small,Day,0,0,0,140.0
2001-08-30,Texas,Approach,Small,Unknown bird - small,Day,0,0,0,140.0
2001-08-30,Missouri,Approach,Small,Unknown bird - small,Night,0,0,0,165.0
2001-08-30,New York,Approach,Small,Unknown bird - small,Night,0,0,0,145.0
2001-08-30,North Carolina,Climb,Small,Unknown bird - small,Night,0,0,0,140.0
2001-08-31,Maryland,Approach,Large,Canada goose,Night,0,0,0,130.0
2001-08-31,Missouri,Climb,Large,Unknown bird - large,Night,0,0,0,140.0
2001-08-31,Ohio,Approach,Medium,Unknown bird - medium,Night,0,0,0,140.0
2001-08-31,South Carolina,Take-off run,Small,Cattle egret,Day,0,0,0,100.0
2001-08-31,South Carolina,Taxi,Small,Unknown bird - small,Day,0,0,0,130.0
2001-08-31,Texas,Landing Roll,Small,Unknown bird - small,Dusk,0,0,0,100.0
2001-08-31,Michigan,Approach,Small,Unknown bird - small,Night,0,0,0,140.0
2001-09-01,Texas,Take-off run,Medium,Unknown bird - medium,Night,0,0,0,140.0
2001-09-01,Missouri,Approach,Small,Unknown bird - small,Dawn,0,0,0,190.0
2001-09-01,Texas,Climb,Small,Unknown bird - small,Day,0,0,0,210.0
2001-09-01,Texas,Landing Roll,Small,Rock pigeon,Day,0,0,0,145.0
2001-09-01,Tennessee,Take-off run,Small,Unknown bird - small,Day,0,0,0,130.0
2001-09-01,Texas,Climb,Small,Unknown bird - small,Night,0,0,0,200.0
2001-09-02,Tennessee,Climb,Medium,Unknown bird - medium,Day,0,0,0,145.0
2001-09-02,Georgia,Climb,Medium,Unknown bird - medium,Night,0,0,0,250.0
2001-09-02,Oregon,Approach,Small,Unknown bird - small,Day,0,0,0,140.0
2001-09-02,Pennsylvania,Approach,Small,European starling,Day,0,0,0,140.0
2001-09-02,Colorado,Landing Roll,Small,Rock pigeon,Day,0,0,0,140.0
2001-09-03,California,Climb,Large,Unknown bird - large,Day,0,0,0,140.0
2001-09-03,Massachusetts,Take-off run,Medium,Unknown bird - medium,Day,0,0,0,140.0
2001-09-03,Colorado,Approach,Medium,Unknown bird - medium,Night,0,0,0,140.0
2001-09-03,Hawaii,Climb,Small,Unknown bird - small,Day,0,0,0,130.0
2001-09-03,Maryland,Approach,Small,Unknown bird - small,Night,0,0,0,130.0
2001-09-03,Minnesota,Approach,Small,Unknown bird - small,Night,0,0,0,160.0
2001-09-03,Pennsylvania,Approach,Small,Unknown bird - small,Night,0,0,0,100.0
2001-09-03,Oklahoma,Climb,Small,Unknown bird - small,Night,0,0,0,160.0
2001-09-03,Texas,Climb,Small,Unknown bird - small,Night,0,0,0,220.0
2001-09-04,Colorado,Approach,Large,Canada goose,Day,0,0,0,136.0
2001-09-04,Kentucky,Climb,Medium,Unknown bird - medium,Day,0,0,0,145.0
2001-09-04,South Carolina,Climb,Medium,Unknown bird or bat,Day,0,0,0,140.0
2001-09-04,Massachusetts,Take-off run,Medium,Unknown bird - medium,Day,0,0,0,140.0
2001-09-04,Texas,Landing Roll,Small,Rock pigeon,Day,0,65080,65080,70.0
2001-09-04,Texas,Landing Roll,Small,Rock pigeon,Day,0,0,0,140.0
2001-09-05,DC,Climb,Medium,Unknown bird - medium,Dawn,0,0,0,140.0
2001-09-05,New Jersey,Approach,Medium,Unknown bird - medium,Night,0,0,0,170.0
2001-09-05,New Jersey,Approach,Medium,Unknown bird - medium,Night,0,0,0,140.0
2001-09-05,North Carolina,Approach,Small,Unknown bird - small,Night,0,0,0,170.0
2001-09-06,Illinois,Approach,Large,Unknown bird - large,Dusk,0,0,0,140.0
2001-09-06,California,Approach,Medium,Unknown bird - medium,Day,0,0,0,140.0
2001-09-06,Missouri,Landing Roll,Small,Mourning dove,Day,0,0,0,120.0
2001-09-06,New Jersey,Approach,Small,Unknown bird - small,Night,0,0,0,140.0
2001-09-06,Missouri,Landing Roll,Small,Unknown bird - small,Night,0,0,0,90.0
2001-09-07,Texas,Landing Roll,Medium,Unknown bird - medium,Day,0,0,0,140.0
2001-09-07,Texas,Climb,Medium,Unknown bird - medium,Night,0,0,0,250.0
2001-09-07,Maryland,Approach,Small,Rock pigeon,Day,0,0,0,120.0
2001-09-08,Ohio,Approach,Medium,Unknown bird - medium,Night,0,0,0,200.0
2001-09-08,Indiana,Landing Roll,Small,Unknown bird - small,Day,0,0,0,100.0
2001-09-08,Illinois,Take-off run,Small,European starling,Day,0,0,0,155.0
2001-09-08,Utah,Approach,Small,Unknown bird - small,Night,0,0,0,140.0
2001-09-09,California,Approach,Medium,Unknown bird - medium,Night,0,0,0,140.0
2001-09-09,Illinois,Approach,Medium,Unknown bird - medium,Night,0,0,0,140.0
2001-09-09,Georgia,Approach,Small,Unknown bird - small,Dawn,0,0,0,140.0
2001-09-09,Georgia,Approach,Small,Unknown bird - small,Day,0,0,0,130.0
2001-09-09,Texas,Approach,Small,Unknown bird - small,Day,0,0,0,220.0
2001-09-09,Illinois,Approach,Small,Unknown bird - small,Night,0,0,0,137.0
2001-09-10,Massachusetts,Take-off run,Medium,Unknown bird - medium,Dawn,0,0,0,135.0
2001-09-10,Pennsylvania,Approach,Medium,Unknown bird - medium,Night,0,0,0,141.0
2001-09-10,Kentucky,Take-off run,Small,Killdeer,Day,0,0,0,105.0
2001-09-10,Oregon,Approach,Small,Unknown bird - small,Night,0,0,0,145.0
2001-09-11,Texas,Climb,Medium,Unknown bird - medium,Night,0,0,0,250.0
2001-09-11,Texas,Landing Roll,Small,Unknown bird - small,Day,0,0,0,120.0
2001-09-11,Texas,Take-off run,Small,Unknown bird - small,Day,0,0,0,120.0
2001-09-11,Tennessee,Approach,Small,Unknown bird - small,Night,0,0,0,135.0
2001-09-13,Kentucky,Approach,Small,Mourning dove,Day,0,0,0,120.0
2001-09-13,Kentucky,Climb,Small,Unknown bird - small,Night,0,0,0,140.0
2001-09-14,Kentucky,Approach,Small,Unknown bird - small,Night,0,0,0,138.0
2001-09-14,Tennessee,Climb,Small,Unknown bird - small,Night,0,0,0,140.0
2001-09-15,Texas,Approach,Medium,Unknown bird - medium,Day,0,0,0,140.0
2001-09-15,Georgia,Climb,Medium,Unknown bird - medium,Night,0,0,0,170.0
2001-09-15,Pennsylvania,Approach,Small,Unknown bird - small,Day,0,0,0,140.0
2001-09-15,Utah,Approach,Small,Unknown bird - small,Dusk,0,0,0,140.0
2001-09-16,Tennessee,Approach,Large,Unknown bird - large,Day,0,0,0,140.0
2001-09-16,Georgia,Approach,Small,Unknown bird - small,Day,0,0,0,137.0
2001-09-16,Texas,Approach,Small,Unknown bird - small,Day,0,0,0,200.0
2001-09-16,Texas,Landing Roll,Small,Unknown bird - small,Day,0,0,0,130.0
2001-09-16,Texas,Climb,Small,Unknown bird - small,Dusk,0,0,0,160.0
2001-09-17,Pennsylvania,Approach,Small,Unknown bird - small,Day,0,0,0,125.0
2001-09-17,New York,Take-off run,Small,Rock pigeon,Day,0,0,0,140.0
2001-09-17,Michigan,Approach,Small,Unknown bird - small,Night,0,0,0,140.0
2001-09-18,New Jersey,Approach,Small,Eastern meadowlark,Night,0,0,0,180.0
2001-09-18,Oregon,Landing Roll,Small,Barn owl,Night,0,0,0,140.0
2001-09-19,Pennsylvania,Landing Roll,Medium,Red-tailed hawk,Day,0,0,0,100.0
2001-09-19,Florida,Approach,Medium,Unknown bird - medium,Day,0,0,0,130.0
2001-09-19,South Carolina,Take-off run,Medium,Unknown bird or bat,Day,0,0,0,140.0
2001-09-19,Missouri,Take-off run,Small,Killdeer,Dawn,0,0,0,120.0
2001-09-19,Texas,Approach,Small,Unknown bird - small,Day,0,0,0,200.0
2001-09-19,Texas,Landing Roll,Small,Mourning dove,Day,0,0,0,100.0
2001-09-19,Indiana,Climb,Small,Unknown bird - small,Night,0,0,0,140.0
2001-09-20,Kentucky,Descent,Medium,Unknown bird - medium,Night,0,0,0,250.0
2001-09-20,Hawaii,Landing Roll,Small,Unknown bird - small,Day,0,0,0,140.0
2001-09-20,Tennessee,Approach,Small,Unknown bird - small,Night,0,0,0,170.0
2001-09-20,Utah,Approach,Small,Unknown bird - small,Night,0,0,0,140.0
2001-09-21,Texas,Landing Roll,Medium,Unknown bird - medium,Day,0,0,0,60.0
2001-09-21,Texas,Approach,Medium,Unknown bird - medium,Dusk,0,0,0,133.0
2001-09-21,California,Landing Roll,Small,Unknown bird - small,Day,0,0,0,140.0
2001-09-21,Kentucky,Take-off run,Small,Mourning dove,Dusk,0,0,0,140.0
2001-09-21,Nebraska,Descent,Small,Unknown bird - small,Night,0,0,0,140.0
2001-09-22,Kentucky,Approach,Medium,Unknown bird - medium,Night,0,0,0,140.0
2001-09-22,Tennessee,Take-off run,Medium,Unknown bird - medium,Night,0,0,0,140.0
2001-09-22,Texas,Approach,Small,Rock pigeon,Day,0,0,0,140.0
2001-09-22,Colorado,Approach,Small,European starling,Night,0,0,0,131.0
2001-09-23,Florida,Descent,Medium,Unknown bird - medium,Night,0,0,0,140.0
2001-09-23,Minnesota,Approach,Small,Unknown bird - small,Night,0,0,0,140.0
2001-09-24,Texas,Approach,Medium,Unknown bird - medium,Day,0,0,0,140.0
2001-09-24,Michigan,Take-off run,Medium,Unknown bird - medium,Day,0,0,0,140.0
2001-09-24,Missouri,Approach,Medium,Unknown bird - medium,Night,0,0,0,160.0
2001-09-24,Missouri,Approach,Medium,Unknown bird - medium,Night,0,0,0,140.0
2001-09-24,Texas,Approach,Small,Rock pigeon,Day,0,0,0,140.0
2001-09-24,Texas,Landing Roll,Small,Rock pigeon,Day,0,0,0,100.0
2001-09-25,DC,Approach,Large,Canada goose,Night,0,0,0,190.0
2001-09-25,Pennsylvania,Approach,Small,Unknown bird - small,Day,0,0,0,140.0
2001-09-25,Tennessee,Approach,Small,Unknown bird - small,Day,0,0,0,140.0
2001-09-25,Pennsylvania,Climb,Small,Unknown bird - small,Day,0,0,0,150.0
2001-09-25,Missouri,Landing Roll,Small,European starling,Day,0,0,0,140.0
2001-09-25,North Carolina,Approach,Small,Unknown bird - small,Night,0,0,0,200.0
2001-09-26,Tennessee,Approach,Medium,Unknown bird - medium,Day,0,0,0,140.0
2001-09-26,Oregon,Approach,Medium,Unknown bird - medium,Night,0,0,0,140.0
2001-09-26,Kentucky,Take-off run,Small,American kestrel,Day,0,0,0,140.0
2001-09-27,Maryland,Approach,Medium,Unknown bird - medium,Night,0,0,0,130.0
2001-09-27,Oklahoma,Climb,Small,Unknown bird - small,Dawn,0,0,0,210.0
2001-09-27,Texas,Landing Roll,Small,Rock pigeon,Day,0,0,0,140.0
2001-09-28,New York,Approach,Medium,Herring gull,Day,0,0,0,140.0
2001-09-28,Kentucky,Approach,Medium,Unknown bird - medium,Day,0,0,0,140.0
2001-09-28,Pennsylvania,Approach,Small,Unknown bird - small,Day,0,0,0,125.0
2001-09-28,South Carolina,Taxi,Small,Mourning dove,Day,0,0,0,7.0
2001-09-28,Tennessee,Approach,Small,Unknown bird - small,Night,0,0,0,160.0
2001-09-29,California,Approach,Medium,Unknown bird - medium,Night,0,0,0,180.0
2001-09-29,Georgia,Approach,Medium,Unknown bird - medium,Night,0,0,0,210.0
2001-09-29,Georgia,Approach,Medium,Unknown bird - medium,Night,260,0,260,210.0
2001-09-29,Maryland,Approach,Medium,Unknown bird - medium,Night,0,0,0,220.0
2001-09-29,Pennsylvania,Approach,Small,Unknown bird - small,Day,0,0,0,140.0
2001-09-29,Texas,Landing Roll,Small,Rock pigeon,Day,0,0,0,110.0
2001-09-29,New Jersey,Landing Roll,Small,American kestrel,Dusk,0,0,0,140.0
2001-09-29,Florida,Approach,Small,Unknown bird - small,Night,0,0,0,140.0
2001-09-30,California,Climb,Medium,Unknown bird - medium,Night,0,0,0,150.0
2001-09-30,Texas,Approach,Small,Unknown bird - small,Day,0,0,0,140.0
2001-09-30,Hawaii,Landing Roll,Small,Pacific golden-plover,Day,0,0,0,100.0
2001-10-01,Missouri,Descent,Large,Unknown bird - large,Night,0,0,0,210.0
2001-10-01,South Carolina,Take-off run,Medium,Unknown bird - medium,Day,0,0,0,85.0
2001-10-01,Louisiana,Approach,Small,Mourning dove,Night,0,0,0,150.0
2001-10-01,Maryland,Approach,Small,Unknown bird - small,Night,0,0,0,135.0
2001-10-01,Nebraska,Climb,Small,Unknown bird - small,Night,0,0,0,250.0
2001-10-02,New Jersey,Approach,Large,Unknown bird - large,Day,0,0,0,150.0
2001-10-02,DC,Taxi,Large,White-tailed deer,Night,0,0,0,140.0
2001-10-02,Colorado,Approach,Medium,Unknown bird - medium,Night,0,0,0,140.0
2001-10-02,Texas,Approach,Medium,Unknown bird - medium,Night,0,0,0,125.0
2001-10-02,New York,Approach,Small,Unknown bird - small,Day,0,0,0,125.0
2001-10-02,New Jersey,Approach,Small,Horned lark,Dusk,0,0,0,170.0
2001-10-02,Utah,Approach,Small,Unknown bird - small,Night,0,0,0,140.0
2001-10-03,New York,Take-off run,Medium,Herring gull,Day,0,0,0,140.0
2001-10-03,Hawaii,Taxi,Medium,Unknown bird or bat,Day,0,0,0,140.0
2001-10-03,Missouri,Approach,Small,Unknown bird - small,Night,0,0,0,150.0
2001-10-03,Illinois,Climb,Small,Unknown bird - small,Night,0,0,0,190.0
2001-10-03,Kentucky,Landing Roll,Small,European starling,Night,0,0,0,140.0
2001-10-03,Massachusetts,Landing Roll,Small,Unknown bird - small,Night,0,0,0,140.0
2001-10-03,Oregon,Landing Roll,Small,Barn owl,Night,0,0,0,140.0
2001-10-04,Indiana,Approach,Medium,Unknown bird - medium,Night,0,0,0,140.0
2001-10-04,North Carolina,Approach,Small,Unknown bird - small,Day,0,0,0,130.0
2001-10-04,Indiana,Approach,Small,Unknown bird - small,Night,0,0,0,140.0
2001-10-04,Tennessee,Approach,Small,Unknown bird - small,Night,0,0,0,140.0
2001-10-05,Illinois,Climb,Large,Unknown bird - large,Night,0,0,0,250.0
2001-10-05,California,Climb,Medium,Unknown bird - medium,Day,0,0,0,140.0
2001-10-05,Missouri,Approach,Small,Unknown bird - small,Dawn,0,0,0,165.0
2001-10-05,North Carolina,Approach,Small,Unknown bird - small,Day,0,0,0,150.0
2001-10-05,Texas,Climb,Small,Unknown bird - small,Day,0,0,0,150.0
2001-10-05,Ohio,Approach,Small,Unknown bird - small,Night,0,0,0,185.0
2001-10-06,DC,Descent,Large,Unknown bird - large,Night,0,0,0,210.0
2001-10-06,Tennessee,Descent,Medium,Unknown bird - medium,Night,0,0,0,240.0
2001-10-06,North Carolina,Take-off run,Small,Unknown bird - small,Dusk,0,0,0,140.0
2001-10-06,New York,Approach,Small,Killdeer,Night,0,0,0,210.0
2001-10-06,Tennessee,Approach,Small,Unknown bird - small,Night,0,0,0,140.0
2001-10-06,Tennessee,Approach,Small,Unknown bird - small,Night,0,0,0,180.0
2001-10-07,South Carolina,Approach,Medium,Unknown bird or bat,Night,0,0,0,160.0
2001-10-07,South Carolina,Approach,Medium,Unknown bird or bat,Night,0,0,0,250.0
2001-10-07,Georgia,Climb,Medium,Unknown bird - medium,Night,0,0,0,210.0
2001-10-08,Georgia,Climb,Large,Unknown bird - large,Day,0,0,0,170.0
2001-10-08,Ohio,Approach,Small,Unknown bird - small,Day,0,0,0,135.0
2001-10-08,Florida,Approach,Small,Unknown bird - small,Night,0,0,0,145.0
2001-10-08,Massachusetts,Approach,Small,Unknown bird - small,Night,0,0,0,170.0
2001-10-09,Georgia,Approach,Medium,Unknown bird - medium,Night,0,0,0,40.0
2001-10-10,California,Approach,Medium,Unknown bird - medium,Night,0,0,0,140.0
2001-10-10,Texas,Take-off run,Small,Rock pigeon,Day,0,0,0,140.0
2001-10-10,Nebraska,Approach,Small,Unknown bird - small,Night,0,0,0,130.0
2001-10-11,Missouri,Approach,Small,Unknown bird - small,Day,0,0,0,140.0
2001-10-11,California,Approach,Small,Unknown bird - small,Night,0,0,0,130.0
2001-10-11,Pennsylvania,Approach,Small,Unknown bird - small,Night,0,0,0,140.0
2001-10-12,New Jersey,Approach,Small,Unknown bird - small,Day,0,0,0,150.0
2001-10-12,Ohio,Landing Roll,Small,Mourning dove,Day,0,0,0,140.0
2001-10-13,Georgia,Approach,Small,Rock pigeon,Day,0,0,0,140.0
2001-10-13,South Carolina,Climb,Small,Unknown bird - small,Day,0,0,0,140.0
2001-10-13,Colorado,Landing Roll,Small,Rock pigeon,Day,0,0,0,140.0
2001-10-13,Hawaii,Landing Roll,Small,Pacific golden-plover,Day,0,0,0,140.0
2001-10-13,Pennsylvania,Climb,Small,Mourning dove,Dusk,0,0,0,160.0
2001-10-14,Hawaii,Landing Roll,Small,Pacific golden-plover,Day,0,0,0,80.0
2001-10-14,Hawaii,Landing Roll,Small,Pacific golden-plover,Night,0,0,0,80.0
2001-10-15,Florida,Approach,Medium,Unknown bird - medium,Night,0,0,0,140.0
2001-10-15,California,Landing Roll,Small,Mourning dove,Dawn,0,0,0,140.0
2001-10-15,Maryland,Approach,Small,Unknown bird - small,Day,0,0,0,200.0
2001-10-15,North Carolina,Climb,Small,Unknown bird - small,Day,0,0,0,140.0
2001-10-15,Florida,Descent,Small,Unknown bird - small,Day,0,0,0,210.0
2001-10-15,Georgia,Approach,Small,Unknown bird - small,Night,0,0,0,126.0
2001-10-16,Indiana,Climb,Small,Unknown bird - small,Dawn,0,0,0,170.0
2001-10-16,Tennessee,Approach,Small,Unknown bird - small,Night,0,0,0,140.0
2001-10-16,Colorado,Climb,Small,Unknown bird - small,Night,0,0,0,140.0
2001-10-17,Georgia,Approach,Large,Unknown bird - large,Night,0,0,0,110.0
2001-10-17,Tennessee,Approach,Medium,Unknown bird - medium,Night,0,0,0,142.0
2001-10-17,Massachusetts,Approach,Small,Unknown bird - small,Day,0,0,0,115.0
2001-10-18,Pennsylvania,Approach,Medium,Unknown bird - medium,Day,0,0,0,100.0
2001-10-18,Oregon,Landing Roll,Medium,Red-tailed hawk,Day,0,0,0,140.0
2001-10-18,Kentucky,Approach,Medium,Unknown bird - medium,Night,0,0,0,250.0
2001-10-18,Maryland,Approach,Medium,Unknown bird - medium,Night,0,0,0,250.0
2001-10-18,Oregon,Approach,Medium,Unknown bird - medium,Night,0,0,0,140.0
2001-10-18,Kentucky,Take-off run,Small,Unknown bird - small,Dawn,0,0,0,90.0
2001-10-19,California,Approach,Medium,Unknown bird - medium,Night,0,0,0,140.0
2001-10-19,Missouri,Approach,Small,European starling,Night,0,0,0,130.0
2001-10-19,Massachusetts,Landing Roll,Small,Unknown bird - small,Night,0,0,0,100.0
2001-10-20,Indiana,Approach,Medium,Unknown bird - medium,Night,0,0,0,140.0
2001-10-20,Maryland,Approach,Medium,Unknown bird - medium,Night,0,0,0,190.0
2001-10-20,Oregon,Take-off run,Small,Barn owl,Night,0,0,0,140.0
2001-10-21,Colorado,Approach,Small,Unknown bird - small,Day,0,0,0,140.0
2001-10-21,Colorado,Take-off run,Small,Unknown bird - small,Day,0,0,0,130.0
2001-10-22,Arizona,Approach,Medium,Unknown bird - medium,Day,0,0,0,160.0
2001-10-22,Louisiana,Approach,Small,Killdeer,Day,0,0,0,145.0
2001-10-22,Florida,Climb,Small,Unknown bird - small,Day,0,0,0,140.0
2001-10-22,Tennessee,Approach,Small,Unknown bird - small,Night,0,0,0,240.0
2001-10-23,Missouri,Climb,Large,Canada goose,Day,0,0,0,210.0
2001-10-23,Louisiana,Approach,Medium,Unknown bird or bat,Day,0,0,0,140.0
2001-10-23,Pennsylvania,Approach,Medium,Unknown bird - medium,Night,0,0,0,190.0
2001-10-24,Louisiana,Approach,Medium,Unknown bird or bat,Night,0,0,0,163.0
2001-10-24,Texas,Approach,Medium,Unknown bird - medium,Night,0,0,0,140.0
2001-10-24,Arizona,Approach,Small,Unknown bird - small,Day,0,0,0,130.0
2001-10-24,Pennsylvania,Climb,Small,Mourning dove,Day,0,0,0,120.0
2001-10-24,Hawaii,Landing Roll,Small,Pacific golden-plover,Day,0,0,0,140.0
2001-10-24,Indiana,Landing Roll,Small,Mourning dove,Day,0,0,0,140.0
2001-10-24,California,Approach,Small,Unknown bird - small,Night,0,0,0,250.0
2001-10-24,Oklahoma,Approach,Small,Killdeer,Night,0,0,0,115.0
2001-10-25,Florida,Climb,Medium,Unknown bird - medium,Day,0,0,0,250.0
2001-10-25,Tennessee,Approach,Medium,Unknown bird - medium,Night,0,0,0,140.0
2001-10-25,Tennessee,Take-off run,Medium,Unknown bird - medium,Night,0,0,0,140.0
2001-10-25,DC,Take-off run,Small,Unknown bird - small,Day,0,0,0,140.0
2001-10-25,Hawaii,Landing Roll,Small,Pacific golden-plover,Dusk,0,0,0,90.0
2001-10-25,Missouri,Descent,Small,Unknown bird - small,Night,0,0,0,240.0
2001-10-25,DC,Approach,Small,Unknown bird - small,Night,0,0,0,145.0
2001-10-26,Nebraska,Approach,Medium,Unknown bird - medium,Night,47769,1022,48791,140.0
2001-10-26,Illinois,Approach,Medium,Unknown bird - medium,Night,0,0,0,140.0
2001-10-26,Texas,Approach,Medium,Unknown bird - medium,Night,0,0,0,210.0
2001-10-26,Texas,Landing Roll,Small,Rock pigeon,Day,0,0,0,120.0
2001-10-26,Indiana,Approach,Small,European starling,Day,0,0,0,140.0
2001-10-27,Tennessee,Approach,Large,Unknown bird - large,Night,0,6508,6508,140.0
2001-10-27,Pennsylvania,Landing Roll,Medium,Unknown bird - medium,Night,0,0,0,120.0
2001-10-27,Hawaii,Climb,Small,Zebra dove,Day,0,0,0,145.0
2001-10-27,New York,Approach,Small,Unknown bird - small,Night,0,0,0,140.0
2001-10-27,Massachusetts,Climb,Small,Unknown bird - small,Night,0,0,0,190.0
2001-10-28,Maryland,Take-off run,Large,White-tailed deer,Dusk,0,0,0,140.0
2001-10-28,Michigan,Approach,Medium,Unknown bird - medium,Day,0,0,0,140.0
2001-10-28,Pennsylvania,Approach,Medium,Unknown bird - medium,Night,0,0,0,140.0
2001-10-28,New Jersey,Approach,Small,Unknown bird - small,Night,0,0,0,130.0
2001-10-28,Pennsylvania,Descent,Small,Unknown bird - small,Night,0,0,0,140.0
2001-10-29,Georgia,Approach,Medium,Unknown bird - medium,Dusk,0,0,0,150.0
2001-10-29,Ohio,Approach,Medium,Unknown bird - medium,Night,0,0,0,120.0
2001-10-29,California,Landing Roll,Medium,Unknown bird - medium,Night,0,0,0,30.0
2001-10-30,Louisiana,Approach,Large,Unknown bird - large,Night,0,0,0,150.0
2001-10-30,New York,Descent,Large,Unknown bird - large,Night,0,0,0,250.0
2001-10-30,New Jersey,Approach,Medium,Unknown bird - medium,Night,0,0,0,150.0
2001-10-30,Tennessee,Approach,Medium,Unknown bird - medium,Night,0,0,0,140.0
2001-10-31,New Jersey,Approach,Medium,Unknown bird - medium,Night,0,0,0,140.0
2001-11-01,Missouri,Descent,Medium,Unknown bird - medium,Night,0,0,0,230.0
2001-11-01,Nebraska,Climb,Small,Unknown bird - small,Day,0,0,0,180.0
2001-11-02,Texas,Climb,Medium,Unknown bird - medium,Day,0,0,0,140.0
2001-11-02,California,Descent,Medium,Unknown bird - medium,Night,0,42302,42302,250.0
2001-11-02,Indiana,Approach,Medium,Unknown bird - medium,Night,0,0,0,140.0
2001-11-03,Georgia,Climb,Small,Unknown bird - small,Dawn,0,0,0,250.0
2001-11-03,Kentucky,Approach,Small,Unknown bird - small,Night,0,0,0,210.0
2001-11-03,Maryland,Descent,Small,Unknown bird - small,Night,0,0,0,230.0
2001-11-04,Tennessee,Climb,Medium,Unknown bird - medium,Night,0,130,130,200.0
2001-11-04,Colorado,Approach,Small,Unknown bird - small,Day,0,0,0,140.0
2001-11-04,Kentucky,Climb,Small,European starling,Day,0,0,0,165.0
2001-11-04,Texas,Descent,Small,Unknown bird - small,Night,0,0,0,250.0
2001-11-05,DC,Approach,Medium,Unknown bird - medium,Night,0,0,0,140.0
2001-11-05,DC,Approach,Medium,Unknown bird - medium,Night,0,0,0,230.0
2001-11-05,Texas,Climb,Small,Unknown bird - small,Dawn,0,0,0,150.0
2001-11-05,DC,Approach,Small,Unknown bird - small,Night,0,0,0,210.0
2001-11-05,Texas,Approach,Small,Unknown bird - small,Night,0,0,0,200.0
2001-11-06,Florida,Climb,Small,Unknown bird - small,Night,0,0,0,180.0
2001-11-07,California,Approach,Medium,Unknown bird - medium,Night,0,0,0,150.0
2001-11-07,Florida,Climb,Small,Unknown bird - small,Dawn,130,0,130,150.0
2001-11-07,Hawaii,Landing Roll,Small,Pacific golden-plover,Day,0,0,0,130.0
2001-11-07,Hawaii,Landing Roll,Small,Pacific golden-plover,Dusk,0,0,0,100.0
2001-11-08,DC,Approach,Large,Canada goose,Day,0,0,0,130.0
2001-11-08,Indiana,Approach,Large,Unknown bird - large,Night,0,0,0,145.0
2001-11-08,California,Climb,Small,Unknown bird - small,Day,0,0,0,178.0
2001-11-09,DC,Approach,Large,Unknown bird - large,Day,0,0,0,220.0
2001-11-09,Colorado,Landing Roll,Large,Unknown bird - large,Day,0,0,0,140.0
2001-11-09,Indiana,Approach,Large,Unknown bird - large,Night,0,0,0,165.0
2001-11-09,Maryland,Landing Roll,Large,White-tailed deer,Night,0,0,0,140.0
2001-11-09,California,Landing Roll,Medium,Unknown bird - medium,Day,0,0,0,140.0
2001-11-10,New Jersey,Approach,Small,Unknown bird - small,Night,0,0,0,150.0
2001-11-11,Illinois,Approach,Medium,Unknown bird - medium,Night,0,0,0,200.0
2001-11-11,Pennsylvania,Approach,Medium,Unknown bird - medium,Night,0,0,0,250.0
2001-11-12,Pennsylvania,Climb,Small,European starling,Day,0,0,0,160.0
2001-11-13,Florida,Approach,Large,Unknown bird - large,Night,0,0,0,160.0
2001-11-13,Oregon,Climb,Medium,Mallard,Dusk,0,0,0,120.0
2001-11-13,Texas,Take-off run,Small,Unknown bird - small,Dusk,0,0,0,135.0
2001-11-14,Massachusetts,Approach,Small,Unknown bird - small,Day,0,0,0,120.0
2001-11-14,Massachusetts,Take-off run,Small,Unknown bird - small,Day,0,0,0,170.0
2001-11-15,Texas,Landing Roll,Small,Rock pigeon,Day,0,0,0,130.0
2001-11-15,Kentucky,Landing Roll,Small,Unknown bird - small,Night,0,0,0,140.0
2001-11-16,Maryland,Descent,Medium,Unknown bird - medium,Night,0,0,0,140.0
2001-11-16,Florida,Landing Roll,Small,Unknown bird - small,Day,0,0,0,110.0
2001-11-17,California,Descent,Medium,Unknown bird - medium,Night,0,0,0,210.0
2001-11-19,Maryland,Take-off run,Medium,Unknown bird - medium,Day,0,0,0,150.0
2001-11-19,California,Approach,Medium,Unknown bird - medium,Day,0,0,0,140.0
2001-11-19,South Carolina,Approach,Medium,Unknown bird or bat,Night,0,0,0,140.0
2001-11-19,Texas,Landing Roll,Small,Unknown bird - small,Day,0,0,0,115.0
2001-11-20,DC,Climb,Large,Canada goose,Day,0,0,0,250.0
2001-11-20,Missouri,Take-off run,Medium,Red-tailed hawk,Day,0,0,0,150.0
2001-11-21,DC,Approach,Medium,Unknown bird - medium,Day,0,0,0,140.0
2001-11-21,Texas,Take-off run,Small,Unknown bird - small,Dusk,0,0,0,100.0
2001-11-22,California,Descent,Medium,Unknown bird - medium,Night,0,0,0,210.0
2001-11-25,Texas,Approach,Large,Turkey vulture,Day,1302,0,1302,120.0
2001-11-25,Florida,Landing Roll,Small,Unknown bird - small,Day,0,0,0,120.0
2001-11-26,Oklahoma,Approach,Small,American robin,Night,0,0,0,135.0
2001-11-28,DC,Approach,Small,Unknown bird - small,Night,0,0,0,200.0
2001-11-29,Hawaii,Landing Roll,Small,Pacific golden-plover,Day,0,0,0,140.0
2001-11-30,Kentucky,Take-off run,Medium,Unknown bird - medium,Day,0,0,0,140.0
2001-12-01,Texas,Approach,Small,Unknown bird - small,Dawn,0,0,0,125.0
2001-12-01,Texas,Climb,Small,Unknown bird - small,Day,0,0,0,140.0
2001-12-01,California,Approach,Small,Barn owl,Night,0,0,0,140.0
2001-12-03,Pennsylvania,Approach,Large,Unknown bird - large,Night,0,0,0,130.0
2001-12-04,Texas,Climb,Medium,Unknown bird - medium,Day,0,0,0,155.0
2001-12-04,Kentucky,Approach,Medium,Unknown bird - medium,Night,0,0,0,170.0
2001-12-04,Oregon,Take-off run,Small,Barn owl,Dawn,0,0,0,120.0
2001-12-04,Texas,Approach,Small,Unknown bird - small,Dusk,0,0,0,140.0
2001-12-05,New Jersey,Climb,Medium,Red-tailed hawk,Day,0,0,0,118.0
2001-12-05,Kentucky,Take-off run,Small,Unknown bird - small,Day,0,0,0,140.0
2001-12-05,Texas,Take-off run,Small,Mourning dove,Day,0,0,0,140.0
2001-12-06,California,Approach,Medium,Unknown bird - medium,Night,0,0,0,130.0
2001-12-06,Tennessee,Approach,Small,Unknown bird - small,Day,0,0,0,141.0
2001-12-06,Hawaii,Taxi,Small,Unknown bird - small,Day,0,0,0,140.0
2001-12-08,Tennessee,Approach,Large,Unknown bird - large,Day,0,0,0,120.0
2001-12-08,DC,Climb,Medium,Unknown bird - medium,Day,0,0,0,140.0
2001-12-08,Tennessee,Approach,Small,European starling,Day,0,0,0,140.0
2001-12-11,DC,Approach,Large,Unknown bird - large,Night,0,0,0,140.0
2001-12-11,Tennessee,Climb,Medium,Unknown bird - medium,Dusk,0,0,0,125.0
2001-12-11,Utah,Climb,Small,European starling,Day,0,0,0,150.0
2001-12-12,New Jersey,Landing Roll,Medium,Red-tailed hawk,Day,0,0,0,140.0
2001-12-12,Hawaii,Climb,Medium,Unknown bird - medium,Dusk,0,0,0,135.0
2001-12-14,Oklahoma,Take-off run,Small,Eastern meadowlark,Day,0,0,0,120.0
2001-12-14,Illinois,Approach,Small,Unknown bird - small,Dusk,0,0,0,147.0
2001-12-15,Florida,Approach,Medium,Ring-billed gull,Day,0,0,0,145.0
2001-12-16,Tennessee,Approach,Medium,Unknown bird - medium,Day,0,0,0,140.0
2001-12-16,Texas,Approach,Medium,Unknown bird - medium,Day,0,0,0,140.0
2001-12-17,Tennessee,Approach,Large,Unknown bird - large,Night,0,0,0,170.0
2001-12-17,Colorado,Take-off run,Small,Unknown bird - small,Day,0,0,0,140.0
2001-12-18,Pennsylvania,Approach,Large,Unknown bird - large,Night,0,0,0,150.0
2001-12-18,Texas,Approach,Medium,Unknown bird - medium,Day,0,0,0,140.0
2001-12-19,Tennessee,Approach,Medium,Unknown bird - medium,Dawn,0,0,0,140.0
2001-12-19,Tennessee,Climb,Small,Unknown bird - small,Day,0,0,0,200.0
2001-12-19,California,Approach,Small,Killdeer,Dusk,0,0,0,135.0
2001-12-22,Texas,Take-off run,Small,Unknown bird - small,Dusk,0,0,0,145.0
2001-12-23,North Carolina,Approach,Medium,Unknown bird - medium,Day,0,0,0,120.0
2001-12-23,Florida,Climb,Small,Unknown bird - small,Dusk,0,0,0,140.0
2001-12-24,California,Approach,Medium,Unknown bird - medium,Night,0,0,0,150.0
2001-12-24,Louisiana,Take-off run,Small,Unknown bird - small,Dusk,0,0,0,120.0
2001-12-28,Kentucky,Approach,Small,European starling,Dawn,0,0,0,140.0
2001-12-29,California,Landing Roll,Small,Unknown bird - small,Day,0,0,0,140.0
2001-12-31,Arizona,Approach,Small,Unknown bird - small,Day,0,0,0,135.0
2001-12-31,Texas,Approach,Small,Unknown bird - small,Day,0,0,0,140.0
2002-01-01,Texas,Approach,Medium,Unknown bird - medium,Day,0,0,0,120.0
2002-01-02,California,Approach,Medium,Unknown bird - medium,Day,0,0,0,140.0
2002-01-02,California,Approach,Small,Unknown bird - small,Dawn,0,0,0,140.0
2002-01-04,California,Climb,Large,Unknown bird - large,Night,0,0,0,170.0
2002-01-04,Utah,Landing Roll,Small,Unknown bird - small,Day,0,0,0,140.0
2002-01-05,Colorado,Take-off run,Small,Unknown bird - small,Dawn,0,0,0,120.0
2002-01-06,California,Approach,Medium,Unknown bird - medium,Night,0,0,0,180.0
2002-01-06,Kentucky,Approach,Small,European starling,Dawn,0,0,0,130.0
2002-01-07,North Carolina,Take-off run,Small,Unknown bird - small,Dusk,0,0,0,138.0
2002-01-08,California,Approach,Large,Canada goose,Day,0,0,0,210.0
2002-01-08,New Jersey,Landing Roll,Small,Unknown bird - small,Day,0,0,0,90.0
2002-01-08,California,Take-off run,Small,Unknown bird - small,Day,0,0,0,100.0
2002-01-09,California,Approach,Small,Unknown bird - small,Dusk,0,0,0,140.0
2002-01-10,California,Approach,Medium,Unknown bird - medium,Day,0,0,0,140.0
2002-01-10,New York,Approach,Medium,Unknown bird - medium,Day,0,0,0,140.0
2002-01-10,California,Landing Roll,Small,Unknown bird - small,Dawn,0,0,0,80.0
2002-01-11,California,Approach,Medium,Unknown bird - medium,Night,0,0,0,180.0
2002-01-11,Colorado,Landing Roll,Small,Unknown bird - small,Day,0,0,0,140.0
2002-01-12,Louisiana,Approach,Medium,Unknown bird - medium,Night,0,0,0,140.0
2002-01-13,California,Approach,Medium,Unknown bird - medium,Day,0,0,0,170.0
2002-01-13,New Jersey,Approach,Medium,Unknown bird - medium,Night,0,0,0,180.0
2002-01-13,Hawaii,Landing Roll,Small,Unknown bird - small,Dawn,0,0,0,120.0
2002-01-13,Tennessee,Climb,Small,European starling,Day,0,0,0,140.0
2002-01-14,California,Landing Roll,Small,Unknown bird - small,Day,0,0,0,125.0
2002-01-14,Hawaii,Approach,Small,Pacific golden-plover,Dusk,0,0,0,130.0
2002-01-15,California,Landing Roll,Small,Unknown bird - small,Day,0,0,0,125.0
2002-01-16,Hawaii,Take-off run,Small,Pacific golden-plover,Dusk,0,0,0,140.0
2002-01-17,Louisiana,Climb,Medium,Unknown bird or bat,Day,0,0,0,165.0
2002-01-18,Oregon,Landing Roll,Small,Barn owl,Dawn,0,0,0,140.0
2002-01-20,Tennessee,Approach,Large,Canada goose,Day,0,26623,26623,185.0
2002-01-20,New York,Approach,Medium,Unknown bird - medium,Day,0,0,0,140.0
2002-01-20,California,Climb,Medium,Unknown bird - medium,Day,0,0,0,140.0
2002-01-22,Tennessee,Approach,Medium,Unknown bird - medium,Night,0,0,0,150.0
2002-01-22,Massachusetts,Climb,Small,Unknown bird - small,Day,0,0,0,140.0
2002-01-23,California,Approach,Medium,Unknown bird - medium,Night,0,0,0,140.0
2002-01-23,Texas,Take-off run,Small,Meadowlarks,Day,0,0,0,140.0
2002-01-23,DC,Approach,Small,Unknown bird - small,Night,0,0,0,128.0
2002-01-24,Florida,Approach,Medium,Unknown bird - medium,Dusk,0,0,0,140.0
2002-01-26,North Carolina,Approach,Large,Unknown bird - large,Night,0,0,0,150.0
2002-01-27,New York,Approach,Medium,Unknown bird - medium,Night,0,0,0,140.0
2002-01-27,Minnesota,Approach,Small,Unknown bird - small,Day,0,0,0,135.0
2002-01-28,DC,Climb,Medium,Unknown bird - medium,Day,0,0,0,200.0
2002-01-29,Tennessee,Climb,Small,Unknown bird - small,Day,0,0,0,150.0
2002-01-29,Hawaii,Landing Roll,Small,Pacific golden-plover,Day,0,0,0,140.0
2002-01-29,North Carolina,Landing Roll,Small,Mourning dove,Night,0,0,0,110.0
2002-02-01,Kentucky,Approach,Medium,Unknown bird - medium,Day,0,0,0,140.0
2002-02-02,Colorado,Approach,Medium,Unknown bird - medium,Day,0,0,0,140.0
2002-02-04,Louisiana,Approach,Medium,Unknown bird or bat,Day,0,0,0,120.0
2002-02-05,Colorado,Landing Roll,Medium,Unknown bird - medium,Day,0,0,0,140.0
2002-02-05,Arizona,Approach,Medium,Unknown bird - medium,Day,0,0,0,140.0
2002-02-06,Texas,Landing Roll,Small,Killdeer,Day,0,0,0,80.0
2002-02-06,Tennessee,Approach,Small,Unknown bird - small,Dusk,0,0,0,130.0
2002-02-07,Texas,Approach,Medium,Unknown bird - medium,Day,0,0,0,140.0
2002-02-08,Louisiana,Approach,Medium,Unknown bird or bat,Day,0,0,0,165.0
2002-02-08,Texas,Take-off run,Medium,Unknown bird - medium,Day,0,0,0,140.0
2002-02-09,New York,Take-off run,Medium,Unknown bird - medium,Day,0,0,0,140.0
2002-02-09,Tennessee,Climb,Small,European starling,Dawn,0,0,0,200.0
2002-02-09,Arizona,Approach,Small,Unknown bird - small,Day,0,0,0,140.0
2002-02-10,Texas,Climb,Small,Unknown bird - small,Day,0,0,0,120.0
2002-02-12,Tennessee,Take-off run,Small,Mourning dove,Dusk,0,0,0,140.0
2002-02-14,Louisiana,Climb,Medium,Unknown bird or bat,Day,0,0,0,246.0
2002-02-14,Louisiana,Approach,Small,American robin,Day,0,0,0,135.0
2002-02-14,Tennessee,Approach,Small,European starling,Dusk,0,0,0,140.0
2002-02-15,Maryland,Take-off run,Medium,Ring-billed gull,Day,0,0,0,135.0
2002-02-15,Hawaii,Climb,Small,Unknown bird - small,Day,0,0,0,140.0
2002-02-17,Tennessee,Approach,Small,European starling,Dusk,0,0,0,125.0
2002-02-18,California,Approach,Small,Unknown bird - small,Night,0,0,0,145.0
2002-02-19,South Carolina,Approach,Small,Unknown bird - small,Day,0,0,0,140.0
2002-02-20,Kentucky,Climb,Medium,Unknown bird - medium,Day,0,0,0,180.0
2002-02-21,DC,Approach,Large,Canada goose,Day,0,0,0,140.0
2002-02-21,New York,Approach,Small,Unknown bird - small,Day,0,0,0,140.0
2002-02-21,Arizona,Climb,Small,Unknown bird - small,Day,0,0,0,200.0
2002-02-21,Hawaii,Landing Roll,Small,Western meadowlark,Day,0,0,0,140.0
2002-02-22,Tennessee,Climb,Small,Unknown bird - small,Dusk,0,0,0,150.0
2002-02-24,Pennsylvania,Climb,Large,Canada goose,Dawn,0,0,0,150.0
2002-02-24,California,Take-off run,Small,Unknown bird - small,Day,0,0,0,140.0
2002-02-26,Tennessee,Take-off run,Small,Unknown bird - small,Day,0,0,0,120.0
2002-02-28,California,Approach,Large,Canada goose,Night,0,0,0,60.0
2002-03-01,Georgia,Approach,Medium,Unknown bird - medium,Day,0,0,0,135.0
2002-03-02,Hawaii,Climb,Small,Barn owl,Night,0,0,0,140.0
2002-03-03,California,Descent,Large,Unknown bird - large,Night,0,0,0,250.0
2002-03-03,New York,Approach,Small,Unknown bird - small,Day,0,0,0,200.0
2002-03-06,Texas,Approach,Medium,Unknown bird - medium,Day,0,0,0,140.0
2002-03-06,Texas,Take-off run,Medium,Unknown bird - medium,Day,0,0,0,100.0
2002-03-07,California,Take-off run,Medium,Unknown bird - medium,Day,0,0,0,135.0
2002-03-07,South Carolina,Approach,Small,Unknown bird - small,Day,0,0,0,130.0
2002-03-09,California,Approach,Large,Unknown bird - large,Night,0,0,0,140.0
2002-03-09,Texas,Climb,Small,Unknown bird - small,Day,0,0,0,200.0
2002-03-11,Florida,Approach,Large,Unknown bird - large,Night,0,0,0,200.0
2002-03-11,Pennsylvania,Take-off run,Medium,Red-tailed hawk,Day,0,0,0,140.0
2002-03-11,Arizona,Descent,Small,Unknown bird - small,Night,0,0,0,210.0
2002-03-11,Arizona,Descent,Small,Unknown bird - small,Night,0,0,0,250.0
2002-03-12,Florida,Approach,Small,Unknown bird - small,Day,0,0,0,130.0
2002-03-14,Kentucky,Climb,Large,Canada goose,Day,0,0,0,140.0
2002-03-14,Texas,Climb,Medium,Unknown bird - medium,Night,0,0,0,200.0
2002-03-14,DC,Approach,Small,Unknown bird - small,Night,0,0,0,140.0
2002-03-14,Texas,Approach,Small,Unknown bird - small,Night,0,0,0,130.0
2002-03-15,Georgia,Climb,Large,Unknown bird - large,Night,0,0,0,140.0
2002-03-15,Maryland,Climb,Medium,Unknown bird - medium,Day,0,0,0,100.0
2002-03-15,Hawaii,Take-off run,Medium,Unknown bird or bat,Night,0,0,0,134.0
2002-03-16,Pennsylvania,Landing Roll,Medium,Red-tailed hawk,Day,0,0,0,110.0
2002-03-16,Florida,Take-off run,Medium,Red-tailed hawk,Night,0,0,0,170.0
2002-03-16,Louisiana,Climb,Small,Unknown bird - small,Day,0,0,0,150.0
2002-03-18,Missouri,Take-off run,Medium,Red-tailed hawk,Day,0,0,0,130.0
2002-03-19,Maryland,Landing Roll,Small,Unknown bird - small,Day,0,0,0,103.0
2002-03-21,North Carolina,Approach,Large,Unknown bird - large,Night,0,0,0,140.0
2002-03-21,South Carolina,Take-off run,Medium,Unknown bird or bat,Day,0,0,0,140.0
2002-03-21,South Carolina,Take-off run,Medium,Unknown bird or bat,Day,0,0,0,80.0
2002-03-21,DC,Approach,Medium,Ring-billed gull,Night,0,0,0,140.0
2002-03-22,California,Approach,Medium,Unknown bird - medium,Night,0,0,0,140.0
2002-03-22,Arizona,Descent,Small,Unknown bird - small,Night,0,0,0,250.0
2002-03-23,Texas,Climb,Medium,Unknown bird - medium,Night,0,0,0,250.0
2002-03-25,Oregon,Approach,Medium,Unknown bird - medium,Day,0,0,0,140.0
2002-03-25,California,Approach,Small,Unknown bird - small,Night,0,0,0,145.0
2002-03-25,Pennsylvania,Landing Roll,Small,Killdeer,Night,0,0,0,140.0
2002-03-26,DC,Approach,Small,Unknown bird - small,Day,0,0,0,140.0
2002-03-27,Missouri,Climb,Medium,Mallard,Night,0,76064,76064,240.0
2002-03-27,Missouri,Approach,Medium,Unknown bird - medium,Night,0,31693,31693,180.0
2002-03-27,Utah,Approach,Medium,Unknown bird - medium,Night,0,0,0,140.0
2002-03-27,Oklahoma,Approach,Small,Unknown bird - small,Night,0,0,0,160.0
2002-03-28,Minnesota,Approach,Large,Canada goose,Day,0,0,0,140.0
2002-03-28,Indiana,Landing Roll,Medium,Ring-billed gull,Day,0,0,0,140.0
2002-03-28,Illinois,Approach,Medium,Unknown bird - medium,Dusk,0,0,0,140.0
2002-03-28,Illinois,Approach,Medium,Unknown bird - medium,Night,0,0,0,140.0
2002-03-28,Maryland,Approach,Medium,Unknown bird - medium,Night,0,0,0,160.0
2002-03-28,Texas,Approach,Medium,Unknown bird - medium,Night,0,0,0,140.0
2002-03-29,Texas,Approach,Medium,Unknown bird - medium,Dusk,0,0,0,120.0
2002-03-29,Georgia,Climb,Medium,Unknown bird - medium,Night,0,0,0,200.0
2002-03-29,DC,Approach,Small,Unknown bird - small,Night,0,0,0,170.0
2002-03-29,North Carolina,Approach,Small,Unknown bird - small,Night,0,0,0,150.0
2002-03-30,California,Approach,Small,Unknown bird - small,Dusk,0,0,0,150.0
2002-03-30,Hawaii,Approach,Small,Barn owl,Night,0,0,0,140.0
2002-03-31,Texas,Approach,Medium,Unknown bird - medium,Day,0,0,0,120.0
2002-03-31,California,Approach,Medium,Unknown bird - medium,Night,0,0,0,140.0
2002-03-31,Washington,Approach,Small,Unknown bird - small,Dawn,0,0,0,115.0
2002-03-31,California,Approach,Small,Unknown bird - small,Night,0,0,0,125.0
2002-03-31,Florida,Approach,Small,Unknown bird - small,Night,0,0,0,150.0
2002-04-01,South Carolina,Approach,Medium,Unknown bird or bat,Night,0,0,0,160.0
2002-04-01,Hawaii,Take-off run,Medium,Unknown bird - medium,Night,0,0,0,140.0
2002-04-01,Illinois,Approach,Small,Unknown bird - small,Day,0,0,0,140.0
2002-04-01,Michigan,Climb,Small,Horned lark,Day,0,0,0,150.0
2002-04-01,DC,Approach,Small,Unknown bird - small,Night,0,0,0,135.0
2002-04-01,Indiana,Approach,Small,Unknown bird - small,Night,0,0,0,165.0
2002-04-01,Tennessee,Climb,Small,Unknown bird - small,Night,0,0,0,220.0
2002-04-02,Texas,Climb,Medium,Unknown bird - medium,Day,0,0,0,140.0
2002-04-02,Pennsylvania,Climb,Medium,Unknown bird - medium,Dusk,2535,21552,24087,165.0
2002-04-02,DC,Approach,Small,Unknown bird - small,Dawn,0,0,0,135.0
2002-04-02,Hawaii,Landing Roll,Small,Pacific golden-plover,Day,0,0,0,140.0
2002-04-02,Ohio,Take-off run,Small,European starling,Day,0,0,0,140.0
2002-04-03,Illinois,Take-off run,Medium,Red-tailed hawk,Day,0,0,0,130.0
2002-04-03,DC,Approach,Small,American robin,Dawn,0,0,0,140.0
2002-04-03,Michigan,Approach,Small,Unknown bird - small,Day,0,0,0,170.0
2002-04-03,Hawaii,Take-off run,Small,Unknown bird - small,Day,0,0,0,140.0
2002-04-03,Ohio,Climb,Small,Unknown bird - small,Night,0,0,0,140.0
2002-04-04,Ohio,Climb,Medium,Unknown bird - medium,Night,0,0,0,140.0
2002-04-04,Louisiana,Approach,Medium,Unknown bird - medium,Night,0,0,0,140.0
2002-04-04,Washington,Climb,Small,Unknown bird - small,Night,0,0,0,200.0
2002-04-06,Illinois,Climb,Medium,Red-tailed hawk,Dusk,0,0,0,230.0
2002-04-06,Texas,Approach,Small,Unknown bird - small,Day,0,0,0,145.0
2002-04-07,Ohio,Climb,Large,Unknown bird - large,Dusk,0,0,0,140.0
2002-04-07,Illinois,Approach,Medium,Unknown bird - medium,Day,0,0,0,135.0
2002-04-07,Texas,Landing Roll,Medium,Ring-billed gull,Dusk,0,0,0,140.0
2002-04-08,Missouri,Climb,Medium,Unknown bird - medium,Night,0,0,0,250.0
2002-04-08,Hawaii,Take-off run,Medium,Unknown bird or bat,Night,0,0,0,160.0
2002-04-09,Texas,Approach,Small,Unknown bird - small,Night,0,0,0,131.0
2002-04-09,Texas,Climb,Small,Unknown bird - small,Night,0,0,0,135.0
2002-04-10,Arizona,Approach,Medium,Unknown bird - medium,Night,0,0,0,120.0
2002-04-10,Massachusetts,Landing Roll,Small,Unknown bird - small,Dawn,0,0,0,140.0
2002-04-10,Illinois,Climb,Small,Unknown bird - small,Day,0,0,0,250.0
2002-04-10,Kentucky,Take-off run,Small,Unknown bird - small,Day,0,0,0,140.0
2002-04-11,DC,Climb,Medium,Unknown bird - medium,Day,0,0,0,140.0
2002-04-11,Minnesota,Climb,Small,Unknown bird - small,Day,0,0,0,200.0
2002-04-12,Hawaii,Take-off run,Medium,Unknown bird - medium,Day,0,0,0,120.0
2002-04-12,New Jersey,Landing Roll,Small,American kestrel,Day,0,0,0,140.0
2002-04-12,Texas,Approach,Small,Unknown bird - small,Night,0,0,0,140.0
2002-04-13,Texas,Take-off run,Small,Unknown bird - small,Day,0,0,0,100.0
2002-04-14,Texas,Approach,Medium,Unknown bird - medium,Night,0,0,0,240.0
2002-04-14,Texas,Descent,Medium,Unknown bird - medium,Night,0,0,0,250.0
2002-04-14,Minnesota,Approach,Small,Unknown bird - small,Night,0,0,0,140.0
2002-04-14,Ohio,Approach,Small,Unknown bird - small,Night,0,0,0,210.0
2002-04-14,Tennessee,Approach,Small,Unknown bird - small,Night,0,0,0,140.0
2002-04-15,Pennsylvania,Landing Roll,Medium,Unknown bird - medium,Day,0,0,0,130.0
2002-04-15,Missouri,Descent,Medium,Unknown bird - medium,Night,0,0,0,240.0
2002-04-15,DC,Approach,Small,Unknown bird - small,Dawn,0,0,0,140.0
2002-04-15,Louisiana,Approach,Small,Chimney swift,Day,0,0,0,130.0
2002-04-16,Texas,Approach,Medium,Unknown bird - medium,Night,0,0,0,240.0
2002-04-16,Texas,Descent,Small,Unknown bird - small,Day,0,0,0,210.0
2002-04-16,California,Landing Roll,Small,Unknown bird - small,Day,0,0,0,140.0
2002-04-16,California,Approach,Small,Unknown bird - small,Night,0,0,0,150.0
2002-04-16,DC,Approach,Small,Unknown bird - small,Night,0,0,0,155.0
2002-04-16,South Carolina,Approach,Small,Unknown bird - small,Night,0,0,0,125.0
2002-04-17,Illinois,Approach,Small,Unknown bird - small,Night,0,0,0,200.0
2002-04-17,Maryland,Approach,Small,Unknown bird - small,Night,0,0,0,130.0
2002-04-18,New Jersey,Approach,Medium,Unknown bird - medium,Night,0,0,0,140.0
2002-04-18,Hawaii,Landing Roll,Small,Unknown bird - small,Day,0,0,0,140.0
2002-04-19,Colorado,Climb,Small,Rock pigeon,Day,0,0,0,120.0
2002-04-20,California,Approach,Medium,Unknown bird - medium,Dusk,0,0,0,135.0
2002-04-20,Kentucky,Approach,Medium,Unknown bird - medium,Night,0,0,0,140.0
2002-04-21,Missouri,Approach,Large,Canada goose,Day,0,0,0,126.0
2002-04-21,Oregon,Take-off run,Medium,Unknown bird - medium,Day,0,0,0,140.0
2002-04-22,California,Landing Roll,Medium,Unknown bird - medium,Night,0,0,0,140.0
2002-04-22,Arizona,Approach,Small,Unknown bird - small,Night,0,0,0,180.0
2002-04-22,California,Descent,Small,Unknown bird - small,Night,0,0,0,140.0
2002-04-23,Oregon,Take-off run,Medium,Red-tailed hawk,Day,0,317,317,180.0
2002-04-23,California,Approach,Small,Unknown bird - small,Day,0,0,0,140.0
2002-04-23,DC,Climb,Small,Unknown bird - small,Day,0,0,0,170.0
2002-04-23,North Carolina,Landing Roll,Small,Unknown bird - small,Day,0,0,0,140.0
2002-04-23,Florida,Climb,Small,Unknown bird - small,Dusk,0,0,0,150.0
2002-04-23,Florida,Approach,Small,Unknown bird - small,Night,0,0,0,180.0
2002-04-23,Indiana,Approach,Small,Unknown bird - small,Night,0,0,0,180.0
2002-04-24,New Jersey,Approach,Medium,Unknown bird - medium,Night,0,0,0,180.0
2002-04-24,Tennessee,Approach,Medium,Unknown bird - medium,Night,0,0,0,175.0
2002-04-24,Texas,Climb,Medium,Unknown bird - medium,Night,0,0,0,270.0
2002-04-24,Texas,Approach,Small,Unknown bird - small,Day,0,0,0,132.0
2002-04-24,Texas,Approach,Small,Unknown bird - small,Night,0,0,0,180.0
2002-04-25,Illinois,Landing Roll,Medium,Ring-billed gull,Day,0,0,0,100.0
2002-04-25,Texas,Approach,Medium,Unknown bird - medium,Night,0,0,0,140.0
2002-04-25,Hawaii,Approach,Small,Unknown bird - small,Day,0,0,0,140.0
2002-04-25,North Carolina,Approach,Small,European starling,Day,0,0,0,135.0
2002-04-25,Pennsylvania,Landing Roll,Small,Unknown bird - small,Dusk,0,0,0,60.0
2002-04-25,Florida,Climb,Small,Unknown bird - small,Night,0,0,0,230.0
2002-04-26,California,Climb,Small,European starling,Day,0,0,0,140.0
2002-04-26,DC,Climb,Small,Unknown bird - small,Day,0,0,0,140.0
2002-04-27,Florida,Approach,Large,Turkey vulture,Day,0,0,0,170.0
2002-04-27,Hawaii,Take-off run,Small,Pacific golden-plover,Day,0,0,0,180.0
2002-04-27,Texas,Descent,Small,Unknown bird - small,Night,0,0,0,210.0
2002-04-28,Tennessee,Approach,Small,Unknown bird - small,Day,0,0,0,140.0
2002-04-28,Tennessee,Approach,Small,American robin,Day,0,0,0,145.0
2002-04-28,Texas,Approach,Small,Unknown bird - small,Day,0,0,0,245.0
2002-04-28,Louisiana,Climb,Small,European starling,Day,0,0,0,180.0
2002-04-29,Florida,Approach,Small,Unknown bird - small,Day,0,0,0,140.0
2002-04-29,Ohio,Approach,Small,Mourning dove,Night,0,0,0,140.0
2002-04-30,Oregon,Approach,Medium,Unknown bird - medium,Day,0,0,0,150.0
2002-04-30,Tennessee,Approach,Medium,Unknown bird - medium,Night,0,0,0,140.0
2002-04-30,Missouri,Descent,Medium,Unknown bird - medium,Night,0,0,0,250.0
2002-04-30,DC,Landing Roll,Small,Eastern meadowlark,Dawn,0,0,0,100.0
2002-04-30,DC,Approach,Small,Unknown bird - small,Day,0,0,0,140.0
2002-04-30,California,Climb,Small,Unknown bird - small,Day,0,0,0,160.0
2002-05-01,Louisiana,Approach,Medium,Unknown bird - medium,Day,0,0,0,140.0
2002-05-01,Indiana,Approach,Medium,Unknown bird - medium,Night,0,0,0,210.0
2002-05-01,Ohio,Approach,Medium,Unknown bird - medium,Night,0,0,0,170.0
2002-05-01,Tennessee,Approach,Medium,Unknown bird - medium,Night,0,0,0,140.0
2002-05-01,DC,Climb,Medium,Unknown bird - medium,Night,0,0,0,220.0
2002-05-01,Maryland,Approach,Small,Unknown bird - small,Day,0,0,0,230.0
2002-05-01,Arizona,Approach,Small,Unknown bird - small,Night,0,0,0,240.0
2002-05-01,DC,Approach,Small,Unknown bird - small,Night,0,0,0,140.0
2002-05-02,South Carolina,Approach,Medium,Unknown bird or bat,Day,0,0,0,230.0
2002-05-02,Georgia,Climb,Medium,Unknown bird - medium,Night,0,0,0,140.0
2002-05-02,Tennessee,Descent,Medium,Unknown bird - medium,Night,0,0,0,140.0
2002-05-02,Kentucky,Approach,Small,Mourning dove,Dawn,0,0,0,140.0
2002-05-02,California,Take-off run,Small,Unknown bird - small,Day,0,0,0,140.0
2002-05-02,Georgia,Approach,Small,Unknown bird - small,Night,0,0,0,150.0
2002-05-03,Colorado,Approach,Medium,Unknown bird - medium,Day,0,0,0,140.0
2002-05-03,California,Climb,Medium,Unknown bird - medium,Day,0,0,0,85.0
2002-05-03,Pennsylvania,Landing Roll,Medium,Unknown bird - medium,Day,0,0,0,110.0
2002-05-03,Illinois,Climb,Medium,Unknown bird - medium,Night,0,0,0,140.0
2002-05-03,Texas,Approach,Small,Unknown bird - small,Day,0,0,0,145.0
2002-05-03,California,Climb,Small,Unknown bird - small,Day,0,0,0,140.0
2002-05-03,Michigan,Take-off run,Small,Unknown bird - small,Day,0,0,0,150.0
2002-05-03,Missouri,Approach,Small,Unknown bird - small,Night,0,0,0,140.0
2002-05-04,Texas,Descent,Medium,Unknown bird - medium,Dusk,0,0,0,230.0
2002-05-04,New York,Approach,Small,Rock pigeon,Day,0,0,0,165.0
2002-05-04,Massachusetts,Approach,Small,Unknown bird - small,Night,0,0,0,140.0
2002-05-05,New York,Climb,Large,Unknown bird - large,Night,0,0,0,140.0
2002-05-05,Texas,Descent,Medium,Unknown bird - medium,Day,0,0,0,210.0
2002-05-05,Washington,Approach,Medium,Unknown bird - medium,Night,0,0,0,140.0
2002-05-05,Oregon,Take-off run,Small,Tree swallow,Day,0,0,0,140.0
2002-05-05,Georgia,Approach,Small,Unknown bird - small,Night,0,0,0,200.0
2002-05-05,Maryland,Approach,Small,Mourning dove,Night,0,0,0,180.0
2002-05-06,Kentucky,Climb,Small,Unknown bird - small,Day,0,0,0,170.0
2002-05-06,California,Landing Roll,Small,Unknown bird - small,Day,0,0,0,130.0
2002-05-07,DC,Take-off run,Medium,Unknown bird - medium,Dawn,0,0,0,140.0
2002-05-07,New York,Take-off run,Medium,Unknown bird - medium,Day,0,0,0,140.0
2002-05-07,New Jersey,Approach,Medium,Unknown bird - medium,Night,0,0,0,140.0
2002-05-07,Tennessee,Descent,Medium,Unknown bird - medium,Night,0,0,0,140.0
2002-05-07,Louisiana,Approach,Small,American kestrel,Day,0,0,0,160.0
2002-05-07,Missouri,Take-off run,Small,Unknown bird - small,Day,0,0,0,135.0
2002-05-07,Texas,Take-off run,Small,Rock pigeon,Day,0,0,0,140.0
2002-05-08,Colorado,Climb,Medium,Unknown bird - medium,Day,0,0,0,140.0
2002-05-08,New York,Climb,Medium,Unknown bird - medium,Day,0,0,0,210.0
2002-05-08,Tennessee,Approach,Medium,Unknown bird - medium,Night,0,0,0,140.0
2002-05-08,Utah,Approach,Small,Unknown bird - small,Day,0,0,0,140.0
2002-05-08,Hawaii,Climb,Small,Unknown bird - small,Day,0,0,0,60.0
2002-05-08,Arizona,Approach,Small,Unknown bird - small,Night,0,0,0,250.0
2002-05-09,Arizona,Climb,Medium,Unknown bird - medium,Night,0,0,0,250.0
2002-05-09,Tennessee,Approach,Medium,Unknown bird - medium,Night,0,0,0,140.0
2002-05-09,Oklahoma,Descent,Medium,Unknown bird - medium,Night,0,0,0,160.0
2002-05-09,DC,Approach,Small,Unknown bird - small,Day,0,0,0,120.0
2002-05-09,Oklahoma,Take-off run,Small,Killdeer,Day,0,0,0,110.0
2002-05-09,DC,Approach,Small,Unknown bird - small,Night,0,0,0,122.0
2002-05-09,Maryland,Climb,Small,Unknown bird - small,Night,0,0,0,210.0
2002-05-10,California,Climb,Medium,American crow,Dawn,0,0,0,143.0
2002-05-10,Kentucky,Landing Roll,Medium,Unknown bird - medium,Dusk,0,0,0,140.0
2002-05-10,Pennsylvania,Approach,Medium,Unknown bird - medium,Night,0,0,0,145.0
2002-05-10,California,Descent,Medium,Unknown bird - medium,Night,0,0,0,250.0
2002-05-10,Illinois,Approach,Small,Unknown bird - small,Day,0,0,0,180.0
2002-05-11,New York,Landing Roll,Medium,Herring gull,Day,0,0,0,110.0
2002-05-11,Oregon,Approach,Small,American kestrel,Day,0,0,0,124.0
2002-05-11,Texas,Approach,Small,Unknown bird - small,Day,0,0,0,140.0
2002-05-12,Colorado,Landing Roll,Medium,Unknown bird - medium,Day,0,0,0,130.0
2002-05-12,Ohio,Take-off run,Medium,Ring-billed gull,Day,0,0,0,140.0
2002-05-12,Texas,Take-off run,Medium,Unknown bird - medium,Day,0,0,0,135.0
2002-05-12,New York,Take-off run,Small,Rock pigeon,Day,0,0,0,110.0
2002-05-12,Hawaii,Approach,Small,Unknown bird - small,Day,0,0,0,130.0
2002-05-12,Colorado,Climb,Small,Unknown bird - small,Day,0,0,0,140.0
2002-05-12,Kentucky,Landing Roll,Small,Unknown bird - small,Day,0,0,0,140.0
2002-05-13,Louisiana,Parked,Medium,Unknown bird or bat,Dawn,0,0,0,0.0
2002-05-13,Georgia,Approach,Small,Unknown bird - small,Day,0,0,0,135.0
2002-05-13,Arizona,Approach,Small,Unknown bird - small,Night,0,0,0,250.0
2002-05-13,Oregon,Approach,Small,Unknown bird - small,Night,0,0,0,180.0
2002-05-13,California,Descent,Small,Unknown bird - small,Night,0,0,0,230.0
2002-05-13,Hawaii,Take-off run,Small,Unknown bird - small,Night,0,0,0,116.0
2002-05-14,Tennessee,Climb,Medium,Unknown bird - medium,Day,0,0,0,140.0
2002-05-14,Tennessee,Approach,Medium,Unknown bird - medium,Night,0,0,0,140.0
2002-05-14,Texas,Climb,Small,Unknown bird - small,Dawn,0,0,0,190.0
2002-05-14,Hawaii,Take-off run,Small,Unknown bird - small,Day,0,0,0,140.0
2002-05-14,Nebraska,Approach,Small,Unknown bird - small,Night,0,0,0,190.0
2002-05-15,Oklahoma,Approach,Medium,Unknown bird - medium,Day,0,0,0,130.0
2002-05-15,Tennessee,Approach,Medium,Unknown bird - medium,Night,0,0,0,140.0
2002-05-15,Tennessee,Climb,Medium,Unknown bird - medium,Night,0,0,0,140.0
2002-05-15,California,Approach,Small,Unknown bird - small,Day,0,0,0,140.0
2002-05-15,Michigan,Approach,Small,Unknown bird - small,Night,0,0,0,230.0
2002-05-16,Massachusetts,Landing Roll,Large,Unknown bird - large,Dawn,0,0,0,140.0
2002-05-16,Michigan,Approach,Medium,Unknown bird - medium,Night,0,0,0,200.0
2002-05-16,Michigan,Climb,Medium,Unknown bird - medium,Night,0,0,0,140.0
2002-05-16,Kentucky,Approach,Small,Unknown bird - small,Day,0,0,0,140.0
2002-05-16,Louisiana,Approach,Small,Barn swallow,Day,0,0,0,235.0
2002-05-16,New Jersey,Approach,Small,Unknown bird - small,Night,0,0,0,140.0
2002-05-16,New York,Approach,Small,Unknown bird - small,Night,0,0,0,160.0
2002-05-16,Oregon,Approach,Small,Unknown bird - small,Night,0,0,0,134.0
2002-05-16,Tennessee,Approach,Small,Unknown bird - small,Night,0,0,0,130.0
2002-05-17,Oklahoma,Approach,Medium,Unknown bird - medium,Dawn,0,0,0,140.0
2002-05-17,Oregon,Take-off run,Medium,Red-tailed hawk,Day,0,0,0,140.0
2002-05-17,Tennessee,Descent,Medium,Unknown bird - medium,Night,0,0,0,140.0
2002-05-17,Pennsylvania,Take-off run,Small,Unknown bird - small,Dawn,0,0,0,110.0
2002-05-18,Tennessee,Approach,Medium,Unknown bird - medium,Night,0,0,0,140.0
2002-05-18,Kentucky,Approach,Small,Unknown bird - small,Night,0,0,0,160.0
2002-05-19,Illinois,Approach,Small,Unknown bird - small,Day,0,0,0,140.0
2002-05-19,Kentucky,Approach,Small,Unknown bird - small,Day,0,0,0,135.0
2002-05-19,Oregon,Landing Roll,Small,Unknown bird - small,Day,0,0,0,140.0
2002-05-19,Oregon,Take-off run,Small,Unknown bird - small,Day,0,0,0,107.0
2002-05-19,Minnesota,Approach,Small,Unknown bird - small,Night,0,0,0,140.0
2002-05-19,Missouri,Approach,Small,Unknown bird - small,Night,0,0,0,210.0
2002-05-19,Texas,Climb,Small,Unknown bird - small,Night,0,0,0,150.0
2002-05-19,Texas,Climb,Small,Unknown bird - small,Night,0,0,0,240.0
2002-05-19,Missouri,Landing Roll,Small,Unknown bird - small,Night,0,0,0,140.0
2002-05-20,Texas,Landing Roll,Medium,Unknown bird - medium,Day,0,0,0,135.0
2002-05-20,California,Approach,Medium,Unknown bird - medium,Night,0,0,0,140.0
2002-05-20,Missouri,Descent,Medium,Unknown bird - medium,Night,0,0,0,150.0
2002-05-20,Texas,Approach,Small,Unknown bird - small,Day,0,0,0,140.0
2002-05-20,Colorado,Take-off run,Small,Unknown bird - small,Day,0,0,0,140.0
2002-05-20,Illinois,Approach,Small,Unknown bird - small,Night,0,0,0,140.0
2002-05-20,Nebraska,Climb,Small,Unknown bird - small,Night,0,0,0,200.0
2002-05-21,Illinois,Approach,Small,Unknown bird - small,Day,0,0,0,135.0
2002-05-21,Missouri,Approach,Small,Unknown bird - small,Day,0,0,0,160.0
2002-05-21,Pennsylvania,Climb,Small,Unknown bird - small,Day,0,0,0,175.0
2002-05-21,Kentucky,Landing Roll,Small,Unknown bird - small,Day,0,0,0,140.0
2002-05-21,California,Take-off run,Small,Unknown bird - small,Day,0,0,0,120.0
2002-05-21,Illinois,Climb,Small,Unknown bird - small,Night,0,0,0,200.0
2002-05-21,New Jersey,Landing Roll,Small,Barn owl,Night,0,0,0,130.0
2002-05-22,Texas,Approach,Medium,Unknown bird - medium,Night,0,0,0,130.0
2002-05-22,Missouri,Climb,Small,Unknown bird - small,Day,0,0,0,250.0
2002-05-22,Utah,Climb,Small,Unknown bird - small,Day,0,0,0,150.0
2002-05-22,Indiana,Approach,Small,Unknown bird - small,Night,0,0,0,140.0
2002-05-22,Pennsylvania,Approach,Small,Unknown bird - small,Night,0,0,0,155.0
2002-05-22,Missouri,Climb,Small,Unknown bird - small,Night,0,0,0,210.0
2002-05-23,Florida,Approach,Large,Great blue heron,Dusk,0,0,0,140.0
2002-05-23,Louisiana,Approach,Medium,Unknown bird or bat,Day,0,0,0,150.0
2002-05-23,Oregon,Approach,Medium,Red-tailed hawk,Dusk,0,0,0,137.0
2002-05-23,Texas,Approach,Small,Unknown bird - small,Dawn,0,0,0,210.0
2002-05-23,Texas,Landing Roll,Small,Unknown bird - small,Day,0,0,0,140.0
2002-05-24,Tennessee,Approach,Medium,Unknown bird - medium,Night,0,0,0,140.0
2002-05-24,Texas,Approach,Medium,Unknown bird - medium,Night,0,0,0,250.0
2002-05-24,Pennsylvania,Approach,Small,Unknown bird - small,Day,0,0,0,140.0
2002-05-24,Missouri,Take-off run,Small,Barn swallow,Day,0,0,0,120.0
2002-05-24,Missouri,Take-off run,Small,Unknown bird - small,Day,0,0,0,120.0
2002-05-25,Utah,Climb,Medium,Unknown bird - medium,Day,0,0,0,140.0
2002-05-25,California,Descent,Medium,Unknown bird - medium,Night,0,0,0,250.0
2002-05-25,Texas,Landing Roll,Small,Rock pigeon,Day,0,0,0,110.0
2002-05-26,Indiana,Approach,Small,Unknown bird - small,Night,0,0,0,135.0
2002-05-27,Pennsylvania,Climb,Small,Unknown bird - small,Day,0,0,0,120.0
2002-05-27,California,Landing Roll,Small,Tree swallow,Day,0,0,0,140.0
2002-05-27,Pennsylvania,Descent,Small,Unknown bird - small,Night,0,0,0,240.0
2002-05-28,Texas,Approach,Medium,Unknown bird - medium,Day,0,0,0,130.0
2002-05-28,Kentucky,Climb,Medium,Unknown bird - medium,Day,0,0,0,167.0
2002-05-28,Illinois,Climb,Medium,Unknown bird - medium,Night,0,0,0,140.0
2002-05-28,New Jersey,Approach,Small,Unknown bird - small,Day,0,0,0,130.0
2002-05-29,Colorado,Landing Roll,Large,Coyote,Dusk,0,0,0,140.0
2002-05-29,Tennessee,Approach,Large,Unknown bird - large,Night,0,0,0,140.0
2002-05-29,Texas,Approach,Medium,Unknown bird - medium,Dawn,0,0,0,140.0
2002-05-29,Missouri,Approach,Medium,Unknown bird - medium,Day,0,0,0,170.0
2002-05-29,Maryland,Climb,Small,Unknown bird - small,Night,0,0,0,220.0
2002-05-30,Tennessee,Take-off run,Medium,Unknown bird - medium,Day,0,0,0,140.0
2002-05-30,Missouri,Approach,Medium,Unknown bird - medium,Night,0,0,0,180.0
2002-05-30,Oklahoma,Approach,Medium,Unknown bird - medium,Night,0,0,0,140.0
2002-05-30,Texas,Approach,Medium,Unknown bird - medium,Night,0,0,0,250.0
2002-05-30,Missouri,Take-off run,Small,Unknown bird - small,Day,0,0,0,140.0
2002-05-31,Tennessee,Take-off run,Medium,Unknown bird - medium,Day,0,0,0,140.0
2002-05-31,North Carolina,Approach,Medium,Unknown bird - medium,Day,0,0,0,120.0
2002-05-31,Tennessee,Approach,Medium,Unknown bird - medium,Night,0,0,0,140.0
2002-05-31,Kentucky,Climb,Small,European starling,Day,0,0,0,190.0
2002-06-01,South Carolina,Take-off run,Medium,Unknown bird or bat,Day,0,0,0,140.0
2002-06-01,Missouri,Take-off run,Small,Eastern meadowlark,Day,0,0,0,140.0
2002-06-01,Nebraska,Take-off run,Small,Unknown bird - small,Day,0,0,0,80.0
2002-06-01,New Jersey,Take-off run,Small,Unknown bird - small,Day,0,0,0,110.0
2002-06-02,Ohio,Climb,Small,Unknown bird - small,Day,0,0,0,120.0
2002-06-02,California,Take-off run,Small,European starling,Day,0,0,0,140.0
2002-06-02,Florida,Approach,Small,Unknown bird - small,Night,0,0,0,140.0
2002-06-03,Minnesota,Approach,Small,Chimney swift,Day,0,0,0,110.0
2002-06-04,Kentucky,Descent,Medium,Unknown bird - medium,Night,0,0,0,140.0
2002-06-04,Michigan,Climb,Small,Unknown bird - small,Day,0,0,0,150.0
2002-06-04,New Jersey,Take-off run,Small,Unknown bird - small,Day,0,0,0,140.0
2002-06-05,Pennsylvania,Approach,Large,Canada goose,Day,0,0,0,150.0
2002-06-05,Massachusetts,Approach,Medium,Herring gull,Dusk,0,0,0,130.0
2002-06-06,Kentucky,Climb,Small,Unknown bird - small,Night,0,0,0,150.0
2002-06-07,Kentucky,Approach,Small,Unknown bird - small,Day,0,0,0,140.0
2002-06-07,Kentucky,Take-off run,Small,European starling,Day,0,0,0,140.0
2002-06-07,Texas,Take-off run,Small,Unknown bird - small,Day,0,0,0,150.0
2002-06-07,North Carolina,Approach,Small,Unknown bird - small,Night,0,0,0,140.0
2002-06-08,California,Approach,Medium,Unknown bird - medium,Day,0,0,0,140.0
2002-06-08,Louisiana,Climb,Medium,Unknown bird or bat,Day,0,0,0,150.0
2002-06-08,California,Landing Roll,Medium,Unknown bird - medium,Day,0,0,0,140.0
2002-06-08,Missouri,Descent,Medium,Unknown bird - medium,Night,0,0,0,140.0
2002-06-08,Ohio,Climb,Small,Unknown bird - small,Day,0,0,0,140.0
2002-06-08,California,Approach,Small,Unknown bird - small,Day,0,0,0,150.0
2002-06-08,Texas,Approach,Small,Unknown bird - small,Day,0,0,0,150.0
2002-06-09,Pennsylvania,Approach,Medium,Red-tailed hawk,Day,0,0,0,170.0
2002-06-09,California,Taxi,Small,Cliff swallow,Day,0,0,0,140.0
2002-06-10,Pennsylvania,Approach,Medium,Unknown bird - medium,Day,0,0,0,140.0
2002-06-10,Utah,Take-off run,Medium,Unknown bird - medium,Day,0,0,0,140.0
2002-06-10,California,Take-off run,Small,Unknown bird - small,Day,0,0,0,135.0
2002-06-10,Colorado,Take-off run,Small,Unknown bird - small,Day,0,0,0,130.0
2002-06-10,Texas,Take-off run,Small,Unknown bird - small,Day,0,0,0,160.0
2002-06-11,Illinois,Approach,Small,Unknown bird - small,Day,0,0,0,170.0
2002-06-12,Missouri,Approach,Medium,Unknown bird - medium,Day,0,0,0,134.0
2002-06-12,Missouri,Approach,Medium,Unknown bird - medium,Day,0,0,0,190.0
2002-06-12,Pennsylvania,Climb,Medium,Unknown bird - medium,Night,0,0,0,220.0
2002-06-12,DC,Approach,Small,Rock pigeon,Day,0,0,0,140.0
2002-06-12,Nebraska,Approach,Small,Unknown bird - small,Day,0,0,0,130.0
2002-06-12,Texas,Landing Roll,Small,Unknown bird - small,Day,0,0,0,125.0
2002-06-12,Missouri,Descent,Small,European starling,Dusk,0,0,0,170.0
2002-06-13,Illinois,Approach,Medium,Unknown bird - medium,Dawn,0,0,0,200.0
2002-06-13,California,Landing Roll,Small,Unknown bird - small,Day,0,0,0,120.0
2002-06-14,Missouri,Landing Roll,Large,Coyote,Day,0,0,0,140.0
2002-06-15,Texas,Landing Roll,Small,Unknown bird - small,Day,0,0,0,140.0
2002-06-15,Pennsylvania,Approach,Small,Unknown bird - small,Dusk,0,0,0,130.0
2002-06-15,Ohio,Approach,Small,Unknown bird - small,Night,0,0,0,135.0
2002-06-16,Texas,Approach,Small,Unknown bird - small,Dawn,0,0,0,140.0
2002-06-16,Tennessee,Approach,Small,Unknown bird - small,Day,0,0,0,120.0
2002-06-17,DC,Take-off run,Large,Canada goose,Day,0,0,0,120.0
2002-06-17,Oregon,Landing Roll,Medium,Unknown bird - medium,Day,0,0,0,140.0
2002-06-17,Indiana,Take-off run,Medium,Red-tailed hawk,Day,0,0,0,140.0
2002-06-17,Colorado,Take-off run,Small,Unknown bird - small,Day,0,0,0,115.0
2002-06-17,DC,Approach,Small,Unknown bird - small,Dusk,0,0,0,140.0
2002-06-18,Texas,Approach,Large,Unknown bird - large,Day,0,0,0,180.0
2002-06-18,Colorado,Climb,Medium,Red-tailed hawk,Day,0,0,0,140.0
2002-06-18,Kentucky,Approach,Small,Unknown bird - small,Day,0,0,0,140.0
2002-06-18,Utah,Approach,Small,Unknown bird - small,Day,0,0,0,122.0
2002-06-18,Colorado,Take-off run,Small,Horned lark,Day,0,0,0,120.0
2002-06-19,California,Climb,Medium,Unknown bird - medium,Day,0,0,0,300.0
2002-06-19,New Jersey,Landing Roll,Medium,Unknown bird - medium,Day,0,0,0,100.0
2002-06-19,Minnesota,Landing Roll,Medium,Mallard,Dusk,0,0,0,140.0
2002-06-19,California,Approach,Small,Unknown bird - small,Day,0,0,0,150.0
2002-06-19,North Carolina,Approach,Small,Unknown bird - small,Day,0,0,0,130.0
2002-06-19,Texas,Approach,Small,American kestrel,Day,0,0,0,120.0
2002-06-19,Texas,Landing Roll,Small,Eastern meadowlark,Day,0,0,0,140.0
2002-06-19,California,Take-off run,Small,Rock pigeon,Day,0,0,0,140.0
2002-06-19,Colorado,Take-off run,Small,Unknown bird - small,Day,0,0,0,140.0
2002-06-20,Washington,Approach,Small,European starling,Day,0,0,0,140.0
2002-06-21,Pennsylvania,Climb,Small,Unknown bird - small,Day,0,0,0,250.0
2002-06-21,Texas,Take-off run,Small,Unknown bird - small,Day,0,0,0,140.0
2002-06-22,Kentucky,Approach,Small,Unknown bird - small,Day,0,0,0,125.0
2002-06-22,Texas,Approach,Small,Unknown bird - small,Day,0,0,0,124.0
2002-06-22,Texas,Landing Roll,Small,Barn swallow,Day,0,0,0,140.0
2002-06-22,Texas,Landing Roll,Small,Unknown bird - small,Day,0,0,0,140.0
2002-06-22,New York,Take-off run,Small,Laughing gull,Dusk,0,0,0,140.0
2002-06-22,Oregon,Landing Roll,Small,Barn owl,Night,0,0,0,140.0
2002-06-23,Oregon,Approach,Small,American kestrel,Day,0,0,0,140.0
2002-06-23,Nebraska,Climb,Small,American robin,Day,0,0,0,150.0
2002-06-23,California,Landing Roll,Small,American kestrel,Day,0,0,0,140.0
2002-06-23,California,Landing Roll,Small,Unknown bird - small,Day,0,0,0,130.0
2002-06-24,Washington,Climb,Medium,Unknown bird - medium,Day,0,0,0,140.0
2002-06-24,Utah,Landing Roll,Medium,Unknown bird - medium,Day,0,0,0,140.0
2002-06-24,Tennessee,Take-off run,Medium,Unknown bird - medium,Day,0,0,0,100.0
2002-06-24,California,Landing Roll,Medium,American crow,Dusk,0,0,0,140.0
2002-06-24,North Carolina,Approach,Small,American robin,Day,0,0,0,130.0
2002-06-25,Utah,Landing Roll,Medium,Unknown bird - medium,Day,0,0,0,140.0
2002-06-25,Maryland,Take-off run,Medium,Unknown bird - medium,Day,0,0,0,135.0
2002-06-25,Texas,Landing Roll,Medium,Unknown bird - medium,Dusk,0,0,0,140.0
2002-06-25,Ohio,Climb,Small,Unknown bird - small,Dawn,0,0,0,160.0
2002-06-26,North Carolina,Take-off run,Medium,Unknown bird - medium,Day,0,0,0,140.0
2002-06-26,Kentucky,Landing Roll,Medium,Unknown bird - medium,Day,0,0,0,140.0
2002-06-26,Pennsylvania,Landing Roll,Medium,Unknown bird - medium,Day,0,0,0,80.0
2002-06-26,Tennessee,Landing Roll,Medium,Unknown bird - medium,Day,0,0,0,140.0
2002-06-26,Missouri,Take-off run,Medium,Unknown bird - medium,Night,0,0,0,140.0
2002-06-26,Missouri,Approach,Small,Unknown bird - small,Day,0,0,0,140.0
2002-06-26,Texas,Approach,Small,Unknown bird - small,Day,0,0,0,140.0
2002-06-26,California,Approach,Small,Unknown bird - small,Night,0,0,0,125.0
2002-06-27,DC,Climb,Medium,Unknown bird - medium,Day,0,0,0,180.0
2002-06-27,Oklahoma,Climb,Medium,Unknown bird - medium,Day,0,0,0,140.0
2002-06-27,Texas,Approach,Small,Unknown bird - small,Day,0,0,0,230.0
2002-06-27,New York,Take-off run,Small,Barn owl,Night,0,0,0,140.0
2002-06-28,Florida,Approach,Small,Unknown bird - small,Day,0,0,0,140.0
2002-06-28,Hawaii,Landing Roll,Small,Unknown bird - small,Dusk,0,0,0,140.0
2002-06-28,Hawaii,Take-off run,Small,Unknown bird - small,Dusk,0,0,0,98.0
2002-06-29,Oregon,Take-off run,Medium,Red-tailed hawk,Dawn,0,0,0,140.0
2002-06-29,South Carolina,Take-off run,Small,Rock pigeon,Day,0,636405,636405,105.0
2002-06-30,Texas,Climb,Medium,Unknown bird - medium,Day,0,0,0,140.0
2002-06-30,Kentucky,Approach,Small,Unknown bird - small,Day,0,0,0,130.0
2002-06-30,Missouri,Approach,Small,Unknown bird - small,Day,0,0,0,135.0
2002-07-01,Louisiana,Climb,Medium,Unknown bird or bat,Dusk,0,0,0,120.0
2002-07-01,Oregon,Take-off run,Small,Unknown bird - small,Day,0,0,0,120.0
2002-07-02,Oregon,Approach,Medium,Unknown bird - medium,Day,0,0,0,140.0
2002-07-02,Tennessee,Climb,Medium,Unknown bird - medium,Day,0,0,0,140.0
2002-07-02,California,Take-off run,Small,Tree swallow,Day,0,0,0,90.0
2002-07-02,Texas,Approach,Small,Unknown bird - small,Dusk,0,0,0,140.0
2002-07-02,California,Take-off run,Small,Tree swallow,Dusk,0,0,0,140.0
2002-07-03,Texas,Climb,Medium,Unknown bird - medium,Day,0,0,0,150.0
2002-07-03,Texas,Landing Roll,Medium,Unknown bird - medium,Day,0,0,0,140.0
2002-07-03,California,Climb,Small,Unknown bird - small,Dawn,0,0,0,150.0
2002-07-03,Florida,Approach,Small,Unknown bird - small,Day,0,0,0,160.0
2002-07-03,Washington,Approach,Small,Savannah sparrow,Day,0,0,0,140.0
2002-07-03,Tennessee,Take-off run,Small,Unknown bird - small,Day,0,0,0,75.0
2002-07-04,Texas,Approach,Medium,Unknown bird - medium,Day,0,0,0,180.0
2002-07-05,Colorado,Approach,Medium,Unknown bird - medium,Day,0,0,0,130.0
2002-07-05,Nebraska,Landing Roll,Medium,American crow,Day,0,0,0,140.0
2002-07-05,Colorado,Take-off run,Small,Cliff swallow,Day,0,0,0,140.0
2002-07-05,Hawaii,Climb,Small,Unknown bird - small,Dusk,0,0,0,160.0
2002-07-06,Georgia,Approach,Medium,Unknown bird - medium,Day,0,0,0,140.0
2002-07-06,Tennessee,Approach,Medium,Unknown bird - medium,Night,0,0,0,140.0
2002-07-06,Minnesota,Approach,Small,Unknown bird - small,Day,0,0,0,130.0
2002-07-07,Tennessee,Approach,Medium,Unknown bird - medium,Day,0,0,0,105.0
2002-07-07,Texas,Climb,Medium,Unknown bird - medium,Day,0,0,0,140.0
2002-07-07,Kentucky,Descent,Medium,Unknown bird - medium,Day,0,0,0,340.0
2002-07-07,Pennsylvania,Take-off run,Small,Unknown bird - small,Day,0,0,0,147.0
2002-07-07,Oregon,Approach,Small,European starling,Dusk,0,0,0,140.0
2002-07-08,Oregon,Take-off run,Medium,Red-tailed hawk,Dawn,0,0,0,140.0
2002-07-08,Utah,Climb,Medium,Unknown bird - medium,Day,0,0,0,140.0
2002-07-08,South Carolina,Climb,Small,Cattle egret,Dawn,0,0,0,130.0
2002-07-08,DC,Take-off run,Small,Mourning dove,Day,0,0,0,140.0
2002-07-08,Indiana,Approach,Small,Unknown bird - small,Night,0,0,0,140.0
2002-07-09,California,Take-off run,Medium,Unknown bird - medium,Day,0,0,0,140.0
2002-07-09,New Jersey,Take-off run,Medium,Unknown bird or bat,Day,0,0,0,80.0
2002-07-09,Missouri,Take-off run,Medium,Unknown bird - medium,Night,0,0,0,140.0
2002-07-09,Illinois,Descent,Small,Unknown bird - small,Day,0,0,0,119.0
2002-07-09,Tennessee,Approach,Small,Unknown bird - small,Night,0,0,0,140.0
2002-07-10,New Jersey,Landing Roll,Medium,Unknown bird or bat,Day,0,0,0,140.0
2002-07-10,New Jersey,Take-off run,Small,Mourning dove,Day,0,0,0,140.0
2002-07-11,California,Take-off run,Large,Unknown bird - large,Day,0,0,0,136.0
2002-07-11,Tennessee,Approach,Medium,Unknown bird - medium,Day,370180,27459,397639,140.0
2002-07-11,Pennsylvania,Landing Roll,Medium,American crow,Day,0,0,0,90.0
2002-07-11,California,Approach,Small,Cliff swallow,Day,0,0,0,140.0
2002-07-11,Indiana,Climb,Small,Unknown bird - small,Day,0,0,0,200.0
2002-07-11,Illinois,Climb,Small,Unknown bird - small,Dusk,0,0,0,250.0
2002-07-11,New Jersey,Landing Roll,Small,Mourning dove,Dusk,0,0,0,140.0
2002-07-12,Colorado,Take-off run,Small,Unknown bird - small,Day,0,0,0,140.0
2002-07-12,Nebraska,Take-off run,Small,Mourning dove,Day,0,0,0,100.0
2002-07-13,Maryland,Approach,Small,Unknown bird - small,Day,0,0,0,140.0
2002-07-13,North Carolina,Approach,Small,Unknown bird - small,Day,0,0,0,140.0
2002-07-13,Texas,Approach,Small,Unknown bird - small,Day,0,0,0,170.0
2002-07-13,Texas,Take-off run,Small,Unknown bird - small,Day,0,0,0,145.0
2002-07-14,Texas,Descent,Medium,Unknown bird - medium,Day,0,0,0,220.0
2002-07-14,Maryland,Approach,Small,Unknown bird - small,Day,0,0,0,140.0
2002-07-14,Kentucky,Climb,Small,European starling,Day,0,0,0,135.0
2002-07-14,Oregon,Landing Roll,Small,Rock pigeon,Day,0,0,0,140.0
2002-07-15,Illinois,Climb,Medium,Unknown bird - medium,Day,0,0,0,145.0
2002-07-15,Pennsylvania,Descent,Medium,Unknown bird - medium,Day,0,0,0,310.0
2002-07-15,Massachusetts,Landing Roll,Small,Killdeer,Dawn,0,0,0,140.0
2002-07-15,Colorado,Approach,Small,Unknown bird - small,Day,0,0,0,140.0
2002-07-15,Louisiana,Climb,Small,Barn swallow,Day,0,0,0,180.0
2002-07-15,Tennessee,Climb,Small,Unknown bird - small,Day,0,0,0,90.0
2002-07-16,Oregon,Approach,Small,Unknown bird - small,Day,0,0,0,130.0
2002-07-16,Tennessee,Approach,Small,Unknown bird - small,Day,0,0,0,140.0
2002-07-16,North Carolina,Landing Roll,Small,Rock pigeon,Day,0,0,0,100.0
2002-07-16,New Jersey,Take-off run,Small,Mourning dove,Day,0,0,0,90.0
2002-07-17,Kentucky,Climb,Medium,Unknown bird - medium,Day,0,0,0,140.0
2002-07-17,Louisiana,Approach,Small,Barn swallow,Day,0,0,0,170.0
2002-07-17,Texas,Approach,Small,Unknown bird - small,Day,0,0,0,130.0
2002-07-17,Georgia,Climb,Small,Unknown bird - small,Day,0,0,0,150.0
2002-07-17,Tennessee,Landing Roll,Small,Unknown bird - small,Day,0,0,0,140.0
2002-07-17,Missouri,Take-off run,Small,Meadowlarks,Day,0,0,0,140.0
2002-07-18,Arizona,Landing Roll,Medium,Unknown bird - medium,Day,0,0,0,140.0
2002-07-18,Louisiana,Take-off run,Medium,Unknown bird or bat,Day,0,0,0,110.0
2002-07-18,Missouri,Descent,Medium,Unknown bird - medium,Night,0,0,0,250.0
2002-07-18,Georgia,Approach,Small,Unknown bird - small,Day,0,0,0,125.0
2002-07-18,Texas,Take-off run,Small,Unknown bird - small,Day,0,0,0,120.0
2002-07-19,Missouri,Approach,Medium,Unknown bird - medium,Day,0,0,0,160.0
2002-07-19,Tennessee,Take-off run,Medium,Unknown bird - medium,Day,0,0,0,120.0
2002-07-19,Illinois,Landing Roll,Small,American kestrel,Day,0,0,0,80.0
2002-07-19,Missouri,Landing Roll,Small,Mourning dove,Day,0,0,0,110.0
2002-07-19,North Carolina,Landing Roll,Small,Mourning dove,Day,0,0,0,120.0
2002-07-19,Texas,Landing Roll,Small,Unknown bird - small,Day,0,0,0,120.0
2002-07-19,Tennessee,Approach,Small,Unknown bird - small,Dusk,0,0,0,145.0
2002-07-20,Tennessee,Approach,Medium,Unknown bird - medium,Day,0,0,0,145.0
2002-07-20,Texas,Approach,Medium,Unknown bird - medium,Day,0,0,0,250.0
2002-07-20,Louisiana,Approach,Small,Barn swallow,Day,0,0,0,120.0
2002-07-20,North Carolina,Climb,Small,Unknown bird - small,Day,0,0,0,250.0
2002-07-20,Texas,Climb,Small,Unknown bird - small,Day,0,0,0,130.0
2002-07-20,California,Landing Roll,Small,Unknown bird - small,Day,0,0,0,120.0
2002-07-20,Kentucky,Landing Roll,Small,Unknown bird - small,Day,0,0,0,100.0
2002-07-21,California,Take-off run,Medium,Unknown bird - medium,Day,0,0,0,140.0
2002-07-21,Utah,Take-off run,Medium,Unknown bird - medium,Day,0,0,0,140.0
2002-07-21,Pennsylvania,Take-off run,Medium,Red-tailed hawk,Dusk,0,0,0,140.0
2002-07-21,Kentucky,Climb,Small,Unknown bird - small,Day,0,0,0,180.0
2002-07-22,Pennsylvania,Approach,Medium,Unknown bird - medium,Day,0,0,0,170.0
2002-07-22,Pennsylvania,Landing Roll,Small,Mourning dove,Dawn,0,0,0,120.0
2002-07-22,Louisiana,Approach,Small,Barn swallow,Day,0,0,0,160.0
2002-07-22,Tennessee,Climb,Small,Unknown bird - small,Day,0,0,0,150.0
2002-07-22,Maryland,Approach,Small,Unknown bird - small,Night,0,0,0,130.0
2002-07-23,Ohio,Approach,Medium,Unknown bird - medium,Day,0,0,0,140.0
2002-07-23,Texas,Take-off run,Medium,Unknown bird - medium,Dusk,0,0,0,100.0
2002-07-23,California,Climb,Small,Unknown bird - small,Day,0,0,0,160.0
2002-07-23,Hawaii,Landing Roll,Small,Unknown bird - small,Day,0,0,0,120.0
2002-07-23,North Carolina,Landing Roll,Small,European starling,Day,0,0,0,120.0
2002-07-23,Colorado,Take-off run,Small,Horned lark,Day,0,0,0,140.0
2002-07-23,South Carolina,Take-off run,Small,Mourning dove,Day,0,3803,3803,110.0
2002-07-24,Tennessee,Approach,Medium,Unknown bird - medium,Day,0,0,0,140.0
2002-07-24,Tennessee,Climb,Medium,Unknown bird - medium,Night,0,0,0,140.0
2002-07-24,Indiana,Descent,Medium,Unknown bird - medium,Night,0,0,0,220.0
2002-07-24,New Jersey,Take-off run,Small,Mourning dove,Dawn,0,0,0,140.0
2002-07-24,New York,Climb,Small,European starling,Day,0,0,0,140.0
2002-07-24,Texas,Descent,Small,Unknown bird - small,Day,0,0,0,250.0
2002-07-24,Colorado,Take-off run,Small,Horned lark,Day,0,0,0,120.0
2002-07-25,Louisiana,Climb,Medium,Unknown bird or bat,Day,0,0,0,110.0
2002-07-25,Pennsylvania,Climb,Medium,Red-tailed hawk,Day,0,0,0,140.0
