job,sex,year,count,perc
Accountant / Auditor,men,1850,708,0.000130960700321
Accountant / Auditor,men,1860,1805,0.000214003690111
Accountant / Auditor,men,1870,1310,9.9778818541e-05
Accountant / Auditor,men,1880,2295,0.000125359945547
Accountant / Auditor,men,1900,11753,0.000395860244257
Accountant / Auditor,men,1910,0,0.0
Accountant / Auditor,men,1920,111209,0.002648560867779
Accountant / Auditor,men,1930,181482,0.003724222132914
Accountant / Auditor,men,1940,0,0.0
Accountant / Auditor,men,1950,330352,0.005438706169022
Accountant / Auditor,men,1960,425002,0.004890279670211
Accountant / Auditor,men,1970,575667,0.00526869370494
Accountant / Auditor,men,1980,661606,0.005148571115604
Accountant / Auditor,men,1990,814842,0.005464129280321
Accountant / Auditor,men,2000,866460,0.005153746569321
Accountant / Auditor,women,1850,0,0.0
Accountant / Auditor,women,1860,0,0.0
Accountant / Auditor,women,1870,0,0.0
Accountant / Auditor,women,1880,0,0.0
Accountant / Auditor,women,1900,807,2.7181078628e-05
Accountant / Auditor,women,1910,0,0.0
Accountant / Auditor,women,1920,15746,0.000375007772968
Accountant / Auditor,women,1930,14657,0.000300778720766
Accountant / Auditor,women,1940,0,0.0
Accountant / Auditor,women,1950,56117,0.000923874758097
Accountant / Auditor,women,1960,112853,0.001298541493033
Accountant / Auditor,women,1970,248441,0.002273813737367
Accountant / Auditor,women,1980,452783,0.003523525293659
Accountant / Auditor,women,1990,949683,0.006368339736198
Accountant / Auditor,women,2000,1217596,0.00724232071627
Actor,men,1850,506,9.3596206727e-05
Actor,men,1860,401,4.7543202069e-05
Actor,men,1870,1507,0.00011478372484
Actor,men,1880,3983,0.000217563687631
Actor,men,1900,10449,0.000351939393537
Actor,men,1910,15867,0.000407589199407
Actor,men,1920,14020,0.000333901243301
Actor,men,1930,28815,0.000591317380015
Actor,men,1940,12428,0.000238856332509
Actor,men,1950,10678,0.000175795831333
Actor,men,1960,10461,0.000120369352685
Actor,men,1970,11726,0.000107320208356
Actor,men,1980,0,0.0
Actor,men,1990,0,0.0
Actor,men,2000,29975,0.000178292769909
Actor,women,1850,0,0.0
Actor,women,1860,100,1.1856160116e-05
Actor,women,1870,200,1.523340741e-05
Actor,women,1880,1994,0.00010891840149
Actor,women,1900,6736,0.000226879486541
Actor,women,1910,14106,0.000362352886295
Actor,women,1920,11001,0.000262000540481
Actor,women,1930,19210,0.000394211586676
Actor,women,1940,8750,0.000168168080902
Actor,women,1950,7067,0.000116346613601
Actor,women,1960,8069,9.284583757e-05
Actor,women,1970,11127,0.000101837963362
Actor,women,1980,0,0.0
Actor,women,1990,0,0.0
Actor,women,2000,25931,0.0001542388596
Advertising Agent,men,1850,0,0.0
Advertising Agent,men,1860,0,0.0
Advertising Agent,men,1870,703,5.354542704900001e-05
Advertising Agent,men,1880,499,2.7256911907000003e-05
Advertising Agent,men,1900,4526,0.000152443075428
Advertising Agent,men,1910,0,0.0
Advertising Agent,men,1920,15437,0.000367648608618
Advertising Agent,men,1930,37913,0.000778018942513
Advertising Agent,men,1940,33554,0.00064488134704
Advertising Agent,men,1950,26603,0.000437974948583
Advertising Agent,men,1960,32275,0.000371371843793
Advertising Agent,men,1970,53993,0.000494161692803
Advertising Agent,men,1980,72865,0.00056703027835
Advertising Agent,men,1990,94797,0.000635685278111
Advertising Agent,men,2000,114250,0.000679564602572
Advertising Agent,women,1850,0,0.0
Advertising Agent,women,1860,0,0.0
Advertising Agent,women,1870,0,0.0
Advertising Agent,women,1880,0,0.0
Advertising Agent,women,1900,0,0.0
Advertising Agent,women,1910,0,0.0
Advertising Agent,women,1920,1414,3.3675917120000005e-05
Advertising Agent,women,1930,4043,8.2967071573e-05
Advertising Agent,women,1940,4883,9.3847398748e-05
Advertising Agent,women,1950,4219,6.9458944783e-05
Advertising Agent,women,1960,8669,9.9749729321e-05
Advertising Agent,women,1970,19544,0.00017887311548
Advertising Agent,women,1980,58594,0.000455974365328
Advertising Agent,women,1990,104742,0.000702373992847
Advertising Agent,women,2000,132581,0.000788598289485
Agent,men,1850,2528,0.000467611088153
Agent,men,1860,4610,0.000546568981392
Agent,men,1870,5930,0.000451670529731
Agent,men,1880,20657,0.001128348756066
Agent,men,1900,19299,0.000650021854328
Agent,men,1910,52647,0.001352388515864
Agent,men,1920,30365,0.000723174839717
Agent,men,1930,54081,0.001109805144147
Agent,men,1940,92566,0.001779045323065
Agent,men,1950,115523,0.001901897529798
Agent,men,1960,146745,0.001688519325097
Agent,men,1970,23236,0.000212663513677
Agent,men,1980,0,0.0
Agent,men,1990,0,0.0
Agent,men,2000,0,0.0
Agent,women,1850,0,0.0
Agent,women,1860,200,2.3712320233e-05
Agent,women,1870,0,0.0
Agent,women,1880,498,2.7202288837e-05
Agent,women,1900,906,3.0515560392e-05
Agent,women,1910,2016,5.1786716203000005e-05
Agent,women,1920,3632,8.6499951188e-05
Agent,women,1930,5562,0.000114138721764
Agent,women,1940,12692,0.00024393020375
Agent,women,1950,23172,0.000381489136886
Agent,women,1960,46524,0.000535327766403
Agent,women,1970,1102,1.0085866417000002e-05
Agent,women,1980,0,0.0
Agent,women,1990,0,0.0
Agent,women,2000,0,0.0
Apprentice,men,1850,3134,0.000579704568937
Apprentice,men,1860,22765,0.002699054850627
Apprentice,men,1870,24010,0.001828770559673
Apprentice,men,1880,20449,0.001116987157515
Apprentice,men,1900,17486,0.000588957051908
Apprentice,men,1910,70527,0.001811687367909
Apprentice,men,1920,17761,0.000422997145668
Apprentice,men,1930,17699,0.000363204105809
Apprentice,men,1940,39638,0.000761811016093
Apprentice,men,1950,30590,0.000503614392255
Apprentice,men,1960,21110,0.000242901924786
Apprentice,men,1970,16425,0.000150327001727
Apprentice,men,1980,4442,3.4567329944e-05
Apprentice,men,1990,1865,1.250622956e-05
Apprentice,men,2000,0,0.0
Apprentice,women,1850,101,1.8682246797e-05
Apprentice,women,1860,1107,0.000131247692494
Apprentice,women,1870,4116,0.000313503524515
Apprentice,women,1880,5585,0.0003050698457
Apprentice,women,1900,5026,0.000169283892422
Apprentice,women,1910,8568,0.000220093543866
Apprentice,women,1920,3428,8.1641473754e-05
Apprentice,women,1930,1517,3.1130607859e-05
Apprentice,women,1940,3081,5.9214383686e-05
Apprentice,women,1950,1072,1.7648729274000002e-05
Apprentice,women,1960,2492,2.8674163740000003e-05
Apprentice,women,1970,1103,1.0095018746e-05
Apprentice,women,1980,1622,1.2622289322e-05
Apprentice,women,1990,405,2.715830011e-06
Apprentice,women,2000,0,0.0
Apprentice - Auto Mechanic,men,1850,0,0.0
Apprentice - Auto Mechanic,men,1860,0,0.0
Apprentice - Auto Mechanic,men,1870,0,0.0
Apprentice - Auto Mechanic,men,1880,0,0.0
Apprentice - Auto Mechanic,men,1900,0,0.0
Apprentice - Auto Mechanic,men,1910,0,0.0
Apprentice - Auto Mechanic,men,1920,3532,8.411834460300001e-05
Apprentice - Auto Mechanic,men,1930,506,1.0383709675000002e-05
Apprentice - Auto Mechanic,men,1940,0,0.0
Apprentice - Auto Mechanic,men,1950,5955,9.8039349652e-05
Apprentice - Auto Mechanic,men,1960,2093,2.4083075726e-05
Apprentice - Auto Mechanic,men,1970,4106,3.7579462349e-05
Apprentice - Auto Mechanic,men,1980,3961,3.0824221952e-05
Apprentice - Auto Mechanic,men,1990,1800,1.2070355608e-05
Apprentice - Auto Mechanic,men,2000,0,0.0
Apprentice - Auto Mechanic,women,1850,0,0.0
Apprentice - Auto Mechanic,women,1860,0,0.0
Apprentice - Auto Mechanic,women,1870,0,0.0
Apprentice - Auto Mechanic,women,1880,0,0.0
Apprentice - Auto Mechanic,women,1900,0,0.0
Apprentice - Auto Mechanic,women,1910,0,0.0
Apprentice - Auto Mechanic,women,1920,0,0.0
Apprentice - Auto Mechanic,women,1930,506,1.0383709675000002e-05
Apprentice - Auto Mechanic,women,1940,0,0.0
Apprentice - Auto Mechanic,women,1950,1074,1.7681656007000002e-05
Apprentice - Auto Mechanic,women,1960,0,0.0
Apprentice - Auto Mechanic,women,1970,100,9.152328872317398e-07
Apprentice - Auto Mechanic,women,1980,120,9.338315158455876e-07
Apprentice - Auto Mechanic,women,1990,51,3.41993408901851e-07
Apprentice - Auto Mechanic,women,2000,0,0.0
Apprentice - Bricklayer,men,1850,0,0.0
Apprentice - Bricklayer,men,1860,1204,0.000142748167808
Apprentice - Bricklayer,men,1870,3320,0.00025287456302
Apprentice - Bricklayer,men,1880,699,3.8181525898000006e-05
Apprentice - Bricklayer,men,1900,1004,3.3816360523e-05
Apprentice - Bricklayer,men,1910,0,0.0
Apprentice - Bricklayer,men,1920,101,2.405422651e-06
Apprentice - Bricklayer,men,1930,2021,4.1473275204e-05
Apprentice - Bricklayer,men,1940,0,0.0
Apprentice - Bricklayer,men,1950,8290,0.000136481311271
Apprentice - Bricklayer,men,1960,2991,3.4415900380000004e-05
Apprentice - Bricklayer,men,1970,4710,4.3107468988000005e-05
Apprentice - Bricklayer,men,1980,3562,2.7719232162000003e-05
Apprentice - Bricklayer,men,1990,976,6.544815040000001e-06
Apprentice - Bricklayer,men,2000,0,0.0
Apprentice - Bricklayer,women,1850,0,0.0
Apprentice - Bricklayer,women,1860,0,0.0
Apprentice - Bricklayer,women,1870,0,0.0
Apprentice - Bricklayer,women,1880,0,0.0
Apprentice - Bricklayer,women,1900,0,0.0
Apprentice - Bricklayer,women,1910,0,0.0
Apprentice - Bricklayer,women,1920,0,0.0
Apprentice - Bricklayer,women,1930,0,0.0
Apprentice - Bricklayer,women,1940,0,0.0
Apprentice - Bricklayer,women,1950,0,0.0
Apprentice - Bricklayer,women,1960,0,0.0
Apprentice - Bricklayer,women,1970,200,1.830465774e-06
Apprentice - Bricklayer,women,1980,140,1.0894701010000002e-06
Apprentice - Bricklayer,women,1990,53,3.554049151332962e-07
Apprentice - Bricklayer,women,2000,0,0.0
Apprentice - Carpenter,men,1850,404,7.4728987189e-05
Apprentice - Carpenter,men,1860,6818,0.000808352996774
Apprentice - Carpenter,men,1870,8443,0.000643078293849
Apprentice - Carpenter,men,1880,5589,0.00030528833798
Apprentice - Carpenter,men,1900,3113,0.000104850926603
Apprentice - Carpenter,men,1910,0,0.0
Apprentice - Carpenter,men,1920,1615,3.8462946357000006e-05
Apprentice - Carpenter,men,1930,2527,5.1856984879e-05
Apprentice - Carpenter,men,1940,13667,0.000262668932765
Apprentice - Carpenter,men,1950,11840,0.000194926263625
Apprentice - Carpenter,men,1960,7666,8.820872361000001e-05
Apprentice - Carpenter,men,1970,9616,8.8008794436e-05
Apprentice - Carpenter,men,1980,11127,8.6589527306e-05
Apprentice - Carpenter,men,1990,5609,3.7612569226e-05
Apprentice - Carpenter,men,2000,0,0.0
Apprentice - Carpenter,women,1850,0,0.0
Apprentice - Carpenter,women,1860,0,0.0
Apprentice - Carpenter,women,1870,101,7.692870742000001e-06
Apprentice - Carpenter,women,1880,0,0.0
Apprentice - Carpenter,women,1900,0,0.0
Apprentice - Carpenter,women,1910,0,0.0
Apprentice - Carpenter,women,1920,0,0.0
Apprentice - Carpenter,women,1930,0,0.0
Apprentice - Carpenter,women,1940,1010,1.9411401338e-05
Apprentice - Carpenter,women,1950,54,8.890218104543926e-07
Apprentice - Carpenter,women,1960,0,0.0
Apprentice - Carpenter,women,1970,0,0.0
Apprentice - Carpenter,women,1980,840,6.536820610000001e-06
Apprentice - Carpenter,women,1990,318,2.13242949e-06
Apprentice - Carpenter,women,2000,0,0.0
Apprentice - Construction,men,1850,202,3.7364493594e-05
Apprentice - Construction,men,1860,3408,0.000404057936786
Apprentice - Construction,men,1870,5525,0.000420822879724
Apprentice - Construction,men,1880,1995,0.00010897302456
Apprentice - Construction,men,1900,2012,6.7767447583e-05
Apprentice - Construction,men,1910,21412,0.000550028356823
Apprentice - Construction,men,1920,705,1.6790326428e-05
Apprentice - Construction,men,1930,1515,3.1089565529e-05
Apprentice - Construction,men,1940,18051,0.000346925946099
Apprentice - Construction,men,1950,5717,9.412106834e-05
Apprentice - Construction,men,1960,3489,4.0146130534e-05
Apprentice - Construction,men,1970,2603,2.3823512054000003e-05
Apprentice - Construction,men,1980,0,0.0
Apprentice - Construction,men,1990,0,0.0
Apprentice - Construction,men,2000,0,0.0
Apprentice - Construction,women,1850,0,0.0
Apprentice - Construction,women,1860,202,2.3949443436e-05
Apprentice - Construction,women,1870,101,7.692870742000001e-06
Apprentice - Construction,women,1880,0,0.0
Apprentice - Construction,women,1900,0,0.0
Apprentice - Construction,women,1910,0,0.0
Apprentice - Construction,women,1920,0,0.0
Apprentice - Construction,women,1930,0,0.0
Apprentice - Construction,women,1940,101,1.941140133e-06
Apprentice - Construction,women,1950,0,0.0
Apprentice - Construction,women,1960,100,1.150648625e-06
Apprentice - Construction,women,1970,302,2.7640033190000004e-06
Apprentice - Construction,women,1980,0,0.0
Apprentice - Construction,women,1990,0,0.0
Apprentice - Construction,women,2000,0,0.0
Apprentice - Electrician,men,1850,0,0.0
Apprentice - Electrician,men,1860,0,0.0
Apprentice - Electrician,men,1870,0,0.0
Apprentice - Electrician,men,1880,0,0.0
Apprentice - Electrician,men,1900,1407,4.7390059020000006e-05
Apprentice - Electrician,men,1910,0,0.0
Apprentice - Electrician,men,1920,4439,0.000105719516334
Apprentice - Electrician,men,1930,1517,3.1130607859e-05
Apprentice - Electrician,men,1940,7102,0.000136494824065
Apprentice - Electrician,men,1950,12387,0.000203931725298
Apprentice - Electrician,men,1960,9156,0.000105353388126
Apprentice - Electrician,men,1970,22140,0.000202632561233
Apprentice - Electrician,men,1980,18588,0.000144650501804
Apprentice - Electrician,men,1990,17188,0.000115258484553
Apprentice - Electrician,men,2000,0,0.0
Apprentice - Electrician,women,1850,0,0.0
Apprentice - Electrician,women,1860,0,0.0
Apprentice - Electrician,women,1870,0,0.0
Apprentice - Electrician,women,1880,0,0.0
Apprentice - Electrician,women,1900,0,0.0
Apprentice - Electrician,women,1910,0,0.0
Apprentice - Electrician,women,1920,0,0.0
Apprentice - Electrician,women,1930,0,0.0
Apprentice - Electrician,women,1940,101,1.941140133e-06
Apprentice - Electrician,women,1950,0,0.0
Apprentice - Electrician,women,1960,99,1.139142138e-06
Apprentice - Electrician,women,1970,500,4.5761644360000005e-06
Apprentice - Electrician,women,1980,1160,9.027037986e-06
Apprentice - Electrician,women,1990,901,6.041883557e-06
Apprentice - Electrician,women,2000,0,0.0
Apprentice - Machinist,men,1850,0,0.0
Apprentice - Machinist,men,1860,2612,0.000309682902255
Apprentice - Machinist,men,1870,3212,0.000244648523018
Apprentice - Machinist,men,1880,4391,0.000239849900173
Apprentice - Machinist,men,1900,12049,0.000405830007917
Apprentice - Machinist,men,1910,0,0.0
Apprentice - Machinist,men,1920,17659,0.000420567906951
Apprentice - Machinist,men,1930,7077,0.000145228287293
Apprentice - Machinist,men,1940,17891,0.00034385087262
Apprentice - Machinist,men,1950,17372,0.000286001609096
Apprentice - Machinist,men,1960,14047,0.000161631612386
Apprentice - Machinist,men,1970,17724,0.000162215876932
Apprentice - Machinist,men,1980,15146,0.000117865101158
Apprentice - Machinist,men,1990,4030,2.7024185056e-05
Apprentice - Machinist,men,2000,0,0.0
Apprentice - Machinist,women,1850,0,0.0
Apprentice - Machinist,women,1860,0,0.0
Apprentice - Machinist,women,1870,0,0.0
Apprentice - Machinist,women,1880,200,1.0924613991e-05
Apprentice - Machinist,women,1900,100,3.368163398e-06
Apprentice - Machinist,women,1910,0,0.0
Apprentice - Machinist,women,1920,101,2.405422651e-06
Apprentice - Machinist,women,1930,0,0.0
Apprentice - Machinist,women,1940,0,0.0
Apprentice - Machinist,women,1950,165,2.7164555310000003e-06
Apprentice - Machinist,women,1960,497,5.718723667e-06
Apprentice - Machinist,women,1970,401,3.670083877e-06
Apprentice - Machinist,women,1980,841,6.54460254e-06
Apprentice - Machinist,women,1990,356,2.387248109e-06
Apprentice - Machinist,women,2000,0,0.0
Apprentice - Mechanic,men,1850,0,0.0
Apprentice - Mechanic,men,1860,1003,0.000118917285973
Apprentice - Mechanic,men,1870,1710,0.000130245633362
Apprentice - Mechanic,men,1880,0,0.0
Apprentice - Mechanic,men,1900,504,1.6975543529000002e-05
Apprentice - Mechanic,men,1910,0,0.0
Apprentice - Mechanic,men,1920,1313,3.1270494468e-05
Apprentice - Mechanic,men,1930,1011,2.0746898184e-05
Apprentice - Mechanic,men,1940,0,0.0
Apprentice - Mechanic,men,1950,4726,7.7805871781e-05
Apprentice - Mechanic,men,1960,4784,5.5047030231000005e-05
Apprentice - Mechanic,men,1970,5309,4.8589713983000006e-05
Apprentice - Mechanic,men,1980,0,0.0
Apprentice - Mechanic,men,1990,0,0.0
Apprentice - Mechanic,men,2000,0,0.0
Apprentice - Mechanic,women,1850,0,0.0
Apprentice - Mechanic,women,1860,0,0.0
Apprentice - Mechanic,women,1870,101,7.692870742000001e-06
Apprentice - Mechanic,women,1880,0,0.0
Apprentice - Mechanic,women,1900,0,0.0
Apprentice - Mechanic,women,1910,0,0.0
Apprentice - Mechanic,women,1920,0,0.0
Apprentice - Mechanic,women,1930,0,0.0
Apprentice - Mechanic,women,1940,0,0.0
Apprentice - Mechanic,women,1950,0,0.0
Apprentice - Mechanic,women,1960,200,2.3012972500000003e-06
Apprentice - Mechanic,women,1970,201,1.839618103e-06
Apprentice - Mechanic,women,1980,0,0.0
Apprentice - Mechanic,women,1990,0,0.0
Apprentice - Mechanic,women,2000,0,0.0
Apprentice - Metal Working,men,1850,0,0.0
Apprentice - Metal Working,men,1860,13251,0.001571059777099
Apprentice - Metal Working,men,1870,15780,0.001201915844716
Apprentice - Metal Working,men,1880,8480,0.00046320363322
Apprentice - Metal Working,men,1900,8337,0.000280803782555
Apprentice - Metal Working,men,1910,0,0.0
Apprentice - Metal Working,men,1920,8076,0.000192338547853
Apprentice - Metal Working,men,1930,6067,0.000124501910274
Apprentice - Metal Working,men,1940,0,0.0
Apprentice - Metal Working,men,1950,8716,0.000143494705554
Apprentice - Metal Working,men,1960,4984,5.734832748100001e-05
Apprentice - Metal Working,men,1970,6807,6.229990263300001e-05
Apprentice - Metal Working,men,1980,720,5.602989095e-06
Apprentice - Metal Working,men,1990,930,6.2363503970000005e-06
Apprentice - Metal Working,men,2000,0,0.0
Apprentice - Metal Working,women,1850,0,0.0
Apprentice - Metal Working,women,1860,0,0.0
Apprentice - Metal Working,women,1870,0,0.0
Apprentice - Metal Working,women,1880,0,0.0
Apprentice - Metal Working,women,1900,101,3.401845032e-06
Apprentice - Metal Working,women,1910,0,0.0
Apprentice - Metal Working,women,1920,0,0.0
Apprentice - Metal Working,women,1930,0,0.0
Apprentice - Metal Working,women,1940,0,0.0
Apprentice - Metal Working,women,1950,246,4.049988247e-06
Apprentice - Metal Working,women,1960,0,0.0
Apprentice - Metal Working,women,1970,0,0.0
Apprentice - Metal Working,women,1980,160,1.245108687e-06
Apprentice - Metal Working,women,1990,106,7.108098302665924e-07
Apprentice - Metal Working,women,2000,0,0.0
Apprentice - Plumber,men,1850,0,0.0
Apprentice - Plumber,men,1860,1004,0.000119035847574
Apprentice - Plumber,men,1870,2011,0.000153171911516
Apprentice - Plumber,men,1880,1694,9.2531480504e-05
Apprentice - Plumber,men,1900,2815,9.4813799675e-05
Apprentice - Plumber,men,1910,0,0.0
Apprentice - Plumber,men,1920,5749,0.000136918562606
Apprentice - Plumber,men,1930,6571,0.000134844577618
Apprentice - Plumber,men,1940,8921,0.000171454565683
Apprentice - Plumber,men,1950,17684,0.000291138179556
Apprentice - Plumber,men,1960,9754,0.000112234266905
Apprentice - Plumber,men,1970,15327,0.000140277744626
Apprentice - Plumber,men,1980,12270,9.5484272495e-05
Apprentice - Plumber,men,1990,7878,5.282792304500001e-05
Apprentice - Plumber,men,2000,0,0.0
Apprentice - Plumber,women,1850,0,0.0
Apprentice - Plumber,women,1860,0,0.0
Apprentice - Plumber,women,1870,0,0.0
Apprentice - Plumber,women,1880,0,0.0
Apprentice - Plumber,women,1900,200,6.736326797000001e-06
Apprentice - Plumber,women,1910,0,0.0
Apprentice - Plumber,women,1920,0,0.0
Apprentice - Plumber,women,1930,0,0.0
Apprentice - Plumber,women,1940,2821,5.4217389282000006e-05
Apprentice - Plumber,women,1950,3305,5.4411427473e-05
Apprentice - Plumber,women,1960,0,0.0
Apprentice - Plumber,women,1970,200,1.830465774e-06
Apprentice - Plumber,women,1980,500,3.8909646490000005e-06
Apprentice - Plumber,women,1990,244,1.6362037600000002e-06
Apprentice - Plumber,women,2000,0,0.0
Apprentice - Printing,men,1850,0,0.0
Apprentice - Printing,men,1860,2005,0.000237716010345
Apprentice - Printing,men,1870,4522,0.000344427341559
Apprentice - Printing,men,1880,2597,0.000141856112673
Apprentice - Printing,men,1900,4229,0.000142439630133
Apprentice - Printing,men,1910,0,0.0
Apprentice - Printing,men,1920,5150,0.000122652739158
Apprentice - Printing,men,1930,9605,0.000197105793338
Apprentice - Printing,men,1940,15899,0.000305566207802
Apprentice - Printing,men,1950,20145,0.0003316545254
Apprentice - Printing,men,1960,12253,0.000140988976049
Apprentice - Printing,men,1970,10015,9.1660573656e-05
Apprentice - Printing,men,1980,0,0.0
Apprentice - Printing,men,1990,0,0.0
Apprentice - Printing,men,2000,0,0.0
Apprentice - Printing,women,1850,0,0.0
Apprentice - Printing,women,1860,0,0.0
Apprentice - Printing,women,1870,0,0.0
Apprentice - Printing,women,1880,99,5.407683925000001e-06
Apprentice - Printing,women,1900,200,6.736326797000001e-06
Apprentice - Printing,women,1910,0,0.0
Apprentice - Printing,women,1920,303,7.216267954e-06
Apprentice - Printing,women,1930,505,1.0363188509e-05
Apprentice - Printing,women,1940,2435,4.6798774514e-05
Apprentice - Printing,women,1950,1967,3.2383442614e-05
Apprentice - Printing,women,1960,299,3.440439389e-06
Apprentice - Printing,women,1970,1100,1.0067561759000002e-05
Apprentice - Printing,women,1980,0,0.0
Apprentice - Printing,women,1990,0,0.0
Apprentice - Printing,women,2000,0,0.0
Architect,men,1850,405,7.491395992900001e-05
Architect,men,1860,1707,0.000202384653196
Architect,men,1870,1914,0.000145783708921
Architect,men,1880,3892,0.000212592988265
Architect,men,1900,10151,0.000341902266608
Architect,men,1910,16624,0.000427034905839
Architect,men,1920,15439,0.00036769624075
Architect,men,1930,18200,0.000373485209657
Architect,men,1940,19929,0.000383019621063
Architect,men,1950,24820,0.000408620765471
Architect,men,1960,30179,0.000347254248608
Architect,men,1970,57091,0.000522515607649
Architect,men,1980,107765,0.000838619610875
Architect,men,1990,143413,0.000961692171585
Architect,men,2000,171025,0.001017265086695
Architect,women,1850,0,0.0
Architect,women,1860,0,0.0
Architect,women,1870,0,0.0
Architect,women,1880,0,0.0
Architect,women,1900,100,3.368163398e-06
Architect,women,1910,0,0.0
Architect,women,1920,100,2.3816065850000003e-06
Architect,women,1930,0,0.0
Architect,women,1940,303,5.823420401000001e-06
Architect,women,1950,519,8.5444874e-06
Architect,women,1960,1096,1.2611108932000002e-05
Architect,women,1970,2606,2.3850969041e-05
Architect,women,1980,10949,8.5204343891e-05
Architect,women,1990,27057,0.000181437562052
Architect,women,2000,45789,0.000272355217393
Artist / Art Teacher,men,1850,2123,0.000392697128224
Artist / Art Teacher,men,1860,5024,0.000595653484276
Artist / Art Teacher,men,1870,3716,0.000283036709693
Artist / Art Teacher,men,1880,5485,0.000299607538704
Artist / Art Teacher,men,1900,15074,0.00050771695073
Artist / Art Teacher,men,1910,20151,0.00051763597134
Artist / Art Teacher,men,1920,20083,0.000478298050585
Artist / Art Teacher,men,1930,34876,0.000715696163297
Artist / Art Teacher,men,1940,43200,0.000830269839427
Artist / Art Teacher,men,1950,52247,0.000860161528348
Artist / Art Teacher,men,1960,70230,0.0008081005295
Artist / Art Teacher,men,1970,70208,0.000642566705467
Artist / Art Teacher,men,1980,88510,0.000688778562229
Artist / Art Teacher,men,1990,113275,0.000759594184183
Artist / Art Teacher,men,2000,147525,0.000877485934306
Artist / Art Teacher,women,1850,0,0.0
Artist / Art Teacher,women,1860,605,7.172976870700001e-05
Artist / Art Teacher,women,1870,502,3.8235852601e-05
Artist / Art Teacher,women,1880,3393,0.000185336076358
Artist / Art Teacher,women,1900,11754,0.000395893925891
Artist / Art Teacher,women,1910,15617,0.000401167235592
Artist / Art Teacher,women,1920,13929,0.000331733981308
Artist / Art Teacher,women,1930,20220,0.000414937963696
Artist / Art Teacher,women,1940,19699,0.000378599202937
Artist / Art Teacher,women,1950,30171,0.000496716241541
Artist / Art Teacher,women,1960,59496,0.000684589906068
Artist / Art Teacher,women,1970,51690,0.00047308387941
Artist / Art Teacher,women,1980,91749,0.000713984231227
Artist / Art Teacher,women,1990,136297,0.000913974032413
Artist / Art Teacher,women,2000,144382,0.00085879121618
Athlete,men,1850,204,3.7734439075000006e-05
Athlete,men,1860,100,1.1856160116e-05
Athlete,men,1870,201,1.5309574447e-05
Athlete,men,1880,498,2.7202288837e-05
Athlete,men,1900,3417,0.000115090143335
Athlete,men,1910,0,0.0
Athlete,men,1920,3735,8.895300597200001e-05
Athlete,men,1930,7579,0.000155529912307
Athlete,men,1940,10153,0.000195132631474
Athlete,men,1950,8927,0.000146968475961
Athlete,men,1960,4387,5.0478955188000005e-05
Athlete,men,1970,0,0.0
Athlete,men,1980,0,0.0
Athlete,men,1990,0,0.0
Athlete,men,2000,0,0.0
Athlete,women,1850,0,0.0
Athlete,women,1860,0,0.0
Athlete,women,1870,0,0.0
Athlete,women,1880,200,1.0924613991e-05
Athlete,women,1900,0,0.0
Athlete,women,1910,0,0.0
Athlete,women,1920,0,0.0
Athlete,women,1930,0,0.0
Athlete,women,1940,748,1.4375968516e-05
Athlete,women,1950,155,2.551821863e-06
Athlete,women,1960,796,9.159163056e-06
Athlete,women,1970,0,0.0
Athlete,women,1980,0,0.0
Athlete,women,1990,0,0.0
Athlete,women,2000,0,0.0
Auctioneer,men,1850,809,0.000149642947118
Auctioneer,men,1860,1908,0.000226215535031
Auctioneer,men,1870,2108,0.00016056011411
Auctioneer,men,1880,2594,0.000141692243463
Auctioneer,men,1900,2818,9.4914844577e-05
Auctioneer,men,1910,2519,6.4707707399e-05
Auctioneer,men,1920,5652,0.000134608404218
Auctioneer,men,1930,5053,0.000103693448593
Auctioneer,men,1940,5580,0.000107243187592
Auctioneer,men,1950,13509,0.000222403622915
Auctioneer,men,1960,4385,5.0455942216e-05
Auctioneer,men,1970,5415,4.9559860843e-05
Auctioneer,men,1980,6427,5.0014459602000005e-05
Auctioneer,men,1990,8339,5.5919275232e-05
Auctioneer,men,2000,0,0.0
Auctioneer,women,1850,0,0.0
Auctioneer,women,1860,0,0.0
Auctioneer,women,1870,0,0.0
Auctioneer,women,1880,0,0.0
Auctioneer,women,1900,0,0.0
Auctioneer,women,1910,0,0.0
Auctioneer,women,1920,0,0.0
Auctioneer,women,1930,0,0.0
Auctioneer,women,1940,2744,5.2737510171e-05
Auctioneer,women,1950,2970,4.889619957400001e-05
Auctioneer,women,1960,99,1.139142138e-06
Auctioneer,women,1970,800,7.321863097e-06
Auctioneer,women,1980,1282,9.97643336e-06
Auctioneer,women,1990,1577,1.0574972663e-05
Auctioneer,women,2000,0,0.0
Author,men,1850,101,1.8682246797e-05
Author,men,1860,301,3.5687041952000005e-05
Author,men,1870,303,2.3078612227e-05
Author,men,1880,797,4.3534586754e-05
Author,men,1900,803,2.7046352092000004e-05
Author,men,1910,1260,3.2366697627e-05
Author,men,1920,3836,9.1358428623e-05
Author,men,1930,7581,0.000155570954638
Author,men,1940,11522,0.000221443728932
Author,men,1950,9927,0.000163431842821
Author,men,1960,20930,0.000240830757261
Author,men,1970,18231,0.000166856107671
Author,men,1980,28608,0.000222625433377
Author,men,1990,61985,0.000415656106878
Author,men,2000,89748,0.000533825505047
Author,women,1850,0,0.0
Author,women,1860,201,2.3830881835e-05
Author,women,1870,201,1.5309574447e-05
Author,women,1880,99,5.407683925000001e-06
Author,women,1900,1104,3.7184523922e-05
Author,women,1910,756,1.9420018576e-05
Author,women,1920,2924,6.9638176562e-05
Author,women,1930,5055,0.000103734490924
Author,women,1940,4047,7.778013981800001e-05
Author,women,1950,5669,9.333082673e-05
Author,women,1960,11349,0.000130587112477
Author,women,1970,12021,0.000110020145374
Author,women,1980,26476,0.000206034360112
Author,women,1990,63063,0.000422884908736
Author,women,2000,107058,0.000636786233892
Baggageman,men,1850,809,0.000149642947118
Baggageman,men,1860,1509,0.000178909456165
Baggageman,men,1870,2913,0.000221874578939
Baggageman,men,1880,5186,0.000283275240788
Baggageman,men,1900,7529,0.000253589022293
Baggageman,men,1910,12846,0.000329986188667
Baggageman,men,1920,11103,0.000264429779199
Baggageman,men,1930,7582,0.000155591475803
Baggageman,men,1940,5504,0.00010578252769
Baggageman,men,1950,7482,0.000123178910848
Baggageman,men,1960,6868,7.902654758e-05
Baggageman,men,1970,0,0.0
Baggageman,men,1980,0,0.0
Baggageman,men,1990,0,0.0
Baggageman,men,2000,0,0.0
Baggageman,women,1850,0,0.0
Baggageman,women,1860,0,0.0
Baggageman,women,1870,0,0.0
Baggageman,women,1880,0,0.0
Baggageman,women,1900,0,0.0
Baggageman,women,1910,251,6.44765167e-06
Baggageman,women,1920,101,2.405422651e-06
Baggageman,women,1930,0,0.0
Baggageman,women,1940,0,0.0
Baggageman,women,1950,381,6.2725427730000006e-06
Baggageman,women,1960,498,5.730230153e-06
Baggageman,women,1970,0,0.0
Baggageman,women,1980,0,0.0
Baggageman,women,1990,0,0.0
Baggageman,women,2000,0,0.0
Baker,men,1850,14557,0.002692648184437
Baker,men,1860,17661,0.002093916438257
Baker,men,1870,24323,0.001852610842271
Baker,men,1880,36718,0.002005649882617
Baker,men,1900,70477,0.002373780518549
Baker,men,1910,69276,0.001779551860979
Baker,men,1920,99297,0.002364863891302
Baker,men,1930,123866,0.002541874669198
Baker,men,1940,139541,0.002681867677397
Baker,men,1950,110668,0.001821967883691
Baker,men,1960,108960,0.001253746742053
Baker,men,1970,96872,0.000886604402519
Baker,men,1980,88978,0.00069242050514
Baker,men,1990,107471,0.000720673993099
Baker,men,2000,109810,0.000653155264844
Baker,women,1850,101,1.8682246797e-05
Baker,women,1860,401,4.7543202069e-05
Baker,women,1870,602,4.5852556306000005e-05
Baker,women,1880,897,4.8996893749e-05
Baker,women,1900,4121,0.000138802013663
Baker,women,1910,5036,0.000129364039088
Baker,women,1920,4643,0.000110577993769
Baker,women,1930,10112,0.000207510024178
Baker,women,1940,12300,0.000236396273725
Baker,women,1950,9889,0.000162806234881
Baker,women,1960,28685,0.000330063558147
Baker,women,1970,49583,0.000453799922476
Baker,women,1980,66119,0.000514533383301
Baker,women,1990,100474,0.000673753838549
Baker,women,2000,117400,0.000698300957041
Bank Teller,men,1850,404,7.4728987189e-05
Bank Teller,men,1860,1004,0.000119035847574
Bank Teller,men,1870,806,6.1390631865e-05
Bank Teller,men,1880,1396,7.6253805657e-05
Bank Teller,men,1900,5029,0.000169384937324
Bank Teller,men,1910,0,0.0
Bank Teller,men,1920,18875,0.000449528243031
Bank Teller,men,1930,33870,0.000695051870939
Bank Teller,men,1940,0,0.0
Bank Teller,men,1950,35493,0.000584334279971
Bank Teller,men,1960,45627,0.000525006448234
Bank Teller,men,1970,41973,0.000384150699757
Bank Teller,men,1980,55680,0.000433297823352
Bank Teller,men,1990,61846,0.000414724007194
Bank Teller,men,2000,53683,0.000319309116498
Bank Teller,women,1850,0,0.0
Bank Teller,women,1860,0,0.0
Bank Teller,women,1870,101,7.692870742000001e-06
Bank Teller,women,1880,0,0.0
Bank Teller,women,1900,101,3.401845032e-06
Bank Teller,women,1910,0,0.0
Bank Teller,women,1920,2222,5.2919298332000006e-05
Bank Teller,women,1930,6067,0.000124501910274
Bank Teller,women,1940,0,0.0
Bank Teller,women,1950,32017,0.000527107616765
Bank Teller,women,1960,146571,0.001686517196489
Bank Teller,women,1970,312725,0.002862162046595
Bank Teller,women,1980,583967,0.004544389906781
Bank Teller,women,1990,562920,0.003774802543902
Bank Teller,women,2000,474467,0.002822152982833
Barber / Beautician,men,1850,7685,0.001421515511259
Barber / Beautician,men,1860,8928,0.001058517975242
Barber / Beautician,men,1870,24425,0.00186037988005
Barber / Beautician,men,1880,43679,0.002385881072576
Barber / Beautician,men,1900,122105,0.004112695918065
Barber / Beautician,men,1910,177585,0.004561777776316
Barber / Beautician,men,1920,187113,0.004456295530512
Barber / Beautician,men,1930,275008,0.005643484644914
Barber / Beautician,men,1940,218924,0.004207546164973
Barber / Beautician,men,1950,199062,0.003277230733938
Barber / Beautician,men,1960,232886,0.002679699557359
Barber / Beautician,men,1970,227274,0.002080086392127
Barber / Beautician,men,1980,176025,0.001369814104805
Barber / Beautician,men,1990,162502,0.001089698292811
Barber / Beautician,men,2000,180813,0.001075484590677
Barber / Beautician,women,1850,202,3.7364493594e-05
Barber / Beautician,women,1860,100,1.1856160116e-05
Barber / Beautician,women,1870,1104,8.4088408907e-05
Barber / Beautician,women,1880,2990,0.000163322979166
Barber / Beautician,women,1900,7325,0.000246717968959
Barber / Beautician,women,1910,19898,0.00051113694396
Barber / Beautician,women,1920,32802,0.000781214592208
Barber / Beautician,women,1930,118798,0.002437873403124
Barber / Beautician,women,1940,222479,0.004275870453842
Barber / Beautician,women,1950,199372,0.003282334377665
Barber / Beautician,women,1960,382438,0.004400517589367
Barber / Beautician,women,1970,640008,0.005857563696914
Barber / Beautician,women,1980,636306,0.004951688304347
Barber / Beautician,women,1990,806487,0.005408102713039
Barber / Beautician,women,2000,912194,0.005425774644017
Bartender,men,1850,5660,0.00104694571161
Bartender,men,1860,9528,0.001129654935944
Bartender,men,1870,16476,0.001254928102506
Bartender,men,1880,25639,0.001400480890583
Bartender,men,1900,91055,0.003066881182748
Bartender,men,1910,110336,0.002834295197948
Bartender,men,1920,23312,0.000555200127234
Bartender,men,1930,1516,3.1110086694e-05
Bartender,men,1940,129349,0.002485985496761
Bartender,men,1950,207898,0.003422701043515
Bartender,men,1960,192736,0.002217714134328
Bartender,men,1970,189712,0.001736306615025
Bartender,men,1980,211294,0.001644274969242
Bartender,men,1990,194743,0.001305898479015
Bartender,men,2000,185678,0.001104421849246
Bartender,women,1850,0,0.0
Bartender,women,1860,0,0.0
Bartender,women,1870,0,0.0
Bartender,women,1880,100,5.462306995e-06
Bartender,women,1900,503,1.6941861895e-05
Bartender,women,1910,252,6.4733395250000005e-06
Bartender,women,1920,101,2.405422651e-06
Bartender,women,1930,0,0.0
Bartender,women,1940,6704,0.000128845578785
Bartender,women,1950,17293,0.000284701003114
Bartender,women,1960,32280,0.000371429376225
Bartender,women,1970,61604,0.00056382006785
Bartender,women,1980,192798,0.001500340404933
Bartender,women,1990,215718,0.001446551650617
Bartender,women,2000,232073,0.001380381584357
Bill Collector,men,1850,1212,0.000224186961567
Bill Collector,men,1860,2311,0.000273995860303
Bill Collector,men,1870,1908,0.000145326706699
Bill Collector,men,1880,3688,0.000201449881995
Bill Collector,men,1900,21211,0.000714421138512
Bill Collector,men,1910,31238,0.000802437222606
Bill Collector,men,1920,29573,0.000704312515559
Bill Collector,men,1930,36399,0.000746949898149
Bill Collector,men,1940,38109,0.000732424845156
Bill Collector,men,1950,18194,0.000299534496655
Bill Collector,men,1960,31184,0.000358818267292
Bill Collector,men,1970,40757,0.000373021467849
Bill Collector,men,1980,40434,0.000314654529264
Bill Collector,men,1990,61919,0.000415213527172
Bill Collector,men,2000,73893,0.000439519187552
Bill Collector,women,1850,0,0.0
Bill Collector,women,1860,0,0.0
Bill Collector,women,1870,0,0.0
Bill Collector,women,1880,100,5.462306995e-06
Bill Collector,women,1900,201,6.770008431e-06
Bill Collector,women,1910,2016,5.1786716203000005e-05
Bill Collector,women,1920,3228,7.687826058300001e-05
Bill Collector,women,1930,3538,7.260388306400001e-05
Bill Collector,women,1940,3309,6.359636339500001e-05
Bill Collector,women,1950,3874,6.377908321600001e-05
Bill Collector,women,1960,9255,0.000106492530265
Bill Collector,women,1970,30353,0.000277800638261
Bill Collector,women,1980,64010,0.00049812129441
Bill Collector,women,1990,125183,0.000839446292285
Bill Collector,women,2000,189733,0.001128541188095
Blacksmith,men,1850,96744,0.017895002813435
Blacksmith,men,1860,111164,0.013179781832426
Blacksmith,men,1870,133448,0.010164338760818
Blacksmith,men,1880,177847,0.009714549122335
Blacksmith,men,1900,220322,0.007420804963433
Blacksmith,men,1910,239044,0.00614052767273
Blacksmith,men,1920,202217,0.004816013389201
Blacksmith,men,1930,117282,0.00240676331643
Blacksmith,men,1940,90238,0.001734303003941
Blacksmith,men,1950,45402,0.000747469782189
Blacksmith,men,1960,29270,0.000336794852605
Blacksmith,men,1970,21935,0.000200756333814
Blacksmith,men,1980,0,0.0
Blacksmith,men,1990,0,0.0
Blacksmith,men,2000,0,0.0
Blacksmith,women,1850,101,1.8682246797e-05
Blacksmith,women,1860,503,5.9636485388000006e-05
Blacksmith,women,1870,201,1.5309574447e-05
Blacksmith,women,1880,0,0.0
Blacksmith,women,1900,200,6.736326797000001e-06
Blacksmith,women,1910,504,1.294667905e-05
Blacksmith,women,1920,707,1.6837958560000003e-05
Blacksmith,women,1930,0,0.0
Blacksmith,women,1940,303,5.823420401000001e-06
Blacksmith,women,1950,65,1.070118845e-06
Blacksmith,women,1960,99,1.139142138e-06
Blacksmith,women,1970,500,4.5761644360000005e-06
Blacksmith,women,1980,0,0.0
Blacksmith,women,1990,0,0.0
Blacksmith,women,2000,0,0.0
Blaster,men,1850,0,0.0
Blaster,men,1860,0,0.0
Blaster,men,1870,300,2.2850111116000003e-05
Blaster,men,1880,0,0.0
Blaster,men,1900,302,1.0171853464e-05
Blaster,men,1910,0,0.0
Blaster,men,1920,2320,5.525327278500001e-05
Blaster,men,1930,1011,2.0746898184e-05
Blaster,men,1940,6971,0.000133977107653
Blaster,men,1950,11950,0.00019673723398
Blaster,men,1960,8858,0.000101924455223
Blaster,men,1970,10522,9.6300804394e-05
Blaster,men,1980,12387,9.6394758223e-05
Blaster,men,1990,10256,6.8774203954e-05
Blaster,men,2000,11083,6.5922227486e-05
Blaster,women,1850,0,0.0
Blaster,women,1860,0,0.0
Blaster,women,1870,0,0.0
Blaster,women,1880,0,0.0
Blaster,women,1900,0,0.0
Blaster,women,1910,0,0.0
Blaster,women,1920,0,0.0
Blaster,women,1930,0,0.0
Blaster,women,1940,202,3.882280267000001e-06
Blaster,women,1950,0,0.0
Blaster,women,1960,100,1.150648625e-06
Blaster,women,1970,402,3.679236206e-06
Blaster,women,1980,541,4.21002375e-06
Blaster,women,1990,537,3.600989423e-06
Blaster,women,2000,1187,7.060334207000001e-06
Boarding House Keeper,men,1850,2124,0.000392882100964
Boarding House Keeper,men,1860,4819,0.000571348356036
Boarding House Keeper,men,1870,4924,0.000375046490455
Boarding House Keeper,men,1880,7586,0.00041437060868
Boarding House Keeper,men,1900,12564,0.000423176049421
Boarding House Keeper,men,1910,19149,0.00049189674037
Boarding House Keeper,men,1920,16353,0.000389464124943
Boarding House Keeper,men,1930,10617,0.000217873212688
Boarding House Keeper,men,1940,8844,0.000169974686571
Boarding House Keeper,men,1950,7385,0.000121581964263
Boarding House Keeper,men,1960,4282,4.927077413200001e-05
Boarding House Keeper,men,1970,2103,1.9247347618e-05
Boarding House Keeper,men,1980,0,0.0
Boarding House Keeper,men,1990,0,0.0
Boarding House Keeper,men,2000,0,0.0
Boarding House Keeper,women,1850,910,0.000168325193916
Boarding House Keeper,women,1860,9733,0.001153960064184
Boarding House Keeper,women,1870,9138,0.000696014384601
Boarding House Keeper,women,1880,16963,0.000926571135651
Boarding House Keeper,women,1900,78882,0.002656874652216
Boarding House Keeper,women,1910,141058,0.00362347748724
Boarding House Keeper,women,1920,110201,0.002624554273396
Boarding House Keeper,women,1930,81890,0.001680478231804
Boarding House Keeper,women,1940,55217,0.001061227076936
Boarding House Keeper,women,1950,21857,0.000359839809464
Boarding House Keeper,women,1960,38355,0.000441331280207
Boarding House Keeper,women,1970,10713,9.8048899209e-05
Boarding House Keeper,women,1980,0,0.0
Boarding House Keeper,women,1990,0,0.0
Boarding House Keeper,women,2000,0,0.0
Boatman,men,1850,28295,0.005233803694349
Boatman,men,1860,22671,0.002687910060117
Boatman,men,1870,19903,0.001515952538491
Boatman,men,1880,22846,0.001247918656198
Boatman,men,1900,8743,0.000294478525954
Boatman,men,1910,5291,0.000135914442179
Boatman,men,1920,5850,0.000139323985257
Boatman,men,1930,5561,0.000114118200599
Boatman,men,1940,12583,0.000241835309942
Boatman,men,1950,14891,0.000245155995916
Boatman,men,1960,8368,9.6286276959e-05
Boatman,men,1970,6510,5.9581660958000006e-05
Boatman,men,1980,0,0.0
Boatman,men,1990,0,0.0
Boatman,men,2000,0,0.0
Boatman,women,1850,304,5.6231713132e-05
Boatman,women,1860,200,2.3712320233e-05
Boatman,women,1870,202,1.5385741484000003e-05
Boatman,women,1880,300,1.6386920986e-05
Boatman,women,1900,0,0.0
Boatman,women,1910,0,0.0
Boatman,women,1920,0,0.0
Boatman,women,1930,0,0.0
Boatman,women,1940,1355,2.6042028528000003e-05
Boatman,women,1950,773,1.2726182582000002e-05
Boatman,women,1960,199,2.289790764e-06
Boatman,women,1970,100,9.152328872317398e-07
Boatman,women,1980,0,0.0
Boatman,women,1990,0,0.0
Boatman,women,2000,0,0.0
Boilermaker,men,1850,2020,0.000373644935945
Boilermaker,men,1860,3917,0.000464405791781
Boilermaker,men,1870,7332,0.000558456715681
Boilermaker,men,1880,10973,0.000599378946619
Boilermaker,men,1900,28436,0.000957770944073
Boilermaker,men,1910,39803,0.001022453702906
Boilermaker,men,1920,71945,0.001713446858009
Boilermaker,men,1930,55615,0.001141284611818
Boilermaker,men,1940,34322,0.000659641699741
Boilermaker,men,1950,38374,0.000631765239895
Boilermaker,men,1960,30978,0.000356447931124
Boilermaker,men,1970,35752,0.000327214061843
Boilermaker,men,1980,42092,0.000327556968041
Boilermaker,men,1990,28061,0.00018817013818
Boilermaker,men,2000,24467,0.000145530915808
Boilermaker,women,1850,0,0.0
Boilermaker,women,1860,0,0.0
Boilermaker,women,1870,0,0.0
Boilermaker,women,1880,0,0.0
Boilermaker,women,1900,100,3.368163398e-06
Boilermaker,women,1910,252,6.4733395250000005e-06
Boilermaker,women,1920,202,4.810845302e-06
Boilermaker,women,1930,0,0.0
Boilermaker,women,1940,303,5.823420401000001e-06
Boilermaker,women,1950,319,5.251814028000001e-06
Boilermaker,women,1960,99,1.139142138e-06
Boilermaker,women,1970,602,5.509701981e-06
Boilermaker,women,1980,761,5.922048196e-06
Boilermaker,women,1990,664,4.452620068000001e-06
Boilermaker,women,2000,810,4.8179197200000005e-06
Bookbinder,men,1850,3435,0.000635381363848
Bookbinder,men,1860,3410,0.000404295059988
Bookbinder,men,1870,5127,0.000390508398977
Bookbinder,men,1880,6884,0.000376025213572
Bookbinder,men,1900,13265,0.000446786874846
Bookbinder,men,1910,0,0.0
Bookbinder,men,1920,11605,0.000276385444258
Bookbinder,men,1930,11625,0.000238558547377
Bookbinder,men,1940,0,0.0
Bookbinder,men,1950,14948,0.000246094407827
Bookbinder,men,1960,14843,0.000170790775443
Bookbinder,men,1970,17835,0.000163231785437
Bookbinder,men,1980,14787,0.00011507138854
Bookbinder,men,1990,16648,0.00011163737787
Bookbinder,men,2000,29675,0.000176508355197
Bookbinder,women,1850,0,0.0
Bookbinder,women,1860,201,2.3830881835e-05
Bookbinder,women,1870,702,5.3469260012e-05
Bookbinder,women,1880,3490,0.000190634514143
Bookbinder,women,1900,12966,0.000436716066284
Bookbinder,women,1910,0,0.0
Bookbinder,women,1920,11707,0.000278814682976
Bookbinder,women,1930,8599,0.00017646150098
Bookbinder,women,1940,0,0.0
Bookbinder,women,1950,17486,0.000287878432918
Bookbinder,women,1960,24210,0.000278572032168
Bookbinder,women,1970,35459,0.000324532429483
Bookbinder,women,1980,23481,0.000182727481863
Bookbinder,women,1990,21119,0.00014161880005
Bookbinder,women,2000,34600,0.000205802496709
Bookkeeper,men,1850,2225,0.000411564347762
Bookkeeper,men,1860,16847,0.001997407294905
Bookkeeper,men,1870,30849,0.002349676926087
Bookkeeper,men,1880,62745,0.003427324524343
Bookkeeper,men,1900,158957,0.005353931493779
Bookkeeper,men,1910,294208,0.007557572520283
Bookkeeper,men,1920,244835,0.005831006483852
Bookkeeper,men,1930,234070,0.00480338917717
Bookkeeper,men,1940,454109,0.008727615891495
Bookkeeper,men,1950,177052,0.002914872029343
Bookkeeper,men,1960,170070,0.001956908116933
Bookkeeper,men,1970,337040,0.003084700923125
Bookkeeper,men,1980,226696,0.001764132244301
Bookkeeper,men,1990,239124,0.001603506508044
Bookkeeper,men,2000,220113,0.001309242917864
Bookkeeper,women,1850,0,0.0
Bookkeeper,women,1860,301,3.5687041952000005e-05
Bookkeeper,women,1870,1204,9.1705112613e-05
Bookkeeper,women,1880,2889,0.0001578060491
Bookkeeper,women,1900,57988,0.001953130591677
Bookkeeper,women,1910,190197,0.004885753006853
Bookkeeper,women,1920,283872,0.006760714246672
Bookkeeper,women,1930,385193,0.007904609250744
Bookkeeper,women,1940,475928,0.009146959818034
Bookkeeper,women,1950,595798,0.009808841048613
Bookkeeper,women,1960,1262258,0.014524154323888
Bookkeeper,women,1970,1840579,0.016845584323481
Bookkeeper,women,1980,2139251,0.016647500034201
Bookkeeper,women,1990,2111677,0.014160384622149
Bookkeeper,women,2000,1920224,0.011421586515625
Bootblack,men,1850,0,0.0
Bootblack,men,1860,202,2.3949443436e-05
Bootblack,men,1870,1206,9.1857446687e-05
Bootblack,men,1880,1896,0.000103565340635
Bootblack,men,1900,9535,0.000321154380072
Bootblack,men,1910,19394,0.000498190264909
Bootblack,men,1920,15242,0.000363004475777
Bootblack,men,1930,20226,0.000415061090688
Bootblack,men,1940,15029,0.000288845495758
Bootblack,men,1950,14807,0.000243773073099
Bootblack,men,1960,13752,0.000158237198941
Bootblack,men,1970,6012,5.5023801180000006e-05
Bootblack,men,1980,0,0.0
Bootblack,men,1990,0,0.0
Bootblack,men,2000,0,0.0
Bootblack,women,1850,0,0.0
Bootblack,women,1860,0,0.0
Bootblack,women,1870,0,0.0
Bootblack,women,1880,0,0.0
Bootblack,women,1900,0,0.0
Bootblack,women,1910,0,0.0
Bootblack,women,1920,201,4.787029237e-06
Bootblack,women,1930,0,0.0
Bootblack,women,1940,1503,2.8886471496000003e-05
Bootblack,women,1950,1787,2.9420036579e-05
Bootblack,women,1960,399,4.591088014000001e-06
Bootblack,women,1970,1002,9.17063353e-06
Bootblack,women,1980,0,0.0
Bootblack,women,1990,0,0.0
Bootblack,women,2000,0,0.0
Building Manager,men,1850,2125,0.000393067073705
Building Manager,men,1860,2909,0.000344895697802
Building Manager,men,1870,602,4.5852556306000005e-05
Building Manager,men,1880,1696,9.2640726644e-05
Building Manager,men,1900,68034,0.002291496286717
Building Manager,men,1910,0,0.0
Building Manager,men,1920,12514,0.000298034248121
Building Manager,men,1930,29320,0.000601680568524
Building Manager,men,1940,46583,0.000895288424306
Building Manager,men,1950,49271,0.000811166548572
Building Manager,men,1960,35767,0.000411552493786
Building Manager,men,1970,62713,0.000573970000569
Building Manager,men,1980,133459,0.001038568502276
Building Manager,men,1990,247337,0.001658580858383
Building Manager,men,2000,244612,0.001454964171242
Building Manager,women,1850,101,1.8682246797e-05
Building Manager,women,1860,0,0.0
Building Manager,women,1870,101,7.692870742000001e-06
Building Manager,women,1880,0,0.0
Building Manager,women,1900,20099,0.000676967161518
Building Manager,women,1910,0,0.0
Building Manager,women,1920,6156,0.000146611701409
Building Manager,women,1930,25781,0.000529056164295
Building Manager,women,1940,33714,0.000647956420519
Building Manager,women,1950,27306,0.000449548695486
Building Manager,women,1960,28494,0.000327865819273
Building Manager,women,1970,50878,0.000465652188365
Building Manager,women,1980,107540,0.000836868676783
Building Manager,women,1990,229483,0.001538856342255
Building Manager,women,2000,272713,0.001622110297254
Bus Driver,men,1850,3839,0.000710110351037
Bus Driver,men,1860,4514,0.000535187067679
Bus Driver,men,1870,6318,0.000481223340108
Bus Driver,men,1880,3990,0.000217946049121
Bus Driver,men,1900,4622,0.000155676512291
Bus Driver,men,1910,0,0.0
Bus Driver,men,1920,11098,0.000264310698869
Bus Driver,men,1930,39423,0.000809005902215
Bus Driver,men,1940,0,0.0
Bus Driver,men,1950,155103,0.002553517590127
Bus Driver,men,1960,181709,0.002090832110423
Bus Driver,men,1970,196639,0.001799704797123
Bus Driver,men,1980,246381,0.001917319522546
Bus Driver,men,1990,272749,0.00182898745656
Bus Driver,men,2000,317367,0.00188771447899
Bus Driver,women,1850,0,0.0
Bus Driver,women,1860,0,0.0
Bus Driver,women,1870,0,0.0
Bus Driver,women,1880,0,0.0
Bus Driver,women,1900,0,0.0
Bus Driver,women,1910,0,0.0
Bus Driver,women,1920,201,4.787029237e-06
Bus Driver,women,1930,0,0.0
Bus Driver,women,1940,0,0.0
Bus Driver,women,1950,5339,8.7897915666e-05
Bus Driver,women,1960,23108,0.000265891884318
Bus Driver,women,1970,83046,0.00076006430353
Bus Driver,women,1980,216409,0.001684079537605
Bus Driver,women,1990,251743,0.001688126406611
Bus Driver,women,2000,303925,0.001807760803823
Buyer - Farm,men,1850,404,7.4728987189e-05
Buyer - Farm,men,1860,4919,0.000583204516153
Buyer - Farm,men,1870,12366,0.000941881580213
Buyer - Farm,men,1880,23831,0.001301722380104
Buyer - Farm,men,1900,45443,0.001530594493302
Buyer - Farm,men,1910,0,0.0
Buyer - Farm,men,1920,60344,0.001437156678014
Buyer - Farm,men,1930,51566,0.001058194413252
Buyer - Farm,men,1940,38019,0.000730695116323
Buyer - Farm,men,1950,28490,0.000469041321848
Buyer - Farm,men,1960,21507,0.000247469999828
Buyer - Farm,men,1970,23538,0.000215427516996
Buyer - Farm,men,1980,20732,0.00016133495822
Buyer - Farm,men,1990,16759,0.000112381716466
Buyer - Farm,men,2000,12935,7.6938014304e-05
Buyer - Farm,women,1850,0,0.0
Buyer - Farm,women,1860,0,0.0
Buyer - Farm,women,1870,0,0.0
Buyer - Farm,women,1880,100,5.462306995e-06
Buyer - Farm,women,1900,505,1.7009225163000003e-05
Buyer - Farm,women,1910,0,0.0
Buyer - Farm,women,1920,403,9.597874539e-06
Buyer - Farm,women,1930,506,1.0383709675000002e-05
Buyer - Farm,women,1940,505,9.705700669e-06
Buyer - Farm,women,1950,166,2.7329188980000003e-06
Buyer - Farm,women,1960,597,6.8693722920000005e-06
Buyer - Farm,women,1970,1103,1.0095018746e-05
Buyer - Farm,women,1980,2223,1.7299228831e-05
Buyer - Farm,women,1990,3951,2.649443056e-05
Buyer - Farm,women,2000,3870,2.3018949776e-05
Buyer - Store,men,1850,0,0.0
Buyer - Store,men,1860,100,1.1856160116e-05
Buyer - Store,men,1870,0,0.0
Buyer - Store,men,1880,99,5.407683925000001e-06
Buyer - Store,men,1900,5429,0.000182857590919
Buyer - Store,men,1910,0,0.0
Buyer - Store,men,1920,33604,0.000800315077024
Buyer - Store,men,1930,42965,0.000881691869941
Buyer - Store,men,1940,53514,0.00102849676359
Buyer - Store,men,1950,102591,0.001688993269561
Buyer - Store,men,1960,195651,0.002251255541753
Buyer - Store,men,1970,544178,0.004980496021079
Buyer - Store,men,1980,700449,0.005450844595354
Buyer - Store,men,1990,560069,0.003755684441769
Buyer - Store,men,2000,825260,0.004908686948962
Buyer - Store,women,1850,0,0.0
Buyer - Store,women,1860,0,0.0
Buyer - Store,women,1870,0,0.0
Buyer - Store,women,1880,0,0.0
Buyer - Store,women,1900,604,2.0343706928000003e-05
Buyer - Store,women,1910,0,0.0
Buyer - Store,women,1920,7972,0.000189861677003
Buyer - Store,women,1930,10614,0.000217811649192
Buyer - Store,women,1940,19293,0.000370796203983
Buyer - Store,women,1950,35223,0.000579889170919
Buyer - Store,women,1960,75217,0.000865483376441
Buyer - Store,women,1970,150434,0.001376821441578
Buyer - Store,women,1980,232898,0.001812395769811
Buyer - Store,women,1990,359754,0.002412421506393
Buyer - Store,women,2000,735183,0.004372904535781
Cabinet Maker,men,1850,38303,0.007085010881946
Cabinet Maker,men,1860,35416,0.004198977667025
Cabinet Maker,men,1870,30948,0.002357217462755
Cabinet Maker,men,1880,36108,0.001972329809945
Cabinet Maker,men,1900,36590,0.001232410987609
Cabinet Maker,men,1910,40555,0.001041770970062
Cabinet Maker,men,1920,53790,0.001281066182393
Cabinet Maker,men,1930,61678,0.001265704437431
Cabinet Maker,men,1940,74244,0.00142691097126
Cabinet Maker,men,1950,70956,0.001168174658937
Cabinet Maker,men,1960,75927,0.00087365298168
Cabinet Maker,men,1970,82235,0.000752641764815
Cabinet Maker,men,1980,78786,0.000613107081728
Cabinet Maker,men,1990,75521,0.000506425181052
Cabinet Maker,men,2000,94810,0.000563934529277
Cabinet Maker,women,1850,101,1.8682246797e-05
Cabinet Maker,women,1860,500,5.9280800584e-05
Cabinet Maker,women,1870,100,7.616703705e-06
Cabinet Maker,women,1880,200,1.0924613991e-05
Cabinet Maker,women,1900,302,1.0171853464e-05
Cabinet Maker,women,1910,1008,2.5893358101e-05
Cabinet Maker,women,1920,504,1.2003297191e-05
Cabinet Maker,women,1930,506,1.0383709675000002e-05
Cabinet Maker,women,1940,4667,8.969604955100001e-05
Cabinet Maker,women,1950,559,9.203022074e-06
Cabinet Maker,women,1960,1395,1.6051548321e-05
Cabinet Maker,women,1970,6113,5.5948186396e-05
Cabinet Maker,women,1980,8669,6.746154509e-05
Cabinet Maker,women,1990,6140,4.117332413e-05
Cabinet Maker,women,2000,7648,4.5490679041e-05
Car Washer,men,1850,0,0.0
Car Washer,men,1860,0,0.0
Car Washer,men,1870,0,0.0
Car Washer,men,1880,0,0.0
Car Washer,men,1900,0,0.0
Car Washer,men,1910,0,0.0
Car Washer,men,1920,27553,0.00065620406253
Car Washer,men,1930,69245,0.001420988095754
Car Washer,men,1940,54742,0.001052097952544
Car Washer,men,1950,90099,0.001483332890743
Car Washer,men,1960,110112,0.001267002214216
Car Washer,men,1970,0,0.0
Car Washer,men,1980,0,0.0
Car Washer,men,1990,0,0.0
Car Washer,men,2000,0,0.0
Car Washer,women,1850,0,0.0
Car Washer,women,1860,0,0.0
Car Washer,women,1870,0,0.0
Car Washer,women,1880,0,0.0
Car Washer,women,1900,0,0.0
Car Washer,women,1910,0,0.0
Car Washer,women,1920,101,2.405422651e-06
Car Washer,women,1930,506,1.0383709675000002e-05
Car Washer,women,1940,482,9.263658856e-06
Car Washer,women,1950,8613,0.000141798978767
Car Washer,women,1960,5875,6.7600606732e-05
Car Washer,women,1970,0,0.0
Car Washer,women,1980,0,0.0
Car Washer,women,1990,0,0.0
Car Washer,women,2000,0,0.0
Carpenter,men,1850,219647,0.040628707547368
Carpenter,men,1860,273528,0.03242991764474
Carpenter,men,1870,352340,0.026836693835702
Carpenter,men,1880,387029,0.021140712141719
Carpenter,men,1900,600594,0.020228987283195
Carpenter,men,1910,816886,0.020984049331779
Carpenter,men,1920,840929,0.020027620444215
Carpenter,men,1930,852292,0.017490025071938
Carpenter,men,1940,741073,0.014242837053566
Carpenter,men,1950,973660,0.016029721777167
Carpenter,men,1960,1100617,0.012664234379576
Carpenter,men,1970,1111775,0.01017533043202
Carpenter,men,1980,1531584,0.01191867840304
Carpenter,men,1990,1604105,0.010756732101696
Carpenter,men,2000,1712796,0.010187794599805
Carpenter,women,1850,707,0.000130775727581
Carpenter,women,1860,804,9.532352734e-05
Carpenter,women,1870,302,2.300244519e-05
Carpenter,women,1880,798,4.3589209824e-05
Carpenter,women,1900,1103,3.7150842288e-05
Carpenter,women,1910,2519,6.4707707399e-05
Carpenter,women,1920,3129,7.452047006300001e-05
Carpenter,women,1930,506,1.0383709675000002e-05
Carpenter,women,1940,1903,3.6574155195000005e-05
Carpenter,women,1950,5723,9.4219848541e-05
Carpenter,women,1960,3792,4.3632595868e-05
Carpenter,women,1970,15824,0.000144826452075
Carpenter,women,1980,28434,0.000221271377679
Carpenter,women,1990,31003,0.000207898463846
Carpenter,women,2000,35826,0.000213094804829
Cashier,men,1850,101,1.8682246797e-05
Cashier,men,1860,600,7.1136960701e-05
Cashier,men,1870,604,4.600489038e-05
Cashier,men,1880,2495,0.000136284559538
Cashier,men,1900,12054,0.000405998416087
Cashier,men,1910,0,0.0
Cashier,men,1920,27251,0.000649011610641
Cashier,men,1930,32354,0.000663941784244
Cashier,men,1940,0,0.0
Cashier,men,1950,47193,0.000776955672236
Cashier,men,1960,131521,0.001513344578392
Cashier,men,1970,185135,0.001694416405776
Cashier,men,1980,390848,0.003041551502543
Cashier,men,1990,766005,0.005136640415409
Cashier,men,2000,976286,0.00580699700295
Cashier,women,1850,0,0.0
Cashier,women,1860,0,0.0
Cashier,women,1870,101,7.692870742000001e-06
Cashier,women,1880,599,3.2719218903000005e-05
Cashier,women,1900,13373,0.000450424491317
Cashier,women,1910,0,0.0
Cashier,women,1920,57119,0.001360349865628
Cashier,women,1930,79874,0.001639107562427
Cashier,women,1940,0,0.0
Cashier,women,1950,197824,0.003256849085765
Cashier,women,1960,710621,0.008176750767114
Cashier,women,1970,1236998,0.011321412510398
Cashier,women,1980,2318015,0.018038628843356
Cashier,women,1990,3286285,0.022037015877902
Cashier,women,2000,3347118,0.019908821999416
Cement / Concrete Finisher,men,1850,102,1.8867219537000003e-05
Cement / Concrete Finisher,men,1860,101,1.1974721718e-05
Cement / Concrete Finisher,men,1870,0,0.0
Cement / Concrete Finisher,men,1880,499,2.7256911907000003e-05
Cement / Concrete Finisher,men,1900,502,1.6908180261000003e-05
Cement / Concrete Finisher,men,1910,0,0.0
Cement / Concrete Finisher,men,1920,7972,0.000189861677003
Cement / Concrete Finisher,men,1930,20726,0.000425321673371
Cement / Concrete Finisher,men,1940,30773,0.000591432726127
Cement / Concrete Finisher,men,1950,36637,0.000603168371659
Cement / Concrete Finisher,men,1960,54904,0.000631752121197
Cement / Concrete Finisher,men,1970,88343,0.000808544189567
Cement / Concrete Finisher,men,1980,85759,0.000667370474728
Cement / Concrete Finisher,men,1990,88695,0.000594766772599
Cement / Concrete Finisher,men,2000,116125,0.000690717194518
Cement / Concrete Finisher,women,1850,0,0.0
Cement / Concrete Finisher,women,1860,0,0.0
Cement / Concrete Finisher,women,1870,0,0.0
Cement / Concrete Finisher,women,1880,0,0.0
Cement / Concrete Finisher,women,1900,0,0.0
Cement / Concrete Finisher,women,1910,0,0.0
Cement / Concrete Finisher,women,1920,0,0.0
Cement / Concrete Finisher,women,1930,0,0.0
Cement / Concrete Finisher,women,1940,101,1.941140133e-06
Cement / Concrete Finisher,women,1950,175,2.8810892e-06
Cement / Concrete Finisher,women,1960,299,3.440439389e-06
Cement / Concrete Finisher,women,1970,1201,1.0991946975e-05
Cement / Concrete Finisher,women,1980,1180,9.182676572e-06
Cement / Concrete Finisher,women,1990,1386,9.294173818e-06
Cement / Concrete Finisher,women,2000,1620,9.635839441e-06
Chainman,men,1850,0,0.0
Chainman,men,1860,0,0.0
Chainman,men,1870,0,0.0
Chainman,men,1880,0,0.0
Chainman,men,1900,302,1.0171853464e-05
Chainman,men,1910,0,0.0
Chainman,men,1920,2020,4.8108453029e-05
Chainman,men,1930,3536,7.256284073300001e-05
Chainman,men,1940,13526,0.000259959024261
Chainman,men,1950,12715,0.000209331709628
Chainman,men,1960,14249,0.000163955922609
Chainman,men,1970,16531,0.000151297148588
Chainman,men,1980,13886,0.000108059870241
Chainman,men,1990,5411,3.6284830109000005e-05
Chainman,men,2000,0,0.0
Chainman,women,1850,0,0.0
Chainman,women,1860,0,0.0
Chainman,women,1870,0,0.0
Chainman,women,1880,0,0.0
Chainman,women,1900,0,0.0
Chainman,women,1910,0,0.0
Chainman,women,1920,0,0.0
Chainman,women,1930,0,0.0
Chainman,women,1940,0,0.0
Chainman,women,1950,929,1.5294467813e-05
Chainman,women,1960,499,5.741736639e-06
Chainman,women,1970,602,5.509701981e-06
Chainman,women,1980,1021,7.945349813000001e-06
Chainman,women,1990,759,5.089666614000001e-06
Chainman,women,2000,0,0.0
Charwoman,men,1850,0,0.0
Charwoman,men,1860,0,0.0
Charwoman,men,1870,302,2.300244519e-05
Charwoman,men,1880,600,3.2773841973e-05
Charwoman,men,1900,3520,0.000118559351636
Charwoman,men,1910,10579,0.000271751820793
Charwoman,men,1920,16448,0.000391726651199
Charwoman,men,1930,24774,0.000508391350772
Charwoman,men,1940,37062,0.000712302333075
Charwoman,men,1950,50778,0.00083597684243
Charwoman,men,1960,74484,0.000857049122018
Charwoman,men,1970,275355,0.002520139516636
Charwoman,men,1980,204143,0.001588626392827
Charwoman,men,1990,166599,0.001117171763326
Charwoman,men,2000,198452,0.001180402227656
Charwoman,women,1850,0,0.0
Charwoman,women,1860,400,4.7424640467e-05
Charwoman,women,1870,100,7.616703705e-06
Charwoman,women,1880,100,5.462306995e-06
Charwoman,women,1900,4524,0.00015237571216
Charwoman,women,1910,25945,0.000666471404716
Charwoman,women,1920,18771,0.000447051372182
Charwoman,women,1930,29825,0.000612043757034
Charwoman,women,1940,43528,0.00083657374006
Charwoman,women,1950,76814,0.001264617062004
Charwoman,women,1960,206218,0.002372844581982
Charwoman,women,1970,406102,0.003716779059705
Charwoman,women,1980,766315,0.005963409150543
Charwoman,women,1990,820584,0.005502633714712
Charwoman,women,2000,1538658,0.009152013236455
Chemist,men,1850,809,0.000149642947118
Chemist,men,1860,301,3.5687041952000005e-05
Chemist,men,1870,1104,8.4088408907e-05
Chemist,men,1880,2594,0.000141692243463
Chemist,men,1900,8036,0.000270665610724
Chemist,men,1910,15115,0.000388271932252
Chemist,men,1920,31894,0.000759589604411
Chemist,men,1930,37922,0.000778203633001
Chemist,men,1940,56420,0.001084347785659
Chemist,men,1950,71535,0.001177706948349
Chemist,men,1960,81301,0.0009354888388
Chemist,men,1970,104054,0.00095233642848
Chemist,men,1980,88543,0.000689035365895
Chemist,men,1990,114710,0.000769216939904
Chemist,men,2000,79842,0.000474904131278
Chemist,women,1850,0,0.0
Chemist,women,1860,0,0.0
Chemist,women,1870,0,0.0
Chemist,women,1880,0,0.0
Chemist,women,1900,404,1.3607380131e-05
Chemist,women,1910,252,6.4733395250000005e-06
Chemist,women,1920,1414,3.3675917120000005e-05
Chemist,women,1930,505,1.0363188509e-05
Chemist,women,1940,1908,3.6670251241e-05
Chemist,women,1950,7798,0.000128381334776
Chemist,women,1960,13145,0.000151252761786
Chemist,women,1970,19839,0.000181573052497
Chemist,women,1980,23895,0.000185949200592
Chemist,women,1990,42610,0.00028573214026
Chemist,women,2000,39726,0.000236292196076
Chiropractor,men,1850,0,0.0
Chiropractor,men,1860,0,0.0
Chiropractor,men,1870,0,0.0
Chiropractor,men,1880,0,0.0
Chiropractor,men,1900,100,3.368163398e-06
Chiropractor,men,1910,0,0.0
Chiropractor,men,1920,3837,9.1382244689e-05
Chiropractor,men,1930,9605,0.000197105793338
Chiropractor,men,1940,9091,0.000174721831255
Chiropractor,men,1950,12017,0.000197840279559
Chiropractor,men,1960,13641,0.000156959978967
Chiropractor,men,1970,14624,0.000133843657428
Chiropractor,men,1980,20496,0.000159498422906
Chiropractor,men,1990,33741,0.000226258815877
Chiropractor,men,2000,46698,0.000277761993968
Chiropractor,women,1850,0,0.0
Chiropractor,women,1860,0,0.0
Chiropractor,women,1870,0,0.0
Chiropractor,women,1880,0,0.0
Chiropractor,women,1900,0,0.0
Chiropractor,women,1910,0,0.0
Chiropractor,women,1920,1717,4.0892185074e-05
Chiropractor,women,1930,1011,2.0746898184e-05
Chiropractor,women,1940,1818,3.4940522409000005e-05
Chiropractor,women,1950,1932,3.1807224774e-05
Chiropractor,women,1960,1990,2.2897907642e-05
Chiropractor,women,1970,2205,2.0180885163e-05
Chiropractor,women,1980,3324,2.5867132988e-05
Chiropractor,women,1990,15502,0.000103952584799
Chiropractor,women,2000,19954,0.0001186873705
Clergyman,men,1850,29414,0.005440788191044
Clergyman,men,1860,35220,0.004175739593196
Clergyman,men,1870,45907,0.00349660017005
Clergyman,men,1880,68499,0.003741625668866
Clergyman,men,1900,108124,0.003641792993283
Clergyman,men,1910,122668,0.003151077829012
Clergyman,men,1920,129169,0.003076297410552
Clergyman,men,1930,136996,0.002811317570451
Clergyman,men,1940,133751,0.002570588455862
Clergyman,men,1950,168400,0.002772430979268
Clergyman,men,1960,212391,0.002443874121617
Clergyman,men,1970,230171,0.00210660068887
Clergyman,men,1980,291038,0.002264837139238
Clergyman,men,1990,321137,0.002153465438323
Clergyman,men,2000,379579,0.002257754505731
Clergyman,women,1850,101,1.8682246797e-05
Clergyman,women,1860,300,3.5568480350000006e-05
Clergyman,women,1870,201,1.5309574447e-05
Clergyman,women,1880,898,4.9051516819000006e-05
Clergyman,women,1900,1207,4.0653732223000005e-05
Clergyman,women,1910,2267,5.8234367874000005e-05
Clergyman,women,1920,2424,5.7730143634e-05
Clergyman,women,1930,2529,5.189802721e-05
Clergyman,women,1940,4020,7.7261221168e-05
Clergyman,women,1950,8045,0.00013244778639
Clergyman,women,1960,7764,8.9336359263e-05
Clergyman,women,1970,8308,7.6037548271e-05
Clergyman,women,1980,19574,0.000152323484093
Clergyman,women,1990,40106,0.000268940934459
Clergyman,women,2000,69192,0.000411557409025
Clerical Worker,men,1850,2929,0.000541785157121
Clerical Worker,men,1860,8431,0.000999592859461
Clerical Worker,men,1870,62494,0.004759982813669
Clerical Worker,men,1880,98934,0.005404078802955
Clerical Worker,men,1900,245106,0.008255570580183
Clerical Worker,men,1910,525693,0.013503925695104
Clerical Worker,men,1920,850683,0.020259922350575
Clerical Worker,men,1930,1078763,0.022137473913494
Clerical Worker,men,1940,1329366,0.025549363318528
Clerical Worker,men,1950,1584096,0.02607955358988
Clerical Worker,men,1960,2030615,0.023365243581267
Clerical Worker,men,1970,2474020,0.02264304467669
Clerical Worker,men,1980,2718238,0.021153135933075
Clerical Worker,men,1990,2983145,0.020004233878402
Clerical Worker,men,2000,3739906,0.022245144284888
Clerical Worker,women,1850,0,0.0
Clerical Worker,women,1860,100,1.1856160116e-05
Clerical Worker,women,1870,2308,0.000175793521521
Clerical Worker,women,1880,4788,0.000261535258945
Clerical Worker,women,1900,38400,0.001293374745126
Clerical Worker,women,1910,121157,0.003112263479714
Clerical Worker,women,1920,417539,0.009944136321446
Clerical Worker,women,1930,494402,0.010145705199176
Clerical Worker,women,1940,745669,0.014331168539261
Clerical Worker,women,1950,1539068,0.025338241106896
Clerical Worker,women,1960,3761404,0.043280543415445
Clerical Worker,women,1970,5105863,0.046730537352997
Clerical Worker,women,1980,6374822,0.049608414095881
Clerical Worker,women,1990,7560092,0.050696110484149
Clerical Worker,women,2000,9244984,0.054989618185988
College President / Dean,men,1850,101,1.8682246797e-05
College President / Dean,men,1860,101,1.1974721718e-05
College President / Dean,men,1870,101,7.692870742000001e-06
College President / Dean,men,1880,398,2.1739981842000003e-05
College President / Dean,men,1900,201,6.770008431e-06
College President / Dean,men,1910,0,0.0
College President / Dean,men,1920,505,1.2027113257e-05
College President / Dean,men,1930,1011,2.0746898184e-05
College President / Dean,men,1940,0,0.0
College President / Dean,men,1950,4142,6.8191265535e-05
College President / Dean,men,1960,6378,7.3388369317e-05
College President / Dean,men,1970,34354,0.000314419106079
College President / Dean,men,1980,0,0.0
College President / Dean,men,1990,0,0.0
College President / Dean,men,2000,0,0.0
College President / Dean,women,1850,0,0.0
College President / Dean,women,1860,101,1.1974721718e-05
College President / Dean,women,1870,100,7.616703705e-06
College President / Dean,women,1880,0,0.0
College President / Dean,women,1900,0,0.0
College President / Dean,women,1910,0,0.0
College President / Dean,women,1920,404,9.621690605e-06
College President / Dean,women,1930,0,0.0
College President / Dean,women,1940,0,0.0
College President / Dean,women,1950,1526,2.5123097828000004e-05
College President / Dean,women,1960,1496,1.7213703433000003e-05
College President / Dean,women,1970,15025,0.000137513741306
College President / Dean,women,1980,0,0.0
College President / Dean,women,1990,0,0.0
College President / Dean,women,2000,0,0.0
Constable,men,1850,3439,0.00063612125481
Constable,men,1860,4715,0.000559017949515
Constable,men,1870,4019,0.000306115321921
Constable,men,1880,5686,0.000310586775765
Constable,men,1900,8545,0.000287809562424
Constable,men,1910,9825,0.000252383177927
Constable,men,1920,5449,0.000129773742849
Constable,men,1930,9099,0.000186722083663
Constable,men,1940,10729,0.000206202896
Constable,men,1950,7493,0.000123360007883
Constable,men,1960,8368,9.6286276959e-05
Constable,men,1970,5110,4.6768400537e-05
Constable,men,1980,0,0.0
Constable,men,1990,0,0.0
Constable,men,2000,0,0.0
Constable,women,1850,0,0.0
Constable,women,1860,0,0.0
Constable,women,1870,0,0.0
Constable,women,1880,0,0.0
Constable,women,1900,0,0.0
Constable,women,1910,0,0.0
Constable,women,1920,202,4.810845302e-06
Constable,women,1930,0,0.0
Constable,women,1940,0,0.0
Constable,women,1950,164,2.6999921650000003e-06
Constable,women,1960,696,8.008514431000001e-06
Constable,women,1970,200,1.830465774e-06
Constable,women,1980,0,0.0
Constable,women,1990,0,0.0
Constable,women,2000,0,0.0
Cook,men,1850,0,0.0
Cook,men,1860,6928,0.000821394772903
Cook,men,1870,16086,0.001225222958055
Cook,men,1880,5690,0.000310805268045
Cook,men,1900,68137,0.002294965495018
Cook,men,1910,0,0.0
Cook,men,1920,107994,0.002571992216052
Cook,men,1930,170873,0.003506513089548
Cook,men,1940,205345,0.003946568522621
Cook,men,1950,230222,0.003790229245304
Cook,men,1960,259815,0.002989557725648
Cook,men,1970,433899,0.003971186345369
Cook,men,1980,906926,0.007057634011164
Cook,men,1990,1481390,0.0099338356081
Cook,men,2000,2100285,0.012492598173426
Cook,women,1850,0,0.0
Cook,women,1860,8032,0.000952286780594
Cook,women,1870,37994,0.00289389040584
Cook,women,1880,4787,0.000261480635875
Cook,women,1900,204394,0.006884323897277
Cook,women,1910,0,0.0
Cook,women,1920,73046,0.001739668346516
Cook,women,1930,104637,0.00214727318038
Cook,women,1940,143807,0.00276385682404
Cook,women,1950,254588,0.004191375642221
Cook,women,1960,600691,0.006911842733396
Cook,women,1970,867535,0.007939965628245
Cook,women,1980,1375041,0.010700471844831
Cook,women,1990,1609016,0.010789664055247
Cook,women,2000,2289731,0.013619432271448
Counter Worker,men,1850,0,0.0
Counter Worker,men,1860,0,0.0
Counter Worker,men,1870,0,0.0
Counter Worker,men,1880,0,0.0
Counter Worker,men,1900,502,1.6908180261000003e-05
Counter Worker,men,1910,0,0.0
Counter Worker,men,1920,6865,0.000163497292101
Counter Worker,men,1930,16175,0.000331929849791
Counter Worker,men,1940,0,0.0
Counter Worker,men,1950,51488,0.000847665832901
Counter Worker,men,1960,56092,0.000645421826865
Counter Worker,men,1970,64511,0.000590425887882
Counter Worker,men,1980,56640,0.000440768475479
Counter Worker,men,1990,93128,0.000624493376161
Counter Worker,men,2000,95273,0.000566688475981
Counter Worker,women,1850,0,0.0
Counter Worker,women,1860,0,0.0
Counter Worker,women,1870,0,0.0
Counter Worker,women,1880,0,0.0
Counter Worker,women,1900,100,3.368163398e-06
Counter Worker,women,1910,0,0.0
Counter Worker,women,1920,1313,3.1270494468e-05
Counter Worker,women,1930,7082,0.00014533089312
Counter Worker,women,1940,0,0.0
Counter Worker,women,1950,49079,0.000808005582135
Counter Worker,women,1960,210897,0.002426683431156
Counter Worker,women,1970,217777,0.001993166724826
Counter Worker,women,1980,270330,0.002103688947321
Counter Worker,women,1990,256746,0.001721675289449
Counter Worker,women,2000,208388,0.001239502042896
Craftsman,men,1850,47904,0.008860934164132
Craftsman,men,1860,78049,0.009253614409692
Craftsman,men,1870,91556,0.006973549244541
Craftsman,men,1880,61142,0.003339763743205
Craftsman,men,1900,108845,0.003666077451388
Craftsman,men,1910,43321,0.00111282357771
Craftsman,men,1920,75069,0.001787848247743
Craftsman,men,1930,49544,0.001016700616882
Craftsman,men,1940,0,0.0
Craftsman,men,1950,78662,0.001295041363962
Craftsman,men,1960,122735,0.001412248590179
Craftsman,men,1970,904916,0.008282088833821
Craftsman,men,1980,0,0.0
Craftsman,men,1990,0,0.0
Craftsman,men,2000,0,0.0
Craftsman,women,1850,202,3.7364493594e-05
Craftsman,women,1860,501,5.939936218600001e-05
Craftsman,women,1870,101,7.692870742000001e-06
Craftsman,women,1880,200,1.0924613991e-05
Craftsman,women,1900,2211,7.4470092746e-05
Craftsman,women,1910,756,1.9420018576e-05
Craftsman,women,1920,1110,2.64358331e-05
Craftsman,women,1930,1011,2.0746898184e-05
Craftsman,women,1940,0,0.0
Craftsman,women,1950,619,1.0190824086e-05
Craftsman,women,1960,2789,3.2091590157000005e-05
Craftsman,women,1970,62514,0.000572148687124
Craftsman,women,1980,0,0.0
Craftsman,women,1990,0,0.0
Craftsman,women,2000,0,0.0
Cranemen / Hoistmen,men,1850,0,0.0
Cranemen / Hoistmen,men,1860,0,0.0
Cranemen / Hoistmen,men,1870,0,0.0
Cranemen / Hoistmen,men,1880,0,0.0
Cranemen / Hoistmen,men,1900,2717,9.1512999544e-05
Cranemen / Hoistmen,men,1910,0,0.0
Cranemen / Hoistmen,men,1920,30474,0.000725770790895
Cranemen / Hoistmen,men,1930,51565,0.001058173892086
Cranemen / Hoistmen,men,1940,123466,0.002372918888767
Cranemen / Hoistmen,men,1950,109222,0.001798161855212
Cranemen / Hoistmen,men,1960,144028,0.00165725620195
Cranemen / Hoistmen,men,1970,173610,0.001588935815523
Cranemen / Hoistmen,men,1980,182572,0.001420762395924
Cranemen / Hoistmen,men,1990,120046,0.00080499883853
Cranemen / Hoistmen,men,2000,97514,0.000580018053875
Cranemen / Hoistmen,women,1850,0,0.0
Cranemen / Hoistmen,women,1860,0,0.0
Cranemen / Hoistmen,women,1870,0,0.0
Cranemen / Hoistmen,women,1880,0,0.0
Cranemen / Hoistmen,women,1900,0,0.0
Cranemen / Hoistmen,women,1910,0,0.0
Cranemen / Hoistmen,women,1920,202,4.810845302e-06
Cranemen / Hoistmen,women,1930,0,0.0
Cranemen / Hoistmen,women,1940,583,1.120479899e-05
Cranemen / Hoistmen,women,1950,1405,2.3131030438000003e-05
Cranemen / Hoistmen,women,1960,1097,1.2622615418000002e-05
Cranemen / Hoistmen,women,1970,2404,2.2002198609e-05
Cranemen / Hoistmen,women,1980,4400,3.4240488914e-05
Cranemen / Hoistmen,women,1990,3169,2.1250531623e-05
Cranemen / Hoistmen,women,2000,3609,2.1466508977000003e-05
Creditor,men,1850,0,0.0
Creditor,men,1860,0,0.0
Creditor,men,1870,0,0.0
Creditor,men,1880,0,0.0
Creditor,men,1900,201,6.770008431e-06
Creditor,men,1910,0,0.0
Creditor,men,1920,8582,0.000204389477176
Creditor,men,1930,18198,0.000373444167326
Creditor,men,1940,28019,0.000538503023863
Creditor,men,1950,27992,0.000460842565152
Creditor,men,1960,41142,0.000473399857393
Creditor,men,1970,46190,0.000422746070612
Creditor,men,1980,0,0.0
Creditor,men,1990,0,0.0
Creditor,men,2000,0,0.0
Creditor,women,1850,0,0.0
Creditor,women,1860,0,0.0
Creditor,women,1870,0,0.0
Creditor,women,1880,0,0.0
Creditor,women,1900,0,0.0
Creditor,women,1910,0,0.0
Creditor,women,1920,403,9.597874539e-06
Creditor,women,1930,2529,5.189802721e-05
Creditor,women,1940,4308,8.2796353431e-05
Creditor,women,1950,8548,0.000140728859921
Creditor,women,1960,17638,0.000202951404518
Creditor,women,1970,22537,0.000206266035795
Creditor,women,1980,0,0.0
Creditor,women,1990,0,0.0
Creditor,women,2000,0,0.0
Crossing Guard / Toll Collector,men,1850,1818,0.000336280442351
Crossing Guard / Toll Collector,men,1860,1604,0.000190172808276
Crossing Guard / Toll Collector,men,1870,2313,0.000176174356706
Crossing Guard / Toll Collector,men,1880,4192,0.000228979909252
Crossing Guard / Toll Collector,men,1900,4725,0.000159145720591
Crossing Guard / Toll Collector,men,1910,0,0.0
Crossing Guard / Toll Collector,men,1920,9889,0.000235517075249
Crossing Guard / Toll Collector,men,1930,10114,0.000207551066509
Crossing Guard / Toll Collector,men,1940,17110,0.000328840670199
Crossing Guard / Toll Collector,men,1950,12586,0.000207207935303
Crossing Guard / Toll Collector,men,1960,20520,0.000236113097897
Crossing Guard / Toll Collector,men,1970,22533,0.000206229426479
Crossing Guard / Toll Collector,men,1980,22733,0.000176906598747
Crossing Guard / Toll Collector,men,1990,23485,0.000157484611922
Crossing Guard / Toll Collector,men,2000,0,0.0
Crossing Guard / Toll Collector,women,1850,0,0.0
Crossing Guard / Toll Collector,women,1860,402,4.766176367e-05
Crossing Guard / Toll Collector,women,1870,300,2.2850111116000003e-05
Crossing Guard / Toll Collector,women,1880,697,3.8072279758e-05
Crossing Guard / Toll Collector,women,1900,202,6.8036900650000005e-06
Crossing Guard / Toll Collector,women,1910,0,0.0
Crossing Guard / Toll Collector,women,1920,202,4.810845302e-06
Crossing Guard / Toll Collector,women,1930,0,0.0
Crossing Guard / Toll Collector,women,1940,0,0.0
Crossing Guard / Toll Collector,women,1950,229,3.770111011e-06
Crossing Guard / Toll Collector,women,1960,14536,0.000167258284163
Crossing Guard / Toll Collector,women,1970,31948,0.000292398602812
Crossing Guard / Toll Collector,women,1980,42251,0.000328794294799
Crossing Guard / Toll Collector,women,1990,42603,0.000285685199989
Crossing Guard / Toll Collector,women,2000,0,0.0
Dancer / Dance Teacher,men,1850,102,1.8867219537000003e-05
Dancer / Dance Teacher,men,1860,300,3.5568480350000006e-05
Dancer / Dance Teacher,men,1870,201,1.5309574447e-05
Dancer / Dance Teacher,men,1880,100,5.462306995e-06
Dancer / Dance Teacher,men,1900,401,1.3506335229e-05
Dancer / Dance Teacher,men,1910,0,0.0
Dancer / Dance Teacher,men,1920,1313,3.1270494468e-05
Dancer / Dance Teacher,men,1930,2021,4.1473275204e-05
Dancer / Dance Teacher,men,1940,3362,6.4614981485e-05
Dancer / Dance Teacher,men,1950,3270,5.383520963300001e-05
Dancer / Dance Teacher,men,1960,5981,6.8820294275e-05
Dancer / Dance Teacher,men,1970,1901,1.7398577186000002e-05
Dancer / Dance Teacher,men,1980,3925,3.0544072497000005e-05
Dancer / Dance Teacher,men,1990,6107,4.0952034277e-05
Dancer / Dance Teacher,men,2000,4794,2.8514947087000003e-05
Dancer / Dance Teacher,women,1850,0,0.0
Dancer / Dance Teacher,women,1860,100,1.1856160116e-05
Dancer / Dance Teacher,women,1870,0,0.0
Dancer / Dance Teacher,women,1880,0,0.0
Dancer / Dance Teacher,women,1900,501,1.6874498627000002e-05
Dancer / Dance Teacher,women,1910,0,0.0
Dancer / Dance Teacher,women,1920,2825,6.728038604300001e-05
Dancer / Dance Teacher,women,1930,11122,0.000228236401198
Dancer / Dance Teacher,women,1940,11905,0.000228804686073
Dancer / Dance Teacher,women,1950,12049,0.000198367107299
Dancer / Dance Teacher,women,1960,28201,0.000324494418801
Dancer / Dance Teacher,women,1970,10013,9.1642268998e-05
Dancer / Dance Teacher,women,1980,13749,0.000106993745928
Dancer / Dance Teacher,women,1990,21996,0.000147499745533
Dancer / Dance Teacher,women,2000,29546,0.000175741056871
Decorator,men,1850,0,0.0
Decorator,men,1860,0,0.0
Decorator,men,1870,101,7.692870742000001e-06
Decorator,men,1880,0,0.0
Decorator,men,1900,1812,6.1031120785e-05
Decorator,men,1910,5292,0.000135940130035
Decorator,men,1920,7571,0.000180311434595
Decorator,men,1930,20224,0.000415020048357
Decorator,men,1940,27711,0.000532583507416
Decorator,men,1950,30892,0.000508586329047
Decorator,men,1960,29889,0.000343917367595
Decorator,men,1970,36665,0.000335570138103
Decorator,men,1980,0,0.0
Decorator,men,1990,0,0.0
Decorator,men,2000,0,0.0
Decorator,women,1850,0,0.0
Decorator,women,1860,0,0.0
Decorator,women,1870,0,0.0
Decorator,women,1880,0,0.0
Decorator,women,1900,100,3.368163398e-06
Decorator,women,1910,504,1.294667905e-05
Decorator,women,1920,705,1.6790326428e-05
Decorator,women,1930,4548,9.3330260083e-05
Decorator,women,1940,6321,0.000121484621644
Decorator,women,1950,11781,0.00019395492498
Decorator,women,1960,40449,0.00046542586242
Decorator,women,1970,66709,0.000610542706743
Decorator,women,1980,0,0.0
Decorator,women,1990,0,0.0
Decorator,women,2000,0,0.0
Delivery Man,men,1850,1316,0.000243424126586
Delivery Man,men,1860,2109,0.000250046416866
Delivery Man,men,1870,3812,0.00029034874525
Delivery Man,men,1880,12462,0.000680712697782
Delivery Man,men,1900,41899,0.001411226782449
Delivery Man,men,1910,217884,0.005596972655432
Delivery Man,men,1920,166109,0.003956062883273
Delivery Man,men,1930,236570,0.004854692090584
Delivery Man,men,1940,409059,0.007861790514962
Delivery Man,men,1950,245625,0.004043814485052
Delivery Man,men,1960,470814,0.005417414818402
Delivery Man,men,1970,742046,0.006791449030387
Delivery Man,men,1980,769142,0.00598540866467
Delivery Man,men,1990,143502,0.000962288983612
Delivery Man,men,2000,50821,0.000302285800151
Delivery Man,women,1850,0,0.0
Delivery Man,women,1860,100,1.1856160116e-05
Delivery Man,women,1870,101,7.692870742000001e-06
Delivery Man,women,1880,398,2.1739981842000003e-05
Delivery Man,women,1900,100,3.368163398e-06
Delivery Man,women,1910,2520,6.4733395254e-05
Delivery Man,women,1920,1211,2.8841255751e-05
Delivery Man,women,1930,2528,5.1877506044e-05
Delivery Man,women,1940,3817,7.335972169200001e-05
Delivery Man,women,1950,4586,7.550100042100001e-05
Delivery Man,women,1960,24218,0.000278664084058
Delivery Man,women,1970,35857,0.000328175056374
Delivery Man,women,1980,71026,0.00055271931037
Delivery Man,women,1990,18029,0.000120898022923
Delivery Man,women,2000,13282,7.900198732e-05
Demonstrator,men,1850,0,0.0
Demonstrator,men,1860,0,0.0
Demonstrator,men,1870,0,0.0
Demonstrator,men,1880,0,0.0
Demonstrator,men,1900,0,0.0
Demonstrator,men,1910,1008,2.5893358101e-05
Demonstrator,men,1920,1513,3.603370764e-05
Demonstrator,men,1930,1012,2.0767419350000003e-05
Demonstrator,men,1940,2021,3.8842021886e-05
Demonstrator,men,1950,4894,8.0571717414e-05
Demonstrator,men,1960,1796,2.0665649309000003e-05
Demonstrator,men,1970,4512,4.1295307871000005e-05
Demonstrator,men,1980,3161,2.4598678513e-05
Demonstrator,men,1990,11569,7.757885779500001e-05
Demonstrator,men,2000,18049,0.000107356337083
Demonstrator,women,1850,0,0.0
Demonstrator,women,1860,0,0.0
Demonstrator,women,1870,0,0.0
Demonstrator,women,1880,0,0.0
Demonstrator,women,1900,602,2.027634366e-05
Demonstrator,women,1910,2771,7.1181046924e-05
Demonstrator,women,1920,2422,5.768251150300001e-05
Demonstrator,women,1930,2527,5.1856984879e-05
Demonstrator,women,1940,7821,0.000150313435513
Demonstrator,women,1950,14926,0.000245732213756
Demonstrator,women,1960,52985,0.000609671174079
Demonstrator,women,1970,76833,0.000703200884246
Demonstrator,women,1980,21926,0.000170626581803
Demonstrator,women,1990,67502,0.000452651746817
Demonstrator,women,2000,73418,0.000436693864259
Dentist,men,1850,2023,0.000374199854167
Dentist,men,1860,5720,0.00067817235869
Dentist,men,1870,7136,0.000543527976419
Dentist,men,1880,12171,0.000664817384425
Dentist,men,1900,26222,0.000883199806424
Dentist,men,1910,41818,0.001074214731255
Dentist,men,1920,56401,0.001343249930343
Dentist,men,1930,69763,0.001431618059413
Dentist,men,1940,69505,0.001335831138643
Dentist,men,1950,70950,0.001168075878735
Dentist,men,1960,84779,0.000975508397985
Dentist,men,1970,90658,0.000829731830906
Dentist,men,1980,125312,0.00097516912428
Dentist,men,1990,148591,0.000996414561218
Dentist,men,2000,141323,0.000840596134173
Dentist,women,1850,0,0.0
Dentist,women,1860,100,1.1856160116e-05
Dentist,women,1870,0,0.0
Dentist,women,1880,0,0.0
Dentist,women,1900,603,2.0310025294e-05
Dentist,women,1910,756,1.9420018576e-05
Dentist,women,1920,807,1.9219565145e-05
Dentist,women,1930,2528,5.1877506044e-05
Dentist,women,1940,1415,2.7195181083e-05
Dentist,women,1950,2037,3.3535878294000005e-05
Dentist,women,1960,3187,3.6671171686e-05
Dentist,women,1970,4605,4.2146474457e-05
Dentist,women,1980,10409,8.100210207e-05
Dentist,women,1990,22823,0.00015304540336
Dentist,women,2000,30915,0.000183883936004
Designer,men,1850,203,3.7549466335e-05
Designer,men,1860,101,1.1974721718e-05
Designer,men,1870,202,1.5385741484000003e-05
Designer,men,1880,798,4.3589209824e-05
Designer,men,1900,3515,0.000118390943466
Designer,men,1910,7306,0.000187675470528
Designer,men,1920,11402,0.00027155078289
Designer,men,1930,11122,0.000228236401198
Designer,men,1940,15745,0.000302606449578
Designer,men,1950,34062,0.000560775201994
Designer,men,1960,61770,0.000710755655806
Designer,men,1970,94265,0.000862744281148
Designer,men,1980,183331,0.001426668880262
Designer,men,1990,294288,0.001973422672919
Designer,men,2000,373242,0.002220061718979
Designer,women,1850,0,0.0
Designer,women,1860,0,0.0
Designer,women,1870,0,0.0
Designer,women,1880,0,0.0
Designer,women,1900,301,1.013817183e-05
Designer,women,1910,3022,7.7628698595e-05
Designer,women,1920,5448,0.000129749926783
Designer,women,1930,11126,0.000228318485859
Designer,women,1940,8941,0.000171838949868
Designer,women,1950,11044,0.000181821423604
Designer,women,1960,21834,0.000251232620833
Designer,women,1970,41775,0.000382338538641
Designer,women,1980,221166,0.001721098175279
Designer,women,1990,418677,0.002807544597231
Designer,women,2000,521359,0.003101068898315
Disabled,men,1850,910,0.000168325193916
Disabled,men,1860,2512,0.000297826742138
Disabled,men,1870,10656,0.00081163594685
Disabled,men,1880,7383,0.000403282125479
Disabled,men,1900,23017,0.000775250169494
Disabled,men,1910,0,0.0
Disabled,men,1920,10597,0.000252378849875
Disabled,men,1930,15166,0.000311223993937
Disabled,men,1940,0,0.0
Disabled,men,1950,0,0.0
Disabled,men,1960,0,0.0
Disabled,men,1970,0,0.0
Disabled,men,1980,0,0.0
Disabled,men,1990,0,0.0
Disabled,men,2000,0,0.0
Disabled,women,1850,202,3.7364493594e-05
Disabled,women,1860,1305,0.000154722889526
Disabled,women,1870,8545,0.000650847331628
Disabled,women,1880,8179,0.000446762089164
Disabled,women,1900,8040,0.00027080033726
Disabled,women,1910,0,0.0
Disabled,women,1920,3534,8.4165976735e-05
Disabled,women,1930,505,1.0363188509e-05
Disabled,women,1940,0,0.0
Disabled,women,1950,0,0.0
Disabled,women,1960,0,0.0
Disabled,women,1970,0,0.0
Disabled,women,1980,0,0.0
Disabled,women,1990,0,0.0
Disabled,women,2000,0,0.0
Dispatcher,men,1850,0,0.0
Dispatcher,men,1860,0,0.0
Dispatcher,men,1870,101,7.692870742000001e-06
Dispatcher,men,1880,1198,6.543843780600001e-05
Dispatcher,men,1900,803,2.7046352092000004e-05
Dispatcher,men,1910,0,0.0
Dispatcher,men,1920,2823,6.7232753911e-05
Dispatcher,men,1930,2529,5.189802721e-05
Dispatcher,men,1940,0,0.0
Dispatcher,men,1950,31256,0.000514578994584
Dispatcher,men,1960,54589,0.000628127578028
Dispatcher,men,1970,59485,0.000544426282969
Dispatcher,men,1980,75592,0.000588251599548
Dispatcher,men,1990,123787,0.000830085060935
Dispatcher,men,2000,138567,0.000824203311025
Dispatcher,women,1850,0,0.0
Dispatcher,women,1860,0,0.0
Dispatcher,women,1870,0,0.0
Dispatcher,women,1880,0,0.0
Dispatcher,women,1900,0,0.0
Dispatcher,women,1910,0,0.0
Dispatcher,women,1920,202,4.810845302e-06
Dispatcher,women,1930,0,0.0
Dispatcher,women,1940,0,0.0
Dispatcher,women,1950,3466,5.7062029537000006e-05
Dispatcher,women,1960,10561,0.00012152000131
Dispatcher,women,1970,16128,0.000147608760052
Dispatcher,women,1980,38161,0.000296966203968
Dispatcher,women,1990,113690,0.000762377071726
Dispatcher,women,2000,163762,0.000974064406533
Doctor Office Attendant,men,1850,101,1.8682246797e-05
Doctor Office Attendant,men,1860,0,0.0
Doctor Office Attendant,men,1870,0,0.0
Doctor Office Attendant,men,1880,0,0.0
Doctor Office Attendant,men,1900,503,1.6941861895e-05
Doctor Office Attendant,men,1910,0,0.0
Doctor Office Attendant,men,1920,2421,5.7658695437e-05
Doctor Office Attendant,men,1930,0,0.0
Doctor Office Attendant,men,1940,8806,0.00016924435662
Doctor Office Attendant,men,1950,2497,4.1109027050000005e-05
Doctor Office Attendant,men,1960,2891,3.3265251755e-05
Doctor Office Attendant,men,1970,25944,0.000237448020263
Doctor Office Attendant,men,1980,59807,0.000465413845568
Doctor Office Attendant,men,1990,62365,0.000418204293062
Doctor Office Attendant,men,2000,112481,0.000669042503824
Doctor Office Attendant,women,1850,0,0.0
Doctor Office Attendant,women,1860,0,0.0
Doctor Office Attendant,women,1870,0,0.0
Doctor Office Attendant,women,1880,0,0.0
Doctor Office Attendant,women,1900,303,1.0205535098e-05
Doctor Office Attendant,women,1910,0,0.0
Doctor Office Attendant,women,1920,11105,0.00026447741133
Doctor Office Attendant,women,1930,28308,0.000580913149174
Doctor Office Attendant,women,1940,32096,0.000616859739959
Doctor Office Attendant,women,1950,40013,0.000658748698179
Doctor Office Attendant,women,1960,127703,0.00146941281388
Doctor Office Attendant,women,1970,298831,0.002734999589243
Doctor Office Attendant,women,1980,520895,0.004053568062053
Doctor Office Attendant,women,1990,442489,0.002967221990422
Doctor Office Attendant,women,2000,960494,0.005713065412545
Draftsman,men,1850,101,1.8682246797e-05
Draftsman,men,1860,302,3.5805603553000005e-05
Draftsman,men,1870,1003,7.639553816500001e-05
Draftsman,men,1880,2394,0.000130767629472
Draftsman,men,1900,12362,0.000416372359355
Draftsman,men,1910,32998,0.000847647847863
Draftsman,men,1920,51760,0.001232719568706
Draftsman,men,1930,80877,0.001659690291288
Draftsman,men,1940,91661,0.001761651938698
Draftsman,men,1950,112090,0.001845378791367
Draftsman,men,1960,222058,0.002555107324219
Draftsman,men,1970,290040,0.002654541466126
Draftsman,men,1980,307888,0.002395962647922
Draftsman,men,1990,301258,0.002020161772136
Draftsman,men,2000,216855,0.001289864174099
Draftsman,women,1850,0,0.0
Draftsman,women,1860,0,0.0
Draftsman,women,1870,0,0.0
Draftsman,women,1880,0,0.0
Draftsman,women,1900,201,6.770008431e-06
Draftsman,women,1910,252,6.4733395250000005e-06
Draftsman,women,1920,1514,3.6057523705e-05
Draftsman,women,1930,3540,7.2644925394e-05
Draftsman,women,1940,2020,3.8822802676e-05
Draftsman,women,1950,6803,0.00011200028475
Draftsman,women,1960,24997,0.000287627636849
Draftsman,women,1970,32359,0.000296160209979
Draftsman,women,1980,65804,0.000512082075572
Draftsman,women,1990,71277,0.000477965964829
Draftsman,women,2000,52679,0.000313337275264
Dressmaker / Seamstress,men,1850,202,3.7364493594e-05
Dressmaker / Seamstress,men,1860,1910,0.000226452658234
Dressmaker / Seamstress,men,1870,1706,0.000129940965214
Dressmaker / Seamstress,men,1880,998,5.451382381500001e-05
Dressmaker / Seamstress,men,1900,4217,0.000142035450526
Dressmaker / Seamstress,men,1910,4282,0.000109995396222
Dressmaker / Seamstress,men,1920,8171,0.000194601074109
Dressmaker / Seamstress,men,1930,5053,0.000103693448593
Dressmaker / Seamstress,men,1940,7270,0.000139723651218
Dressmaker / Seamstress,men,1950,4609,7.5879657858e-05
Dressmaker / Seamstress,men,1960,5480,6.3055544662e-05
Dressmaker / Seamstress,men,1970,6409,5.865727574200001e-05
Dressmaker / Seamstress,men,1980,8547,6.6512149716e-05
Dressmaker / Seamstress,men,1990,8137,5.4564713102e-05
Dressmaker / Seamstress,men,2000,35316,0.00021006129982
Dressmaker / Seamstress,women,1850,2226,0.000411749320502
Dressmaker / Seamstress,women,1860,131138,0.015547931254189
Dressmaker / Seamstress,women,1870,138614,0.010557817674241
Dressmaker / Seamstress,women,1880,233469,0.012752793519387
Dressmaker / Seamstress,women,1900,453625,0.01527883121766
Dressmaker / Seamstress,women,1910,403770,0.01037198531826
Dressmaker / Seamstress,women,1920,281139,0.006695624938688
Dressmaker / Seamstress,women,1930,184030,0.003776510062266
Dressmaker / Seamstress,women,1940,155175,0.002982340794749
Dressmaker / Seamstress,women,1950,143321,0.00235954620178
Dressmaker / Seamstress,women,1960,186323,0.002143923037992
Dressmaker / Seamstress,women,1970,163170,0.001493385502096
Dressmaker / Seamstress,women,1980,141472,0.001100925101747
Dressmaker / Seamstress,women,1990,125498,0.000841558604516
Dressmaker / Seamstress,women,2000,115374,0.000686250209691
Dyer,men,1850,2326,0.000430246594559
Dyer,men,1860,2715,0.000321894747175
Dyer,men,1870,2310,0.000175945855595
Dyer,men,1880,5188,0.000283384486927
Dyer,men,1900,17179,0.000578616790274
Dyer,men,1910,16375,0.000420638629879
Dyer,men,1920,17962,0.000427784174905
Dyer,men,1930,21242,0.0004359105947
Dyer,men,1940,24246,0.000465988947378
Dyer,men,1950,28005,0.000461056588921
Dyer,men,1960,21118,0.000242993976676
Dyer,men,1970,25750,0.000235672468462
Dyer,men,1980,0,0.0
Dyer,men,1990,0,0.0
Dyer,men,2000,0,0.0
Dyer,women,1850,0,0.0
Dyer,women,1860,101,1.1974721718e-05
Dyer,women,1870,202,1.5385741484000003e-05
Dyer,women,1880,99,5.407683925000001e-06
Dyer,women,1900,603,2.0310025294e-05
Dyer,women,1910,504,1.294667905e-05
Dyer,women,1920,1110,2.64358331e-05
Dyer,women,1930,0,0.0
Dyer,women,1940,758,1.4568160608000002e-05
Dyer,women,1950,2297,3.7816353678000005e-05
Dyer,women,1960,1395,1.6051548321e-05
Dyer,women,1970,3107,2.8436285806e-05
Dyer,women,1980,0,0.0
Dyer,women,1990,0,0.0
Dyer,women,2000,0,0.0
Economist,men,1850,0,0.0
Economist,men,1860,0,0.0
Economist,men,1870,0,0.0
Economist,men,1880,0,0.0
Economist,men,1900,0,0.0
Economist,men,1910,0,0.0
Economist,men,1920,101,2.405422651e-06
Economist,men,1930,1011,2.0746898184e-05
Economist,men,1940,0,0.0
Economist,men,1950,6678,0.000109942363892
Economist,men,1960,16035,0.000184506507056
Economist,men,1970,61492,0.000562795007016
Economist,men,1980,74162,0.000577123440651
Economist,men,1990,93846,0.000629308106898
Economist,men,2000,71392,0.000424643116909
Economist,women,1850,0,0.0
Economist,women,1860,0,0.0
Economist,women,1870,0,0.0
Economist,women,1880,0,0.0
Economist,women,1900,0,0.0
Economist,women,1910,0,0.0
Economist,women,1920,100,2.3816065850000003e-06
Economist,women,1930,0,0.0
Economist,women,1940,0,0.0
Economist,women,1950,3251,5.3522405662e-05
Economist,women,1960,3289,3.7844833283e-05
Economist,women,1970,10717,9.8085508524e-05
Economist,women,1980,32636,0.000253971044592
Economist,women,1990,74349,0.0004985660384
Economist,women,2000,64767,0.000385237292033
Editor / Reporter,men,1850,2327,0.000430431567299
Editor / Reporter,men,1860,3611,0.000428125941823
Editor / Reporter,men,1870,5834,0.000444358494174
Editor / Reporter,men,1880,11872,0.000648485086509
Editor / Reporter,men,1900,28136,0.000947666453877
Editor / Reporter,men,1910,31492,0.000808961937842
Editor / Reporter,men,1920,28555,0.000680067760517
Editor / Reporter,men,1930,49037,0.001006296386042
Editor / Reporter,men,1940,47417,0.000911317244817
Editor / Reporter,men,1950,66138,0.001088854157404
Editor / Reporter,men,1960,94148,0.001083312667684
Editor / Reporter,men,1970,159347,0.001458396148817
Editor / Reporter,men,1980,186706,0.001452932891645
Editor / Reporter,men,1990,221291,0.001483922812731
Editor / Reporter,men,2000,239429,0.001424135433079
Editor / Reporter,women,1850,0,0.0
Editor / Reporter,women,1860,0,0.0
Editor / Reporter,women,1870,100,7.616703705e-06
Editor / Reporter,women,1880,400,2.1849227982e-05
Editor / Reporter,women,1900,2711,9.131090974e-05
Editor / Reporter,women,1910,3524,9.0524001935e-05
Editor / Reporter,women,1920,5750,0.000136942378671
Editor / Reporter,women,1930,12637,0.000259325966727
Editor / Reporter,women,1940,15064,0.000289518168081
Editor / Reporter,women,1950,25334,0.000417082936037
Editor / Reporter,women,1960,69526,0.000799999963179
Editor / Reporter,women,1970,117199,0.001072643791506
Editor / Reporter,women,1980,200657,0.001561498587291
Editor / Reporter,women,1990,278778,0.001869416442094
Editor / Reporter,women,2000,318909,0.001896886370606
Electrician,men,1850,0,0.0
Electrician,men,1860,0,0.0
Electrician,men,1870,101,7.692870742000001e-06
Electrician,men,1880,400,2.1849227982e-05
Electrician,men,1900,46435,0.001564006674217
Electrician,men,1910,130726,0.003358070566696
Electrician,men,1920,206165,0.004910039217201
Electrician,men,1930,257818,0.005290725812276
Electrician,men,1940,217697,0.004183964195228
Electrician,men,1950,325389,0.005356998479295
Electrician,men,1960,384469,0.004423887262945
Electrician,men,1970,494793,0.00452850825972
Electrician,men,1980,698214,0.005433451983371
Electrician,men,1990,777440,0.005213320702287
Electrician,men,2000,868613,0.005166552718899
Electrician,women,1850,0,0.0
Electrician,women,1860,0,0.0
Electrician,women,1870,100,7.616703705e-06
Electrician,women,1880,0,0.0
Electrician,women,1900,502,1.6908180261000003e-05
Electrician,women,1910,252,6.4733395250000005e-06
Electrician,women,1920,2017,4.8037004831e-05
Electrician,women,1930,0,0.0
Electrician,women,1940,1898,3.6478059148e-05
Electrician,women,1950,2213,3.6433430861e-05
Electrician,women,1960,4685,5.3907888092e-05
Electrician,women,1970,13323,0.000121936477565
Electrician,women,1980,15435,0.000120114078725
Electrician,women,1990,21758,0.000145903776291
Electrician,women,2000,24584,0.000146226837546
Electrotyper,men,1850,0,0.0
Electrotyper,men,1860,100,1.1856160116e-05
Electrotyper,men,1870,100,7.616703705e-06
Electrotyper,men,1880,999,5.4568446885e-05
Electrotyper,men,1900,2206,7.4301684576e-05
Electrotyper,men,1910,5541,0.000142336405994
Electrotyper,men,1920,3933,9.3668587011e-05
Electrotyper,men,1930,9099,0.000186722083663
Electrotyper,men,1940,9311,0.000178950057289
Electrotyper,men,1950,18965,0.000312227752504
Electrotyper,men,1960,9759,0.000112291799336
Electrotyper,men,1970,6913,6.3270049494e-05
Electrotyper,men,1980,0,0.0
Electrotyper,men,1990,0,0.0
Electrotyper,men,2000,0,0.0
Electrotyper,women,1850,0,0.0
Electrotyper,women,1860,0,0.0
Electrotyper,women,1870,0,0.0
Electrotyper,women,1880,0,0.0
Electrotyper,women,1900,100,3.368163398e-06
Electrotyper,women,1910,753,1.934295501e-05
Electrotyper,women,1920,101,2.405422651e-06
Electrotyper,women,1930,505,1.0363188509e-05
Electrotyper,women,1940,606,1.1646840803000002e-05
Electrotyper,women,1950,1605,2.6423703810000003e-05
Electrotyper,women,1960,298,3.4289329030000004e-06
Electrotyper,women,1970,301,2.7548509900000004e-06
Electrotyper,women,1980,0,0.0
Electrotyper,women,1990,0,0.0
Electrotyper,women,2000,0,0.0
Elevator Operator,men,1850,0,0.0
Elevator Operator,men,1860,0,0.0
Elevator Operator,men,1870,0,0.0
Elevator Operator,men,1880,0,0.0
Elevator Operator,men,1900,11247,0.000378817337459
Elevator Operator,men,1910,18893,0.000485320649423
Elevator Operator,men,1920,31072,0.000740012798277
Elevator Operator,men,1930,71278,0.001462707624942
Elevator Operator,men,1940,72757,0.001398332007111
Elevator Operator,men,1950,67776,0.001115821152321
Elevator Operator,men,1960,69127,0.000795408875164
Elevator Operator,men,1970,38849,0.00035555882436
Elevator Operator,men,1980,21958,0.000170875603541
Elevator Operator,men,1990,11416,7.655287756900001e-05
Elevator Operator,men,2000,0,0.0
Elevator Operator,women,1850,0,0.0
Elevator Operator,women,1860,0,0.0
Elevator Operator,women,1870,0,0.0
Elevator Operator,women,1880,0,0.0
Elevator Operator,women,1900,0,0.0
Elevator Operator,women,1910,0,0.0
Elevator Operator,women,1920,6156,0.000146611701409
Elevator Operator,women,1930,13143,0.000269709676402
Elevator Operator,women,1940,14365,0.000276083940818
Elevator Operator,women,1950,29340,0.00048303518368
Elevator Operator,women,1960,45326,0.000521542995872
Elevator Operator,women,1970,19036,0.000174223732413
Elevator Operator,women,1980,7664,5.9640706145e-05
Elevator Operator,women,1990,3215,2.1558996267e-05
Elevator Operator,women,2000,0,0.0
Engineer,men,1850,0,0.0
Engineer,men,1860,0,0.0
Engineer,men,1870,101,7.692870742000001e-06
Engineer,men,1880,0,0.0
Engineer,men,1900,1006,3.3883723791e-05
Engineer,men,1910,0,0.0
Engineer,men,1920,9888,0.000235493259184
Engineer,men,1930,12636,0.000259305445562
Engineer,men,1940,0,0.0
Engineer,men,1950,78147,0.001286562730029
Engineer,men,1960,152998,0.001760469383633
Engineer,men,1970,253425,0.002319428944467
Engineer,men,1980,308454,0.002400367219905
Engineer,men,1990,395357,0.002651166434572
Engineer,men,2000,396626,0.002359150897679
Engineer,women,1850,0,0.0
Engineer,women,1860,0,0.0
Engineer,women,1870,0,0.0
Engineer,women,1880,0,0.0
Engineer,women,1900,0,0.0
Engineer,women,1910,0,0.0
Engineer,women,1920,101,2.405422651e-06
Engineer,women,1930,0,0.0
Engineer,women,1940,0,0.0
Engineer,women,1950,333,5.482301164e-06
Engineer,women,1960,1096,1.2611108932000002e-05
Engineer,women,1970,4508,4.1258698556e-05
Engineer,women,1980,13670,0.000106378973513
Engineer,women,1990,41711,0.000279703668209
Engineer,women,2000,49325,0.000293387518791
Engineer - Aeuronautical,men,1850,0,0.0
Engineer - Aeuronautical,men,1860,0,0.0
Engineer - Aeuronautical,men,1870,0,0.0
Engineer - Aeuronautical,men,1880,0,0.0
Engineer - Aeuronautical,men,1900,0,0.0
Engineer - Aeuronautical,men,1910,0,0.0
Engineer - Aeuronautical,men,1920,403,9.597874539e-06
Engineer - Aeuronautical,men,1930,3035,6.228173688500001e-05
Engineer - Aeuronautical,men,1940,0,0.0
Engineer - Aeuronautical,men,1950,18100,0.00029798694017
Engineer - Aeuronautical,men,1960,54294,0.000624733164583
Engineer - Aeuronautical,men,1970,70109,0.000641660624909
Engineer - Aeuronautical,men,1980,89216,0.000694272604313
Engineer - Aeuronautical,men,1990,144618,0.000969772604089
Engineer - Aeuronautical,men,2000,117501,0.000698901709994
Engineer - Aeuronautical,women,1850,0,0.0
Engineer - Aeuronautical,women,1860,0,0.0
Engineer - Aeuronautical,women,1870,0,0.0
Engineer - Aeuronautical,women,1880,0,0.0
Engineer - Aeuronautical,women,1900,0,0.0
Engineer - Aeuronautical,women,1910,0,0.0
Engineer - Aeuronautical,women,1920,0,0.0
Engineer - Aeuronautical,women,1930,0,0.0
Engineer - Aeuronautical,women,1940,0,0.0
Engineer - Aeuronautical,women,1950,545,8.972534938e-06
Engineer - Aeuronautical,women,1960,897,1.0321318168e-05
Engineer - Aeuronautical,women,1970,2003,1.8332114731000003e-05
Engineer - Aeuronautical,women,1980,3140,2.4435257997e-05
Engineer - Aeuronautical,women,1990,13004,8.7201613516e-05
Engineer - Aeuronautical,women,2000,11645,6.926503104500001e-05
Engineer - Chemical,men,1850,0,0.0
Engineer - Chemical,men,1860,0,0.0
Engineer - Chemical,men,1870,0,0.0
Engineer - Chemical,men,1880,0,0.0
Engineer - Chemical,men,1900,100,3.368163398e-06
Engineer - Chemical,men,1910,0,0.0
Engineer - Chemical,men,1920,1312,3.1246678403e-05
Engineer - Chemical,men,1930,7075,0.000145187244962
Engineer - Chemical,men,1940,11561,0.000222193278093
Engineer - Chemical,men,1950,30515,0.000502379639741
Engineer - Chemical,men,1960,42658,0.000490843690551
Engineer - Chemical,men,1970,53196,0.000486867286691
Engineer - Chemical,men,1980,59210,0.000460768033776
Engineer - Chemical,men,1990,65561,0.000439635880019
Engineer - Chemical,men,2000,62749,0.000373234129075
Engineer - Chemical,women,1850,0,0.0
Engineer - Chemical,women,1860,0,0.0
Engineer - Chemical,women,1870,0,0.0
Engineer - Chemical,women,1880,0,0.0
Engineer - Chemical,women,1900,0,0.0
Engineer - Chemical,women,1910,0,0.0
Engineer - Chemical,women,1920,0,0.0
Engineer - Chemical,women,1930,0,0.0
Engineer - Chemical,women,1940,203,3.901499476e-06
Engineer - Chemical,women,1950,1545,2.5435901799000004e-05
Engineer - Chemical,women,1960,897,1.0321318168e-05
Engineer - Chemical,women,1970,1205,1.1028556291e-05
Engineer - Chemical,women,1980,3282,2.5540291958e-05
Engineer - Chemical,women,1990,8189,5.4913412264000005e-05
Engineer - Chemical,women,2000,10994,6.5392851121e-05
Engineer - Civil,men,1850,607,0.000112278453524
Engineer - Civil,men,1860,2507,0.000297233934132
Engineer - Civil,men,1870,4019,0.000306115321921
Engineer - Civil,men,1880,6381,0.000348549809384
Engineer - Civil,men,1900,18597,0.000626377347268
Engineer - Civil,men,1910,47349,0.001216294258697
Engineer - Civil,men,1920,68401,0.001629042720615
Engineer - Civil,men,1930,85930,0.001763383739882
Engineer - Civil,men,1940,90394,0.001737301200583
Engineer - Civil,men,1950,127908,0.002105796328362
Engineer - Civil,men,1960,172552,0.001985467215811
Engineer - Civil,men,1970,188593,0.001726065159016
Engineer - Civil,men,1980,214288,0.001667574065562
Engineer - Civil,men,1990,259854,0.001742516770132
Engineer - Civil,men,2000,275116,0.001636403459092
Engineer - Civil,women,1850,0,0.0
Engineer - Civil,women,1860,0,0.0
Engineer - Civil,women,1870,0,0.0
Engineer - Civil,women,1880,0,0.0
Engineer - Civil,women,1900,0,0.0
Engineer - Civil,women,1910,1258,3.2315321916000006e-05
Engineer - Civil,women,1920,0,0.0
Engineer - Civil,women,1930,0,0.0
Engineer - Civil,women,1940,303,5.823420401000001e-06
Engineer - Civil,women,1950,4171,6.866870317400001e-05
Engineer - Civil,women,1960,1194,1.3738744585e-05
Engineer - Civil,women,1970,3405,3.116367981e-05
Engineer - Civil,women,1980,7342,5.713492491100001e-05
Engineer - Civil,women,1990,19468,0.000130547601656
Engineer - Civil,women,2000,32554,0.000193632788377
Engineer - Electrical,men,1850,0,0.0
Engineer - Electrical,men,1860,0,0.0
Engineer - Electrical,men,1870,0,0.0
Engineer - Electrical,men,1880,0,0.0
Engineer - Electrical,men,1900,6644,0.000223780776214
Engineer - Electrical,men,1910,0,0.0
Engineer - Electrical,men,1920,29464,0.000701716564381
Engineer - Electrical,men,1930,54095,0.001110092440462
Engineer - Electrical,men,1940,55931,0.001074949592338
Engineer - Electrical,men,1950,110418,0.001817852041976
Engineer - Electrical,men,1960,183872,0.002115720640187
Engineer - Electrical,men,1970,301011,0.002754951666185
Engineer - Electrical,men,1980,325825,0.002535547113753
Engineer - Electrical,men,1990,463684,0.00310935042771
Engineer - Electrical,men,2000,377014,0.002242497759949
Engineer - Electrical,women,1850,0,0.0
Engineer - Electrical,women,1860,0,0.0
Engineer - Electrical,women,1870,0,0.0
Engineer - Electrical,women,1880,0,0.0
Engineer - Electrical,women,1900,0,0.0
Engineer - Electrical,women,1910,0,0.0
Engineer - Electrical,women,1920,202,4.810845302e-06
Engineer - Electrical,women,1930,0,0.0
Engineer - Electrical,women,1940,202,3.882280267000001e-06
Engineer - Electrical,women,1950,1010,1.6628000528e-05
Engineer - Electrical,women,1960,2196,2.5268243810000003e-05
Engineer - Electrical,women,1970,6709,6.140297440400001e-05
Engineer - Electrical,women,1980,18148,0.000141226452913
Engineer - Electrical,women,1990,50213,0.000336715981199
Engineer - Electrical,women,2000,44169,0.000262719377952
Engineer - Industrial,men,1850,0,0.0
Engineer - Industrial,men,1860,0,0.0
Engineer - Industrial,men,1870,0,0.0
Engineer - Industrial,men,1880,0,0.0
Engineer - Industrial,men,1900,0,0.0
Engineer - Industrial,men,1910,0,0.0
Engineer - Industrial,men,1920,3331,7.9331315366e-05
Engineer - Industrial,men,1930,7078,0.000145248808459
Engineer - Industrial,men,1940,13750,0.000264264127132
Engineer - Industrial,men,1950,46819,0.00077079837303
Engineer - Industrial,men,1960,103512,0.00119105940495
Engineer - Industrial,men,1970,187121,0.001712592930916
Engineer - Industrial,men,1980,287934,0.002240682030695
Engineer - Industrial,men,1990,390793,0.002620561377352
Engineer - Industrial,men,2000,570889,0.003395675767159
Engineer - Industrial,women,1850,0,0.0
Engineer - Industrial,women,1860,0,0.0
Engineer - Industrial,women,1870,0,0.0
Engineer - Industrial,women,1880,0,0.0
Engineer - Industrial,women,1900,0,0.0
Engineer - Industrial,women,1910,0,0.0
Engineer - Industrial,women,1920,0,0.0
Engineer - Industrial,women,1930,0,0.0
Engineer - Industrial,women,1940,1372,2.6368755085e-05
Engineer - Industrial,women,1950,843,1.3878618263e-05
Engineer - Industrial,women,1960,2594,2.9847825338e-05
Engineer - Industrial,women,1970,6610,6.0496893846e-05
Engineer - Industrial,women,1980,56732,0.000441484412974
Engineer - Industrial,women,1990,137988,0.000925313460932
Engineer - Industrial,women,2000,285490,0.001698108519811
Engineer - Mechanical,men,1850,101,1.8682246797e-05
Engineer - Mechanical,men,1860,300,3.5568480350000006e-05
Engineer - Mechanical,men,1870,202,1.5385741484000003e-05
Engineer - Mechanical,men,1880,399,2.1794604912e-05
Engineer - Mechanical,men,1900,11145,0.000375381810792
Engineer - Mechanical,men,1910,14607,0.00037522250178
Engineer - Mechanical,men,1920,26647,0.000634626706864
Engineer - Mechanical,men,1930,43477,0.000892198706608
Engineer - Mechanical,men,1940,81157,0.001559773364778
Engineer - Mechanical,men,1950,117503,0.001934494996181
Engineer - Mechanical,men,1960,167238,0.001924321747866
Engineer - Mechanical,men,1970,194229,0.001777647684541
Engineer - Mechanical,men,1980,228850,0.00178089452001
Engineer - Mechanical,men,1990,215965,0.001448207971637
Engineer - Mechanical,men,2000,297908,0.001771971392762
Engineer - Mechanical,women,1850,0,0.0
Engineer - Mechanical,women,1860,0,0.0
Engineer - Mechanical,women,1870,0,0.0
Engineer - Mechanical,women,1880,0,0.0
Engineer - Mechanical,women,1900,101,3.401845032e-06
Engineer - Mechanical,women,1910,0,0.0
Engineer - Mechanical,women,1920,0,0.0
Engineer - Mechanical,women,1930,0,0.0
Engineer - Mechanical,women,1940,202,3.882280267000001e-06
Engineer - Mechanical,women,1950,746,1.2281671677e-05
Engineer - Mechanical,women,1960,599,6.8923852650000005e-06
Engineer - Mechanical,women,1970,1704,1.5595568398000002e-05
Engineer - Mechanical,women,1980,5288,4.1150842131e-05
Engineer - Mechanical,women,1990,11152,7.4782558746e-05
Engineer - Mechanical,women,2000,20586,0.000122446537492
Engineer - Metallurgical,men,1850,0,0.0
Engineer - Metallurgical,men,1860,0,0.0
Engineer - Metallurgical,men,1870,0,0.0
Engineer - Metallurgical,men,1880,0,0.0
Engineer - Metallurgical,men,1900,0,0.0
Engineer - Metallurgical,men,1910,0,0.0
Engineer - Metallurgical,men,1920,1108,2.6388200968e-05
Engineer - Metallurgical,men,1930,3538,7.260388306400001e-05
Engineer - Metallurgical,men,1940,10425,0.000200360256389
Engineer - Metallurgical,men,1950,11737,0.000193230536838
Engineer - Metallurgical,men,1960,18527,0.000213180670796
Engineer - Metallurgical,men,1970,15622,0.000142977681643
Engineer - Metallurgical,men,1980,25544,0.000198781602006
Engineer - Metallurgical,men,1990,17850,0.000119697693115
Engineer - Metallurgical,men,2000,36887,0.000219405684858
Engineer - Metallurgical,women,1850,0,0.0
Engineer - Metallurgical,women,1860,0,0.0
Engineer - Metallurgical,women,1870,0,0.0
Engineer - Metallurgical,women,1880,0,0.0
Engineer - Metallurgical,women,1900,0,0.0
Engineer - Metallurgical,women,1910,0,0.0
Engineer - Metallurgical,women,1920,0,0.0
Engineer - Metallurgical,women,1930,0,0.0
Engineer - Metallurgical,women,1940,1414,2.7175961873e-05
Engineer - Metallurgical,women,1950,679,1.1178626098e-05
Engineer - Metallurgical,women,1960,700,8.054540376e-06
Engineer - Metallurgical,women,1970,401,3.670083877e-06
Engineer - Metallurgical,women,1980,1380,1.0739062432e-05
Engineer - Metallurgical,women,1990,2562,1.7180139482e-05
Engineer - Metallurgical,women,2000,4554,2.7087415318e-05
Engineer - Mining,men,1850,0,0.0
Engineer - Mining,men,1860,100,1.1856160116e-05
Engineer - Mining,men,1870,100,7.616703705e-06
Engineer - Mining,men,1880,999,5.4568446885e-05
Engineer - Mining,men,1900,3417,0.000115090143335
Engineer - Mining,men,1910,10328,0.000265304169123
Engineer - Mining,men,1920,6256,0.000148993307995
Engineer - Mining,men,1930,8091,0.000166036748974
Engineer - Mining,men,1940,0,0.0
Engineer - Mining,men,1950,10661,0.000175515954097
Engineer - Mining,men,1960,12947,0.000148974477508
Engineer - Mining,men,1970,17124,0.000156724479609
Engineer - Mining,men,1980,35084,0.000273021207516
Engineer - Mining,men,1990,33345,0.000223603337643
Engineer - Mining,men,2000,23729,0.000141141255618
Engineer - Mining,women,1850,0,0.0
Engineer - Mining,women,1860,0,0.0
Engineer - Mining,women,1870,0,0.0
Engineer - Mining,women,1880,0,0.0
Engineer - Mining,women,1900,0,0.0
Engineer - Mining,women,1910,0,0.0
Engineer - Mining,women,1920,0,0.0
Engineer - Mining,women,1930,0,0.0
Engineer - Mining,women,1940,0,0.0
Engineer - Mining,women,1950,420,6.914614081e-06
Engineer - Mining,women,1960,0,0.0
Engineer - Mining,women,1970,201,1.839618103e-06
Engineer - Mining,women,1980,1462,1.1377180634e-05
Engineer - Mining,women,1990,2347,1.5738402562e-05
Engineer - Mining,women,2000,1776,1.0563735091e-05
Engraver,men,1850,1820,0.000336650387832
Engraver,men,1860,2608,0.00030920865585
Engraver,men,1870,3516,0.000267803302282
Engraver,men,1880,5884,0.000321402143616
Engraver,men,1900,9368,0.000315529547196
Engraver,men,1910,13348,0.000342881492008
Engraver,men,1920,10088,0.000240256472355
Engraver,men,1930,13141,0.000269668634071
Engraver,men,1940,8127,0.000156194513542
Engraver,men,1950,9858,0.000162295870508
Engraver,men,1960,12760,0.000146822764579
Engraver,men,1970,7511,6.8743142159e-05
Engraver,men,1980,10670,8.3033185617e-05
Engraver,men,1990,13165,8.8281239768e-05
Engraver,men,2000,11601,6.9003316887e-05
Engraver,women,1850,0,0.0
Engraver,women,1860,0,0.0
Engraver,women,1870,0,0.0
Engraver,women,1880,0,0.0
Engraver,women,1900,500,1.6840816993e-05
Engraver,women,1910,252,6.4733395250000005e-06
Engraver,women,1920,606,1.4432535908e-05
Engraver,women,1930,3035,6.228173688500001e-05
Engraver,women,1940,808,1.552912107e-05
Engraver,women,1950,1318,2.1698717521e-05
Engraver,women,1960,2591,2.9813305879000003e-05
Engraver,women,1970,3504,3.2069760368e-05
Engraver,women,1980,7723,6.0099839973e-05
Engraver,women,1990,7785,5.2204288005000006e-05
Engraver,women,2000,6674,3.9697279278e-05
Entertainer,men,1850,910,0.000168325193916
Entertainer,men,1860,501,5.939936218600001e-05
Entertainer,men,1870,604,4.600489038e-05
Entertainer,men,1880,3593,0.000196260690349
Entertainer,men,1900,3713,0.000125059906996
Entertainer,men,1910,22165,0.000569371311834
Entertainer,men,1920,3632,8.6499951188e-05
Entertainer,men,1930,9609,0.000197187877999
Entertainer,men,1940,6756,0.000129844977666
Entertainer,men,1950,11328,0.000186497019793
Entertainer,men,1960,10860,0.0001249604407
Entertainer,men,1970,55995,0.000512484655205
Entertainer,men,1980,70659,0.000549863342317
Entertainer,men,1990,100096,0.000671219063871
Entertainer,men,2000,84890,0.000504929882821
Entertainer,women,1850,0,0.0
Entertainer,women,1860,0,0.0
Entertainer,women,1870,101,7.692870742000001e-06
Entertainer,women,1880,398,2.1739981842000003e-05
Entertainer,women,1900,402,1.3540016863e-05
Entertainer,women,1910,252,6.4733395250000005e-06
Entertainer,women,1920,403,9.597874539e-06
Entertainer,women,1930,1518,3.1151129025e-05
Entertainer,women,1940,897,1.7239630693e-05
Entertainer,women,1950,6703,0.000110353948064
Entertainer,women,1960,5075,5.839541773e-05
Entertainer,women,1970,26138,0.000239223572064
Entertainer,women,1980,48109,0.000374380836631
Entertainer,women,1990,102835,0.000689586121655
Entertainer,women,2000,122685,0.000729736396206
Farm Advisor,men,1850,0,0.0
Farm Advisor,men,1860,100,1.1856160116e-05
Farm Advisor,men,1870,0,0.0
Farm Advisor,men,1880,0,0.0
Farm Advisor,men,1900,0,0.0
Farm Advisor,men,1910,0,0.0
Farm Advisor,men,1920,3127,7.4472837931e-05
Farm Advisor,men,1930,4549,9.3350781248e-05
Farm Advisor,men,1940,7677,0.000147545869381
Farm Advisor,men,1950,6357,0.00010465762313
Farm Advisor,men,1960,7078,8.1442909693e-05
Farm Advisor,men,1970,6811,6.2336511949e-05
Farm Advisor,men,1980,0,0.0
Farm Advisor,men,1990,0,0.0
Farm Advisor,men,2000,0,0.0
Farm Advisor,women,1850,0,0.0
Farm Advisor,women,1860,0,0.0
Farm Advisor,women,1870,0,0.0
Farm Advisor,women,1880,0,0.0
Farm Advisor,women,1900,0,0.0
Farm Advisor,women,1910,0,0.0
Farm Advisor,women,1920,202,4.810845302e-06
Farm Advisor,women,1930,505,1.0363188509e-05
Farm Advisor,women,1940,4520,8.687082579100001e-05
Farm Advisor,women,1950,8128,0.00013381424584
Farm Advisor,women,1960,10762,0.000123832805047
Farm Advisor,women,1970,10811,9.8945827438e-05
Farm Advisor,women,1980,0,0.0
Farm Advisor,women,1990,0,0.0
Farm Advisor,women,2000,0,0.0
Farm Foreman,men,1850,16270,0.003009506489028
Farm Foreman,men,1860,31787,0.00376871761638
Farm Foreman,men,1870,2810,0.000214029374122
Farm Foreman,men,1880,3790,0.00020702143513
Farm Foreman,men,1900,4022,0.000135467531898
Farm Foreman,men,1910,51894,0.001333045560853
Farm Foreman,men,1920,15337,0.000365267002033
Farm Foreman,men,1930,20723,0.000425260109875
Farm Foreman,men,1940,24110,0.000463375134921
Farm Foreman,men,1950,18215,0.000299880227359
Farm Foreman,men,1960,28900,0.000332537452692
Farm Foreman,men,1970,38151,0.000349170498807
Farm Foreman,men,1980,50749,0.00039492512998
Farm Foreman,men,1990,42815,0.000287106819649
Farm Foreman,men,2000,57670,0.000343023988011
Farm Foreman,women,1850,101,1.8682246797e-05
Farm Foreman,women,1860,402,4.766176367e-05
Farm Foreman,women,1870,0,0.0
Farm Foreman,women,1880,199,1.0869990921e-05
Farm Foreman,women,1900,100,3.368163398e-06
Farm Foreman,women,1910,5794,0.000148835433375
Farm Foreman,women,1920,1211,2.8841255751e-05
Farm Foreman,women,1930,1518,3.1151129025e-05
Farm Foreman,women,1940,303,5.823420401000001e-06
Farm Foreman,women,1950,420,6.914614081e-06
Farm Foreman,women,1960,1495,1.7202196947e-05
Farm Foreman,women,1970,4011,3.6709991106e-05
Farm Foreman,women,1980,12963,0.000100877149499
Farm Foreman,women,1990,8331,5.586562920700001e-05
Farm Foreman,women,2000,11769,7.0002589126e-05
Farm Laborer,men,1850,296047,0.054760624926704
Farm Laborer,men,1860,841587,0.099779902243588
Farm Laborer,men,1870,2595826,0.197716375128446
Farm Laborer,men,1880,2913760,0.159158516312879
Farm Laborer,men,1900,3964960,0.133546331495786
Farm Laborer,men,1910,5061866,0.13002848115264
Farm Laborer,men,1920,3295843,0.078494013939019
Farm Laborer,men,1930,3489124,0.071600890585743
Farm Laborer,men,1940,3086228,0.059314861712888
Farm Laborer,men,1950,2188723,0.036033749704503
Farm Laborer,men,1960,1784546,0.020533854015644
Farm Laborer,men,1970,1407937,0.012885902455503
Farm Laborer,men,1980,995680,0.007748311364142
Farm Laborer,men,1990,853810,0.005725439067735
Farm Laborer,men,2000,856153,0.005092440027888
Farm Laborer,women,1850,1313,0.000242869208364
Farm Laborer,women,1860,18465,0.002189239965598
Farm Laborer,women,1870,401852,0.030607876174333
Farm Laborer,women,1880,508897,0.027797516431029
Farm Laborer,women,1900,677490,0.022818970210312
Farm Laborer,women,1910,1641086,0.042155979636928
Farm Laborer,women,1920,819956,0.019528126095018
Farm Laborer,women,1930,654160,0.013424125535684
Farm Laborer,women,1940,392640,0.007546230318352
Farm Laborer,women,1950,644460,0.010609981406767
Farm Laborer,women,1960,838162,0.009644299530222
Farm Laborer,women,1970,516273,0.004725100283897
Farm Laborer,women,1980,429164,0.003339723905552
Farm Laborer,women,1990,347642,0.002331201424656
Farm Laborer,women,2000,384886,0.002289320801975
Farm Manager,men,1850,707,0.000130775727581
Farm Manager,men,1860,3514,0.00041662546651
Farm Manager,men,1870,1710,0.000130245633362
Farm Manager,men,1880,2196,0.000119952261621
Farm Manager,men,1900,8940,0.000301113807849
Farm Manager,men,1910,0,0.0
Farm Manager,men,1920,80524,0.001917764886988
Farm Manager,men,1930,44993,0.000923308793302
Farm Manager,men,1940,34456,0.00066221707378
Farm Manager,men,1950,30519,0.000502445493208
Farm Manager,men,1960,26102,0.000300342304158
Farm Manager,men,1970,67090,0.000614029744043
Farm Manager,men,1980,145958,0.001135834836581
Farm Manager,men,1990,251617,0.001687281481718
Farm Manager,men,2000,208086,0.001237705732086
Farm Manager,women,1850,0,0.0
Farm Manager,women,1860,1606,0.000190409931478
Farm Manager,women,1870,100,7.616703705e-06
Farm Manager,women,1880,400,2.1849227982e-05
Farm Manager,women,1900,1003,3.3782678889000005e-05
Farm Manager,women,1910,0,0.0
Farm Manager,women,1920,14731,0.000350834466124
Farm Manager,women,1930,15166,0.000311223993937
Farm Manager,women,1940,1010,1.9411401338e-05
Farm Manager,women,1950,2118,3.486941101e-05
Farm Manager,women,1960,997,1.1471966793e-05
Farm Manager,women,1970,4006,3.6664229462000006e-05
Farm Manager,women,1980,18873,0.000146868351654
Farm Manager,women,1990,41998,0.000281628219354
Farm Manager,women,2000,37048,0.000220363320753
Farmer,men,1850,2415878,0.44687157453606
Farmer,men,1860,2586005,0.306600893432801
Farmer,men,1870,3118876,0.237555543859683
Farmer,men,1880,4483723,0.244914715089071
Farmer,men,1900,5535233,0.186435691942521
Farmer,men,1910,5765835,0.148111934932046
Farmer,men,1920,6225184,0.148259392109684
Farmer,men,1930,5791250,0.118843198924625
Farmer,men,1940,5064557,0.097336780721334
Farmer,men,1950,4225264,0.069562071313477
Farmer,men,1960,2766741,0.031835467280247
Farmer,men,1970,1655668,0.015153218039372
Farmer,men,1980,1284012,0.009992090602699
Farmer,men,1990,868622,0.005824764682885
Farmer,men,2000,634832,0.003776011866786
Farmer,women,1850,17583,0.003252375697393
Farmer,women,1860,99747,0.011826164031872
Farmer,women,1870,46126,0.003513280751165
Farmer,women,1880,95948,0.005240974316068
Farmer,women,1900,316196,0.010649997940368
Farmer,women,1910,282118,0.007247006350191
Farmer,women,1920,274294,0.006532603967904
Farmer,women,1930,246702,0.00506261253807
Farmer,women,1940,161483,0.003103575566673
Farmer,women,1950,113760,0.001872872614023
Farmer,women,1960,181127,0.002084135335425
Farmer,women,1970,112396,0.001028685155932
Farmer,women,1980,181370,0.001411408516907
Farmer,women,1990,157681,0.00105736985704
Farmer,women,2000,117671,0.00069991287833
Fireman,men,1850,1718,0.000317783168294
Fireman,men,1860,3811,0.000451838262057
Fireman,men,1870,6031,0.000459363400474
Fireman,men,1880,16261,0.000888225740542
Fireman,men,1900,81592,0.002748151880322
Fireman,men,1910,139785,0.003590776847494
Fireman,men,1920,192430,0.004582925552669
Fireman,men,1930,196150,0.004025226586499
Fireman,men,1940,199221,0.003828870085198
Fireman,men,1950,250390,0.004122262428142
Fireman,men,1960,255326,0.002937905108861
Fireman,men,1970,292747,0.002679316820384
Fireman,men,1980,404958,0.003151354524948
Fireman,men,1990,382977,0.002568149211
Fireman,men,2000,373490,0.00222153683514
Fireman,women,1850,0,0.0
Fireman,women,1860,0,0.0
Fireman,women,1870,0,0.0
Fireman,women,1880,99,5.407683925000001e-06
Fireman,women,1900,200,6.736326797000001e-06
Fireman,women,1910,252,6.4733395250000005e-06
Fireman,women,1920,606,1.4432535908e-05
Fireman,women,1930,1516,3.1110086694e-05
Fireman,women,1940,1480,2.8444429684000004e-05
Fireman,women,1950,3969,6.5343103068e-05
Fireman,women,1960,1396,1.6063054808e-05
Fireman,women,1970,9011,8.2471635468e-05
Fireman,women,1980,11495,8.9453277288e-05
Fireman,women,1990,15924,0.000106782412614
Fireman,women,2000,23972,0.000142586631534
Fisherman,men,1850,12734,0.002355442878383
Fisherman,men,1860,18666,0.002213070847433
Fisherman,men,1870,24328,0.001852991677456
Fisherman,men,1880,34303,0.001873735168675
Fisherman,men,1900,73919,0.002489712702735
Fisherman,men,1910,73556,0.001889495881491
Fisherman,men,1920,51958,0.001237435149745
Fisherman,men,1930,67234,0.001379720032203
Fisherman,men,1940,66581,0.001279634170808
Fisherman,men,1950,81244,0.001337549777195
Fisherman,men,1960,55407,0.000637539883782
Fisherman,men,1970,47863,0.000438057916815
Fisherman,men,1980,72464,0.000563909724701
Fisherman,men,1990,70675,0.000473929101453
Fisherman,men,2000,68818,0.000409332838685
Fisherman,women,1850,0,0.0
Fisherman,women,1860,0,0.0
Fisherman,women,1870,0,0.0
Fisherman,women,1880,599,3.2719218903000005e-05
Fisherman,women,1900,3514,0.000118357261832
Fisherman,women,1910,0,0.0
Fisherman,women,1920,404,9.621690605e-06
Fisherman,women,1930,0,0.0
Fisherman,women,1940,3039,5.8407176898e-05
Fisherman,women,1950,1461,2.4052978982e-05
Fisherman,women,1960,1098,1.2634121905000002e-05
Fisherman,women,1970,3008,2.7530205247e-05
Fisherman,women,1980,7263,5.652015249600001e-05
Fisherman,women,1990,6360,4.2648589815e-05
Fisherman,women,2000,5504,3.2738061904e-05
Floor Manager,men,1850,0,0.0
Floor Manager,men,1860,0,0.0
Floor Manager,men,1870,0,0.0
Floor Manager,men,1880,0,0.0
Floor Manager,men,1900,802,2.7012670458e-05
Floor Manager,men,1910,14106,0.000362352886295
Floor Manager,men,1920,3533,8.4142160669e-05
Floor Manager,men,1930,3034,6.2261215719e-05
Floor Manager,men,1940,7505,0.000144240165391
Floor Manager,men,1950,5095,8.3880854153e-05
Floor Manager,men,1960,7174,8.254753237400001e-05
Floor Manager,men,1970,0,0.0
Floor Manager,men,1980,0,0.0
Floor Manager,men,1990,0,0.0
Floor Manager,men,2000,0,0.0
Floor Manager,women,1850,0,0.0
Floor Manager,women,1860,0,0.0
Floor Manager,women,1870,0,0.0
Floor Manager,women,1880,0,0.0
Floor Manager,women,1900,101,3.401845032e-06
Floor Manager,women,1910,4030,0.000103522056697
Floor Manager,women,1920,1414,3.3675917120000005e-05
Floor Manager,women,1930,505,1.0363188509e-05
Floor Manager,women,1940,3596,6.9112276448e-05
Floor Manager,women,1950,5334,8.7815598832e-05
Floor Manager,women,1960,7976,9.1775734348e-05
Floor Manager,women,1970,0,0.0
Floor Manager,women,1980,0,0.0
Floor Manager,women,1990,0,0.0
Floor Manager,women,2000,0,0.0
Foremen,men,1850,2427,0.000448928841356
Foremen,men,1860,9835,0.001166053347503
Foremen,men,1870,10358,0.000788938169808
Foremen,men,1880,22943,0.001253217093983
Foremen,men,1900,131261,0.004421084958856
Foremen,men,1910,274820,0.007059536382505
Foremen,men,1920,443397,0.01055997215235
Foremen,men,1930,519696,0.010664767555939
Foremen,men,1940,568592,0.010927888623606
Foremen,men,1950,790386,0.013012414679218
Foremen,men,1960,1215583,0.013987089078061
Foremen,men,1970,1664520,0.015234234454549
Foremen,men,1980,2132755,0.016596948621477
Foremen,men,1990,1741680,0.011679276086591
Foremen,men,2000,1999279,0.011891809532311
Foremen,women,1850,0,0.0
Foremen,women,1860,101,1.1974721718e-05
Foremen,women,1870,201,1.5309574447e-05
Foremen,women,1880,599,3.2719218903000005e-05
Foremen,women,1900,9846,0.000331629368242
Foremen,women,1910,20403,0.000524109310866
Foremen,women,1920,39854,0.000949165488624
Foremen,women,1930,41959,0.000861047577583
Foremen,women,1940,48342,0.00092909501337
Foremen,women,1950,66337,0.001092130367409
Foremen,women,1960,113444,0.001305341826408
Foremen,women,1970,170726,0.001562540499055
Foremen,women,1980,352845,0.002745814843404
Foremen,women,1990,322602,0.002163289366638
Foremen,women,2000,436539,0.002596555378926
Forgemen,men,1850,1010,0.000186822467972
Forgemen,men,1860,1507,0.000178672332962
Forgemen,men,1870,1308,9.9626484466e-05
Forgemen,men,1880,599,3.2719218903000005e-05
Forgemen,men,1900,3613,0.000121691743597
Forgemen,men,1910,7558,0.000194148810053
Forgemen,men,1920,8676,0.000206628187366
Forgemen,men,1930,6069,0.000124542952604
Forgemen,men,1940,0,0.0
Forgemen,men,1950,17916,0.000294957680668
Forgemen,men,1960,11543,0.00013281937081
Forgemen,men,1970,17428,0.000159506787586
Forgemen,men,1980,16311,0.000126931048791
Forgemen,men,1990,19672,0.000131915575292
Forgemen,men,2000,16752,9.9641717481e-05
Forgemen,women,1850,0,0.0
Forgemen,women,1860,0,0.0
Forgemen,women,1870,0,0.0
Forgemen,women,1880,0,0.0
Forgemen,women,1900,101,3.401845032e-06
Forgemen,women,1910,0,0.0
Forgemen,women,1920,303,7.216267954e-06
Forgemen,women,1930,0,0.0
Forgemen,women,1940,0,0.0
Forgemen,women,1950,339,5.581081365000001e-06
Forgemen,women,1960,997,1.1471966793e-05
Forgemen,women,1970,1304,1.1934636849e-05
Forgemen,women,1980,1322,1.0287710532e-05
Forgemen,women,1990,1246,8.355368382000001e-06
Forgemen,women,2000,1115,6.632074677000001e-06
Forrester,men,1850,0,0.0
Forrester,men,1860,300,3.5568480350000006e-05
Forrester,men,1870,100,7.616703705e-06
Forrester,men,1880,0,0.0
Forrester,men,1900,1207,4.0653732223000005e-05
Forrester,men,1910,4284,0.000110046771933
Forrester,men,1920,7266,0.000173047534509
Forrester,men,1930,12134,0.000249003820548
Forrester,men,1940,0,0.0
Forrester,men,1950,26195,0.000431257894904
Forrester,men,1960,40254,0.000463182097601
Forrester,men,1970,52191,0.000477669196175
Forrester,men,1980,59767,0.000465102568396
Forrester,men,1990,52735,0.000353627890557
Forrester,men,2000,46628,0.000277345630536
Forrester,women,1850,0,0.0
Forrester,women,1860,0,0.0
Forrester,women,1870,0,0.0
Forrester,women,1880,0,0.0
Forrester,women,1900,0,0.0
Forrester,women,1910,0,0.0
Forrester,women,1920,0,0.0
Forrester,women,1930,0,0.0
Forrester,women,1940,0,0.0
Forrester,women,1950,1750,2.8810892005e-05
Forrester,women,1960,2487,2.8616631309e-05
Forrester,women,1970,3109,2.8454590464000003e-05
Forrester,women,1980,8826,6.868330799e-05
Forrester,women,1990,9165,6.145822730500001e-05
Forrester,women,2000,7396,4.3991770683e-05
Funeral Director,men,1850,606,0.000112093480783
Funeral Director,men,1860,601,7.125552230200001e-05
Funeral Director,men,1870,2106,0.000160407780036
Funeral Director,men,1880,5784,0.000315939836621
Funeral Director,men,1900,12066,0.000406402595695
Funeral Director,men,1910,16372,0.000420561566313
Funeral Director,men,1920,22005,0.000524072529161
Funeral Director,men,1930,32352,0.000663900741914
Funeral Director,men,1940,34865,0.000670077730362
Funeral Director,men,1950,35287,0.000580942826398
Funeral Director,men,1960,36562,0.000420700150357
Funeral Director,men,1970,44275,0.000405219360821
Funeral Director,men,1980,42362,0.000329658088952
Funeral Director,men,1990,46564,0.00031224668808
Funeral Director,men,2000,44421,0.000264218286309
Funeral Director,women,1850,0,0.0
Funeral Director,women,1860,0,0.0
Funeral Director,women,1870,0,0.0
Funeral Director,women,1880,99,5.407683925000001e-06
Funeral Director,women,1900,200,6.736326797000001e-06
Funeral Director,women,1910,1259,3.2341009772e-05
Funeral Director,women,1920,806,1.9195749079e-05
Funeral Director,women,1930,1011,2.0746898184e-05
Funeral Director,women,1940,1718,3.3018601484000005e-05
Funeral Director,women,1950,4118,6.779614473000001e-05
Funeral Director,women,1960,2591,2.9813305879000003e-05
Funeral Director,women,1970,4205,3.8485542908000005e-05
Funeral Director,women,1980,4483,3.4886389046e-05
Funeral Director,women,1990,7353,4.9307402659e-05
Funeral Director,women,2000,9932,5.9076023043000005e-05
Furnaceman,men,1850,9808,0.001814212639483
Furnaceman,men,1860,7528,0.000892531733605
Furnaceman,men,1870,13162,0.001002510541708
Furnaceman,men,1880,42480,0.0023203880117
Furnaceman,men,1900,28251,0.000951539841785
Furnaceman,men,1910,29463,0.00075684127952
Furnaceman,men,1920,28262,0.000673089653222
Furnaceman,men,1930,19715,0.000404574775186
Furnaceman,men,1940,30045,0.000577441141796
Furnaceman,men,1950,58253,0.000959040509711
Furnaceman,men,1960,62349,0.000717417911346
Furnaceman,men,1970,79432,0.000726987786985
Furnaceman,men,1980,0,0.0
Furnaceman,men,1990,0,0.0
Furnaceman,men,2000,0,0.0
Furnaceman,women,1850,0,0.0
Furnaceman,women,1860,0,0.0
Furnaceman,women,1870,0,0.0
Furnaceman,women,1880,0,0.0
Furnaceman,women,1900,200,6.736326797000001e-06
Furnaceman,women,1910,504,1.294667905e-05
Furnaceman,women,1920,202,4.810845302e-06
Furnaceman,women,1930,0,0.0
Furnaceman,women,1940,101,1.941140133e-06
Furnaceman,women,1950,783,1.2890816251000002e-05
Furnaceman,women,1960,1190,1.3692718640000002e-05
Furnaceman,women,1970,3505,3.2078912697e-05
Furnaceman,women,1980,0,0.0
Furnaceman,women,1990,0,0.0
Furnaceman,women,2000,0,0.0
Furrier,men,1850,202,3.7364493594e-05
Furrier,men,1860,301,3.5687041952000005e-05
Furrier,men,1870,501,3.8159685564e-05
Furrier,men,1880,997,5.4459200745e-05
Furrier,men,1900,3919,0.000131998323597
Furrier,men,1910,0,0.0
Furrier,men,1920,7469,0.000177882195878
Furrier,men,1930,10616,0.000217852691523
Furrier,men,1940,16327,0.000313792029359
Furrier,men,1950,13387,0.000220395092158
Furrier,men,1960,4085,4.700399634e-05
Furrier,men,1970,3807,3.4842916016e-05
Furrier,men,1980,3882,3.0209449537000003e-05
Furrier,men,1990,7218,4.8402125989e-05
Furrier,men,2000,0,0.0
Furrier,women,1850,0,0.0
Furrier,women,1860,303,3.5924165154000004e-05
Furrier,women,1870,0,0.0
Furrier,women,1880,796,4.3479963684000006e-05
Furrier,women,1900,903,3.041451549e-05
Furrier,women,1910,0,0.0
Furrier,women,1920,1514,3.6057523705e-05
Furrier,women,1930,1010,2.0726377019e-05
Furrier,women,1940,2424,4.6587363212000006e-05
Furrier,women,1950,2251,3.7059038802e-05
Furrier,women,1960,1297,1.4923912669e-05
Furrier,women,1970,802,7.340167755e-06
Furrier,women,1980,8922,6.9430373203e-05
Furrier,women,1990,14334,9.612026516e-05
Furrier,women,2000,0,0.0
Gardener / Groundskeeper,men,1850,8596,0.001590025677915
Gardener / Groundskeeper,men,1860,18751,0.002223148583532
Gardener / Groundskeeper,men,1870,31048,0.002364834166461
Gardener / Groundskeeper,men,1880,41906,0.002289034369545
Gardener / Groundskeeper,men,1900,55665,0.001874888155924
Gardener / Groundskeeper,men,1910,93958,0.002413579504502
Gardener / Groundskeeper,men,1920,39958,0.000951642359473
Gardener / Groundskeeper,men,1930,124869,0.00256245739806
Gardener / Groundskeeper,men,1940,186215,0.003578905049745
Gardener / Groundskeeper,men,1950,157029,0.0025852260347
Gardener / Groundskeeper,men,1960,287768,0.003311198535859
Gardener / Groundskeeper,men,1970,543926,0.004978189634204
Gardener / Groundskeeper,men,1980,570275,0.004437839730823
Gardener / Groundskeeper,men,1990,924326,0.006198301954443
Gardener / Groundskeeper,men,2000,1267931,0.007541715764589
Gardener / Groundskeeper,women,1850,0,0.0
Gardener / Groundskeeper,women,1860,1005,0.000119154409175
Gardener / Groundskeeper,women,1870,100,7.616703705e-06
Gardener / Groundskeeper,women,1880,898,4.9051516819000006e-05
Gardener / Groundskeeper,women,1900,905,3.0481878758000003e-05
Gardener / Groundskeeper,women,1910,5542,0.000142362093849
Gardener / Groundskeeper,women,1920,909,2.1648803863000003e-05
Gardener / Groundskeeper,women,1930,1011,2.0746898184e-05
Gardener / Groundskeeper,women,1940,2518,4.8393968881e-05
Gardener / Groundskeeper,women,1950,3698,6.0881530649e-05
Gardener / Groundskeeper,women,1960,6477,7.4527511456e-05
Gardener / Groundskeeper,women,1970,20631,0.000188821696964
Gardener / Groundskeeper,women,1980,57849,0.000450176828001
Gardener / Groundskeeper,women,1990,86456,0.000579752591372
Gardener / Groundskeeper,women,2000,113506,0.000675139254088
Glazier,men,1850,101,1.8682246797e-05
Glazier,men,1860,901,0.000106824002653
Glazier,men,1870,904,6.885500149700001e-05
Glazier,men,1880,696,3.8017656688e-05
Glazier,men,1900,3317,0.000111721979937
Glazier,men,1910,0,0.0
Glazier,men,1920,3635,8.6571399386e-05
Glazier,men,1930,9101,0.000186763125994
Glazier,men,1940,12949,0.000248869540526
Glazier,men,1950,14297,0.000235376756001
Glazier,men,1960,18235,0.000209820776811
Glazier,men,1970,28336,0.000259340390925
Glazier,men,1980,34302,0.000266935738804
Glazier,men,1990,49856,0.000334322027337
Glazier,men,2000,57335,0.000341031391584
Glazier,women,1850,0,0.0
Glazier,women,1860,0,0.0
Glazier,women,1870,0,0.0
Glazier,women,1880,0,0.0
Glazier,women,1900,101,3.401845032e-06
Glazier,women,1910,0,0.0
Glazier,women,1920,202,4.810845302e-06
Glazier,women,1930,0,0.0
Glazier,women,1940,303,5.823420401000001e-06
Glazier,women,1950,784,1.2907279618e-05
Glazier,women,1960,500,5.753243126e-06
Glazier,women,1970,1504,1.3765102623e-05
Glazier,women,1980,2142,1.6668892557e-05
Glazier,women,1990,2971,1.9922792506000003e-05
Glazier,women,2000,2671,1.588723898e-05
Hospital Attendant,men,1850,101,1.8682246797e-05
Hospital Attendant,men,1860,200,2.3712320233e-05
Hospital Attendant,men,1870,403,3.0695315932e-05
Hospital Attendant,men,1880,1495,8.166148958300001e-05
Hospital Attendant,men,1900,5430,0.000182891272553
Hospital Attendant,men,1910,0,0.0
Hospital Attendant,men,1920,12112,0.000288460189647
Hospital Attendant,men,1930,24262,0.000497884514104
Hospital Attendant,men,1940,65725,0.001263182527693
Hospital Attendant,men,1950,87897,0.001447080556916
Hospital Attendant,men,1960,124009,0.001426907853664
Hospital Attendant,men,1970,145853,0.001334894623014
Hospital Attendant,men,1980,207920,0.001618018739788
Hospital Attendant,men,1990,281405,0.001887032455529
Hospital Attendant,men,2000,329525,0.001960030859192
Hospital Attendant,women,1850,101,1.8682246797e-05
Hospital Attendant,women,1860,902,0.000106942564255
Hospital Attendant,women,1870,403,3.0695315932e-05
Hospital Attendant,women,1880,698,3.8126902828e-05
Hospital Attendant,women,1900,3113,0.000104850926603
Hospital Attendant,women,1910,0,0.0
Hospital Attendant,women,1920,11104,0.000264453595264
Hospital Attendant,women,1930,10616,0.000217852691523
Hospital Attendant,women,1940,54842,0.001054019873469
Hospital Attendant,women,1950,126801,0.002087571381248
Hospital Attendant,women,1960,479067,0.005512377849443
Hospital Attendant,women,1970,984420,0.009009735588486
Hospital Attendant,women,1980,1705976,0.013275784617301
Hospital Attendant,women,1990,2153464,0.014440597927596
Hospital Attendant,women,2000,2508569,0.014921091426789
Household Worker,men,1850,14966,0.002768302035329
Household Worker,men,1860,36635,0.004343504258851
Household Worker,men,1870,79495,0.006054898610629
Household Worker,men,1880,200507,0.010952307887522
Household Worker,men,1900,109734,0.003696020424003
Household Worker,men,1910,287427,0.007383383173766
Household Worker,men,1920,108884,0.002593188514664
Household Worker,men,1930,108678,0.002230199209623
Household Worker,men,1940,188721,0.003627068388115
Household Worker,men,1950,92978,0.001530730923933
Household Worker,men,1960,114267,0.001314811664594
Household Worker,men,1970,100857,0.000923076433075
Household Worker,men,1980,57388,0.000446589358594
Household Worker,men,1990,62976,0.000422301508215
Household Worker,men,2000,31353,0.000186489181483
Household Worker,women,1850,11620,0.002149383245391
Household Worker,women,1860,616191,0.073056591586347
Household Worker,women,1870,869232,0.06620682595276
Household Worker,women,1880,1096234,0.059879666469349
Household Worker,women,1900,1465711,0.049367541433714
Household Worker,women,1910,2031315,0.052180125707116
Household Worker,women,1920,1476973,0.035175686235526
Household Worker,women,1930,1947276,0.039960372808832
Household Worker,women,1940,2259463,0.043425092180612
Household Worker,women,1950,1541444,0.025377358066556
Household Worker,women,1960,2760658,0.031765473324374
Household Worker,women,1970,2152078,0.019696525614879
Household Worker,women,1980,962462,0.007489811236698
Household Worker,women,1990,855222,0.005734907591134
Household Worker,women,2000,123088,0.000732133459968
Huckster,men,1850,11322,0.002094261368702
Huckster,men,1860,21079,0.002499159991055
Huckster,men,1870,32454,0.002471925020559
Huckster,men,1880,54049,0.002952322308012
Huckster,men,1900,73066,0.002460982268943
Huckster,men,1910,0,0.0
Huckster,men,1920,45724,0.001088965795199
Huckster,men,1930,52579,0.001078982353767
Huckster,men,1940,54906,0.001055249902861
Huckster,men,1950,21167,0.000348480086331
Huckster,men,1960,27385,0.000315105126019
Huckster,men,1970,35059,0.000320871497934
Huckster,men,1980,57774,0.000449593183303
Huckster,men,1990,96374,0.000646260250774
Huckster,men,2000,0,0.0
Huckster,women,1850,0,0.0
Huckster,women,1860,1403,0.000166341926441
Huckster,women,1870,2110,0.000160712448184
Huckster,women,1880,3786,0.00020680294285
Huckster,women,1900,2513,8.4641946211e-05
Huckster,women,1910,0,0.0
Huckster,women,1920,1514,3.6057523705e-05
Huckster,women,1930,3540,7.2644925394e-05
Huckster,women,1940,3755,7.2168130718e-05
Huckster,women,1950,3572,5.8807146424e-05
Huckster,women,1960,49318,0.000567476888992
Huckster,women,1970,170465,0.001560151741219
Huckster,women,1980,281812,0.002193041059528
Huckster,women,1990,216853,0.001454162680403
Huckster,women,2000,0,0.0
Human Resources,men,1850,0,0.0
Human Resources,men,1860,0,0.0
Human Resources,men,1870,0,0.0
Human Resources,men,1880,0,0.0
Human Resources,men,1900,0,0.0
Human Resources,men,1910,0,0.0
Human Resources,men,1920,1917,4.5655398245e-05
Human Resources,men,1930,2022,4.1493796369000005e-05
Human Resources,men,1940,0,0.0
Human Resources,men,1950,39058,0.000643026182828
Human Resources,men,1960,76577,0.000881132197744
Human Resources,men,1970,231098,0.002115084897734
Human Resources,men,1980,393747,0.00306411131558
Human Resources,men,1990,407601,0.002733271675721
Human Resources,men,2000,565758,0.003365156327546
Human Resources,women,1850,0,0.0
Human Resources,women,1860,0,0.0
Human Resources,women,1870,0,0.0
Human Resources,women,1880,0,0.0
Human Resources,women,1900,0,0.0
Human Resources,women,1910,0,0.0
Human Resources,women,1920,200,4.763213171e-06
Human Resources,women,1930,505,1.0363188509e-05
Human Resources,women,1940,0,0.0
Human Resources,women,1950,15585,0.000256581572517
Human Resources,women,1960,45217,0.000520288788871
Human Resources,women,1970,126330,0.001156213706439
Human Resources,women,1980,327683,0.00255000593839
Human Resources,women,1990,501023,0.003359736543298
Human Resources,women,2000,974106,0.005794030256048
Inmate,men,1850,303,5.6046740391000006e-05
Inmate,men,1860,1303,0.000154485766324
Inmate,men,1870,19096,0.001454485739588
Inmate,men,1880,11683,0.000638161326287
Inmate,men,1900,20904,0.000704080876878
Inmate,men,1910,25692,0.000659972377335
Inmate,men,1920,32293,0.000769092214687
Inmate,men,1930,64714,0.001328006695481
Inmate,men,1940,0,0.0
Inmate,men,1950,0,0.0
Inmate,men,1960,0,0.0
Inmate,men,1970,0,0.0
Inmate,men,1980,0,0.0
Inmate,men,1990,0,0.0
Inmate,men,2000,0,0.0
Inmate,women,1850,0,0.0
Inmate,women,1860,2305,0.000273284490696
Inmate,women,1870,14797,0.001127043647292
Inmate,women,1880,8674,0.000473800508792
Inmate,women,1900,11053,0.000372283100465
Inmate,women,1910,3778,9.7048717171e-05
Inmate,women,1920,17355,0.00041332782293
Inmate,women,1930,40948,0.000840300679398
Inmate,women,1940,0,0.0
Inmate,women,1950,0,0.0
Inmate,women,1960,0,0.0
Inmate,women,1970,0,0.0
Inmate,women,1980,0,0.0
Inmate,women,1990,0,0.0
Inmate,women,2000,0,0.0
Inspector,men,1850,1721,0.000318338086516
Inspector,men,1860,1808,0.000214359374914
Inspector,men,1870,5325,0.000405589472314
Inspector,men,1880,7384,0.000403336748549
Inspector,men,1900,40907,0.001377814601533
Inspector,men,1910,48616,0.001248840771311
Inspector,men,1920,118660,0.002826014374472
Inspector,men,1930,123842,0.00254138216123
Inspector,men,1940,137552,0.002643640670206
Inspector,men,1950,170403,0.002805407103089
Inspector,men,1960,212526,0.002445427497261
Inspector,men,1970,254269,0.002327153510035
Inspector,men,1980,204298,0.001589832591868
Inspector,men,1990,204463,0.001371078399299
Inspector,men,2000,161302,0.0009594322059
Inspector,women,1850,0,0.0
Inspector,women,1860,0,0.0
Inspector,women,1870,0,0.0
Inspector,women,1880,0,0.0
Inspector,women,1900,1405,4.7322695752e-05
Inspector,women,1910,1259,3.2341009772e-05
Inspector,women,1920,4742,0.000112935784289
Inspector,women,1930,4041,8.2926029243e-05
Inspector,women,1940,8597,0.000165227541887
Inspector,women,1950,11117,0.000183023249385
Inspector,women,1960,24507,0.000281989458585
Inspector,women,1970,28647,0.000262186765205
Inspector,women,1980,37570,0.000292367083752
Inspector,women,1990,66435,0.000445496708243
Inspector,women,2000,72389,0.000430573321799
Insulation Worker,men,1850,0,0.0
Insulation Worker,men,1860,0,0.0
Insulation Worker,men,1870,0,0.0
Insulation Worker,men,1880,0,0.0
Insulation Worker,men,1900,202,6.8036900650000005e-06
Insulation Worker,men,1910,0,0.0
Insulation Worker,men,1920,2624,6.2493356806e-05
Insulation Worker,men,1930,1517,3.1130607859e-05
Insulation Worker,men,1940,10681,0.000205280373956
Insulation Worker,men,1950,17794,0.000292949149911
Insulation Worker,men,1960,24297,0.000279573096472
Insulation Worker,men,1970,29951,0.000274121402054
Insulation Worker,men,1980,60958,0.00047437084619
Insulation Worker,men,1990,86239,0.000578297442946
Insulation Worker,men,2000,77376,0.000460236242351
Insulation Worker,women,1850,0,0.0
Insulation Worker,women,1860,0,0.0
Insulation Worker,women,1870,0,0.0
Insulation Worker,women,1880,0,0.0
Insulation Worker,women,1900,101,3.401845032e-06
Insulation Worker,women,1910,0,0.0
Insulation Worker,women,1920,0,0.0
Insulation Worker,women,1930,0,0.0
Insulation Worker,women,1940,786,1.5106298467000002e-05
Insulation Worker,women,1950,1610,2.6506020645e-05
Insulation Worker,women,1960,995,1.1448953821e-05
Insulation Worker,women,1970,900,8.237095985e-06
Insulation Worker,women,1980,3242,2.5229014786e-05
Insulation Worker,women,1990,4158,2.7882521455e-05
Insulation Worker,women,2000,4840,2.8788557343e-05
Insurance Agent,men,1850,606,0.000112093480783
Insurance Agent,men,1860,1806,0.000214122251712
Insurance Agent,men,1870,12458,0.000948888947622
Insurance Agent,men,1880,13365,0.000730037329952
Insurance Agent,men,1900,67332,0.002267851779658
Insurance Agent,men,1910,74801,0.00192147726129
Insurance Agent,men,1920,119169,0.002838136751993
Insurance Agent,men,1930,259333,0.005321815377806
Insurance Agent,men,1940,232506,0.004468581464952
Insurance Agent,men,1950,288469,0.004749170974814
Insurance Agent,men,1960,415632,0.004782463894026
Insurance Agent,men,1970,509645,0.004664438648132
Insurance Agent,men,1980,536722,0.004176732657063
Insurance Agent,men,1990,605552,0.004060682210732
Insurance Agent,men,2000,512838,0.003050385572464
Insurance Agent,women,1850,0,0.0
Insurance Agent,women,1860,0,0.0
Insurance Agent,women,1870,604,4.600489038e-05
Insurance Agent,women,1880,0,0.0
Insurance Agent,women,1900,1403,4.7255332484e-05
Insurance Agent,women,1910,3024,7.768007430500001e-05
Insurance Agent,women,1920,5653,0.000134632220283
Insurance Agent,women,1930,15160,0.000311100866945
Insurance Agent,women,1940,15793,0.000303528971622
Insurance Agent,women,1950,24562,0.000404373216821
Insurance Agent,women,1960,65148,0.000749624566366
Insurance Agent,women,1970,110316,0.001009648311878
Insurance Agent,women,1980,297359,0.002314026714336
Insurance Agent,women,1990,589576,0.003953551098955
Insurance Agent,women,2000,752326,0.004474871940437
Janitor,men,1850,202,3.7364493594e-05
Janitor,men,1860,803,9.5204965739e-05
Janitor,men,1870,3016,0.000229719783755
Janitor,men,1880,7480,0.000408580563265
Janitor,men,1900,48751,0.001642013338533
Janitor,men,1910,94970,0.002439575614025
Janitor,men,1920,135536,0.003227934301858
Janitor,men,1930,253254,0.005197067213547
Janitor,men,1940,343957,0.006610581554629
Janitor,men,1950,423443,0.006971297453411
Janitor,men,1960,698408,0.008036222050514
Janitor,men,1970,1471666,0.013469171222207
Janitor,men,1980,2153590,0.016759085118415
Janitor,men,1990,2288548,0.01534643788148
Janitor,men,2000,2004939,0.011925475489865
Janitor,women,1850,0,0.0
Janitor,women,1860,100,1.1856160116e-05
Janitor,women,1870,302,2.300244519e-05
Janitor,women,1880,697,3.8072279758e-05
Janitor,women,1900,7340,0.000247223193469
Janitor,women,1910,18391,0.000472425346083
Janitor,women,1920,21601,0.000514450838555
Janitor,women,1930,24772,0.000508350308441
Janitor,women,1940,41564,0.000798827213101
Janitor,women,1950,62893,0.001035430531942
Janitor,women,1960,117939,0.001357063482113
Janitor,women,1970,238126,0.002179407465049
Janitor,women,1980,751580,0.005848742422326
Janitor,women,1990,1153478,0.007734938692417
Janitor,women,2000,953749,0.005672945821784
Jeweler,men,1850,11832,0.002188597466391
Jeweler,men,1860,17268,0.002047321728998
Jeweler,men,1870,14776,0.001125444139513
Jeweler,men,1880,22250,0.001215363306504
Jeweler,men,1900,49851,0.001679063135919
Jeweler,men,1910,27203,0.000698786726633
Jeweler,men,1920,33402,0.000795504231721
Jeweler,men,1930,31341,0.000643153843729
Jeweler,men,1940,44607,0.000857311266836
Jeweler,men,1950,48404,0.000796892809504
Jeweler,men,1960,40433,0.00046524175864
Jeweler,men,1970,35357,0.000323598891938
Jeweler,men,1980,68858,0.00053584808765
Jeweler,men,1990,77985,0.000522948156729
Jeweler,men,2000,120157,0.000714699728238
Jeweler,women,1850,101,1.8682246797e-05
Jeweler,women,1860,301,3.5687041952000005e-05
Jeweler,women,1870,101,7.692870742000001e-06
Jeweler,women,1880,599,3.2719218903000005e-05
Jeweler,women,1900,2510,8.454090130900001e-05
Jeweler,women,1910,1008,2.5893358101e-05
Jeweler,women,1920,2624,6.2493356806e-05
Jeweler,women,1930,2024,4.1534838700000006e-05
Jeweler,women,1940,5015,9.6384334368e-05
Jeweler,women,1950,2997,4.9340710480000006e-05
Jeweler,women,1960,3887,4.4725712062e-05
Jeweler,women,1970,9316,8.5263095774e-05
Jeweler,women,1980,24699,0.000192205871748
Jeweler,women,1990,32224,0.000216086188401
Jeweler,women,2000,31809,0.000189201491844
Job Setter,men,1850,0,0.0
Job Setter,men,1860,0,0.0
Job Setter,men,1870,0,0.0
Job Setter,men,1880,0,0.0
Job Setter,men,1900,0,0.0
Job Setter,men,1910,0,0.0
Job Setter,men,1920,2524,6.011175022e-05
Job Setter,men,1930,6571,0.000134844577618
Job Setter,men,1940,0,0.0
Job Setter,men,1950,24555,0.000404257973253
Job Setter,men,1960,40441,0.00046533381053
Job Setter,men,1970,91541,0.0008378133373
Job Setter,men,1980,57611,0.000448324728828
Job Setter,men,1990,28718,0.000192575817977
Job Setter,men,2000,0,0.0
Job Setter,women,1850,0,0.0
Job Setter,women,1860,0,0.0
Job Setter,women,1870,0,0.0
Job Setter,women,1880,0,0.0
Job Setter,women,1900,0,0.0
Job Setter,women,1910,0,0.0
Job Setter,women,1920,0,0.0
Job Setter,women,1930,0,0.0
Job Setter,women,1940,0,0.0
Job Setter,women,1950,550,9.054851773e-06
Job Setter,women,1960,698,8.031527404e-06
Job Setter,women,1970,3011,2.7557662234e-05
Job Setter,women,1980,4323,3.3641280358000004e-05
Job Setter,women,1990,2841,1.9051044601e-05
Job Setter,women,2000,0,0.0
Laborer,men,1850,620277,0.114734336600815
Laborer,men,1860,826978,0.0980478358121
Laborer,men,1870,1134710,0.086427498615854
Laborer,men,1880,1851194,0.101117899362783
Laborer,men,1900,3134854,0.10558700503281
Laborer,men,1910,3523434,0.090509462609554
Laborer,men,1920,3861050,0.091955021073288
Laborer,men,1930,4421845,0.090741412466887
Laborer,men,1940,4600712,0.088422046608619
Laborer,men,1950,3170293,0.052193696713534
Laborer,men,1960,3563009,0.040997714075415
Laborer,men,1970,4034593,0.036925922001949
Laborer,men,1980,4605256,0.035837776594474
Laborer,men,1990,5021782,0.033674830292979
Laborer,men,2000,4746546,0.028232688368333
Laborer,women,1850,3436,0.000635566336588
Laborer,women,1860,18778,0.002226349746764
Laborer,women,1870,37194,0.002832956776196
Laborer,women,1880,157410,0.008598217441659
Laborer,women,1900,134963,0.004545774367879
Laborer,women,1910,123424,0.003170497847588
Laborer,women,1920,206999,0.004929901816125
Laborer,women,1930,202730,0.004160255854606
Laborer,women,1940,134098,0.002577257521471
Laborer,women,1950,117171,0.001929029158384
Laborer,women,1960,210569,0.002422909303666
Laborer,women,1970,474892,0.004346367762832
Laborer,women,1980,837301,0.006515817183741
Laborer,women,1990,1077068,0.007222552096845
Laborer,women,2000,825610,0.004910768766125
Laundry / Dry Cleaning,men,1850,303,5.6046740391000006e-05
Laundry / Dry Cleaning,men,1860,1805,0.000214003690111
Laundry / Dry Cleaning,men,1870,7018,0.000534540266046
Laundry / Dry Cleaning,men,1880,16074,0.000878011226461
Laundry / Dry Cleaning,men,1900,48646,0.001638476766964
Laundry / Dry Cleaning,men,1910,40805,0.001048192933877
Laundry / Dry Cleaning,men,1920,54781,0.001304667903657
Laundry / Dry Cleaning,men,1930,95031,0.001950146865876
Laundry / Dry Cleaning,men,1940,53970,0.001037260723007
Laundry / Dry Cleaning,men,1950,143430,0.002361340708768
Laundry / Dry Cleaning,men,1960,132711,0.001527037297032
Laundry / Dry Cleaning,men,1970,141238,0.001292656625268
Laundry / Dry Cleaning,men,1980,113516,0.000883373486272
Laundry / Dry Cleaning,men,1990,161794,0.001084950619605
Laundry / Dry Cleaning,men,2000,157827,0.000938762735494
Laundry / Dry Cleaning,women,1850,0,0.0
Laundry / Dry Cleaning,women,1860,601,7.125552230200001e-05
Laundry / Dry Cleaning,women,1870,4030,0.000306953159328
Laundry / Dry Cleaning,women,1880,39807,0.002174380545709
Laundry / Dry Cleaning,women,1900,31145,0.001049014490546
Laundry / Dry Cleaning,women,1910,73802,0.001895815093885
Laundry / Dry Cleaning,women,1920,99415,0.002367674187073
Laundry / Dry Cleaning,women,1930,187559,0.003848929254842
Laundry / Dry Cleaning,women,1940,175984,0.003382273319949
Laundry / Dry Cleaning,women,1950,307130,0.005056393863793
Laundry / Dry Cleaning,women,1960,504340,0.005803181276498
Laundry / Dry Cleaning,women,1970,416819,0.00381486456823
Laundry / Dry Cleaning,women,1980,286070,0.002226176514482
Laundry / Dry Cleaning,women,1990,318990,0.002139068186384
Laundry / Dry Cleaning,women,2000,275642,0.001639532132886
Lawyer / Judge,men,1850,24369,0.004507600714882
Lawyer / Judge,men,1860,35027,0.00415285720417
Lawyer / Judge,men,1870,44027,0.003353406140388
Lawyer / Judge,men,1880,65815,0.003595017349106
Lawyer / Judge,men,1900,98163,0.003306290237132
Lawyer / Judge,men,1910,111097,0.002853843655801
Lawyer / Judge,men,1920,121497,0.002893580553305
Lawyer / Judge,men,1930,158729,0.003257304057346
Lawyer / Judge,men,1940,168630,0.003240935255154
Lawyer / Judge,men,1950,173840,0.002861991694988
Lawyer / Judge,men,1960,211203,0.00243020441595
Lawyer / Judge,men,1970,281466,0.002576069398375
Lawyer / Judge,men,1980,481261,0.003745139076228
Lawyer / Judge,men,1990,628376,0.004213734319845
Lawyer / Judge,men,2000,699931,0.0041632239111
Lawyer / Judge,women,1850,0,0.0
Lawyer / Judge,women,1860,100,1.1856160116e-05
Lawyer / Judge,women,1870,0,0.0
Lawyer / Judge,women,1880,0,0.0
Lawyer / Judge,women,1900,402,1.3540016863e-05
Lawyer / Judge,women,1910,1258,3.2315321916000006e-05
Lawyer / Judge,women,1920,1110,2.64358331e-05
Lawyer / Judge,women,1930,2529,5.189802721e-05
Lawyer / Judge,women,1940,4735,9.1002955779e-05
Lawyer / Judge,women,1950,5909,9.7282034777e-05
Lawyer / Judge,women,1960,9565,0.000110059541003
Lawyer / Judge,women,1970,17728,0.000162252486248
Lawyer / Judge,women,1980,85744,0.000667253745788
Lawyer / Judge,women,1990,213279,0.001430196318768
Lawyer / Judge,women,2000,310186,0.001845001538849
Librarian,men,1850,0,0.0
Librarian,men,1860,100,1.1856160116e-05
Librarian,men,1870,302,2.300244519e-05
Librarian,men,1880,298,1.6277674846e-05
Librarian,men,1900,805,2.711371536e-05
Librarian,men,1910,0,0.0
Librarian,men,1920,1313,3.1270494468e-05
Librarian,men,1930,2022,4.1493796369000005e-05
Librarian,men,1940,4836,9.2944095913e-05
Librarian,men,1950,6517,0.000107291761828
Librarian,men,1960,12953,0.000149043516426
Librarian,men,1970,24742,0.000226446920958
Librarian,men,1980,38669,0.000300919424051
Librarian,men,1990,50193,0.000336581866137
Librarian,men,2000,38871,0.000231206614149
Librarian,women,1850,0,0.0
Librarian,women,1860,0,0.0
Librarian,women,1870,201,1.5309574447e-05
Librarian,women,1880,399,2.1794604912e-05
Librarian,women,1900,2813,9.4746436407e-05
Librarian,women,1910,0,0.0
Librarian,women,1920,12916,0.000307608306596
Librarian,women,1930,29830,0.000612146362861
Librarian,women,1940,31267,0.000600927015494
Librarian,women,1950,55246,0.000909535165562
Librarian,women,1960,103011,0.001185294655338
Librarian,women,1970,146646,0.001342152419809
Librarian,women,1980,209578,0.001630921178565
Librarian,women,1990,257080,0.001723915010989
Librarian,women,2000,188810,0.001123051138833
Library Attendant,men,1850,0,0.0
Library Attendant,men,1860,0,0.0
Library Attendant,men,1870,303,2.3078612227e-05
Library Attendant,men,1880,0,0.0
Library Attendant,men,1900,402,1.3540016863e-05
Library Attendant,men,1910,0,0.0
Library Attendant,men,1920,303,7.216267954e-06
Library Attendant,men,1930,0,0.0
Library Attendant,men,1940,7096,0.000136379508809
Library Attendant,men,1950,2879,4.7398033190000006e-05
Library Attendant,men,1960,10059,0.000115743745212
Library Attendant,men,1970,32563,0.000298027285069
Library Attendant,men,1980,35398,0.000275464733315
Library Attendant,men,1990,41915,0.000281071641845
Library Attendant,men,2000,52874,0.000314497144826
Library Attendant,women,1850,0,0.0
Library Attendant,women,1860,0,0.0
Library Attendant,women,1870,302,2.300244519e-05
Library Attendant,women,1880,0,0.0
Library Attendant,women,1900,1307,4.4021895621e-05
Library Attendant,women,1910,0,0.0
Library Attendant,women,1920,3028,7.211504741100001e-05
Library Attendant,women,1930,1518,3.1151129025e-05
Library Attendant,women,1940,28746,0.000552475388985
Library Attendant,women,1950,12268,0.000201972584641
Library Attendant,women,1960,36750,0.000422863369772
Library Attendant,women,1970,136732,0.001251416231369
Library Attendant,women,1980,151852,0.001181701527868
Library Attendant,women,1990,149378,0.00100169198892
Library Attendant,women,2000,205979,0.001225173192763
Lithographer,men,1850,808,0.000149457974378
Lithographer,men,1860,600,7.1136960701e-05
Lithographer,men,1870,1207,9.1933613724e-05
Lithographer,men,1880,3493,0.000190798383353
Lithographer,men,1900,8239,0.000277502982424
Lithographer,men,1910,7054,0.000181202131002
Lithographer,men,1920,11407,0.000271669863219
Lithographer,men,1930,14663,0.000300901847758
Lithographer,men,1940,28115,0.000540348067951
Lithographer,men,1950,30018,0.000494197346411
Lithographer,men,1960,28588,0.000328947428981
Lithographer,men,1970,32552,0.000297926609451
Lithographer,men,1980,22554,0.000175513633403
Lithographer,men,1990,41137,0.000275854565921
Lithographer,men,2000,0,0.0
Lithographer,women,1850,0,0.0
Lithographer,women,1860,0,0.0
Lithographer,women,1870,101,7.692870742000001e-06
Lithographer,women,1880,0,0.0
Lithographer,women,1900,202,6.8036900650000005e-06
Lithographer,women,1910,252,6.4733395250000005e-06
Lithographer,women,1920,404,9.621690605e-06
Lithographer,women,1930,506,1.0383709675000002e-05
Lithographer,women,1940,606,1.1646840803000002e-05
Lithographer,women,1950,1051,1.730299857e-05
Lithographer,women,1960,1992,2.2920920614e-05
Lithographer,women,1970,5615,5.1390326618e-05
Lithographer,women,1980,6041,4.7010634893e-05
Lithographer,women,1990,14706,9.8614805319e-05
Lithographer,women,2000,0,0.0
Locomotive Engineer,men,1850,505,9.3411233986e-05
Locomotive Engineer,men,1860,2206,0.00026154689218
Locomotive Engineer,men,1870,11876,0.000904559732056
Locomotive Engineer,men,1880,16461,0.000899150354533
Locomotive Engineer,men,1900,52563,0.001770407727294
Locomotive Engineer,men,1910,106301,0.002730644701974
Locomotive Engineer,men,1920,113014,0.002691548866649
Locomotive Engineer,men,1930,114256,0.002344666270033
Locomotive Engineer,men,1940,69930,0.001343999302573
Locomotive Engineer,men,1950,78796,0.001297247455121
Locomotive Engineer,men,1960,79088,0.000910024984723
Locomotive Engineer,men,1970,66515,0.000608767154942
Locomotive Engineer,men,1980,87426,0.000680342950869
Locomotive Engineer,men,1990,55052,0.000369165120526
Locomotive Engineer,men,2000,57211,0.000340293833503
Locomotive Engineer,women,1850,0,0.0
Locomotive Engineer,women,1860,0,0.0
Locomotive Engineer,women,1870,0,0.0
Locomotive Engineer,women,1880,0,0.0
Locomotive Engineer,women,1900,100,3.368163398e-06
Locomotive Engineer,women,1910,252,6.4733395250000005e-06
Locomotive Engineer,women,1920,403,9.597874539e-06
Locomotive Engineer,women,1930,506,1.0383709675000002e-05
Locomotive Engineer,women,1940,202,3.882280267000001e-06
Locomotive Engineer,women,1950,189,3.111576336e-06
Locomotive Engineer,women,1960,198,2.2782842770000003e-06
Locomotive Engineer,women,1970,800,7.321863097e-06
Locomotive Engineer,women,1980,1480,1.1517255362e-05
Locomotive Engineer,women,1990,1520,1.0192744735e-05
Locomotive Engineer,women,2000,2324,1.3823265963e-05
Locomotive Fireman,men,1850,0,0.0
Locomotive Fireman,men,1860,1709,0.000202621776398
Locomotive Fireman,men,1870,8755,0.00066684240941
Locomotive Fireman,men,1880,10872,0.000593862016553
Locomotive Fireman,men,1900,45919,0.00154662695108
Locomotive Fireman,men,1910,71293,0.001831364265038
Locomotive Fireman,men,1920,93545,0.002227873880499
Locomotive Fireman,men,1930,64215,0.001317766633964
Locomotive Fireman,men,1940,50255,0.000965861360658
Locomotive Fireman,men,1950,60293,0.000992625778106
Locomotive Fireman,men,1960,40442,0.000465345317016
Locomotive Fireman,men,1970,13918,0.000127382113244
Locomotive Fireman,men,1980,0,0.0
Locomotive Fireman,men,1990,0,0.0
Locomotive Fireman,men,2000,0,0.0
Locomotive Fireman,women,1850,0,0.0
Locomotive Fireman,women,1860,0,0.0
Locomotive Fireman,women,1870,0,0.0
Locomotive Fireman,women,1880,0,0.0
Locomotive Fireman,women,1900,0,0.0
Locomotive Fireman,women,1910,252,6.4733395250000005e-06
Locomotive Fireman,women,1920,0,0.0
Locomotive Fireman,women,1930,0,0.0
Locomotive Fireman,women,1940,0,0.0
Locomotive Fireman,women,1950,55,9.054851773146592e-07
Locomotive Fireman,women,1960,0,0.0
Locomotive Fireman,women,1970,100,9.152328872317398e-07
Locomotive Fireman,women,1980,0,0.0
Locomotive Fireman,women,1990,0,0.0
Locomotive Fireman,women,2000,0,0.0
Longshoreman,men,1850,1314,0.000243054181105
Longshoreman,men,1860,2207,0.000261665453781
Longshoreman,men,1870,6423,0.000489220878999
Longshoreman,men,1880,10575,0.000577638964777
Longshoreman,men,1900,26726,0.000900175349954
Longshoreman,men,1910,70023,0.001798740688858
Longshoreman,men,1920,84361,0.002009147131677
Longshoreman,men,1930,63693,0.001307054585643
Longshoreman,men,1940,68299,0.001312652772293
Longshoreman,men,1950,71535,0.001177706948349
Longshoreman,men,1960,64546,0.000742697661642
Longshoreman,men,1970,57690,0.000527997852643
Longshoreman,men,1980,31467,0.000244873969242
Longshoreman,men,1990,20427,0.000136978418894
Longshoreman,men,2000,0,0.0
Longshoreman,women,1850,0,0.0
Longshoreman,women,1860,0,0.0
Longshoreman,women,1870,0,0.0
Longshoreman,women,1880,0,0.0
Longshoreman,women,1900,101,3.401845032e-06
Longshoreman,women,1910,252,6.4733395250000005e-06
Longshoreman,women,1920,505,1.2027113257e-05
Longshoreman,women,1930,0,0.0
Longshoreman,women,1940,449,8.629424951e-06
Longshoreman,women,1950,1266,2.0842622445e-05
Longshoreman,women,1960,398,4.579581528e-06
Longshoreman,women,1970,601,5.500549652e-06
Longshoreman,women,1980,522,4.062167093000001e-06
Longshoreman,women,1990,563,3.775339004e-06
Longshoreman,women,2000,0,0.0
Loom Fixer,men,1850,0,0.0
Loom Fixer,men,1860,100,1.1856160116e-05
Loom Fixer,men,1870,100,7.616703705e-06
Loom Fixer,men,1880,299,1.6332297916e-05
Loom Fixer,men,1900,7435,0.000250422948698
Loom Fixer,men,1910,12595,0.000323538536997
Loom Fixer,men,1920,18167,0.000432666468405
Loom Fixer,men,1930,18704,0.000383827877001
Loom Fixer,men,1940,23235,0.00044655832683
Loom Fixer,men,1950,32712,0.000538549656733
Loom Fixer,men,1960,30085,0.000346172638901
Loom Fixer,men,1970,25537,0.000233723022412
Loom Fixer,men,1980,0,0.0
Loom Fixer,men,1990,0,0.0
Loom Fixer,men,2000,0,0.0
Loom Fixer,women,1850,0,0.0
Loom Fixer,women,1860,0,0.0
Loom Fixer,women,1870,0,0.0
Loom Fixer,women,1880,0,0.0
Loom Fixer,women,1900,101,3.401845032e-06
Loom Fixer,women,1910,0,0.0
Loom Fixer,women,1920,0,0.0
Loom Fixer,women,1930,505,1.0363188509e-05
Loom Fixer,women,1940,0,0.0
Loom Fixer,women,1950,1016,1.672678073e-05
Loom Fixer,women,1960,398,4.579581528e-06
Loom Fixer,women,1970,300,2.7456986610000004e-06
Loom Fixer,women,1980,0,0.0
Loom Fixer,women,1990,0,0.0
Loom Fixer,women,2000,0,0.0
Lumberman,men,1850,7986,0.001477192306169
Lumberman,men,1860,16948,0.002009382016623
Lumberman,men,1870,27120,0.002065650044911
Lumberman,men,1880,50575,0.002762561762987
Lumberman,men,1900,108406,0.003651291214068
Lumberman,men,1910,144577,0.0037138730499
Lumberman,men,1920,177099,0.00421780144703
Lumberman,men,1930,147613,0.00302919078314
Lumberman,men,1940,161252,0.003099135929337
Lumberman,men,1950,202339,0.003331181187139
Lumberman,men,1960,163385,0.001879987256336
Lumberman,men,1970,108184,0.000990135546722
Lumberman,men,1980,135143,0.001051673271216
Lumberman,men,1990,137894,0.000924683120139
Lumberman,men,2000,132973,0.000790929924707
Lumberman,women,1850,0,0.0
Lumberman,women,1860,101,1.1974721718e-05
Lumberman,women,1870,0,0.0
Lumberman,women,1880,500,2.7311534977000003e-05
Lumberman,women,1900,302,1.0171853464e-05
Lumberman,women,1910,503,1.2920991195e-05
Lumberman,women,1920,1109,2.6412017034e-05
Lumberman,women,1930,1010,2.0726377019e-05
Lumberman,women,1940,824,1.5836628418000002e-05
Lumberman,women,1950,1710,2.8152357331e-05
Lumberman,women,1960,1596,1.8364352058e-05
Lumberman,women,1970,4105,3.757031002e-05
Lumberman,women,1980,4223,3.2863087428e-05
Lumberman,women,1990,4953,3.3213595182e-05
Lumberman,women,2000,4596,2.7337233377000003e-05
Machinist,men,1850,23644,0.004373495477971
Machinist,men,1860,38635,0.00458062746119
Machinist,men,1870,51649,0.003933951296816
Machinist,men,1880,84404,0.004610405596504
Machinist,men,1900,263131,0.008862682032811
Machinist,men,1910,471039,0.012099981653733
Machinist,men,1920,818495,0.019493330822802
Machinist,men,1930,655648,0.013454661029748
Machinist,men,1940,503033,0.009667896484647
Machinist,men,1950,522212,0.008597367734833
Machinist,men,1960,572045,0.006582227928212
Machinist,men,1970,422413,0.003866062695942
Machinist,men,1980,555009,0.004319040798149
Machinist,men,1990,612731,0.004108822812349
Machinist,men,2000,546426,0.003250168643547
Machinist,women,1850,0,0.0
Machinist,women,1860,403,4.7780325271e-05
Machinist,women,1870,0,0.0
Machinist,women,1880,99,5.407683925000001e-06
Machinist,women,1900,1207,4.0653732223000005e-05
Machinist,women,1910,3273,8.4076350265e-05
Machinist,women,1920,6660,0.0001586149986
Machinist,women,1930,8597,0.000176420458649
Machinist,women,1940,4600,8.840836253100001e-05
Machinist,women,1950,7161,0.000117894170086
Machinist,women,1960,11652,0.000134073577812
Machinist,women,1970,17829,0.000163176871464
Machinist,women,1980,32900,0.000256025473927
Machinist,women,1990,30893,0.000207160831004
Machinist,women,2000,33788,0.00020097268089
Mail Carrier,men,1850,808,0.000149457974378
Mail Carrier,men,1860,1907,0.00022609697343
Mail Carrier,men,1870,2312,0.000176098189669
Mail Carrier,men,1880,9171,0.000500948174559
Mail Carrier,men,1900,26923,0.00090681063185
Mail Carrier,men,1910,84376,0.002167438475403
Mail Carrier,men,1920,97076,0.002311968409036
Mail Carrier,men,1930,111722,0.002292665636996
Mail Carrier,men,1940,123474,0.002373072642441
Mail Carrier,men,1950,168099,0.002767475505843
Mail Carrier,men,1960,230874,0.002656548507019
Mail Carrier,men,1970,262603,0.002403429018857
Mail Carrier,men,1980,261261,0.002033114630511
Mail Carrier,men,1990,279346,0.001873225309864
Mail Carrier,men,2000,269004,0.001600048983373
Mail Carrier,women,1850,0,0.0
Mail Carrier,women,1860,0,0.0
Mail Carrier,women,1870,0,0.0
Mail Carrier,women,1880,0,0.0
Mail Carrier,women,1900,302,1.0171853464e-05
Mail Carrier,women,1910,504,1.294667905e-05
Mail Carrier,women,1920,908,2.1624987797e-05
Mail Carrier,women,1930,506,1.0383709675000002e-05
Mail Carrier,women,1940,2323,4.4646223078e-05
Mail Carrier,women,1950,2689,4.4269993487e-05
Mail Carrier,women,1960,6875,7.9107092984e-05
Mail Carrier,women,1970,27746,0.000253940516891
Mail Carrier,women,1980,41965,0.00032656866302
Mail Carrier,women,1990,98128,0.000658022141739
Mail Carrier,women,2000,137492,0.000817809158309
Manager / Owner,men,1850,224003,0.041434448805279
Manager / Owner,men,1860,365479,0.043331775433893
Manager / Owner,men,1870,493343,0.037576474561466
Manager / Owner,men,1880,629424,0.034381071183528
Manager / Owner,men,1900,1277509,0.043028590553965
Manager / Owner,men,1910,2160453,0.055497403959659
Manager / Owner,men,1920,2171254,0.051710728254092
Manager / Owner,men,1930,2864304,0.05877885604189
Manager / Owner,men,1940,2930996,0.056331425423212
Manager / Owner,men,1950,3890801,0.064055684243291
Manager / Owner,men,1960,4254695,0.048956589525341
Manager / Owner,men,1970,4393393,0.040209777601337
Manager / Owner,men,1980,6783518,0.052788857472548
Manager / Owner,men,1990,8899765,0.059679626877948
Manager / Owner,men,2000,11270779,0.067039146186587
Manager / Owner,women,1850,1717,0.000317598195553
Manager / Owner,women,1860,21688,0.002571364006168
Manager / Owner,women,1870,18179,0.001384640566609
Manager / Owner,women,1880,35500,0.001939118983412
Manager / Owner,women,1900,88545,0.002982340281439
Manager / Owner,women,1910,117876,0.003027981626607
Manager / Owner,women,1920,150882,0.003593415648484
Manager / Owner,women,1930,219900,0.004512604263936
Manager / Owner,women,1940,347927,0.006686881815335
Manager / Owner,women,1950,561469,0.009243670127666
Manager / Owner,women,1960,862923,0.009929211636316
Manager / Owner,women,1970,997653,0.009130848356454
Manager / Owner,women,1980,2683545,0.020883157459915
Manager / Owner,women,1990,4957672,0.03324492446073
Manager / Owner,women,2000,7154236,0.042553746556235
Mason,men,1850,51032,0.009439528896626
Mason,men,1860,67738,0.008031125740031
Mason,men,1870,88049,0.006706431445591
Mason,men,1880,96139,0.00525140732243
Mason,men,1900,149652,0.005040523889524
Mason,men,1910,183629,0.004717035173506
Mason,men,1920,125934,0.002999252437508
Mason,men,1930,164810,0.003382093263935
Mason,men,1940,147647,0.002837658587545
Mason,men,1950,169569,0.002791676655128
Mason,men,1960,236678,0.002723332153228
Mason,men,1970,235386,0.002154330083939
Mason,men,1980,279192,0.002172652404766
Mason,men,1990,307451,0.002061690501182
Mason,men,2000,264638,0.001574079801274
Mason,women,1850,0,0.0
Mason,women,1860,200,2.3712320233e-05
Mason,women,1870,301,2.2926278153000003e-05
Mason,women,1880,400,2.1849227982e-05
Mason,women,1900,504,1.6975543529000002e-05
Mason,women,1910,252,6.4733395250000005e-06
Mason,women,1920,504,1.2003297191e-05
Mason,women,1930,505,1.0363188509e-05
Mason,women,1940,1411,2.7118304246000003e-05
Mason,women,1950,819,1.3483497458e-05
Mason,women,1960,1096,1.2611108932000002e-05
Mason,women,1970,3402,3.1136222823e-05
Mason,women,1980,3882,3.0209449537000003e-05
Mason,women,1990,5004,3.3555588591e-05
Mason,women,2000,3111,1.8504380556000003e-05
Mathematician,men,1850,0,0.0
Mathematician,men,1860,0,0.0
Mathematician,men,1870,0,0.0
Mathematician,men,1880,0,0.0
Mathematician,men,1900,100,3.368163398e-06
Mathematician,men,1910,0,0.0
Mathematician,men,1920,0,0.0
Mathematician,men,1930,505,1.0363188509e-05
Mathematician,men,1940,0,0.0
Mathematician,men,1950,1618,2.6637727579e-05
Mathematician,men,1960,5874,6.758910024600001e-05
Mathematician,men,1970,6907,6.3215135521e-05
Mathematician,men,1980,5543,4.3135234102000005e-05
Mathematician,men,1990,4668,3.1302455544e-05
Mathematician,men,2000,0,0.0
Mathematician,women,1850,0,0.0
Mathematician,women,1860,0,0.0
Mathematician,women,1870,0,0.0
Mathematician,women,1880,0,0.0
Mathematician,women,1900,0,0.0
Mathematician,women,1910,0,0.0
Mathematician,women,1920,0,0.0
Mathematician,women,1930,0,0.0
Mathematician,women,1940,0,0.0
Mathematician,women,1950,669,1.1013992429e-05
Mathematician,women,1960,3187,3.6671171686e-05
Mathematician,women,1970,1902,1.7407729515e-05
Mathematician,women,1980,1321,1.0279928603e-05
Mathematician,women,1990,1952,1.3089630081e-05
Mathematician,women,2000,0,0.0
Meat Cutter,men,1850,19314,0.003572563511315
Meat Cutter,men,1860,35620,0.004223164233664
Meat Cutter,men,1870,42303,0.003222094168506
Meat Cutter,men,1880,77217,0.004217829592736
Meat Cutter,men,1900,107334,0.003615184502433
Meat Cutter,men,1910,15115,0.000388271932252
Meat Cutter,men,1920,125634,0.002992107617752
Meat Cutter,men,1930,131935,0.002707459952535
Meat Cutter,men,1940,146170,0.002809271815488
Meat Cutter,men,1950,173515,0.002856641100759
Meat Cutter,men,1960,200374,0.002305600676323
Meat Cutter,men,1970,214449,0.001962707774339
Meat Cutter,men,1980,281687,0.002192068318366
Meat Cutter,men,1990,257308,0.0017254439227
Meat Cutter,men,2000,269489,0.001602933787156
Meat Cutter,women,1850,0,0.0
Meat Cutter,women,1860,202,2.3949443436e-05
Meat Cutter,women,1870,101,7.692870742000001e-06
Meat Cutter,women,1880,399,2.1794604912e-05
Meat Cutter,women,1900,603,2.0310025294e-05
Meat Cutter,women,1910,0,0.0
Meat Cutter,women,1920,1312,3.1246678403e-05
Meat Cutter,women,1930,1010,2.0726377019e-05
Meat Cutter,women,1940,987,1.8969359525e-05
Meat Cutter,women,1950,3651,6.0107752406e-05
Meat Cutter,women,1960,9559,0.000109990502085
Meat Cutter,women,1970,17125,0.000156733631938
Meat Cutter,women,1980,61267,0.000476775462344
Meat Cutter,women,1990,76033,0.000509858526647
Meat Cutter,women,2000,94222,0.000560437076442
Mechanic,men,1850,29113,0.005385111396133
Mechanic,men,1860,39053,0.004630186210479
Mechanic,men,1870,29052,0.0022128047605
Mechanic,men,1880,30222,0.001650818420188
Mechanic,men,1900,44014,0.001482463438333
Mechanic,men,1910,40551,0.001041668218641
Mechanic,men,1920,119593,0.002848234763915
Mechanic,men,1930,211814,0.004346670120789
Mechanic,men,1940,429926,0.008262837754299
Mechanic,men,1950,858091,0.014127066932492
Mechanic,men,1960,1414733,0.016278605815212
Mechanic,men,1970,1218050,0.011147994182926
Mechanic,men,1980,1700996,0.013237030609394
Mechanic,men,1990,1821648,0.012215521751749
Mechanic,men,2000,2232570,0.013279435840396
Mechanic,women,1850,101,1.8682246797e-05
Mechanic,women,1860,200,2.3712320233e-05
Mechanic,women,1870,0,0.0
Mechanic,women,1880,0,0.0
Mechanic,women,1900,402,1.3540016863e-05
Mechanic,women,1910,252,6.4733395250000005e-06
Mechanic,women,1920,1312,3.1246678403e-05
Mechanic,women,1930,2021,4.1473275204e-05
Mechanic,women,1940,9456,0.00018173684263
Mechanic,women,1950,12727,0.00020952927003
Mechanic,women,1960,32085,0.000369185611405
Mechanic,women,1970,36966,0.000338324989094
Mechanic,women,1980,65886,0.000512720193775
Mechanic,women,1990,78010,0.000523115800557
Mechanic,women,2000,90507,0.000538340074267
Mechanic - Airplane,men,1850,0,0.0
Mechanic - Airplane,men,1860,0,0.0
Mechanic - Airplane,men,1870,0,0.0
Mechanic - Airplane,men,1880,0,0.0
Mechanic - Airplane,men,1900,0,0.0
Mechanic - Airplane,men,1910,0,0.0
Mechanic - Airplane,men,1920,1007,2.3982778316000003e-05
Mechanic - Airplane,men,1930,9603,0.000197064751007
Mechanic - Airplane,men,1940,31726,0.000609748632538
Mechanic - Airplane,men,1950,73763,0.001214387329713
Mechanic - Airplane,men,1960,121473,0.001397727404528
Mechanic - Airplane,men,1970,157173,0.001438498985848
Mechanic - Airplane,men,1980,119283,0.000928251872538
Mechanic - Airplane,men,1990,180131,0.001207914014488
Mechanic - Airplane,men,2000,202371,0.001203712631835
Mechanic - Airplane,women,1850,0,0.0
Mechanic - Airplane,women,1860,0,0.0
Mechanic - Airplane,women,1870,0,0.0
Mechanic - Airplane,women,1880,0,0.0
Mechanic - Airplane,women,1900,0,0.0
Mechanic - Airplane,women,1910,0,0.0
Mechanic - Airplane,women,1920,0,0.0
Mechanic - Airplane,women,1930,506,1.0383709675000002e-05
Mechanic - Airplane,women,1940,505,9.705700669e-06
Mechanic - Airplane,women,1950,1239,2.0398111539e-05
Mechanic - Airplane,women,1960,3689,4.244742778400001e-05
Mechanic - Airplane,women,1970,5511,5.0438484415e-05
Mechanic - Airplane,women,1980,4303,3.3485641772e-05
Mechanic - Airplane,women,1990,9653,6.473063482600001e-05
Mechanic - Airplane,women,2000,13018,7.743170237400001e-05
Mechanic - Automobile,men,1850,0,0.0
Mechanic - Automobile,men,1860,0,0.0
Mechanic - Automobile,men,1870,0,0.0
Mechanic - Automobile,men,1880,0,0.0
Mechanic - Automobile,men,1900,0,0.0
Mechanic - Automobile,men,1910,0,0.0
Mechanic - Automobile,men,1920,197967,0.004714795109313
Mechanic - Automobile,men,1930,434751,0.008921597163942
Mechanic - Automobile,men,1940,418084,0.008035243878407
Mechanic - Automobile,men,1950,695009,0.011442188138186
Mechanic - Automobile,men,1960,727963,0.008376296251702
Mechanic - Automobile,men,1970,989179,0.00905329152159
Mechanic - Automobile,men,1980,1431954,0.011143364787009
Mechanic - Automobile,men,1990,1586352,0.010637684866632
Mechanic - Automobile,men,2000,1829579,0.01088242561059
Mechanic - Automobile,women,1850,0,0.0
Mechanic - Automobile,women,1860,0,0.0
Mechanic - Automobile,women,1870,0,0.0
Mechanic - Automobile,women,1880,0,0.0
Mechanic - Automobile,women,1900,0,0.0
Mechanic - Automobile,women,1910,0,0.0
Mechanic - Automobile,women,1920,707,1.6837958560000003e-05
Mechanic - Automobile,women,1930,1517,3.1130607859e-05
Mechanic - Automobile,women,1940,1313,2.523482174e-05
Mechanic - Automobile,women,1950,6934,0.000114156985809
Mechanic - Automobile,women,1960,3488,4.0134624048e-05
Mechanic - Automobile,women,1970,15418,0.000141110606553
Mechanic - Automobile,women,1980,18996,0.000147825528958
Mechanic - Automobile,women,1990,31606,0.000211942032975
Mechanic - Automobile,women,2000,36084,0.000214629401481
Mechanic - Office Machines,men,1850,0,0.0
Mechanic - Office Machines,men,1860,0,0.0
Mechanic - Office Machines,men,1870,0,0.0
Mechanic - Office Machines,men,1880,0,0.0
Mechanic - Office Machines,men,1900,100,3.368163398e-06
Mechanic - Office Machines,men,1910,0,0.0
Mechanic - Office Machines,men,1920,3027,7.2091231346e-05
Mechanic - Office Machines,men,1930,6070,0.00012456347377
Mechanic - Office Machines,men,1940,0,0.0
Mechanic - Office Machines,men,1950,18600,0.0003062186236
Mechanic - Office Machines,men,1960,30580,0.000351868349596
Mechanic - Office Machines,men,1970,72912,0.000667314602738
Mechanic - Office Machines,men,1980,82521,0.000642172587659
Mechanic - Office Machines,men,1990,125662,0.000842658348027
Mechanic - Office Machines,men,2000,276652,0.001645539662414
Mechanic - Office Machines,women,1850,0,0.0
Mechanic - Office Machines,women,1860,0,0.0
Mechanic - Office Machines,women,1870,0,0.0
Mechanic - Office Machines,women,1880,0,0.0
Mechanic - Office Machines,women,1900,0,0.0
Mechanic - Office Machines,women,1910,0,0.0
Mechanic - Office Machines,women,1920,0,0.0
Mechanic - Office Machines,women,1930,0,0.0
Mechanic - Office Machines,women,1940,0,0.0
Mechanic - Office Machines,women,1950,163,2.6835287980000003e-06
Mechanic - Office Machines,women,1960,100,1.150648625e-06
Mechanic - Office Machines,women,1970,2406,2.2020503266000003e-05
Mechanic - Office Machines,women,1980,6744,5.248133119000001e-05
Mechanic - Office Machines,women,1990,16289,0.000109230012502
Mechanic - Office Machines,women,2000,43897,0.000261101508613
Mechanic - Radio / Television,men,1850,0,0.0
Mechanic - Radio / Television,men,1860,0,0.0
Mechanic - Radio / Television,men,1870,0,0.0
Mechanic - Radio / Television,men,1880,0,0.0
Mechanic - Radio / Television,men,1900,0,0.0
Mechanic - Radio / Television,men,1910,0,0.0
Mechanic - Radio / Television,men,1920,101,2.405422651e-06
Mechanic - Radio / Television,men,1930,26789,0.000549741498984
Mechanic - Radio / Television,men,1940,0,0.0
Mechanic - Radio / Television,men,1950,78890,0.001298795011606
Mechanic - Radio / Television,men,1960,114485,0.001317320078597
Mechanic - Radio / Television,men,1970,144978,0.00132688633525
Mechanic - Radio / Television,men,1980,175139,0.001362919315447
Mechanic - Radio / Television,men,1990,182758,0.001225530027923
Mechanic - Radio / Television,men,2000,91074,0.000541712618071
Mechanic - Radio / Television,women,1850,0,0.0
Mechanic - Radio / Television,women,1860,0,0.0
Mechanic - Radio / Television,women,1870,0,0.0
Mechanic - Radio / Television,women,1880,0,0.0
Mechanic - Radio / Television,women,1900,0,0.0
Mechanic - Radio / Television,women,1910,0,0.0
Mechanic - Radio / Television,women,1920,0,0.0
Mechanic - Radio / Television,women,1930,0,0.0
Mechanic - Radio / Television,women,1940,0,0.0
Mechanic - Radio / Television,women,1950,1856,3.0556008892e-05
Mechanic - Radio / Television,women,1960,3084,3.5486003602000004e-05
Mechanic - Radio / Television,women,1970,7808,7.146138383500001e-05
Mechanic - Radio / Television,women,1980,10370,8.0698606827e-05
Mechanic - Radio / Television,women,1990,17777,0.000119208173138
Mechanic - Radio / Television,women,2000,6283,3.7371592104e-05
Mechanic - Railroad,men,1850,101,1.8682246797e-05
Mechanic - Railroad,men,1860,0,0.0
Mechanic - Railroad,men,1870,1106,8.4240742982e-05
Mechanic - Railroad,men,1880,2296,0.000125414568617
Mechanic - Railroad,men,1900,9950,0.000335132258177
Mechanic - Railroad,men,1910,0,0.0
Mechanic - Railroad,men,1920,74476,0.001773725320691
Mechanic - Railroad,men,1930,50037,0.001026817551407
Mechanic - Railroad,men,1940,40559,0.000779511907808
Mechanic - Railroad,men,1950,52977,0.000872179786156
Mechanic - Railroad,men,1960,51803,0.000596070507329
Mechanic - Railroad,men,1970,73929,0.000676622521201
Mechanic - Railroad,men,1980,0,0.0
Mechanic - Railroad,men,1990,0,0.0
Mechanic - Railroad,men,2000,0,0.0
Mechanic - Railroad,women,1850,0,0.0
Mechanic - Railroad,women,1860,0,0.0
Mechanic - Railroad,women,1870,0,0.0
Mechanic - Railroad,women,1880,0,0.0
Mechanic - Railroad,women,1900,0,0.0
Mechanic - Railroad,women,1910,0,0.0
Mechanic - Railroad,women,1920,101,2.405422651e-06
Mechanic - Railroad,women,1930,0,0.0
Mechanic - Railroad,women,1940,0,0.0
Mechanic - Railroad,women,1950,0,0.0
Mechanic - Railroad,women,1960,99,1.139142138e-06
Mechanic - Railroad,women,1970,702,6.424934868000001e-06
Mechanic - Railroad,women,1980,0,0.0
Mechanic - Railroad,women,1990,0,0.0
Mechanic - Railroad,women,2000,0,0.0
Messenger,men,1850,506,9.3596206727e-05
Messenger,men,1860,1704,0.000202028968393
Messenger,men,1870,10651,0.000811255111665
Messenger,men,1880,16762,0.00091559189859
Messenger,men,1900,70948,0.002389644568157
Messenger,men,1910,109325,0.00280832477628
Messenger,men,1920,93446,0.002225516089979
Messenger,men,1930,122857,0.002521168813344
Messenger,men,1940,84153,0.001617354115679
Messenger,men,1950,72703,0.001196936160841
Messenger,men,1960,84687,0.00097444980125
Messenger,men,1970,67815,0.000620665182476
Messenger,men,1980,89011,0.000692677308807
Messenger,men,1990,136265,0.000913759448313
Messenger,men,2000,193642,0.001151792111784
Messenger,women,1850,0,0.0
Messenger,women,1860,0,0.0
Messenger,women,1870,302,2.300244519e-05
Messenger,women,1880,998,5.451382381500001e-05
Messenger,women,1900,5431,0.000182924954187
Messenger,women,1910,9823,0.000252331802217
Messenger,women,1920,10900,0.00025959511783
Messenger,women,1930,9605,0.000197105793338
Messenger,women,1940,3421,6.574891483000001e-05
Messenger,women,1950,15403,0.000253585239748
Messenger,women,1960,19520,0.000224606611645
Messenger,women,1970,19726,0.000180538839335
Messenger,women,1980,32289,0.000251270715126
Messenger,women,1990,46974,0.000314996046857
Messenger,women,2000,57087,0.000339556275422
Metal Filer,men,1850,303,5.6046740391000006e-05
Metal Filer,men,1860,2514,0.00029806386534
Metal Filer,men,1870,5418,0.00041267300676
Metal Filer,men,1880,7390,0.000403664486969
Metal Filer,men,1900,39098,0.00131688452565
Metal Filer,men,1910,39544,0.001015800548394
Metal Filer,men,1920,60232,0.001434489278638
Metal Filer,men,1930,84931,0.001742883095681
Metal Filer,men,1940,104474,0.002007907666767
Metal Filer,men,1950,156734,0.002580369341477
Metal Filer,men,1960,164297,0.001890481171798
Metal Filer,men,1970,263025,0.002407291301641
Metal Filer,men,1980,286902,0.002232651079659
Metal Filer,men,1990,146202,0.000980394517024
Metal Filer,men,2000,110367,0.000656468328158
Metal Filer,women,1850,0,0.0
Metal Filer,women,1860,202,2.3949443436e-05
Metal Filer,women,1870,605,4.6081057417e-05
Metal Filer,women,1880,199,1.0869990921e-05
Metal Filer,women,1900,1706,5.7460867582e-05
Metal Filer,women,1910,3780,9.7100092882e-05
Metal Filer,women,1920,3024,7.201978314800001e-05
Metal Filer,women,1930,3539,7.2624404229e-05
Metal Filer,women,1940,7582,0.000145720044503
Metal Filer,women,1950,6945,0.000114338082844
Metal Filer,women,1960,15144,0.000174254227805
Metal Filer,women,1970,56876,0.000520547856941
Metal Filer,women,1980,64627,0.000502922744787
Metal Filer,women,1990,28219,0.000189229647172
Metal Filer,women,2000,16030,9.5347226076e-05
Metal Heater,men,1850,101,1.8682246797e-05
Metal Heater,men,1860,1404,0.000166460488042
Metal Heater,men,1870,1402,0.00010678618595
Metal Heater,men,1880,2196,0.000119952261621
Metal Heater,men,1900,5633,0.000189728644252
Metal Heater,men,1910,7305,0.000187649782673
Metal Heater,men,1920,14739,0.000351024994651
Metal Heater,men,1930,13143,0.000269709676402
Metal Heater,men,1940,17704,0.000340256880491
Metal Heater,men,1950,10872,0.000178989724504
Metal Heater,men,1960,10362,0.000119230210546
Metal Heater,men,1970,9310,8.520818180100001e-05
Metal Heater,men,1980,0,0.0
Metal Heater,men,1990,0,0.0
Metal Heater,men,2000,0,0.0
Metal Heater,women,1850,0,0.0
Metal Heater,women,1860,0,0.0
Metal Heater,women,1870,100,7.616703705e-06
Metal Heater,women,1880,0,0.0
Metal Heater,women,1900,0,0.0
Metal Heater,women,1910,0,0.0
Metal Heater,women,1920,0,0.0
Metal Heater,women,1930,505,1.0363188509e-05
Metal Heater,women,1940,5079,9.761436376e-05
Metal Heater,women,1950,1491,2.4546879988e-05
Metal Heater,women,1960,99,1.139142138e-06
Metal Heater,women,1970,601,5.500549652e-06
Metal Heater,women,1980,0,0.0
Metal Heater,women,1990,0,0.0
Metal Heater,women,2000,0,0.0
Metal Worker,men,1850,11319,0.00209370645048
Metal Worker,men,1860,20465,0.002426363167937
Metal Worker,men,1870,30239,0.002303215033484
Metal Worker,men,1880,40487,0.002211524233279
Metal Worker,men,1900,64716,0.002179740625146
Metal Worker,men,1910,76316,0.001960394362008
Metal Worker,men,1920,155800,0.003710543060363
Metal Worker,men,1930,126889,0.002603910152099
Metal Worker,men,1940,135611,0.00260633618506
Metal Worker,men,1950,189923,0.003126772024202
Metal Worker,men,1960,229401,0.002639599452769
Metal Worker,men,1970,261258,0.002391119136523
Metal Worker,men,1980,295536,0.002299840257224
Metal Worker,men,1990,291631,0.001955605486891
Metal Worker,men,2000,297786,0.00177124573078
Metal Worker,women,1850,0,0.0
Metal Worker,women,1860,100,1.1856160116e-05
Metal Worker,women,1870,101,7.692870742000001e-06
Metal Worker,women,1880,299,1.6332297916e-05
Metal Worker,women,1900,101,3.401845032e-06
Metal Worker,women,1910,0,0.0
Metal Worker,women,1920,605,1.4408719842e-05
Metal Worker,women,1930,505,1.0363188509e-05
Metal Worker,women,1940,3866,7.430146294500001e-05
Metal Worker,women,1950,1796,2.9568206881e-05
Metal Worker,women,1960,4682,5.3873368633e-05
Metal Worker,women,1970,5616,5.139947894600001e-05
Metal Worker,women,1980,11370,8.8480536126e-05
Metal Worker,women,1990,15090,0.000101189814516
Metal Worker,women,2000,12523,7.448741810000001e-05
Midwife,men,1850,0,0.0
Midwife,men,1860,0,0.0
Midwife,men,1870,0,0.0
Midwife,men,1880,0,0.0
Midwife,men,1900,0,0.0
Midwife,men,1910,252,6.4733395250000005e-06
Midwife,men,1920,101,2.405422651e-06
Midwife,men,1930,0,0.0
Midwife,men,1940,0,0.0
Midwife,men,1950,109,1.7945069870000002e-06
Midwife,men,1960,600,6.903891751e-06
Midwife,men,1970,200,1.830465774e-06
Midwife,men,1980,0,0.0
Midwife,men,1990,0,0.0
Midwife,men,2000,0,0.0
Midwife,women,1850,0,0.0
Midwife,women,1860,1404,0.000166460488042
Midwife,women,1870,1203,9.1628945576e-05
Midwife,women,1880,2592,0.000141582997324
Midwife,women,1900,5623,0.000189391827912
Midwife,women,1910,4787,0.000122967763128
Midwife,women,1920,4740,0.000112888152157
Midwife,women,1930,3539,7.2624404229e-05
Midwife,women,1940,0,0.0
Midwife,women,1950,1086,1.787921641e-05
Midwife,women,1960,1391,1.6005522376e-05
Midwife,women,1970,1203,1.1010251633e-05
Midwife,women,1980,0,0.0
Midwife,women,1990,0,0.0
Midwife,women,2000,0,0.0
Military,men,1850,8693,0.00160796803375
Military,men,1860,10522,0.001247505167507
Military,men,1870,29943,0.002280669590516
Military,men,1880,27521,0.001503281508239
Military,men,1900,133383,0.004492557386178
Military,men,1910,132487,0.003403306879808
Military,men,1920,249460,0.005941155788436
Military,men,1930,108692,0.002230486505938
Military,men,1940,235610,0.004528237890451
Military,men,1950,991684,0.016326457501456
Military,men,1960,1765471,0.02031436779038
Military,men,1970,2108307,0.019295919027808
Military,men,1980,1610699,0.012534345739508
Military,men,1990,1540672,0.010331366064306
Military,men,2000,1017572,0.006052568155526
Military,women,1850,0,0.0
Military,women,1860,0,0.0
Military,women,1870,100,7.616703705e-06
Military,women,1880,300,1.6386920986e-05
Military,women,1900,202,6.8036900650000005e-06
Military,women,1910,0,0.0
Military,women,1920,906,2.1577355665e-05
Military,women,1930,0,0.0
Military,women,1940,404,7.764560535e-06
Military,women,1950,20661,0.000340149622699
Military,women,1960,34658,0.000398791800533
Military,women,1970,60304,0.000551922040316
Military,women,1980,173030,0.001346507226556
Military,women,1990,187266,0.001255759562968
Military,women,2000,171138,0.001017937216236
Miller,men,1850,31743,0.005871589703825
Miller,men,1860,34234,0.004058837854442
Miller,men,1870,37084,0.00282457840212
Miller,men,1880,43282,0.002364195713804
Miller,men,1900,37099,0.001249554939308
Miller,men,1910,21411,0.000550002668968
Miller,men,1920,23918,0.000569632663143
Miller,men,1930,13648,0.000280072864912
Miller,men,1940,16251,0.000312331369456
Miller,men,1950,12321,0.000202845143085
Miller,men,1960,10764,0.00012385581802
Miller,men,1970,8412,7.698939047300001e-05
Miller,men,1980,0,0.0
Miller,men,1990,0,0.0
Miller,men,2000,0,0.0
Miller,women,1850,101,1.8682246797e-05
Miller,women,1860,100,1.1856160116e-05
Miller,women,1870,100,7.616703705e-06
Miller,women,1880,398,2.1739981842000003e-05
Miller,women,1900,200,6.736326797000001e-06
Miller,women,1910,252,6.4733395250000005e-06
Miller,women,1920,403,9.597874539e-06
Miller,women,1930,0,0.0
Miller,women,1940,101,1.941140133e-06
Miller,women,1950,0,0.0
Miller,women,1960,100,1.150648625e-06
Miller,women,1970,100,9.152328872317398e-07
Miller,women,1980,0,0.0
Miller,women,1990,0,0.0
Miller,women,2000,0,0.0
Milliner,men,1850,202,3.7364493594e-05
Milliner,men,1860,903,0.000107061125856
Milliner,men,1870,1009,7.6852540387e-05
Milliner,men,1880,1598,8.7287665788e-05
Milliner,men,1900,2914,9.814828144e-05
Milliner,men,1910,6549,0.000168229764096
Milliner,men,1920,2117,5.0418611417e-05
Milliner,men,1930,3034,6.2261215719e-05
Milliner,men,1940,1616,3.1058242141e-05
Milliner,men,1950,3488,5.742422360800001e-05
Milliner,men,1960,794,9.136150084e-06
Milliner,men,1970,500,4.5761644360000005e-06
Milliner,men,1980,0,0.0
Milliner,men,1990,0,0.0
Milliner,men,2000,0,0.0
Milliner,women,1850,506,9.3596206727e-05
Milliner,women,1860,25379,0.003008974876085
Milliner,women,1870,26737,0.00203647806972
Milliner,women,1880,38392,0.002097088901722
Milliner,women,1900,81502,0.002745120533263
Milliner,women,1910,123938,0.003183701405192
Milliner,women,1920,64274,0.001530753816828
Milliner,women,1930,33868,0.000695010828608
Milliner,women,1940,10493,0.000201667162618
Milliner,women,1950,14466,0.000238159065
Milliner,women,1960,5575,6.4148660856e-05
Milliner,women,1970,4505,4.1231241569000005e-05
Milliner,women,1980,0,0.0
Milliner,women,1990,0,0.0
Milliner,women,2000,0,0.0
Millwright,men,1850,9003,0.001665309583326
Millwright,men,1860,7722,0.000915532684232
Millwright,men,1870,8735,0.000665319068669
Millwright,men,1880,9183,0.000501603651399
Millwright,men,1900,10861,0.00036581622674
Millwright,men,1910,0,0.0
Millwright,men,1920,38246,0.000910869254728
Millwright,men,1930,53577,0.001099462476802
Millwright,men,1940,43715,0.000840167732189
Millwright,men,1950,59944,0.000986880063071
Millwright,men,1960,72993,0.000839892951016
Millwright,men,1970,91451,0.000836989627702
Millwright,men,1980,145908,0.001135445740116
Millwright,men,1990,106960,0.000717247353257
Millwright,men,2000,90310,0.000537168308606
Millwright,women,1850,101,1.8682246797e-05
Millwright,women,1860,0,0.0
Millwright,women,1870,100,7.616703705e-06
Millwright,women,1880,0,0.0
Millwright,women,1900,0,0.0
Millwright,women,1910,0,0.0
Millwright,women,1920,303,7.216267954e-06
Millwright,women,1930,1011,2.0746898184e-05
Millwright,women,1940,0,0.0
Millwright,women,1950,265,4.362792217e-06
Millwright,women,1960,0,0.0
Millwright,women,1970,901,8.246248313000001e-06
Millwright,women,1980,5382,4.1882343485e-05
Millwright,women,1990,3918,2.6273140707e-05
Millwright,women,2000,2007,1.1937734418e-05
Miner,men,1850,87431,0.016172351680532
Miner,men,1860,147614,0.017501352195061
Miner,men,1870,171550,0.01306645520666
Miner,men,1880,274581,0.014998457171389
Miner,men,1900,584858,0.019698973090765
Miner,men,1910,914115,0.023481653810836
Miner,men,1920,1026107,0.024437831887297
Miner,men,1930,758812,0.015571706533545
Miner,men,1940,795289,0.015284825702048
Miner,men,1950,593828,0.009776408215898
Miner,men,1960,416018,0.00478690539772
Miner,men,1970,271064,0.002480866873445
Miner,men,1980,350231,0.002725472880217
Miner,men,1990,238962,0.001602420176039
Miner,men,2000,200747,0.001194053000198
Miner,women,1850,303,5.6046740391000006e-05
Miner,women,1860,803,9.5204965739e-05
Miner,women,1870,302,2.300244519e-05
Miner,women,1880,100,5.462306995e-06
Miner,women,1900,2812,9.4712754773e-05
Miner,women,1910,3275,8.412772597500001e-05
Miner,women,1920,4137,9.8527064446e-05
Miner,women,1930,2022,4.1493796369000005e-05
Miner,women,1940,4858,9.3366918517e-05
Miner,women,1950,725,1.1935940973e-05
Miner,women,1960,3088,3.5532029547000004e-05
Miner,women,1970,10623,9.722518961e-05
Miner,women,1980,12927,0.000100597000044
Miner,women,1990,9715,6.5146391519e-05
Miner,women,2000,7109,4.2284680609e-05
Model Maker,men,1850,1616,0.000298915948756
Model Maker,men,1860,2912,0.000345251382606
Model Maker,men,1870,3314,0.000252417560797
Model Maker,men,1880,5789,0.000316212951971
Model Maker,men,1900,15775,0.000531327776155
Model Maker,men,1910,23428,0.000601815073027
Model Maker,men,1920,29867,0.00071131443892
Model Maker,men,1930,29314,0.000601557441532
Model Maker,men,1940,34247,0.000658200259048
Model Maker,men,1950,52235,0.000859963967946
Model Maker,men,1960,47117,0.00054215111275
Model Maker,men,1970,42759,0.000391344430251
Model Maker,men,1980,35088,0.000273052335233
Model Maker,men,1990,29407,0.000197196081874
Model Maker,men,2000,16049,9.5460239008e-05
Model Maker,women,1850,0,0.0
Model Maker,women,1860,101,1.1974721718e-05
Model Maker,women,1870,0,0.0
Model Maker,women,1880,0,0.0
Model Maker,women,1900,301,1.013817183e-05
Model Maker,women,1910,252,6.4733395250000005e-06
Model Maker,women,1920,202,4.810845302e-06
Model Maker,women,1930,0,0.0
Model Maker,women,1940,505,9.705700669e-06
Model Maker,women,1950,2444,4.0236468606e-05
Model Maker,women,1960,1596,1.8364352058e-05
Model Maker,women,1970,2403,2.199304628e-05
Model Maker,women,1980,5804,4.5166317649000007e-05
Model Maker,women,1990,7102,4.7624258627e-05
Model Maker,women,2000,2772,1.6487991932000002e-05
Molder,men,1850,9102,0.001683621884642
Molder,men,1860,18769,0.002225282692353
Molder,men,1870,29132,0.002218898123465
Molder,men,1880,40395,0.002206498910843
Molder,men,1900,95689,0.003222961874646
Molder,men,1910,123690,0.003177330817088
Molder,men,1920,131574,0.003133575048936
Molder,men,1930,104648,0.002147498913199
Molder,men,1940,78483,0.001508381199254
Molder,men,1950,61505,0.00101257937874
Molder,men,1960,62161,0.00071525469193
Molder,men,1970,56384,0.000516044911136
Molder,men,1980,36344,0.000282826438432
Molder,men,1990,19382,0.000129970906888
Molder,men,2000,0,0.0
Molder,women,1850,0,0.0
Molder,women,1860,0,0.0
Molder,women,1870,0,0.0
Molder,women,1880,0,0.0
Molder,women,1900,302,1.0171853464e-05
Molder,women,1910,0,0.0
Molder,women,1920,404,9.621690605e-06
Molder,women,1930,506,1.0383709675000002e-05
Molder,women,1940,778,1.4952544793e-05
Molder,women,1950,441,7.260344785000001e-06
Molder,women,1960,2786,3.2057070698e-05
Molder,women,1970,11423,0.000104547052708
Molder,women,1980,7024,5.4660271394e-05
Molder,women,1990,3892,2.6098791126000003e-05
Molder,women,2000,0,0.0
Motion Picture Projectionist,men,1850,0,0.0
Motion Picture Projectionist,men,1860,0,0.0
Motion Picture Projectionist,men,1870,0,0.0
Motion Picture Projectionist,men,1880,0,0.0
Motion Picture Projectionist,men,1900,0,0.0
Motion Picture Projectionist,men,1910,0,0.0
Motion Picture Projectionist,men,1920,10089,0.000240280288421
Motion Picture Projectionist,men,1930,18705,0.000383848398167
Motion Picture Projectionist,men,1940,29822,0.000573155258134
Motion Picture Projectionist,men,1950,25522,0.000420178049007
Motion Picture Projectionist,men,1960,20021,0.000230371361257
Motion Picture Projectionist,men,1970,20335,0.000186112607618
Motion Picture Projectionist,men,1980,15972,0.000124292974759
Motion Picture Projectionist,men,1990,10917,7.3206706764e-05
Motion Picture Projectionist,men,2000,10296,6.124111289300001e-05
Motion Picture Projectionist,women,1850,0,0.0
Motion Picture Projectionist,women,1860,0,0.0
Motion Picture Projectionist,women,1870,0,0.0
Motion Picture Projectionist,women,1880,0,0.0
Motion Picture Projectionist,women,1900,0,0.0
Motion Picture Projectionist,women,1910,0,0.0
Motion Picture Projectionist,women,1920,202,4.810845302e-06
Motion Picture Projectionist,women,1930,0,0.0
Motion Picture Projectionist,women,1940,1313,2.523482174e-05
Motion Picture Projectionist,women,1950,445,7.326198252e-06
Motion Picture Projectionist,women,1960,399,4.591088014000001e-06
Motion Picture Projectionist,women,1970,1301,1.1907179862e-05
Motion Picture Projectionist,women,1980,1861,1.4482170424e-05
Motion Picture Projectionist,women,1990,2219,1.4880066163000002e-05
Motion Picture Projectionist,women,2000,1720,1.0230644345e-05
Motorman,men,1850,101,1.8682246797e-05
Motorman,men,1860,100,1.1856160116e-05
Motorman,men,1870,0,0.0
Motorman,men,1880,10756,0.000587525740438
Motorman,men,1900,33779,0.001137731914469
Motorman,men,1910,66248,0.001701769035253
Motorman,men,1920,67514,0.001607917870201
Motorman,men,1930,76336,0.001566503679362
Motorman,men,1940,52754,0.001013890164563
Motorman,men,1950,50163,0.000825851871811
Motorman,men,1960,27104,0.000311871803383
Motorman,men,1970,13617,0.000124627262254
Motorman,men,1980,0,0.0
Motorman,men,1990,0,0.0
Motorman,men,2000,0,0.0
Motorman,women,1850,0,0.0
Motorman,women,1860,0,0.0
Motorman,women,1870,0,0.0
Motorman,women,1880,0,0.0
Motorman,women,1900,100,3.368163398e-06
Motorman,women,1910,504,1.294667905e-05
Motorman,women,1920,303,7.216267954e-06
Motorman,women,1930,0,0.0
Motorman,women,1940,101,1.941140133e-06
Motorman,women,1950,516,8.495097299e-06
Motorman,women,1960,100,1.150648625e-06
Motorman,women,1970,100,9.152328872317398e-07
Motorman,women,1980,0,0.0
Motorman,women,1990,0,0.0
Motorman,women,2000,0,0.0
Musician / Music Teacher,men,1850,3236,0.000598571788475
Musician / Music Teacher,men,1860,8025,0.000951456849386
Musician / Music Teacher,men,1870,9053,0.000689540186452
Musician / Music Teacher,men,1880,17949,0.000980429482627
Musician / Music Teacher,men,1900,40304,0.001357504576239
Musician / Music Teacher,men,1910,57938,0.001488302958043
Musician / Music Teacher,men,1920,50958,0.001213619083889
Musician / Music Teacher,men,1930,89981,0.001846514980779
Musician / Music Teacher,men,1940,84556,0.001625099457005
Musician / Music Teacher,men,1950,82343,0.001355643017374
Musician / Music Teacher,men,1960,92558,0.001065017354542
Musician / Music Teacher,men,1970,150233,0.001374981823474
Musician / Music Teacher,men,1980,288301,0.002243537998748
Musician / Music Teacher,men,1990,402586,0.002699642323846
Musician / Music Teacher,men,2000,413003,0.002456562096772
Musician / Music Teacher,women,1850,101,1.8682246797e-05
Musician / Music Teacher,women,1860,4715,0.000559017949515
Musician / Music Teacher,women,1870,6638,0.000505596791966
Musician / Music Teacher,women,1880,16453,0.000898713369974
Musician / Music Teacher,women,1900,50346,0.001695735544743
Musician / Music Teacher,women,1910,84875,0.002180256715177
Musician / Music Teacher,women,1920,71438,0.00170137211262
Musician / Music Teacher,women,1930,76841,0.001576866867872
Musician / Music Teacher,women,1940,63824,0.001226646810917
Musician / Music Teacher,women,1950,91745,0.001510431592595
Musician / Music Teacher,women,1960,140663,0.00161853687571
Musician / Music Teacher,women,1970,213735,0.001956173011524
Musician / Music Teacher,women,1980,363906,0.002831890763377
Musician / Music Teacher,women,1990,587496,0.003939603132474
Musician / Music Teacher,women,2000,761844,0.004531485471179
Newsboy,men,1850,505,9.3411233986e-05
Newsboy,men,1860,1105,0.000131010569292
Newsboy,men,1870,1909,0.000145402873736
Newsboy,men,1880,3192,0.000174356839297
Newsboy,men,1900,7438,0.0002505239936
Newsboy,men,1910,28718,0.000737703827351
Newsboy,men,1920,32389,0.000771378557009
Newsboy,men,1930,32860,0.000674325493919
Newsboy,men,1940,55754,0.001071547792301
Newsboy,men,1950,99159,0.001632490994497
Newsboy,men,1960,264781,0.003046698936377
Newsboy,men,1970,250617,0.002293729204993
Newsboy,men,1980,100156,0.000779406910841
Newsboy,men,1990,87100,0.000584071096379
Newsboy,men,2000,123854,0.000736689665531
Newsboy,women,1850,0,0.0
Newsboy,women,1860,0,0.0
Newsboy,women,1870,100,7.616703705e-06
Newsboy,women,1880,0,0.0
Newsboy,women,1900,0,0.0
Newsboy,women,1910,504,1.294667905e-05
Newsboy,women,1920,606,1.4432535908e-05
Newsboy,women,1930,0,0.0
Newsboy,women,1940,1515,2.9117102007000004e-05
Newsboy,women,1950,3154,5.1925459077e-05
Newsboy,women,1960,11756,0.000135270252382
Newsboy,women,1970,17517,0.000160321344856
Newsboy,women,1980,51773,0.000402893825582
Newsboy,women,1990,59204,0.000397007407463
Newsboy,women,2000,140034,0.000832929098964
Nurse,men,1850,101,1.8682246797e-05
Nurse,men,1860,101,1.1974721718e-05
Nurse,men,1870,1105,8.4164575944e-05
Nurse,men,1880,2294,0.000125305322477
Nurse,men,1900,7541,0.000253993201901
Nurse,men,1910,22169,0.000569474063255
Nurse,men,1920,8785,0.000209224138544
Nurse,men,1930,4041,8.2926029243e-05
Nurse,men,1940,19999,0.00038436496571
Nurse,men,1950,17356,0.000285738195226
Nurse,men,1960,28988,0.000333550023482
Nurse,men,1970,90047,0.000824139757965
Nurse,men,1980,154691,0.001203794425147
Nurse,men,1990,241714,0.001620874408613
Nurse,men,2000,403441,0.002399686851872
Nurse,women,1850,707,0.000130775727581
Nurse,women,1860,6629,0.000785944854153
Nurse,women,1870,16289,0.001240684866577
Nurse,women,1880,26836,0.001465864705319
Nurse,women,1900,100388,0.003381231872755
Nurse,women,1910,225705,0.005797877371419
Nurse,women,1920,256231,0.006102414370347
Nurse,women,1930,388747,0.007977541472454
Nurse,women,1940,436474,0.008388685136442
Nurse,women,1950,615880,0.0101394583819
Nurse,women,1960,1287387,0.014813300816923
Nurse,women,1970,1563833,0.014312713917382
Nurse,women,1980,2096615,0.016315709696621
Nurse,women,1990,2702420,0.01812176133499
Nurse,women,2000,3505260,0.020849458370357
Nutritionist,men,1850,0,0.0
Nutritionist,men,1860,0,0.0
Nutritionist,men,1870,0,0.0
Nutritionist,men,1880,0,0.0
Nutritionist,men,1900,0,0.0
Nutritionist,men,1910,0,0.0
Nutritionist,men,1920,101,2.405422651e-06
Nutritionist,men,1930,0,0.0
Nutritionist,men,1940,0,0.0
Nutritionist,men,1950,1180,1.9426772895e-05
Nutritionist,men,1960,1991,2.2909414128000003e-05
Nutritionist,men,1970,3205,2.9333214035e-05
Nutritionist,men,1980,7965,6.1983066864e-05
Nutritionist,men,1990,11261,7.5513485836e-05
Nutritionist,men,2000,9461,5.6274491946000006e-05
Nutritionist,women,1850,0,0.0
Nutritionist,women,1860,0,0.0
Nutritionist,women,1870,0,0.0
Nutritionist,women,1880,0,0.0
Nutritionist,women,1900,0,0.0
Nutritionist,women,1910,0,0.0
Nutritionist,women,1920,1514,3.6057523705e-05
Nutritionist,women,1930,4552,9.3412344745e-05
Nutritionist,women,1940,0,0.0
Nutritionist,women,1950,22631,0.000372582455414
Nutritionist,women,1960,40932,0.00047098349528
Nutritionist,women,1970,52883,0.000484002607754
Nutritionist,women,1980,73865,0.000574812207649
Nutritionist,women,1990,99487,0.000667135260223
Nutritionist,women,2000,88039,0.000523660289241
Office Machine Operator,men,1850,0,0.0
Office Machine Operator,men,1860,0,0.0
Office Machine Operator,men,1870,0,0.0
Office Machine Operator,men,1880,0,0.0
Office Machine Operator,men,1900,201,6.770008431e-06
Office Machine Operator,men,1910,0,0.0
Office Machine Operator,men,1920,1917,4.5655398245e-05
Office Machine Operator,men,1930,6071,0.000124583994935
Office Machine Operator,men,1940,16510,0.000317309144651
Office Machine Operator,men,1950,26048,0.000428837779976
Office Machine Operator,men,1960,81701,0.000940091433301
Office Machine Operator,men,1970,159568,0.001460418813497
Office Machine Operator,men,1980,278817,0.002169734181279
Office Machine Operator,men,1990,450697,0.003022262811996
Office Machine Operator,men,2000,334259,0.001988188923337
Office Machine Operator,women,1850,0,0.0
Office Machine Operator,women,1860,0,0.0
Office Machine Operator,women,1870,0,0.0
Office Machine Operator,women,1880,0,0.0
Office Machine Operator,women,1900,0,0.0
Office Machine Operator,women,1910,0,0.0
Office Machine Operator,women,1920,13621,0.000324398633024
Office Machine Operator,women,1930,38412,0.00078825900403
Office Machine Operator,women,1940,61555,0.001183038425138
Office Machine Operator,women,1950,129829,0.002137422456101
Office Machine Operator,women,1960,408461,0.004699950881111
Office Machine Operator,women,1970,612403,0.005604913658393
Office Machine Operator,women,1980,854621,0.006650600199195
Office Machine Operator,women,1990,1252448,0.00839860707828
Office Machine Operator,women,2000,891903,0.005305082780991
Oiler / Greaser,men,1850,0,0.0
Oiler / Greaser,men,1860,0,0.0
Oiler / Greaser,men,1870,0,0.0
Oiler / Greaser,men,1880,0,0.0
Oiler / Greaser,men,1900,6630,0.000223309233338
Oiler / Greaser,men,1910,15620,0.000401244299158
Oiler / Greaser,men,1920,26540,0.000632078387818
Oiler / Greaser,men,1930,29825,0.000612043757034
Oiler / Greaser,men,1940,40008,0.000768922123514
Oiler / Greaser,men,1950,62567,0.001030063474346
Oiler / Greaser,men,1960,60558,0.000696809794468
Oiler / Greaser,men,1970,56403,0.000516218805385
Oiler / Greaser,men,1980,51225,0.000398629328326
Oiler / Greaser,men,1990,28470,0.000190912791204
Oiler / Greaser,men,2000,30515,0.000181504716389
Oiler / Greaser,women,1850,0,0.0
Oiler / Greaser,women,1860,0,0.0
Oiler / Greaser,women,1870,0,0.0
Oiler / Greaser,women,1880,0,0.0
Oiler / Greaser,women,1900,100,3.368163398e-06
Oiler / Greaser,women,1910,0,0.0
Oiler / Greaser,women,1920,302,7.192451888000001e-06
Oiler / Greaser,women,1930,0,0.0
Oiler / Greaser,women,1940,778,1.4952544793e-05
Oiler / Greaser,women,1950,671,1.1046919163e-05
Oiler / Greaser,women,1960,797,9.170669543e-06
Oiler / Greaser,women,1970,2306,2.1105270379e-05
Oiler / Greaser,women,1980,2201,1.7128026386000002e-05
Oiler / Greaser,women,1990,1252,8.395602900000001e-06
Oiler / Greaser,women,2000,2196,1.3061915687e-05
Operative,men,1850,192143,0.035541217290807
Operative,men,1860,247834,0.029383595864286
Operative,men,1870,609233,0.046403472485686
Operative,men,1880,989348,0.05404122501411
Operative,men,1900,1052589,0.035452917437456
Operative,men,1910,1753668,0.04504796975779
Operative,men,1920,1963909,0.04677258607918
Operative,men,1930,2144940,0.044016668439695
Operative,men,1940,2999021,0.057638812132171
Operative,men,1950,4057324,0.066797213482964
Operative,men,1960,4986070,0.057372145908137
Operative,men,1970,5939103,0.054356623862566
Operative,men,1980,5807712,0.045195204171288
Operative,men,1990,5338347,0.035797637028058
Operative,men,2000,5837694,0.034722890179867
Operative,women,1850,1212,0.000224186961567
Operative,women,1860,73186,0.008677049343204
Operative,women,1870,182209,0.013878319654622
Operative,women,1880,303660,0.016586841422618
Operative,women,1900,492853,0.016600094355729
Operative,women,1910,943342,0.024232432756515
Operative,women,1920,1107472,0.02637562608567
Operative,women,1930,1268895,0.026039204126822
Operative,women,1940,2053061,0.039458208953818
Operative,women,1950,2577284,0.042430771995095
Operative,women,1960,5044007,0.058038797202138
Operative,women,1970,6135206,0.056151423011414
Operative,women,1980,5651553,0.04397998587393
Operative,women,1990,4635239,0.031082768366368
Operative,women,2000,4200004,0.024981829751098
Optician / Lens Grinder,men,1850,202,3.7364493594e-05
Optician / Lens Grinder,men,1860,401,4.7543202069e-05
Optician / Lens Grinder,men,1870,503,3.8312019638e-05
Optician / Lens Grinder,men,1880,1398,7.636305179700001e-05
Optician / Lens Grinder,men,1900,3920,0.000132032005231
Optician / Lens Grinder,men,1910,0,0.0
Optician / Lens Grinder,men,1920,11710,0.000278886131173
Optician / Lens Grinder,men,1930,8087,0.000165954664313
Optician / Lens Grinder,men,1940,13608,0.000261534999419
Optician / Lens Grinder,men,1950,19545,0.000321776505283
Optician / Lens Grinder,men,1960,17831,0.000205172156365
Optician / Lens Grinder,men,1970,23534,0.000215390907681
Optician / Lens Grinder,men,1980,29999,0.000233450097032
Optician / Lens Grinder,men,1990,37323,0.000250278823538
Optician / Lens Grinder,men,2000,20024,0.000119103733933
Optician / Lens Grinder,women,1850,0,0.0
Optician / Lens Grinder,women,1860,0,0.0
Optician / Lens Grinder,women,1870,0,0.0
Optician / Lens Grinder,women,1880,0,0.0
Optician / Lens Grinder,women,1900,504,1.6975543529000002e-05
Optician / Lens Grinder,women,1910,0,0.0
Optician / Lens Grinder,women,1920,907,2.1601171731e-05
Optician / Lens Grinder,women,1930,505,1.0363188509e-05
Optician / Lens Grinder,women,1940,863,1.6586177579e-05
Optician / Lens Grinder,women,1950,1947,3.2054175276e-05
Optician / Lens Grinder,women,1960,4679,5.3838849174000006e-05
Optician / Lens Grinder,women,1970,8509,7.787716637400001e-05
Optician / Lens Grinder,women,1980,23697,0.000184408378591
Optician / Lens Grinder,women,1990,49567,0.000332384064687
Optician / Lens Grinder,women,2000,39007,0.000232015548818
Optometrist,men,1850,0,0.0
Optometrist,men,1860,0,0.0
Optometrist,men,1870,0,0.0
Optometrist,men,1880,0,0.0
Optometrist,men,1900,0,0.0
Optometrist,men,1910,0,0.0
Optometrist,men,1920,3430,8.168910588600001e-05
Optometrist,men,1930,10106,0.000207386897186
Optometrist,men,1940,11290,0.000216984872387
Optometrist,men,1950,16568,0.00027276506214
Optometrist,men,1960,17440,0.00020067312024
Optometrist,men,1970,20031,0.000183330299641
Optometrist,men,1980,24055,0.00018719430928
Optometrist,men,1990,25867,0.000173457715844
Optometrist,men,2000,24325,0.000144686292845
Optometrist,women,1850,0,0.0
Optometrist,women,1860,0,0.0
Optometrist,women,1870,0,0.0
Optometrist,women,1880,0,0.0
Optometrist,women,1900,0,0.0
Optometrist,women,1910,0,0.0
Optometrist,women,1920,0,0.0
Optometrist,women,1930,506,1.0383709675000002e-05
Optometrist,women,1940,1773,3.4075657993000006e-05
Optometrist,women,1950,946,1.5574345049e-05
Optometrist,women,1960,1197,1.3773264044e-05
Optometrist,women,1970,902,8.255400642e-06
Optometrist,women,1980,2442,1.9003471347e-05
Optometrist,women,1990,4742,3.1798681274000006e-05
Optometrist,women,2000,9246,5.499566140300001e-05
Osteopath,men,1850,0,0.0
Osteopath,men,1860,0,0.0
Osteopath,men,1870,0,0.0
Osteopath,men,1880,0,0.0
Osteopath,men,1900,201,6.770008431e-06
Osteopath,men,1910,0,0.0
Osteopath,men,1920,2825,6.728038604300001e-05
Osteopath,men,1930,4045,8.3008113904e-05
Osteopath,men,1940,5657,0.000108723066704
Osteopath,men,1950,6758,0.000111259433241
Osteopath,men,1960,3784,4.3540543978e-05
Osteopath,men,1970,0,0.0
Osteopath,men,1980,0,0.0
Osteopath,men,1990,0,0.0
Osteopath,men,2000,0,0.0
Osteopath,women,1850,0,0.0
Osteopath,women,1860,0,0.0
Osteopath,women,1870,0,0.0
Osteopath,women,1880,0,0.0
Osteopath,women,1900,101,3.401845032e-06
Osteopath,women,1910,0,0.0
Osteopath,women,1920,909,2.1648803863000003e-05
Osteopath,women,1930,2527,5.1856984879e-05
Osteopath,women,1940,1212,2.3293681606000003e-05
Osteopath,women,1950,574,9.449972577e-06
Osteopath,women,1960,500,5.753243126e-06
Osteopath,women,1970,0,0.0
Osteopath,women,1980,0,0.0
Osteopath,women,1990,0,0.0
Osteopath,women,2000,0,0.0
Painter,men,1850,24058,0.004450074192566
Painter,men,1860,55188,0.006543177645352
Painter,men,1870,86449,0.006584564186304
Painter,men,1880,130754,0.007142184888931
Painter,men,1900,278009,0.00936379738328
Painter,men,1910,336038,0.008632095505801
Painter,men,1920,331975,0.007906338462543
Painter,men,1930,554055,0.011369854276742
Painter,men,1940,505402,0.00971342679135
Painter,men,1950,570711,0.009395824564189
Painter,men,1960,643596,0.007405528526052
Painter,men,1970,631217,0.005777105573797
Painter,men,1980,760594,0.005918888733025
Painter,men,1990,885076,0.005935101144651
Painter,men,2000,882211,0.005247434289716
Painter,women,1850,101,1.8682246797e-05
Painter,women,1860,201,2.3830881835e-05
Painter,women,1870,301,2.2926278153000003e-05
Painter,women,1880,698,3.8126902828e-05
Painter,women,1900,2913,9.8114599806e-05
Painter,women,1910,2771,7.1181046924e-05
Painter,women,1920,6659,0.000158591182535
Painter,women,1930,14158,0.000290538659248
Painter,women,1940,11859,0.000227920602448
Painter,women,1950,31300,0.000515303382726
Painter,women,1960,41041,0.000472237702281
Painter,women,1970,65407,0.000598626374551
Painter,women,1980,110802,0.000862253330156
Painter,women,1990,128104,0.000859033797136
Painter,women,2000,108402,0.000644780411799
Paperhanger,men,1850,607,0.000112278453524
Paperhanger,men,1860,1907,0.00022609697343
Paperhanger,men,1870,2712,0.000206565004491
Paperhanger,men,1880,3990,0.000217946049121
Paperhanger,men,1900,21617,0.000728095881911
Paperhanger,men,1910,23172,0.00059523898208
Paperhanger,men,1920,18656,0.000444312524609
Paperhanger,men,1930,33868,0.000695010828608
Paperhanger,men,1940,31499,0.00060538587204
Paperhanger,men,1950,22586,0.000371841603905
Paperhanger,men,1960,13057,0.000150240190996
Paperhanger,men,1970,0,0.0
Paperhanger,men,1980,0,0.0
Paperhanger,men,1990,0,0.0
Paperhanger,men,2000,15223,9.0547150502e-05
Paperhanger,women,1850,0,0.0
Paperhanger,women,1860,0,0.0
Paperhanger,women,1870,0,0.0
Paperhanger,women,1880,0,0.0
Paperhanger,women,1900,403,1.3573698497000002e-05
Paperhanger,women,1910,1007,2.5867670246e-05
Paperhanger,women,1920,707,1.6837958560000003e-05
Paperhanger,women,1930,505,1.0363188509e-05
Paperhanger,women,1940,3800,7.303299513400001e-05
Paperhanger,women,1950,3055,5.0295585758000005e-05
Paperhanger,women,1960,2288,2.6326840545e-05
Paperhanger,women,1970,0,0.0
Paperhanger,women,1980,0,0.0
Paperhanger,women,1990,0,0.0
Paperhanger,women,2000,7125,4.2379849394e-05
Parking Attendant,men,1850,0,0.0
Parking Attendant,men,1860,0,0.0
Parking Attendant,men,1870,0,0.0
Parking Attendant,men,1880,0,0.0
Parking Attendant,men,1900,0,0.0
Parking Attendant,men,1910,0,0.0
Parking Attendant,men,1920,3532,8.411834460300001e-05
Parking Attendant,men,1930,76845,0.001576948952534
Parking Attendant,men,1940,244162,0.004692600567923
Parking Attendant,men,1950,255490,0.004206225599129
Parking Attendant,men,1960,434923,0.00500443552032
Parking Attendant,men,1970,621579,0.005688895428126
Parking Attendant,men,1980,438129,0.003409488901715
Parking Attendant,men,1990,343931,0.002306316374843
Parking Attendant,men,2000,290103,0.001725546870022
Parking Attendant,women,1850,0,0.0
Parking Attendant,women,1860,0,0.0
Parking Attendant,women,1870,0,0.0
Parking Attendant,women,1880,0,0.0
Parking Attendant,women,1900,0,0.0
Parking Attendant,women,1910,0,0.0
Parking Attendant,women,1920,202,4.810845302e-06
Parking Attendant,women,1930,505,1.0363188509e-05
Parking Attendant,women,1940,11348,0.000218099586523
Parking Attendant,women,1950,6263,0.000103110066645
Parking Attendant,women,1960,10951,0.000126007530949
Parking Attendant,women,1970,22439,0.000205369107565
Parking Attendant,women,1980,47128,0.000366746763989
Parking Attendant,women,1990,46028,0.00030865240441
Parking Attendant,women,2000,53227,0.000316596806136
Pharmacist,men,1850,5461,0.001010136136237
Pharmacist,men,1860,9836,0.001166171909104
Pharmacist,men,1870,16085,0.001225146791017
Pharmacist,men,1880,28406,0.001551622925149
Pharmacist,men,1900,54859,0.00184774075893
Pharmacist,men,1910,0,0.0
Pharmacist,men,1920,69519,0.001655669082242
Pharmacist,men,1930,89469,0.001836008144111
Pharmacist,men,1940,79447,0.001526908516967
Pharmacist,men,1950,84842,0.001396784971158
Pharmacist,men,1960,97311,0.0011197076837
Pharmacist,men,1970,107984,0.000988305080948
Pharmacist,men,1980,122992,0.000957115048307
Pharmacist,men,1990,129075,0.000865545083411
Pharmacist,men,2000,123677,0.000735636860852
Pharmacist,women,1850,0,0.0
Pharmacist,women,1860,201,2.3830881835e-05
Pharmacist,women,1870,0,0.0
Pharmacist,women,1880,200,1.0924613991e-05
Pharmacist,women,1900,1003,3.3782678889000005e-05
Pharmacist,women,1910,0,0.0
Pharmacist,women,1920,2825,6.728038604300001e-05
Pharmacist,women,1930,2023,4.1514317534000005e-05
Pharmacist,women,1940,5816,0.000111778920974
Pharmacist,women,1950,13857,0.000228132874582
Pharmacist,women,1960,10264,0.000118102574893
Pharmacist,women,1970,20235,0.000185197374731
Pharmacist,women,1980,41371,0.000321946197017
Pharmacist,women,1990,76550,0.000513325401008
Pharmacist,women,2000,107598,0.000639998180372
Photo Developer,men,1850,0,0.0
Photo Developer,men,1860,0,0.0
Photo Developer,men,1870,0,0.0
Photo Developer,men,1880,100,5.462306995e-06
Photo Developer,men,1900,603,2.0310025294e-05
Photo Developer,men,1910,0,0.0
Photo Developer,men,1920,2422,5.768251150300001e-05
Photo Developer,men,1930,8590,0.000176276810492
Photo Developer,men,1940,15775,0.000303183025855
Photo Developer,men,1950,18452,0.000303782045305
Photo Developer,men,1960,26196,0.000301423913865
Photo Developer,men,1970,41276,0.000377771526533
Photo Developer,men,1980,48507,0.000377478044492
Photo Developer,men,1990,55700,0.000373510448545
Photo Developer,men,2000,43477,0.000258603328017
Photo Developer,women,1850,0,0.0
Photo Developer,women,1860,0,0.0
Photo Developer,women,1870,100,7.616703705e-06
Photo Developer,women,1880,200,1.0924613991e-05
Photo Developer,women,1900,1106,3.7251887190000006e-05
Photo Developer,women,1910,0,0.0
Photo Developer,women,1920,4341,0.00010338554188
Photo Developer,women,1930,6572,0.000134865098783
Photo Developer,women,1940,9844,0.000189193895817
Photo Developer,women,1950,15688,0.000258277299303
Photo Developer,women,1960,32268,0.00037129129839
Photo Developer,women,1970,47477,0.000434525117871
Photo Developer,women,1980,65144,0.000506946002235
Photo Developer,women,1990,67981,0.000455863802559
Photo Developer,women,2000,62574,0.000372193220493
Photographer,men,1850,707,0.000130775727581
Photographer,men,1860,3815,0.000452312508462
Photographer,men,1870,6935,0.000528218401971
Photographer,men,1880,10667,0.000582664287212
Photographer,men,1900,21811,0.000734630118905
Photographer,men,1910,25946,0.000666497092571
Photographer,men,1920,23116,0.000550532178327
Photographer,men,1930,27300,0.000560227814486
Photographer,men,1940,34411,0.000661352209364
Photographer,men,1950,46122,0.000759323406329
Photographer,men,1960,50022,0.000575577455313
Photographer,men,1970,66716,0.000610606773045
Photographer,men,1980,81296,0.000632639724268
Photographer,men,1990,112297,0.000753035957636
Photographer,men,2000,116115,0.000690657714028
Photographer,women,1850,0,0.0
Photographer,women,1860,100,1.1856160116e-05
Photographer,women,1870,303,2.3078612227e-05
Photographer,women,1880,698,3.8126902828e-05
Photographer,women,1900,2820,9.4982207845e-05
Photographer,women,1910,5792,0.000148784057664
Photographer,women,1920,4842,0.000115317390874
Photographer,women,1930,3034,6.2261215719e-05
Photographer,women,1940,3311,6.363480181300001e-05
Photographer,women,1950,9922,0.000163349525987
Photographer,women,1960,10361,0.00011921870406
Photographer,women,1970,15632,0.000143069204932
Photographer,women,1980,32123,0.000249978914862
Photographer,women,1990,57529,0.000385775270994
Photographer,women,2000,70166,0.000417350808788
Physician / Surgeon,men,1850,43256,0.008001180865975
Physician / Surgeon,men,1860,58907,0.006984108240102
Physician / Surgeon,men,1870,61635,0.00469455532884
Physician / Surgeon,men,1880,86590,0.004729811627427
Physician / Surgeon,men,1900,117403,0.003954324875055
Physician / Surgeon,men,1910,147613,0.003791861378468
Physician / Surgeon,men,1920,130056,0.003097422260967
Physician / Surgeon,men,1930,139517,0.002863051428338
Physician / Surgeon,men,1940,167176,0.00321299052491
Physician / Surgeon,men,1950,186164,0.003064886228174
Physician / Surgeon,men,1960,222442,0.002559525814939
Physician / Surgeon,men,1970,269060,0.002462525606385
Physician / Surgeon,men,1980,394999,0.003073854291062
Physician / Surgeon,men,1990,494783,0.003317892643856
Physician / Surgeon,men,2000,576125,0.003426819751921
Physician / Surgeon,women,1850,0,0.0
Physician / Surgeon,women,1860,301,3.5687041952000005e-05
Physician / Surgeon,women,1870,904,6.885500149700001e-05
Physician / Surgeon,women,1880,2592,0.000141582997324
Physician / Surgeon,women,1900,5635,0.00018979600752
Physician / Surgeon,women,1910,7555,0.000194071746487
Physician / Surgeon,women,1920,5555,0.00013229824583
Physician / Surgeon,women,1930,8593,0.000176338373988
Physician / Surgeon,women,1940,8033,0.000154387907873
Physician / Surgeon,women,1950,11600,0.000190975055579
Physician / Surgeon,women,1960,16339,0.000188004478876
Physician / Surgeon,women,1970,31353,0.000286952967133
Physician / Surgeon,women,1980,65607,0.0005105490355
Physician / Surgeon,women,1990,133057,0.000892247392318
Physician / Surgeon,women,2000,211250,0.001256525359242
Piano / Organ Tuner,men,1850,0,0.0
Piano / Organ Tuner,men,1860,501,5.939936218600001e-05
Piano / Organ Tuner,men,1870,402,3.0619148895e-05
Piano / Organ Tuner,men,1880,1398,7.636305179700001e-05
Piano / Organ Tuner,men,1900,4526,0.000152443075428
Piano / Organ Tuner,men,1910,9065,0.00023286040793
Piano / Organ Tuner,men,1920,6860,0.000163378211772
Piano / Organ Tuner,men,1930,12135,0.000249024341713
Piano / Organ Tuner,men,1940,10537,0.000202512807825
Piano / Organ Tuner,men,1950,13802,0.000227227389405
Piano / Organ Tuner,men,1960,5384,6.195092198200001e-05
Piano / Organ Tuner,men,1970,8118,7.4298605785e-05
Piano / Organ Tuner,men,1980,0,0.0
Piano / Organ Tuner,men,1990,0,0.0
Piano / Organ Tuner,men,2000,0,0.0
Piano / Organ Tuner,women,1850,0,0.0
Piano / Organ Tuner,women,1860,0,0.0
Piano / Organ Tuner,women,1870,0,0.0
Piano / Organ Tuner,women,1880,0,0.0
Piano / Organ Tuner,women,1900,0,0.0
Piano / Organ Tuner,women,1910,0,0.0
Piano / Organ Tuner,women,1920,0,0.0
Piano / Organ Tuner,women,1930,506,1.0383709675000002e-05
Piano / Organ Tuner,women,1940,0,0.0
Piano / Organ Tuner,women,1950,325,5.350594229e-06
Piano / Organ Tuner,women,1960,99,1.139142138e-06
Piano / Organ Tuner,women,1970,500,4.5761644360000005e-06
Piano / Organ Tuner,women,1980,0,0.0
Piano / Organ Tuner,women,1990,0,0.0
Piano / Organ Tuner,women,2000,0,0.0
Pilot,men,1850,0,0.0
Pilot,men,1860,0,0.0
Pilot,men,1870,0,0.0
Pilot,men,1880,0,0.0
Pilot,men,1900,101,3.401845032e-06
Pilot,men,1910,0,0.0
Pilot,men,1920,806,1.9195749079e-05
Pilot,men,1930,6571,0.000134844577618
Pilot,men,1940,6947,0.000133515846632
Pilot,men,1950,16817,0.000276864440489
Pilot,men,1960,30676,0.000352972972276
Pilot,men,1970,51099,0.000467674853046
Pilot,men,1980,80769,0.000628538647527
Pilot,men,1990,117916,0.000790715584393
Pilot,men,2000,136359,0.000811070018749
Pilot,women,1850,0,0.0
Pilot,women,1860,0,0.0
Pilot,women,1870,0,0.0
Pilot,women,1880,0,0.0
Pilot,women,1900,0,0.0
Pilot,women,1910,0,0.0
Pilot,women,1920,0,0.0
Pilot,women,1930,0,0.0
Pilot,women,1940,303,5.823420401000001e-06
Pilot,women,1950,0,0.0
Pilot,women,1960,599,6.8923852650000005e-06
Pilot,women,1970,804,7.358472413e-06
Pilot,women,1980,1341,1.0435567189e-05
Pilot,women,1990,4648,3.1168340481e-05
Pilot,women,2000,5919,3.5206502254e-05
Plasterer,men,1850,9505,0.001758165899091
Plasterer,men,1860,13749,0.001630103454481
Plasterer,men,1870,19695,0.001500109794783
Plasterer,men,1880,27532,0.001503882362008
Plasterer,men,1900,39880,0.001343223563428
Plasterer,men,1910,46607,0.001197233870094
Plasterer,men,1920,38442,0.000915537203636
Plasterer,men,1930,77840,0.001597367512073
Plasterer,men,1940,59528,0.001144081087996
Plasterer,men,1950,68312,0.001124645516958
Plasterer,men,1960,63664,0.000732548940768
Plasterer,men,1970,36556,0.000334572534256
Plasterer,men,1980,32999,0.000256795884928
Plasterer,men,1990,49512,0.000332015248265
Plasterer,men,2000,54434,0.000323776101325
Plasterer,women,1850,0,0.0
Plasterer,women,1860,200,2.3712320233e-05
Plasterer,women,1870,100,7.616703705e-06
Plasterer,women,1880,0,0.0
Plasterer,women,1900,201,6.770008431e-06
Plasterer,women,1910,0,0.0
Plasterer,women,1920,101,2.405422651e-06
Plasterer,women,1930,0,0.0
Plasterer,women,1940,909,1.7470261204000002e-05
Plasterer,women,1950,1203,1.9805430332e-05
Plasterer,women,1960,200,2.3012972500000003e-06
Plasterer,women,1970,1201,1.0991946975e-05
Plasterer,women,1980,880,6.848097782e-06
Plasterer,women,1990,1043,6.994100499000001e-06
Plasterer,women,2000,695,4.133894081e-06
Plumber,men,1850,1516,0.000280418674699
Plumber,men,1860,6216,0.00073697891287
Plumber,men,1870,12969,0.000987810303556
Plumber,men,1880,18655,0.001018993370015
Plumber,men,1900,90259,0.003040070602093
Plumber,men,1910,152913,0.003928007011345
Plumber,men,1920,216042,0.00514527049966
Plumber,men,1930,249220,0.005114284832461
Plumber,men,1940,205078,0.003941436993752
Plumber,men,1950,292481,0.004815222002657
Plumber,men,1960,371777,0.004277846939431
Plumber,men,1970,426834,0.003906525141886
Plumber,men,1980,560336,0.004360495135523
Plumber,men,1990,576342,0.003864807162221
Plumber,men,2000,636668,0.003786932484819
Plumber,women,1850,0,0.0
Plumber,women,1860,0,0.0
Plumber,women,1870,101,7.692870742000001e-06
Plumber,women,1880,0,0.0
Plumber,women,1900,202,6.8036900650000005e-06
Plumber,women,1910,756,1.9420018576e-05
Plumber,women,1920,604,1.4384903777e-05
Plumber,women,1930,505,1.0363188509e-05
Plumber,women,1940,1388,2.6676262433000004e-05
Plumber,women,1950,2210,3.6384040761000006e-05
Plumber,women,1960,1397,1.6074561294e-05
Plumber,women,1970,5604,5.1289651e-05
Plumber,women,1980,8083,6.290133452100001e-05
Plumber,women,1990,9252,6.204162782600001e-05
Plumber,women,2000,11947,7.1061341855e-05
Policeman / Detective,men,1850,2930,0.000541970129861
Policeman / Detective,men,1860,4117,0.000488118112015
Policeman / Detective,men,1870,12456,0.000948736613548
Policeman / Detective,men,1880,14858,0.000811589573395
Policeman / Detective,men,1900,41908,0.001411529917155
Policeman / Detective,men,1910,68769,0.001766528118363
Policeman / Detective,men,1920,92029,0.002191768724661
Policeman / Detective,men,1930,141547,0.002904709394031
Policeman / Detective,men,1940,150849,0.002899198495551
Policeman / Detective,men,1950,202046,0.003326357420649
Policeman / Detective,men,1960,274172,0.003154756348772
Policeman / Detective,men,1970,391239,0.003580747995676
Policeman / Detective,men,1980,504399,0.003925197356341
Policeman / Detective,men,1990,589960,0.003956126108151
Policeman / Detective,men,2000,817139,0.004860382842726
Policeman / Detective,women,1850,0,0.0
Policeman / Detective,women,1860,100,1.1856160116e-05
Policeman / Detective,women,1870,101,7.692870742000001e-06
Policeman / Detective,women,1880,0,0.0
Policeman / Detective,women,1900,201,6.770008431e-06
Policeman / Detective,women,1910,0,0.0
Policeman / Detective,women,1920,1107,2.6364384902000003e-05
Policeman / Detective,women,1930,1516,3.1110086694e-05
Policeman / Detective,women,1940,1920,3.6900881752e-05
Policeman / Detective,women,1950,4611,7.591258459200001e-05
Policeman / Detective,women,1960,11849,0.000136340355603
Policeman / Detective,women,1970,18734,0.000171459729093
Policeman / Detective,women,1980,32562,0.000253395181824
Policeman / Detective,women,1990,91240,0.000611832914278
Policeman / Detective,women,2000,144722,0.000860813552853
Porter,men,1850,6064,0.001121674698799
Porter,men,1860,11944,0.00141609976437
Porter,men,1870,17889,0.001362552125863
Porter,men,1880,21643,0.001182207103041
Porter,men,1900,72538,0.002443198366198
Porter,men,1910,87910,0.002258219355891
Porter,men,1920,111610,0.002658111110187
Porter,men,1930,159765,0.003278563984665
Porter,men,1940,173740,0.003339145414401
Porter,men,1950,173360,0.002854089278895
Porter,men,1960,182380,0.002098552962699
Porter,men,1970,29337,0.000268501872127
Porter,men,1980,24222,0.000188493891473
Porter,men,1990,40885,0.000274164716136
Porter,men,2000,56206,0.00033431604422
Porter,women,1850,0,0.0
Porter,women,1860,0,0.0
Porter,women,1870,0,0.0
Porter,women,1880,0,0.0
Porter,women,1900,403,1.3573698497000002e-05
Porter,women,1910,1008,2.5893358101e-05
Porter,women,1920,1413,3.3652101054e-05
Porter,women,1930,2529,5.189802721e-05
Porter,women,1940,3714,7.1380143139e-05
Porter,women,1950,6489,0.000106830787556
Porter,women,1960,3484,4.0088598103e-05
Porter,women,1970,600,5.491397323e-06
Porter,women,1980,2120,1.6497690113e-05
Porter,women,1990,4839,3.2449139326000004e-05
Porter,women,2000,11117,6.6124461153e-05
Postmaster,men,1850,1922,0.00035551760737
Postmaster,men,1860,3108,0.000368489456435
Postmaster,men,1870,3317,0.000252646061909
Postmaster,men,1880,5488,0.000299771407914
Postmaster,men,1900,14178,0.000477538206677
Postmaster,men,1910,0,0.0
Postmaster,men,1920,16751,0.000398942919153
Postmaster,men,1930,18192,0.000373321040334
Postmaster,men,1940,21643,0.000415961345711
Postmaster,men,1950,22144,0.000364564795753
Postmaster,men,1960,27385,0.000315105126019
Postmaster,men,1970,30154,0.000275979324815
Postmaster,men,1980,23556,0.00018331112656
Postmaster,men,1990,27766,0.000186191941011
Postmaster,men,2000,20279,0.000120620486438
Postmaster,women,1850,0,0.0
Postmaster,women,1860,100,1.1856160116e-05
Postmaster,women,1870,201,1.5309574447e-05
Postmaster,women,1880,798,4.3589209824e-05
Postmaster,women,1900,5831,0.000196397607782
Postmaster,women,1910,0,0.0
Postmaster,women,1920,13418,0.000319563971655
Postmaster,women,1930,11622,0.000238496983881
Postmaster,women,1940,16614,0.000319307942413
Postmaster,women,1950,14591,0.000240216985858
Postmaster,women,1960,21920,0.00025222217865
Postmaster,women,1970,16728,0.000153100157376
Postmaster,women,1980,18413,0.000143288664177
Postmaster,women,1990,25369,0.000170118250792
Postmaster,women,2000,27120,0.000161311089906
Power Station Operator,men,1850,0,0.0
Power Station Operator,men,1860,0,0.0
Power Station Operator,men,1870,0,0.0
Power Station Operator,men,1880,0,0.0
Power Station Operator,men,1900,0,0.0
Power Station Operator,men,1910,0,0.0
Power Station Operator,men,1920,4036,9.6121641794e-05
Power Station Operator,men,1930,7583,0.000155611996968
Power Station Operator,men,1940,35641,0.000684991836736
Power Station Operator,men,1950,22608,0.000372203797976
Power Station Operator,men,1960,28090,0.000323217198827
Power Station Operator,men,1970,23836,0.000218154911
Power Station Operator,men,1980,29157,0.000226897712562
Power Station Operator,men,1990,39503,0.00026489736533
Power Station Operator,men,2000,43979,0.000261589248634
Power Station Operator,women,1850,0,0.0
Power Station Operator,women,1860,0,0.0
Power Station Operator,women,1870,0,0.0
Power Station Operator,women,1880,0,0.0
Power Station Operator,women,1900,0,0.0
Power Station Operator,women,1910,0,0.0
Power Station Operator,women,1920,101,2.405422651e-06
Power Station Operator,women,1930,2022,4.1493796369000005e-05
Power Station Operator,women,1940,1245,2.3927915511e-05
Power Station Operator,women,1950,1045,1.7204218368000003e-05
Power Station Operator,women,1960,2787,3.2068577185e-05
Power Station Operator,women,1970,802,7.340167755e-06
Power Station Operator,women,1980,1441,1.1213760119e-05
Power Station Operator,women,1990,2285,1.5322645869000002e-05
Power Station Operator,women,2000,3787,2.2525261706e-05
Pressman,men,1850,101,1.8682246797e-05
Pressman,men,1860,301,3.5687041952000005e-05
Pressman,men,1870,601,4.5776389269000006e-05
Pressman,men,1880,699,3.8181525898000006e-05
Pressman,men,1900,14669,0.000494075888965
Pressman,men,1910,25186,0.000646974322574
Pressman,men,1920,23918,0.000569632663143
Pressman,men,1930,34884,0.00071586033262
Pressman,men,1940,38795,0.000745609222698
Pressman,men,1950,56811,0.000935300334698
Pressman,men,1960,78705,0.000905618000489
Pressman,men,1970,147758,0.001352329809515
Pressman,men,1980,269303,0.002095696905931
Pressman,men,1990,324773,0.002177847556652
Pressman,men,2000,280610,0.001669082040506
Pressman,women,1850,0,0.0
Pressman,women,1860,0,0.0
Pressman,women,1870,0,0.0
Pressman,women,1880,0,0.0
Pressman,women,1900,602,2.027634366e-05
Pressman,women,1910,1008,2.5893358101e-05
Pressman,women,1920,706,1.6814142494e-05
Pressman,women,1930,506,1.0383709675000002e-05
Pressman,women,1940,773,1.4856448747e-05
Pressman,women,1950,1908,3.1412103969000005e-05
Pressman,women,1960,5886,6.7727178081e-05
Pressman,women,1970,19231,0.000176008436543
Pressman,women,1980,63388,0.000493280934386
Pressman,women,1990,79866,0.00053556167834
Pressman,women,2000,72897,0.00043359493071
Produce Grader,men,1850,0,0.0
Produce Grader,men,1860,0,0.0
Produce Grader,men,1870,0,0.0
Produce Grader,men,1880,0,0.0
Produce Grader,men,1900,403,1.3573698497000002e-05
Produce Grader,men,1910,2519,6.4707707399e-05
Produce Grader,men,1920,5048,0.000120223500441
Produce Grader,men,1930,4549,9.3350781248e-05
Produce Grader,men,1940,22012,0.000423053233923
Produce Grader,men,1950,23753,0.000391054353031
Produce Grader,men,1960,10362,0.000119230210546
Produce Grader,men,1970,12425,0.000113717686238
Produce Grader,men,1980,0,0.0
Produce Grader,men,1990,0,0.0
Produce Grader,men,2000,0,0.0
Produce Grader,women,1850,0,0.0
Produce Grader,women,1860,0,0.0
Produce Grader,women,1870,0,0.0
Produce Grader,women,1880,0,0.0
Produce Grader,women,1900,1509,5.0825585687000006e-05
Produce Grader,women,1910,2016,5.1786716203000005e-05
Produce Grader,women,1920,4032,9.6026377531e-05
Produce Grader,women,1930,3031,6.2199652223e-05
Produce Grader,women,1940,20208,0.000388381780443
Produce Grader,women,1950,28323,0.000466291939583
Produce Grader,women,1960,53084,0.000610810316218
Produce Grader,women,1970,56705,0.000518982808704
Produce Grader,women,1980,0,0.0
Produce Grader,women,1990,0,0.0
Produce Grader,women,2000,0,0.0
Professional - Misc,men,1850,7076,0.001308867112253
Professional - Misc,men,1860,1711,0.000202858899601
Professional - Misc,men,1870,3814,0.000290501079324
Professional - Misc,men,1880,3295,0.000179983015502
Professional - Misc,men,1900,9149,0.000308153269353
Professional - Misc,men,1910,11587,0.000297645178895
Professional - Misc,men,1920,9086,0.000216392774367
Professional - Misc,men,1930,31847,0.000653537553404
Professional - Misc,men,1940,133278,0.002561497769889
Professional - Misc,men,1950,98096,0.001614990435524
Professional - Misc,men,1960,263832,0.003035779280923
Professional - Misc,men,1970,907129,0.008302342937616
Professional - Misc,men,1980,634581,0.004938264476306
Professional - Misc,men,1990,1190777,0.00798505657788
Professional - Misc,men,2000,2833825,0.016855730064639
Professional - Misc,women,1850,303,5.6046740391000006e-05
Professional - Misc,women,1860,0,0.0
Professional - Misc,women,1870,200,1.523340741e-05
Professional - Misc,women,1880,599,3.2719218903000005e-05
Professional - Misc,women,1900,1909,6.4298239282e-05
Professional - Misc,women,1910,10580,0.000271777508648
Professional - Misc,women,1920,3129,7.452047006300001e-05
Professional - Misc,women,1930,2528,5.1877506044e-05
Professional - Misc,women,1940,37527,0.000721239265374
Professional - Misc,women,1950,19300,0.000317742980403
Professional - Misc,women,1960,94244,0.001084417290364
Professional - Misc,women,1970,764981,0.007001357693074
Professional - Misc,women,1980,580750,0.004519355440227
Professional - Misc,women,1990,1012193,0.006787516363462
Professional - Misc,women,2000,2592152,0.015418247209518
Professor,men,1850,1112,0.00020568968751
Professor,men,1860,1002,0.000118798724372
Professor,men,1870,1712,0.000130397967436
Professor,men,1880,3190,0.000174247593157
Professor,men,1900,5628,0.000189560236082
Professor,men,1910,21667,0.000556578759914
Professor,men,1920,17960,0.000427736542773
Professor,men,1930,31851,0.000653619638065
Professor,men,1940,53898,0.001035876939941
Professor,men,1950,31980,0.000526498472191
Professor,men,1960,66431,0.000764387388228
Professor,men,1970,175361,0.001604961543378
Professor,men,1980,337037,0.00262279810505
Professor,men,1990,452502,0.00303436669637
Professor,men,2000,707315,0.004207144305195
Professor,women,1850,0,0.0
Professor,women,1860,400,4.7424640467e-05
Professor,women,1870,0,0.0
Professor,women,1880,0,0.0
Professor,women,1900,805,2.711371536e-05
Professor,women,1910,4031,0.000103547744552
Professor,women,1920,8881,0.000211510480867
Professor,women,1930,14656,0.000300758199601
Professor,women,1940,20493,0.000393859255078
Professor,women,1950,17593,0.000289640013172
Professor,women,1960,27397,0.000315243203854
Professor,women,1970,109100,0.000998519079969
Professor,women,1980,213694,0.001662951599559
Professor,women,1990,329228,0.002207721686783
Professor,women,2000,637686,0.00379298759874
Professor - Agriculture ,men,1850,0,0.0
Professor - Agriculture ,men,1860,0,0.0
Professor - Agriculture ,men,1870,0,0.0
Professor - Agriculture ,men,1880,0,0.0
Professor - Agriculture ,men,1900,101,3.401845032e-06
Professor - Agriculture ,men,1910,0,0.0
Professor - Agriculture ,men,1920,303,7.216267954e-06
Professor - Agriculture ,men,1930,0,0.0
Professor - Agriculture ,men,1940,0,0.0
Professor - Agriculture ,men,1950,5005,8.2399151135e-05
Professor - Agriculture ,men,1960,3288,3.7833326797000006e-05
Professor - Agriculture ,men,1970,4806,4.398609256e-05
Professor - Agriculture ,men,1980,3400,2.6458559615000003e-05
Professor - Agriculture ,men,1990,1167,7.825613886e-06
Professor - Agriculture ,men,2000,0,0.0
Professor - Agriculture ,women,1850,0,0.0
Professor - Agriculture ,women,1860,0,0.0
Professor - Agriculture ,women,1870,0,0.0
Professor - Agriculture ,women,1880,0,0.0
Professor - Agriculture ,women,1900,0,0.0
Professor - Agriculture ,women,1910,0,0.0
Professor - Agriculture ,women,1920,0,0.0
Professor - Agriculture ,women,1930,0,0.0
Professor - Agriculture ,women,1940,0,0.0
Professor - Agriculture ,women,1950,109,1.7945069870000002e-06
Professor - Agriculture ,women,1960,299,3.440439389e-06
Professor - Agriculture ,women,1970,301,2.7548509900000004e-06
Professor - Agriculture ,women,1980,720,5.602989095e-06
Professor - Agriculture ,women,1990,237,1.589263488e-06
Professor - Agriculture ,women,2000,0,0.0
Professor - Biology,men,1850,0,0.0
Professor - Biology,men,1860,0,0.0
Professor - Biology,men,1870,0,0.0
Professor - Biology,men,1880,0,0.0
Professor - Biology,men,1900,302,1.0171853464e-05
Professor - Biology,men,1910,0,0.0
Professor - Biology,men,1920,0,0.0
Professor - Biology,men,1930,0,0.0
Professor - Biology,men,1940,0,0.0
Professor - Biology,men,1950,4834,7.958391540200001e-05
Professor - Biology,men,1960,6975,8.0257741609e-05
Professor - Biology,men,1970,17827,0.000163158566806
Professor - Biology,men,1980,7188,5.593650779900001e-05
Professor - Biology,men,1990,4388,2.9424844671e-05
Professor - Biology,men,2000,0,0.0
Professor - Biology,women,1850,0,0.0
Professor - Biology,women,1860,0,0.0
Professor - Biology,women,1870,0,0.0
Professor - Biology,women,1880,0,0.0
Professor - Biology,women,1900,0,0.0
Professor - Biology,women,1910,0,0.0
Professor - Biology,women,1920,0,0.0
Professor - Biology,women,1930,0,0.0
Professor - Biology,women,1940,0,0.0
Professor - Biology,women,1950,1407,2.3163957172e-05
Professor - Biology,women,1960,2691,3.0963954505000004e-05
Professor - Biology,women,1970,6407,5.8638971084000006e-05
Professor - Biology,women,1980,3922,3.0520726709e-05
Professor - Biology,women,1990,2447,1.6408977874e-05
Professor - Biology,women,2000,0,0.0
Professor - Chemistry,men,1850,0,0.0
Professor - Chemistry,men,1860,0,0.0
Professor - Chemistry,men,1870,0,0.0
Professor - Chemistry,men,1880,99,5.407683925000001e-06
Professor - Chemistry,men,1900,0,0.0
Professor - Chemistry,men,1910,0,0.0
Professor - Chemistry,men,1920,404,9.621690605e-06
Professor - Chemistry,men,1930,0,0.0
Professor - Chemistry,men,1940,0,0.0
Professor - Chemistry,men,1950,5931,9.7644228848e-05
Professor - Chemistry,men,1960,5785,6.6565022969e-05
Professor - Chemistry,men,1970,14525,0.00013293757687
Professor - Chemistry,men,1980,7186,5.592094394e-05
Professor - Chemistry,men,1990,4135,2.7728289133e-05
Professor - Chemistry,men,2000,0,0.0
Professor - Chemistry,women,1850,0,0.0
Professor - Chemistry,women,1860,0,0.0
Professor - Chemistry,women,1870,0,0.0
Professor - Chemistry,women,1880,0,0.0
Professor - Chemistry,women,1900,0,0.0
Professor - Chemistry,women,1910,0,0.0
Professor - Chemistry,women,1920,0,0.0
Professor - Chemistry,women,1930,0,0.0
Professor - Chemistry,women,1940,0,0.0
Professor - Chemistry,women,1950,1034,1.7023121333000002e-05
Professor - Chemistry,women,1960,1394,1.6040041835e-05
Professor - Chemistry,women,1970,2702,2.4729592613000003e-05
Professor - Chemistry,women,1980,1943,1.5120288627000002e-05
Professor - Chemistry,women,1990,1329,8.911945890000001e-06
Professor - Chemistry,women,2000,0,0.0
Professor - Economics,men,1850,0,0.0
Professor - Economics,men,1860,0,0.0
Professor - Economics,men,1870,0,0.0
Professor - Economics,men,1880,0,0.0
Professor - Economics,men,1900,0,0.0
Professor - Economics,men,1910,0,0.0
Professor - Economics,men,1920,0,0.0
Professor - Economics,men,1930,505,1.0363188509e-05
Professor - Economics,men,1940,0,0.0
Professor - Economics,men,1950,3419,5.628825129500001e-05
Professor - Economics,men,1960,3883,4.4679686117e-05
Professor - Economics,men,1970,10217,9.3509344088e-05
Professor - Economics,men,1980,4463,3.4730750460000005e-05
Professor - Economics,men,1990,3274,2.19546357e-05
Professor - Economics,men,2000,0,0.0
Professor - Economics,women,1850,0,0.0
Professor - Economics,women,1860,0,0.0
Professor - Economics,women,1870,0,0.0
Professor - Economics,women,1880,0,0.0
Professor - Economics,women,1900,0,0.0
Professor - Economics,women,1910,0,0.0
Professor - Economics,women,1920,0,0.0
Professor - Economics,women,1930,0,0.0
Professor - Economics,women,1940,0,0.0
Professor - Economics,women,1950,463,7.622538856000001e-06
Professor - Economics,women,1960,199,2.289790764e-06
Professor - Economics,women,1970,903,8.264552971000001e-06
Professor - Economics,women,1980,1262,9.820794774e-06
Professor - Economics,women,1990,1134,7.604324033e-06
Professor - Economics,women,2000,0,0.0
Professor - Engineering,men,1850,0,0.0
Professor - Engineering,men,1860,0,0.0
Professor - Engineering,men,1870,0,0.0
Professor - Engineering,men,1880,0,0.0
Professor - Engineering,men,1900,0,0.0
Professor - Engineering,men,1910,0,0.0
Professor - Engineering,men,1920,705,1.6790326428e-05
Professor - Engineering,men,1930,0,0.0
Professor - Engineering,men,1940,0,0.0
Professor - Engineering,men,1950,8515,0.000140185568815
Professor - Engineering,men,1960,9866,0.000113522993365
Professor - Engineering,men,1970,16335,0.000149503292129
Professor - Engineering,men,1980,10848,8.4418369032e-05
Professor - Engineering,men,1990,7440,4.9890803180000005e-05
Professor - Engineering,men,2000,0,0.0
Professor - Engineering,women,1850,0,0.0
Professor - Engineering,women,1860,0,0.0
Professor - Engineering,women,1870,0,0.0
Professor - Engineering,women,1880,0,0.0
Professor - Engineering,women,1900,0,0.0
Professor - Engineering,women,1910,0,0.0
Professor - Engineering,women,1920,0,0.0
Professor - Engineering,women,1930,0,0.0
Professor - Engineering,women,1940,0,0.0
Professor - Engineering,women,1950,0,0.0
Professor - Engineering,women,1960,299,3.440439389e-06
Professor - Engineering,women,1970,1303,1.192548452e-05
Professor - Engineering,women,1980,1541,1.1991953049000002e-05
Professor - Engineering,women,1990,1418,9.508757918e-06
Professor - Engineering,women,2000,0,0.0
Professor - Geology,men,1850,0,0.0
Professor - Geology,men,1860,0,0.0
Professor - Geology,men,1870,100,7.616703705e-06
Professor - Geology,men,1880,100,5.462306995e-06
Professor - Geology,men,1900,0,0.0
Professor - Geology,men,1910,0,0.0
Professor - Geology,men,1920,0,0.0
Professor - Geology,men,1930,0,0.0
Professor - Geology,men,1940,0,0.0
Professor - Geology,men,1950,936,1.5409711381e-05
Professor - Geology,men,1960,1795,2.0654142822e-05
Professor - Geology,men,1970,0,0.0
Professor - Geology,men,1980,0,0.0
Professor - Geology,men,1990,0,0.0
Professor - Geology,men,2000,0,0.0
Professor - Geology,women,1850,0,0.0
Professor - Geology,women,1860,0,0.0
Professor - Geology,women,1870,0,0.0
Professor - Geology,women,1880,0,0.0
Professor - Geology,women,1900,0,0.0
Professor - Geology,women,1910,0,0.0
Professor - Geology,women,1920,0,0.0
Professor - Geology,women,1930,0,0.0
Professor - Geology,women,1940,0,0.0
Professor - Geology,women,1950,0,0.0
Professor - Geology,women,1960,100,1.150648625e-06
Professor - Geology,women,1970,0,0.0
Professor - Geology,women,1980,0,0.0
Professor - Geology,women,1990,0,0.0
Professor - Geology,women,2000,0,0.0
Professor - Mathematics,men,1850,101,1.8682246797e-05
Professor - Mathematics,men,1860,200,2.3712320233e-05
Professor - Mathematics,men,1870,100,7.616703705e-06
Professor - Mathematics,men,1880,200,1.0924613991e-05
Professor - Mathematics,men,1900,100,3.368163398e-06
Professor - Mathematics,men,1910,0,0.0
Professor - Mathematics,men,1920,202,4.810845302e-06
Professor - Mathematics,men,1930,0,0.0
Professor - Mathematics,men,1940,0,0.0
Professor - Mathematics,men,1950,4048,6.664370905000001e-05
Professor - Mathematics,men,1960,8964,0.000103144142765
Professor - Mathematics,men,1970,24749,0.00022651098726
Professor - Mathematics,men,1980,15650,0.000121787193524
Professor - Mathematics,men,1990,15592,0.00010455610258
Professor - Mathematics,men,2000,0,0.0
Professor - Mathematics,women,1850,0,0.0
Professor - Mathematics,women,1860,0,0.0
Professor - Mathematics,women,1870,0,0.0
Professor - Mathematics,women,1880,0,0.0
Professor - Mathematics,women,1900,0,0.0
Professor - Mathematics,women,1910,0,0.0
Professor - Mathematics,women,1920,0,0.0
Professor - Mathematics,women,1930,0,0.0
Professor - Mathematics,women,1940,0,0.0
Professor - Mathematics,women,1950,998,1.6430440126e-05
Professor - Mathematics,women,1960,1693,1.9480481225e-05
Professor - Mathematics,women,1970,8811,8.064116969300001e-05
Professor - Mathematics,women,1980,7664,5.9640706145e-05
Professor - Mathematics,women,1990,10315,6.916984338800001e-05
Professor - Mathematics,women,2000,0,0.0
Professor - Medical,men,1850,0,0.0
Professor - Medical,men,1860,0,0.0
Professor - Medical,men,1870,0,0.0
Professor - Medical,men,1880,0,0.0
Professor - Medical,men,1900,0,0.0
Professor - Medical,men,1910,0,0.0
Professor - Medical,men,1920,403,9.597874539e-06
Professor - Medical,men,1930,1012,2.0767419350000003e-05
Professor - Medical,men,1940,0,0.0
Professor - Medical,men,1950,2200,3.6219407092e-05
Professor - Medical,men,1960,4982,5.7325314509e-05
Professor - Medical,men,1970,13320,0.000121909020579
Professor - Medical,men,1980,9945,7.739128687500001e-05
Professor - Medical,men,1990,7061,4.734932275e-05
Professor - Medical,men,2000,0,0.0
Professor - Medical,women,1850,0,0.0
Professor - Medical,women,1860,0,0.0
Professor - Medical,women,1870,0,0.0
Professor - Medical,women,1880,0,0.0
Professor - Medical,women,1900,0,0.0
Professor - Medical,women,1910,0,0.0
Professor - Medical,women,1920,101,2.405422651e-06
Professor - Medical,women,1930,0,0.0
Professor - Medical,women,1940,0,0.0
Professor - Medical,women,1950,246,4.049988247e-06
Professor - Medical,women,1960,1796,2.0665649309000003e-05
Professor - Medical,women,1970,17730,0.000162270790906
Professor - Medical,women,1980,22797,0.000177404642222
Professor - Medical,women,1990,15130,0.00010145804464
Professor - Medical,women,2000,0,0.0
Professor - Physics,men,1850,0,0.0
Professor - Physics,men,1860,0,0.0
Professor - Physics,men,1870,0,0.0
Professor - Physics,men,1880,0,0.0
Professor - Physics,men,1900,100,3.368163398e-06
Professor - Physics,men,1910,0,0.0
Professor - Physics,men,1920,202,4.810845302e-06
Professor - Physics,men,1930,0,0.0
Professor - Physics,men,1940,0,0.0
Professor - Physics,men,1950,2972,4.8929126308e-05
Professor - Physics,men,1960,5282,6.0777260384e-05
Professor - Physics,men,1970,14037,0.00012847124038
Professor - Physics,men,1980,5609,4.3648841436000005e-05
Professor - Physics,men,1990,3834,2.5709857445e-05
Professor - Physics,men,2000,0,0.0
Professor - Physics,women,1850,0,0.0
Professor - Physics,women,1860,0,0.0
Professor - Physics,women,1870,0,0.0
Professor - Physics,women,1880,0,0.0
Professor - Physics,women,1900,0,0.0
Professor - Physics,women,1910,0,0.0
Professor - Physics,women,1920,0,0.0
Professor - Physics,women,1930,0,0.0
Professor - Physics,women,1940,0,0.0
Professor - Physics,women,1950,1101,1.8126166913e-05
Professor - Physics,women,1960,199,2.289790764e-06
Professor - Physics,women,1970,1000,9.152328872e-06
Professor - Physics,women,1980,440,3.424048891e-06
Professor - Physics,women,1990,503,3.372993817e-06
Professor - Physics,women,2000,0,0.0
Professor - Psychology,men,1850,0,0.0
Professor - Psychology,men,1860,0,0.0
Professor - Psychology,men,1870,0,0.0
Professor - Psychology,men,1880,0,0.0
Professor - Psychology,men,1900,0,0.0
Professor - Psychology,men,1910,0,0.0
Professor - Psychology,men,1920,0,0.0
Professor - Psychology,men,1930,0,0.0
Professor - Psychology,men,1940,0,0.0
Professor - Psychology,men,1950,2316,3.8129157648e-05
Professor - Psychology,men,1960,2193,2.5233724351e-05
Professor - Psychology,men,1970,10322,9.447033862e-05
Professor - Psychology,men,1980,3322,2.585156913e-05
Professor - Psychology,men,1990,2555,1.713319921e-05
Professor - Psychology,men,2000,0,0.0
Professor - Psychology,women,1850,0,0.0
Professor - Psychology,women,1860,0,0.0
Professor - Psychology,women,1870,0,0.0
Professor - Psychology,women,1880,0,0.0
Professor - Psychology,women,1900,0,0.0
Professor - Psychology,women,1910,0,0.0
Professor - Psychology,women,1920,0,0.0
Professor - Psychology,women,1930,0,0.0
Professor - Psychology,women,1940,0,0.0
Professor - Psychology,women,1950,1497,2.4645660189e-05
Professor - Psychology,women,1960,1196,1.3761757557e-05
Professor - Psychology,women,1970,3308,3.0275903909e-05
Professor - Psychology,women,1980,2585,2.0116287237e-05
Professor - Psychology,women,1990,2702,1.8118944918e-05
Professor - Psychology,women,2000,0,0.0
Professor - Science,men,1850,0,0.0
Professor - Science,men,1860,100,1.1856160116e-05
Professor - Science,men,1870,0,0.0
Professor - Science,men,1880,100,5.462306995e-06
Professor - Science,men,1900,0,0.0
Professor - Science,men,1910,0,0.0
Professor - Science,men,1920,101,2.405422651e-06
Professor - Science,men,1930,0,0.0
Professor - Science,men,1940,0,0.0
Professor - Science,men,1950,136,2.239017892e-06
Professor - Science,men,1960,199,2.289790764e-06
Professor - Science,men,1970,3906,3.5748996575000004e-05
Professor - Science,men,1980,2240,1.7431521629e-05
Professor - Science,men,1990,961,6.444228744e-06
Professor - Science,men,2000,0,0.0
Professor - Science,women,1850,0,0.0
Professor - Science,women,1860,0,0.0
Professor - Science,women,1870,0,0.0
Professor - Science,women,1880,0,0.0
Professor - Science,women,1900,0,0.0
Professor - Science,women,1910,0,0.0
Professor - Science,women,1920,0,0.0
Professor - Science,women,1930,0,0.0
Professor - Science,women,1940,0,0.0
Professor - Science,women,1950,0,0.0
Professor - Science,women,1960,100,1.150648625e-06
Professor - Science,women,1970,201,1.839618103e-06
Professor - Science,women,1980,641,4.98821668e-06
Professor - Science,women,1990,665,4.459325821e-06
Professor - Science,women,2000,0,0.0
Professor - Social Science ,men,1850,0,0.0
Professor - Social Science ,men,1860,202,2.3949443436e-05
Professor - Social Science ,men,1870,202,1.5385741484000003e-05
Professor - Social Science ,men,1880,0,0.0
Professor - Social Science ,men,1900,101,3.401845032e-06
Professor - Social Science ,men,1910,0,0.0
Professor - Social Science ,men,1920,505,1.2027113257e-05
Professor - Social Science ,men,1930,1011,2.0746898184e-05
Professor - Social Science ,men,1940,0,0.0
Professor - Social Science ,men,1950,13381,0.000220296311957
Professor - Social Science ,men,1960,17431,0.000200569561864
Professor - Social Science ,men,1970,31253,0.000286037734246
Professor - Social Science ,men,1980,10031,7.806053279500001e-05
Professor - Social Science ,men,1990,6137,4.1153206871e-05
Professor - Social Science ,men,2000,0,0.0
Professor - Social Science ,women,1850,0,0.0
Professor - Social Science ,women,1860,0,0.0
Professor - Social Science ,women,1870,0,0.0
Professor - Social Science ,women,1880,0,0.0
Professor - Social Science ,women,1900,0,0.0
Professor - Social Science ,women,1910,0,0.0
Professor - Social Science ,women,1920,101,2.405422651e-06
Professor - Social Science ,women,1930,0,0.0
Professor - Social Science ,women,1940,0,0.0
Professor - Social Science ,women,1950,6210,0.000102237508202
Professor - Social Science ,women,1960,11061,0.000127273244436
Professor - Social Science ,women,1970,8218,7.521383867200001e-05
Professor - Social Science ,women,1980,5305,4.128313492900001e-05
Professor - Social Science ,women,1990,3183,2.1344412167e-05
Professor - Social Science ,women,2000,0,0.0
Professor - Statistics,men,1850,0,0.0
Professor - Statistics,men,1860,0,0.0
Professor - Statistics,men,1870,0,0.0
Professor - Statistics,men,1880,0,0.0
Professor - Statistics,men,1900,0,0.0
Professor - Statistics,men,1910,0,0.0
Professor - Statistics,men,1920,0,0.0
Professor - Statistics,men,1930,0,0.0
Professor - Statistics,men,1940,0,0.0
Professor - Statistics,men,1950,519,8.5444874e-06
Professor - Statistics,men,1960,100,1.150648625e-06
Professor - Statistics,men,1970,0,0.0
Professor - Statistics,men,1980,0,0.0
Professor - Statistics,men,1990,0,0.0
Professor - Statistics,men,2000,0,0.0
Professor - Statistics,women,1850,0,0.0
Professor - Statistics,women,1860,0,0.0
Professor - Statistics,women,1870,0,0.0
Professor - Statistics,women,1880,0,0.0
Professor - Statistics,women,1900,0,0.0
Professor - Statistics,women,1910,0,0.0
Professor - Statistics,women,1920,0,0.0
Professor - Statistics,women,1930,0,0.0
Professor - Statistics,women,1940,0,0.0
Professor - Statistics,women,1950,0,0.0
Professor - Statistics,women,1960,100,1.150648625e-06
Professor - Statistics,women,1970,0,0.0
Professor - Statistics,women,1980,0,0.0
Professor - Statistics,women,1990,0,0.0
Professor - Statistics,women,2000,0,0.0
Psychologist,men,1850,0,0.0
Psychologist,men,1860,0,0.0
Psychologist,men,1870,0,0.0
Psychologist,men,1880,0,0.0
Psychologist,men,1900,0,0.0
Psychologist,men,1910,0,0.0
Psychologist,men,1920,0,0.0
Psychologist,men,1930,0,0.0
Psychologist,men,1940,0,0.0
Psychologist,men,1950,1742,2.8679185070000003e-05
Psychologist,men,1960,10065,0.000115812784129
Psychologist,men,1970,16925,0.000154903166163
Psychologist,men,1980,50235,0.00039092521832
Psychologist,men,1990,83271,0.000558394767699
Psychologist,men,2000,66504,0.000395569053212
Psychologist,women,1850,0,0.0
Psychologist,women,1860,0,0.0
Psychologist,women,1870,0,0.0
Psychologist,women,1880,0,0.0
Psychologist,women,1900,0,0.0
Psychologist,women,1910,0,0.0
Psychologist,women,1920,100,2.3816065850000003e-06
Psychologist,women,1930,0,0.0
Psychologist,women,1940,0,0.0
Psychologist,women,1950,2509,4.1306587452e-05
Psychologist,women,1960,5376,6.1858870092e-05
Psychologist,women,1970,14422,0.000131994886996
Psychologist,women,1980,50476,0.000392800663281
Psychologist,women,1990,123250,0.000826484071512
Psychologist,women,2000,119715,0.000712070690564
Public Officials,men,1850,7585,0.001403018237202
Public Officials,men,1860,10236,0.001213596549572
Public Officials,men,1870,14974,0.00114052521285
Public Officials,men,1880,28125,0.001536273842492
Public Officials,men,1900,35977,0.001211764145974
Public Officials,men,1910,103010,0.002646105970314
Public Officials,men,1920,50743,0.00120849862973
Public Officials,men,1930,54094,0.001110071919296
Public Officials,men,1940,138820,0.00266801062753
Public Officials,men,1950,109734,0.001806591099044
Public Officials,men,1960,173633,0.00199790572745
Public Officials,men,1970,252529,0.002311228457797
Public Officials,men,1980,284687,0.002215414106262
Public Officials,men,1990,435434,0.002919912902191
Public Officials,men,2000,129379,0.000769552636465
Public Officials,women,1850,102,1.8867219537000003e-05
Public Officials,women,1860,0,0.0
Public Officials,women,1870,100,7.616703705e-06
Public Officials,women,1880,897,4.8996893749e-05
Public Officials,women,1900,1605,5.4059022550000006e-05
Public Officials,women,1910,12093,0.000310643233657
Public Officials,women,1920,4844,0.000115365023006
Public Officials,women,1930,3032,6.2220173389e-05
Public Officials,women,1940,16572,0.000318500735624
Public Officials,women,1950,21025,0.000346142288237
Public Officials,women,1960,59279,0.000682092998551
Public Officials,women,1970,84936,0.000777362205099
Public Officials,women,1980,158596,0.001234182859058
Public Officials,women,1990,600459,0.004026529810113
Public Officials,women,2000,162534,0.000966760202315
Purchasing Agent,men,1850,0,0.0
Purchasing Agent,men,1860,0,0.0
Purchasing Agent,men,1870,0,0.0
Purchasing Agent,men,1880,996,5.4404577675e-05
Purchasing Agent,men,1900,1006,3.3883723791e-05
Purchasing Agent,men,1910,0,0.0
Purchasing Agent,men,1920,15744,0.000374960140836
Purchasing Agent,men,1930,21742,0.000446171177382
Purchasing Agent,men,1940,34317,0.000659545603695
Purchasing Agent,men,1950,63795,0.00105028048885
Purchasing Agent,men,1960,99324,0.001142870240526
Purchasing Agent,men,1970,152374,0.00139457695959
Purchasing Agent,men,1980,207326,0.001613396273785
Purchasing Agent,men,1990,239191,0.001603955793502
Purchasing Agent,men,2000,141566,0.000842041510089
Purchasing Agent,women,1850,0,0.0
Purchasing Agent,women,1860,0,0.0
Purchasing Agent,women,1870,0,0.0
Purchasing Agent,women,1880,100,5.462306995e-06
Purchasing Agent,women,1900,402,1.3540016863e-05
Purchasing Agent,women,1910,0,0.0
Purchasing Agent,women,1920,807,1.9219565145e-05
Purchasing Agent,women,1930,2528,5.1877506044e-05
Purchasing Agent,women,1940,8463,0.000162652167848
Purchasing Agent,women,1950,6955,0.000114502716513
Purchasing Agent,women,1960,14743,0.000169640126818
Purchasing Agent,women,1970,28844,0.000263989773993
Purchasing Agent,women,1980,85914,0.000668576673769
Purchasing Agent,women,1990,170629,0.001144195948382
Purchasing Agent,women,2000,160663,0.000955631402565
Radio Operator,men,1850,0,0.0
Radio Operator,men,1860,0,0.0
Radio Operator,men,1870,0,0.0
Radio Operator,men,1880,0,0.0
Radio Operator,men,1900,0,0.0
Radio Operator,men,1910,0,0.0
Radio Operator,men,1920,2825,6.728038604300001e-05
Radio Operator,men,1930,5059,0.000103816575585
Radio Operator,men,1940,12231,0.000235070148287
Radio Operator,men,1950,16670,0.00027444432556
Radio Operator,men,1960,27301,0.000314138581174
Radio Operator,men,1970,51476,0.000471125281031
Radio Operator,men,1980,83564,0.000650289139917
Radio Operator,men,1990,70794,0.000474727086074
Radio Operator,men,2000,121044,0.000719975647735
Radio Operator,women,1850,0,0.0
Radio Operator,women,1860,0,0.0
Radio Operator,women,1870,0,0.0
Radio Operator,women,1880,0,0.0
Radio Operator,women,1900,0,0.0
Radio Operator,women,1910,0,0.0
Radio Operator,women,1920,202,4.810845302e-06
Radio Operator,women,1930,506,1.0383709675000002e-05
Radio Operator,women,1940,404,7.764560535e-06
Radio Operator,women,1950,2611,4.2985850872e-05
Radio Operator,women,1960,5379,6.1893389551e-05
Radio Operator,women,1970,11417,0.000104492138735
Radio Operator,women,1980,47147,0.000366894620646
Radio Operator,women,1990,21810,0.000146252475453
Radio Operator,women,2000,24389,0.000145066967983
Railroad Brakeman,men,1850,506,9.3596206727e-05
Railroad Brakeman,men,1860,2410,0.000285733458818
Railroad Brakeman,men,1870,12362,0.000941576912064
Railroad Brakeman,men,1880,23342,0.001275011698896
Railroad Brakeman,men,1900,71057,0.002393315866262
Railroad Brakeman,men,1910,94464,0.002426577559264
Railroad Brakeman,men,1920,121299,0.002888864972266
Railroad Brakeman,men,1930,87963,0.00180510326907
Railroad Brakeman,men,1940,75661,0.001454144590762
Railroad Brakeman,men,1950,79785,0.001313529724946
Railroad Brakeman,men,1960,71215,0.000819434418459
Railroad Brakeman,men,1970,57785,0.000528867323886
Railroad Brakeman,men,1980,91941,0.000715478361652
Railroad Brakeman,men,1990,39506,0.000264917482589
Railroad Brakeman,men,2000,11668,6.9401836173e-05
Railroad Brakeman,women,1850,0,0.0
Railroad Brakeman,women,1860,0,0.0
Railroad Brakeman,women,1870,0,0.0
Railroad Brakeman,women,1880,0,0.0
Railroad Brakeman,women,1900,100,3.368163398e-06
Railroad Brakeman,women,1910,252,6.4733395250000005e-06
Railroad Brakeman,women,1920,302,7.192451888000001e-06
Railroad Brakeman,women,1930,506,1.0383709675000002e-05
Railroad Brakeman,women,1940,458,8.802397834000001e-06
Railroad Brakeman,women,1950,485,7.984732927e-06
Railroad Brakeman,women,1960,199,2.289790764e-06
Railroad Brakeman,women,1970,600,5.491397323e-06
Railroad Brakeman,women,1980,1303,1.0139853876e-05
Railroad Brakeman,women,1990,564,3.782044757e-06
Railroad Brakeman,women,2000,377,2.242414487e-06
Railroad Conductor,men,1850,404,7.4728987189e-05
Railroad Conductor,men,1860,5217,0.000618535873302
Railroad Conductor,men,1870,8237,0.000627387884216
Railroad Conductor,men,1880,18353,0.001002497202889
Railroad Conductor,men,1900,55275,0.001861752318668
Railroad Conductor,men,1910,60701,0.001559278502126
Railroad Conductor,men,1920,82636,0.001968064418075
Railroad Conductor,men,1930,80889,0.001659936545273
Railroad Conductor,men,1940,47656,0.000915910635827
Railroad Conductor,men,1950,55662,0.000916383926176
Railroad Conductor,men,1960,63262,0.000727923333294
Railroad Conductor,men,1970,53684,0.000491333623181
Railroad Conductor,men,1980,58455,0.000454892677156
Railroad Conductor,men,1990,45153,0.000302784870434
Railroad Conductor,men,2000,54613,0.000324840802103
Railroad Conductor,women,1850,0,0.0
Railroad Conductor,women,1860,0,0.0
Railroad Conductor,women,1870,0,0.0
Railroad Conductor,women,1880,99,5.407683925000001e-06
Railroad Conductor,women,1900,101,3.401845032e-06
Railroad Conductor,women,1910,0,0.0
Railroad Conductor,women,1920,202,4.810845302e-06
Railroad Conductor,women,1930,0,0.0
Railroad Conductor,women,1940,606,1.1646840803000002e-05
Railroad Conductor,women,1950,54,8.890218104543926e-07
Railroad Conductor,women,1960,400,4.602594500000001e-06
Railroad Conductor,women,1970,901,8.246248313000001e-06
Railroad Conductor,women,1980,981,7.634072642e-06
Railroad Conductor,women,1990,2878,1.9299157467000003e-05
Railroad Conductor,women,2000,3685,2.1918560704e-05
Railroad Switchman,men,1850,101,1.8682246797e-05
Railroad Switchman,men,1860,202,2.3949443436e-05
Railroad Switchman,men,1870,1308,9.9626484466e-05
Railroad Switchman,men,1880,3191,0.000174302216227
Railroad Switchman,men,1900,22994,0.000774475491912
Railroad Switchman,men,1910,68008,0.00174697966051
Railroad Switchman,men,1920,68425,0.001629614306196
Railroad Switchman,men,1930,68251,0.00140059005738
Railroad Switchman,men,1940,46193,0.0008877929327
Railroad Switchman,men,1950,67040,0.001103704114312
Railroad Switchman,men,1960,65023,0.000748186255585
Railroad Switchman,men,1970,62820,0.000574949299758
Railroad Switchman,men,1980,10746,8.3624612243e-05
Railroad Switchman,men,1990,5871,3.9369476542e-05
Railroad Switchman,men,2000,0,0.0
Railroad Switchman,women,1850,0,0.0
Railroad Switchman,women,1860,0,0.0
Railroad Switchman,women,1870,0,0.0
Railroad Switchman,women,1880,0,0.0
Railroad Switchman,women,1900,0,0.0
Railroad Switchman,women,1910,0,0.0
Railroad Switchman,women,1920,301,7.168635822000001e-06
Railroad Switchman,women,1930,0,0.0
Railroad Switchman,women,1940,0,0.0
Railroad Switchman,women,1950,218,3.5890139750000003e-06
Railroad Switchman,women,1960,498,5.730230153e-06
Railroad Switchman,women,1970,800,7.321863097e-06
Railroad Switchman,women,1980,321,2.497999304e-06
Railroad Switchman,women,1990,393,2.6353609740000003e-06
Railroad Switchman,women,2000,0,0.0
Real Estate Agent,men,1850,405,7.491395992900001e-05
Real Estate Agent,men,1860,2511,0.000297708180537
Real Estate Agent,men,1870,9342,0.000711552460161
Real Estate Agent,men,1880,13753,0.000751231081094
Real Estate Agent,men,1900,54886,0.001848650163047
Real Estate Agent,men,1910,125936,0.003235025740001
Real Estate Agent,men,1920,120301,0.002865096538542
Real Estate Agent,men,1930,164288,0.003371381215614
Real Estate Agent,men,1940,111205,0.002137272164202
Real Estate Agent,men,1950,134551,0.002215162474415
Real Estate Agent,men,1960,172155,0.001980899140769
Real Estate Agent,men,1970,208549,0.001908709033992
Real Estate Agent,men,1980,404125,0.003144872177842
Real Estate Agent,men,1990,446923,0.002996955299738
Real Estate Agent,men,2000,437118,0.002599999299319
Real Estate Agent,women,1850,0,0.0
Real Estate Agent,women,1860,0,0.0
Real Estate Agent,women,1870,0,0.0
Real Estate Agent,women,1880,0,0.0
Real Estate Agent,women,1900,1408,4.7423740654e-05
Real Estate Agent,women,1910,3275,8.412772597500001e-05
Real Estate Agent,women,1920,4338,0.000103314093683
Real Estate Agent,women,1930,9603,0.000197064751007
Real Estate Agent,women,1940,9954,0.000191308008834
Real Estate Agent,women,1950,24702,0.000406678088182
Real Estate Agent,women,1960,65960,0.000758967833203
Real Estate Agent,women,1970,119193,0.001090893535278
Real Estate Agent,women,1980,375987,0.002925904251235
Real Estate Agent,women,1990,499220,0.003347646070431
Real Estate Agent,women,2000,500595,0.002977563608094
Recreation Attendant,men,1850,303,5.6046740391000006e-05
Recreation Attendant,men,1860,0,0.0
Recreation Attendant,men,1870,201,1.5309574447e-05
Recreation Attendant,men,1880,797,4.3534586754e-05
Recreation Attendant,men,1900,1305,4.3954532353000007e-05
Recreation Attendant,men,1910,0,0.0
Recreation Attendant,men,1920,7368,0.000175476773226
Recreation Attendant,men,1930,21230,0.000435664340715
Recreation Attendant,men,1940,58467,0.001123689506986
Recreation Attendant,men,1950,63049,0.001037998817172
Recreation Attendant,men,1960,93742,0.001078641034265
Recreation Attendant,men,1970,146544,0.001341218882264
Recreation Attendant,men,1980,177265,0.001379463697136
Recreation Attendant,men,1990,227691,0.001526839632671
Recreation Attendant,men,2000,343733,0.002044540739921
Recreation Attendant,women,1850,0,0.0
Recreation Attendant,women,1860,0,0.0
Recreation Attendant,women,1870,0,0.0
Recreation Attendant,women,1880,0,0.0
Recreation Attendant,women,1900,0,0.0
Recreation Attendant,women,1910,0,0.0
Recreation Attendant,women,1920,201,4.787029237e-06
Recreation Attendant,women,1930,506,1.0383709675000002e-05
Recreation Attendant,women,1940,9754,0.000187464166985
Recreation Attendant,women,1950,5241,8.6284505714e-05
Recreation Attendant,women,1960,16527,0.000190167698292
Recreation Attendant,women,1970,70335,0.000643729051234
Recreation Attendant,women,1980,149228,0.001161281745388
Recreation Attendant,women,1990,204770,0.001373137065506
Recreation Attendant,women,2000,339990,0.002022277192373
Religious Worker,men,1850,0,0.0
Religious Worker,men,1860,1712,0.000202977461202
Religious Worker,men,1870,400,3.0466814821e-05
Religious Worker,men,1880,99,5.407683925000001e-06
Religious Worker,men,1900,3717,0.000125194633532
Religious Worker,men,1910,9319,0.000239385123166
Religious Worker,men,1920,6861,0.000163402027837
Religious Worker,men,1930,9100,0.000186742604828
Religious Worker,men,1940,8879,0.000170647358895
Religious Worker,men,1950,15925,0.000262179117249
Religious Worker,men,1960,26016,0.00029935274634
Religious Worker,men,1970,17126,0.000156742784267
Religious Worker,men,1980,23979,0.000186602882653
Religious Worker,men,1990,49125,0.000329420121809
Religious Worker,men,2000,63275,0.000376362802868
Religious Worker,women,1850,101,1.8682246797e-05
Religious Worker,women,1860,2014,0.000238783064755
Religious Worker,women,1870,7131,0.000543147141234
Religious Worker,women,1880,7088,0.000387168319842
Religious Worker,women,1900,26638,0.000897211366163
Religious Worker,women,1910,10328,0.000265304169123
Religious Worker,women,1920,26133,0.000622385249014
Religious Worker,women,1930,38417,0.000788361609857
Religious Worker,women,1940,23772,0.000456879042196
Religious Worker,women,1950,29036,0.000478030320154
Religious Worker,women,1960,42944,0.000494134545619
Religious Worker,women,1970,24832,0.000227270630557
Religious Worker,women,1980,36143,0.000281262270643
Religious Worker,women,1990,70844,0.00047506237373
Religious Worker,women,2000,108514,0.000645446593291
Retired,men,1850,1112,0.00020568968751
Retired,men,1860,10543,0.001249994961131
Retired,men,1870,77092,0.005871869220588
Retired,men,1880,109228,0.005966368685074
Retired,men,1900,87522,0.002947883969869
Retired,men,1910,0,0.0
Retired,men,1920,143179,0.003409960493195
Retired,men,1930,199186,0.00408752884455
Retired,men,1940,0,0.0
Retired,men,1950,0,0.0
Retired,men,1960,0,0.0
Retired,men,1970,0,0.0
Retired,men,1980,0,0.0
Retired,men,1990,0,0.0
Retired,men,2000,0,0.0
Retired,women,1850,0,0.0
Retired,women,1860,2711,0.000321420500771
Retired,women,1870,11762,0.000895876689832
Retired,women,1880,14252,0.000778487993002
Retired,women,1900,8536,0.000287506427718
Retired,women,1910,0,0.0
Retired,women,1920,10593,0.000252283585612
Retired,women,1930,21738,0.000446089092721
Retired,women,1940,0,0.0
Retired,women,1950,0,0.0
Retired,women,1960,0,0.0
Retired,women,1970,0,0.0
Retired,women,1980,0,0.0
Retired,women,1990,0,0.0
Retired,women,2000,0,0.0
Road Machinery Operator,men,1850,1415,0.000261736427902
Road Machinery Operator,men,1860,0,0.0
Road Machinery Operator,men,1870,0,0.0
Road Machinery Operator,men,1880,698,3.8126902828e-05
Road Machinery Operator,men,1900,803,2.7046352092000004e-05
Road Machinery Operator,men,1910,0,0.0
Road Machinery Operator,men,1920,10292,0.000245114949789
Road Machinery Operator,men,1930,22751,0.000466877033237
Road Machinery Operator,men,1940,0,0.0
Road Machinery Operator,men,1950,113735,0.001872461029852
Road Machinery Operator,men,1960,235174,0.002706026397904
Road Machinery Operator,men,1970,394873,0.003614007558798
Road Machinery Operator,men,1980,466269,0.003628472392181
Road Machinery Operator,men,1990,477535,0.003202231814116
Road Machinery Operator,men,2000,512160,0.003046352795216
Road Machinery Operator,women,1850,0,0.0
Road Machinery Operator,women,1860,0,0.0
Road Machinery Operator,women,1870,0,0.0
Road Machinery Operator,women,1880,0,0.0
Road Machinery Operator,women,1900,0,0.0
Road Machinery Operator,women,1910,0,0.0
Road Machinery Operator,women,1920,404,9.621690605e-06
Road Machinery Operator,women,1930,0,0.0
Road Machinery Operator,women,1940,0,0.0
Road Machinery Operator,women,1950,948,1.5607271783e-05
Road Machinery Operator,women,1960,599,6.8923852650000005e-06
Road Machinery Operator,women,1970,4905,4.4892173118e-05
Road Machinery Operator,women,1980,7446,5.7944245558000006e-05
Road Machinery Operator,women,1990,9309,6.2423855754e-05
Road Machinery Operator,women,2000,12391,7.3702275627e-05
Roller,men,1850,1010,0.000186822467972
Roller,men,1860,1706,0.000202266091595
Roller,men,1870,2312,0.000176098189669
Roller,men,1880,2996,0.000163650717586
Roller,men,1900,14363,0.000483769308965
Roller,men,1910,16373,0.000420587254169
Roller,men,1920,26233,0.0006247668556
Roller,men,1930,41952,0.000860903929425
Roller,men,1940,28821,0.000553916829679
Roller,men,1950,33817,0.000556741677113
Roller,men,1960,33573,0.000386307262949
Roller,men,1970,19733,0.000180602905637
Roller,men,1980,20678,0.000160914734038
Roller,men,1990,13779,9.2398572181e-05
Roller,men,2000,14228,8.462884171e-05
Roller,women,1850,0,0.0
Roller,women,1860,0,0.0
Roller,women,1870,0,0.0
Roller,women,1880,0,0.0
Roller,women,1900,0,0.0
Roller,women,1910,252,6.4733395250000005e-06
Roller,women,1920,201,4.787029237e-06
Roller,women,1930,0,0.0
Roller,women,1940,202,3.882280267000001e-06
Roller,women,1950,510,8.396317098e-06
Roller,women,1960,896,1.0309811682e-05
Roller,women,1970,1403,1.2840717407e-05
Roller,women,1980,2542,1.9781664277000003e-05
Roller,women,1990,2172,1.4564895767e-05
Roller,women,2000,5966,3.5486060559e-05
Roofer,men,1850,101,1.8682246797e-05
Roofer,men,1860,1202,0.000142511044605
Roofer,men,1870,2809,0.000213953207085
Roofer,men,1880,4591,0.000250774514164
Roofer,men,1900,8648,0.000291278770725
Roofer,men,1910,14860,0.000381721529161
Roofer,men,1920,11707,0.000278814682976
Roofer,men,1930,30332,0.000622447987875
Roofer,men,1940,36595,0.000703326962357
Roofer,men,1950,56125,0.000924006465032
Roofer,men,1960,64048,0.000736967431489
Roofer,men,1970,73714,0.000674654770494
Roofer,men,1980,149440,0.001162931514399
Roofer,men,1990,236158,0.001583617244302
Roofer,men,2000,291409,0.001733315022066
Roofer,women,1850,0,0.0
Roofer,women,1860,0,0.0
Roofer,women,1870,0,0.0
Roofer,women,1880,0,0.0
Roofer,women,1900,0,0.0
Roofer,women,1910,0,0.0
Roofer,women,1920,0,0.0
Roofer,women,1930,0,0.0
Roofer,women,1940,808,1.552912107e-05
Roofer,women,1950,0,0.0
Roofer,women,1960,99,1.139142138e-06
Roofer,women,1970,1002,9.17063353e-06
Roofer,women,1980,1701,1.3237061737e-05
Roofer,women,1990,3950,2.6487724807e-05
Roofer,women,2000,4992,2.9692660796000003e-05
Sailor,men,1850,69440,0.012844507104987
Sailor,men,1860,67827,0.008041677722535
Sailor,men,1870,65509,0.004989626430388
Sailor,men,1880,72121,0.003939470428244
Sailor,men,1900,50515,0.001701427740887
Sailor,men,1910,50632,0.001300627487515
Sailor,men,1920,52981,0.001261798985116
Sailor,men,1930,44992,0.000923288272137
Sailor,men,1940,44940,0.000863711263515
Sailor,men,1950,58129,0.00095699905222
Sailor,men,1960,48904,0.000562713203683
Sailor,men,1970,42272,0.00038688724609
Sailor,men,1980,42697,0.000332265035267
Sailor,men,1990,34208,0.000229390402582
Sailor,men,2000,31389,0.000186703311248
Sailor,women,1850,101,1.8682246797e-05
Sailor,women,1860,301,3.5687041952000005e-05
Sailor,women,1870,201,1.5309574447e-05
Sailor,women,1880,299,1.6332297916e-05
Sailor,women,1900,503,1.6941861895e-05
Sailor,women,1910,252,6.4733395250000005e-06
Sailor,women,1920,404,9.621690605e-06
Sailor,women,1930,0,0.0
Sailor,women,1940,505,9.705700669e-06
Sailor,women,1950,986,1.6232879724e-05
Sailor,women,1960,698,8.031527404e-06
Sailor,women,1970,1201,1.0991946975e-05
Sailor,women,1980,1321,1.0279928603e-05
Sailor,women,1990,1197,8.026786479e-06
Sailor,women,2000,1895,1.1271552926e-05
Salesman,men,1850,104351,0.01930209045093
Salesman,men,1860,166761,0.019771451172657
Salesman,men,1870,218916,0.016674183083773
Salesman,men,1880,362213,0.019785186037709
Salesman,men,1900,829630,0.027943294005197
Salesman,men,1910,1078646,0.027708102324591
Salesman,men,1920,1178007,0.028055492290822
Salesman,men,1930,1830029,0.037554327733189
Salesman,men,1940,1832034,0.0352102447918
Salesman,men,1950,2171684,0.035753230396571
Salesman,men,1960,2558950,0.02944452299539
Salesman,men,1970,3021401,0.027652855607148
Salesman,men,1980,3004021,0.023377079033849
Salesman,men,1990,3500491,0.023473428429808
Salesman,men,2000,4087696,0.024313816259756
Salesman,women,1850,405,7.491395992900001e-05
Salesman,women,1860,4616,0.000547280350999
Salesman,women,1870,12868,0.000980117432814
Salesman,women,1880,32418,0.00177077068181
Salesman,women,1900,201808,0.006797223191785
Salesman,women,1910,356928,0.009168714802179
Salesman,women,1920,504441,0.012013800076463
Salesman,women,1930,698141,0.014326666909637
Salesman,women,1940,847292,0.016284282240468
Salesman,women,1950,1345595,0.02215302413034
Salesman,women,1960,3203794,0.036864411616285
Salesman,women,1970,3508146,0.032107705924104
Salesman,women,1980,3179503,0.024742667551046
Salesman,women,1990,3386271,0.02270749730893
Salesman,women,2000,3846310,0.02287804049471
Sawyer,men,1850,9799,0.001812547884818
Sawyer,men,1860,13444,0.001593942166125
Sawyer,men,1870,13364,0.001017896283193
Sawyer,men,1880,9285,0.000507175204534
Sawyer,men,1900,39788,0.001340124853101
Sawyer,men,1910,46344,0.001190477964161
Sawyer,men,1920,39246,0.000934685320584
Sawyer,men,1930,41453,0.000850663867908
Sawyer,men,1940,46802,0.000899497431131
Sawyer,men,1950,98150,0.001615879457335
Sawyer,men,1960,109190,0.001256393233891
Sawyer,men,1970,114909,0.001051684958389
Sawyer,men,1980,110477,0.000859724203133
Sawyer,men,1990,95725,0.000641908217002
Sawyer,men,2000,70658,0.000420277248915
Sawyer,women,1850,0,0.0
Sawyer,women,1860,0,0.0
Sawyer,women,1870,0,0.0
Sawyer,women,1880,0,0.0
Sawyer,women,1900,402,1.3540016863e-05
Sawyer,women,1910,0,0.0
Sawyer,women,1920,303,7.216267954e-06
Sawyer,women,1930,0,0.0
Sawyer,women,1940,303,5.823420401000001e-06
Sawyer,women,1950,2415,3.9759030967e-05
Sawyer,women,1960,3092,3.5578055492e-05
Sawyer,women,1970,13721,0.000125579104457
Sawyer,women,1980,17380,0.000135249931211
Sawyer,women,1990,15024,0.00010074723481
Sawyer,women,2000,11801,7.0192926695e-05
Scientist,men,1850,101,1.8682246797e-05
Scientist,men,1860,101,1.1974721718e-05
Scientist,men,1870,0,0.0
Scientist,men,1880,0,0.0
Scientist,men,1900,101,3.401845032e-06
Scientist,men,1910,0,0.0
Scientist,men,1920,303,7.216267954e-06
Scientist,men,1930,1518,3.1151129025e-05
Scientist,men,1940,0,0.0
Scientist,men,1950,2012,3.3124294122e-05
Scientist,men,1960,2787,3.2068577185e-05
Scientist,men,1970,802,7.340167755e-06
Scientist,men,1980,7405,5.7625186456e-05
Scientist,men,1990,13614,9.1292122917e-05
Scientist,men,2000,116374,0.000692198258728
Scientist,women,1850,0,0.0
Scientist,women,1860,0,0.0
Scientist,women,1870,0,0.0
Scientist,women,1880,0,0.0
Scientist,women,1900,0,0.0
Scientist,women,1910,0,0.0
Scientist,women,1920,0,0.0
Scientist,women,1930,0,0.0
Scientist,women,1940,0,0.0
Scientist,women,1950,65,1.070118845e-06
Scientist,women,1960,597,6.8693722920000005e-06
Scientist,women,1970,301,2.7548509900000004e-06
Scientist,women,1980,2142,1.6668892557e-05
Scientist,women,1990,6180,4.1441554255e-05
Scientist,women,2000,61293,0.000364573769675
Scientist - Agriculture,men,1850,0,0.0
Scientist - Agriculture,men,1860,0,0.0
Scientist - Agriculture,men,1870,0,0.0
Scientist - Agriculture,men,1880,0,0.0
Scientist - Agriculture,men,1900,0,0.0
Scientist - Agriculture,men,1910,0,0.0
Scientist - Agriculture,men,1920,404,9.621690605e-06
Scientist - Agriculture,men,1930,3032,6.2220173389e-05
Scientist - Agriculture,men,1940,0,0.0
Scientist - Agriculture,men,1950,5534,9.1108272204e-05
Scientist - Agriculture,men,1960,8576,9.8679626099e-05
Scientist - Agriculture,men,1970,12623,0.000115529847355
Scientist - Agriculture,men,1980,21680,0.000168712227196
Scientist - Agriculture,men,1990,28764,0.00019288428262
Scientist - Agriculture,men,2000,24723,0.000147053616362
Scientist - Agriculture,women,1850,0,0.0
Scientist - Agriculture,women,1860,0,0.0
Scientist - Agriculture,women,1870,0,0.0
Scientist - Agriculture,women,1880,0,0.0
Scientist - Agriculture,women,1900,0,0.0
Scientist - Agriculture,women,1910,0,0.0
Scientist - Agriculture,women,1920,101,2.405422651e-06
Scientist - Agriculture,women,1930,505,1.0363188509e-05
Scientist - Agriculture,women,1940,0,0.0
Scientist - Agriculture,women,1950,201,3.3091367380000003e-06
Scientist - Agriculture,women,1960,997,1.1471966793e-05
Scientist - Agriculture,women,1970,1305,1.1943789178e-05
Scientist - Agriculture,women,1980,6944,5.403771705e-05
Scientist - Agriculture,women,1990,11230,7.5305607489e-05
Scientist - Agriculture,women,2000,8867,5.2741350818000005e-05
Scientist - Biology,men,1850,0,0.0
Scientist - Biology,men,1860,100,1.1856160116e-05
Scientist - Biology,men,1870,100,7.616703705e-06
Scientist - Biology,men,1880,199,1.0869990921e-05
Scientist - Biology,men,1900,202,6.8036900650000005e-06
Scientist - Biology,men,1910,0,0.0
Scientist - Biology,men,1920,1109,2.6412017034e-05
Scientist - Biology,men,1930,3036,6.230225805e-05
Scientist - Biology,men,1940,0,0.0
Scientist - Biology,men,1950,6498,0.000106978957858
Scientist - Biology,men,1960,10164,0.000116951926268
Scientist - Biology,men,1970,22333,0.000204398960705
Scientist - Biology,men,1980,46475,0.000361665164157
Scientist - Biology,men,1990,56200,0.000376863325103
Scientist - Biology,men,2000,98754,0.000587393634682
Scientist - Biology,women,1850,0,0.0
Scientist - Biology,women,1860,0,0.0
Scientist - Biology,women,1870,0,0.0
Scientist - Biology,women,1880,0,0.0
Scientist - Biology,women,1900,0,0.0
Scientist - Biology,women,1910,0,0.0
Scientist - Biology,women,1920,707,1.6837958560000003e-05
Scientist - Biology,women,1930,1517,3.1130607859e-05
Scientist - Biology,women,1940,0,0.0
Scientist - Biology,women,1950,2817,4.6377304445000006e-05
Scientist - Biology,women,1960,4885,5.6209185342e-05
Scientist - Biology,women,1970,13616,0.000124618109925
Scientist - Biology,women,1980,27184,0.000211543966056
Scientist - Biology,women,1990,42853,0.000287361638268
Scientist - Biology,women,2000,84371,0.000501842845371
Scientist - Geology,men,1850,0,0.0
Scientist - Geology,men,1860,0,0.0
Scientist - Geology,men,1870,101,7.692870742000001e-06
Scientist - Geology,men,1880,299,1.6332297916e-05
Scientist - Geology,men,1900,100,3.368163398e-06
Scientist - Geology,men,1910,0,0.0
Scientist - Geology,men,1920,2014,4.796555663300001e-05
Scientist - Geology,men,1930,1515,3.1089565529e-05
Scientist - Geology,men,1940,0,0.0
Scientist - Geology,men,1950,10546,0.000173622666908
Scientist - Geology,men,1960,20425,0.000235019981703
Scientist - Geology,men,1970,21138,0.000193461927703
Scientist - Geology,men,1980,43346,0.000337315507382
Scientist - Geology,men,1990,50659,0.000339706747089
Scientist - Geology,men,2000,70402,0.000418754548361
Scientist - Geology,women,1850,0,0.0
Scientist - Geology,women,1860,0,0.0
Scientist - Geology,women,1870,0,0.0
Scientist - Geology,women,1880,0,0.0
Scientist - Geology,women,1900,0,0.0
Scientist - Geology,women,1910,0,0.0
Scientist - Geology,women,1920,101,2.405422651e-06
Scientist - Geology,women,1930,0,0.0
Scientist - Geology,women,1940,0,0.0
Scientist - Geology,women,1950,435,7.1615645840000005e-06
Scientist - Geology,women,1960,1195,1.3750251071e-05
Scientist - Geology,women,1970,1500,1.3728493308e-05
Scientist - Geology,women,1980,6407,4.985882101600001e-05
Scientist - Geology,women,1990,9337,6.2611616841e-05
Scientist - Geology,women,2000,23132,0.000137590270343
Scientist - Physics,men,1850,0,0.0
Scientist - Physics,men,1860,0,0.0
Scientist - Physics,men,1870,0,0.0
Scientist - Physics,men,1880,0,0.0
Scientist - Physics,men,1900,0,0.0
Scientist - Physics,men,1910,0,0.0
Scientist - Physics,men,1920,202,4.810845302e-06
Scientist - Physics,men,1930,1011,2.0746898184e-05
Scientist - Physics,men,1940,0,0.0
Scientist - Physics,men,1950,6923,0.000113975888773
Scientist - Physics,men,1960,13544,0.000155843849801
Scientist - Physics,men,1970,21536,0.000197104554594
Scientist - Physics,men,1980,31601,0.000245916747768
Scientist - Physics,men,1990,37195,0.000249420487139
Scientist - Physics,men,2000,29426,0.000175027290987
Scientist - Physics,women,1850,0,0.0
Scientist - Physics,women,1860,0,0.0
Scientist - Physics,women,1870,0,0.0
Scientist - Physics,women,1880,0,0.0
Scientist - Physics,women,1900,0,0.0
Scientist - Physics,women,1910,0,0.0
Scientist - Physics,women,1920,0,0.0
Scientist - Physics,women,1930,0,0.0
Scientist - Physics,women,1940,0,0.0
Scientist - Physics,women,1950,636,1.0470701323e-05
Scientist - Physics,women,1960,499,5.741736639e-06
Scientist - Physics,women,1970,1301,1.1907179862e-05
Scientist - Physics,women,1980,1800,1.4007472737e-05
Scientist - Physics,women,1990,5253,3.5225321116000004e-05
Scientist - Physics,women,2000,3888,2.3126014659e-05
Scientist - Social,men,1850,0,0.0
Scientist - Social,men,1860,0,0.0
Scientist - Social,men,1870,0,0.0
Scientist - Social,men,1880,0,0.0
Scientist - Social,men,1900,302,1.0171853464e-05
Scientist - Social,men,1910,0,0.0
Scientist - Social,men,1920,302,7.192451888000001e-06
Scientist - Social,men,1930,505,1.0363188509e-05
Scientist - Social,men,1940,0,0.0
Scientist - Social,men,1950,2784,4.5834013338e-05
Scientist - Social,men,1960,2489,2.8639644282e-05
Scientist - Social,men,1970,10112,9.2548349556e-05
Scientist - Social,men,1980,19772,0.000153864306094
Scientist - Social,men,1990,28226,0.000189276587444
Scientist - Social,men,2000,21044,0.000125170743952
Scientist - Social,women,1850,0,0.0
Scientist - Social,women,1860,0,0.0
Scientist - Social,women,1870,0,0.0
Scientist - Social,women,1880,0,0.0
Scientist - Social,women,1900,0,0.0
Scientist - Social,women,1910,0,0.0
Scientist - Social,women,1920,0,0.0
Scientist - Social,women,1930,0,0.0
Scientist - Social,women,1940,0,0.0
Scientist - Social,women,1950,1187,1.9542016463e-05
Scientist - Social,women,1960,1195,1.3750251071e-05
Scientist - Social,women,1970,5808,5.3156726090000005e-05
Scientist - Social,women,1980,17494,0.000136137071151
Scientist - Social,women,1990,31972,0.000214396338615
Scientist - Social,women,2000,22081,0.000131338870804
Secretary,men,1850,0,0.0
Secretary,men,1860,0,0.0
Secretary,men,1870,202,1.5385741484000003e-05
Secretary,men,1880,1199,6.5493060876e-05
Secretary,men,1900,31973,0.001076902883488
Secretary,men,1910,48107,0.001235765652984
Secretary,men,1920,62172,0.001480692446398
Secretary,men,1930,92012,0.001888193467636
Secretary,men,1940,84828,0.00163032708192
Secretary,men,1950,89660,0.001476105472691
Secretary,men,1960,91039,0.001047539001925
Secretary,men,1970,166371,0.001522682106816
Secretary,men,1980,97205,0.000756442437481
Secretary,men,1990,125895,0.000844220788503
Secretary,men,2000,191588,0.00113957481906
Secretary,women,1850,0,0.0
Secretary,women,1860,0,0.0
Secretary,women,1870,0,0.0
Secretary,women,1880,0,0.0
Secretary,women,1900,93152,0.00313751156922
Secretary,women,1910,261962,0.006729241939574
Secretary,women,1920,606354,0.014440966796045
Secretary,women,1930,980734,0.020125804593851
Secretary,women,1940,1100500,0.021150739775231
Secretary,women,1950,1574256,0.025917554059975
Secretary,women,1960,3861587,0.044433297727662
Secretary,women,1970,5795976,0.053046678488058
Secretary,women,1980,6002545,0.046711380802344
Secretary,women,1990,5743406,0.038513862679359
Secretary,women,2000,4829263,0.028724693140596
Security Guard,men,1850,3134,0.000579704568937
Security Guard,men,1860,5921,0.000702003240525
Security Guard,men,1870,13271,0.001010812748747
Security Guard,men,1880,22650,0.001237212534486
Security Guard,men,1900,59778,0.002013420716515
Security Guard,men,1910,80602,0.002070492509652
Security Guard,men,1920,127651,0.003040144622583
Security Guard,men,1930,150635,0.003091205744875
Security Guard,men,1940,236592,0.004547111153931
Security Guard,men,1950,261719,0.004308775911302
Security Guard,men,1960,352263,0.004053309366703
Security Guard,men,1970,403058,0.003688919370618
Security Guard,men,1980,720590,0.005607580433359
Security Guard,men,1990,1009311,0.006768190382983
Security Guard,men,2000,1212189,0.007210159615122
Security Guard,women,1850,0,0.0
Security Guard,women,1860,302,3.5805603553000005e-05
Security Guard,women,1870,0,0.0
Security Guard,women,1880,198,1.0815367851e-05
Security Guard,women,1900,905,3.0481878758000003e-05
Security Guard,women,1910,1007,2.5867670246e-05
Security Guard,women,1920,1412,3.3628284988e-05
Security Guard,women,1930,1012,2.0767419350000003e-05
Security Guard,women,1940,3536,6.7959123893e-05
Security Guard,women,1950,5407,8.901742461300001e-05
Security Guard,women,1960,16836,0.000193723202544
Security Guard,women,1970,23846,0.000218246434289
Security Guard,women,1980,124913,0.00097206413449
Security Guard,women,1990,217882,0.001461062900359
Security Guard,women,2000,376663,0.002240409994737
Service Attendant,men,1850,0,0.0
Service Attendant,men,1860,100,1.1856160116e-05
Service Attendant,men,1870,200,1.523340741e-05
Service Attendant,men,1880,2091,0.000114216839276
Service Attendant,men,1900,2613,8.801010960900001e-05
Service Attendant,men,1910,15874,0.000407769014394
Service Attendant,men,1920,5246,0.00012493908148
Service Attendant,men,1930,5054,0.000103713969758
Service Attendant,men,1940,17126,0.000329148177547
Service Attendant,men,1950,19180,0.000315767376379
Service Attendant,men,1960,29596,0.000340545967123
Service Attendant,men,1970,57294,0.00052437353041
Service Attendant,men,1980,137592,0.001070731216068
Service Attendant,men,1990,172544,0.001157037465599
Service Attendant,men,2000,211791,0.001259743253771
Service Attendant,women,1850,0,0.0
Service Attendant,women,1860,601,7.125552230200001e-05
Service Attendant,women,1870,6331,0.00048221351159
Service Attendant,women,1880,8885,0.000485325976552
Service Attendant,women,1900,5227,0.000176053900853
Service Attendant,women,1910,9826,0.000252408865783
Service Attendant,women,1920,7167,0.000170689743989
Service Attendant,women,1930,14156,0.000290497616918
Service Attendant,women,1940,25520,0.000490474219958
Service Attendant,women,1950,37959,0.000624932942648
Service Attendant,women,1960,95145,0.001094784634477
Service Attendant,women,1970,327779,0.002999941205439
Service Attendant,women,1980,1001088,0.00779039603779
Service Attendant,women,1990,1490132,0.009992457301837
Service Attendant,women,2000,1948587,0.011590291030485
Service Worker,men,1850,2324,0.000429876649078
Service Worker,men,1860,401,4.7543202069e-05
Service Worker,men,1870,2512,0.00019133159708
Service Worker,men,1880,13370,0.000730310445302
Service Worker,men,1900,15770,0.000531159367985
Service Worker,men,1910,17630,0.00045287688823
Service Worker,men,1920,61340,0.001460877479606
Service Worker,men,1930,95556,0.001960920477693
Service Worker,men,1940,161281,0.003099693286405
Service Worker,men,1950,254527,0.004190371376843
Service Worker,men,1960,337750,0.003886315731723
Service Worker,men,1970,1009079,0.009235422866149
Service Worker,men,1980,726901,0.005656692189163
Service Worker,men,1990,879740,0.005899319246025
Service Worker,men,2000,627109,0.003730075084066
Service Worker,women,1850,0,0.0
Service Worker,women,1860,2005,0.000237716010345
Service Worker,women,1870,6030,0.000459287233437
Service Worker,women,1880,3991,0.000218000672191
Service Worker,women,1900,37766,0.001272020589178
Service Worker,women,1910,1260,3.2366697627e-05
Service Worker,women,1920,110919,0.002641654208681
Service Worker,women,1930,162783,0.003340496861739
Service Worker,women,1940,195557,0.003758450902521
Service Worker,women,1950,339275,0.005585608791516
Service Worker,women,1960,782462,0.009003388245967
Service Worker,women,1970,1739908,0.015924210223576
Service Worker,women,1980,952071,0.007408949209355
Service Worker,women,1990,1031602,0.006917668325685
Service Worker,women,2000,446730,0.002657171946671
Serviceman,men,1850,0,0.0
Serviceman,men,1860,0,0.0
Serviceman,men,1870,101,7.692870742000001e-06
Serviceman,men,1880,1197,6.5383814736e-05
Serviceman,men,1900,17088,0.000575551761581
Serviceman,men,1910,24432,0.000627605679708
Serviceman,men,1920,57005,0.00135763483412
Serviceman,men,1930,103125,0.002116245178346
Serviceman,men,1940,114467,0.002199965224762
Serviceman,men,1950,213453,0.003514155046424
Serviceman,men,1960,283614,0.003263400591967
Serviceman,men,1970,407903,0.003733262404004
Serviceman,men,1980,412263,0.003208201518475
Serviceman,men,1990,372866,0.002500347341247
Serviceman,men,2000,536422,0.003190664360972
Serviceman,women,1850,0,0.0
Serviceman,women,1860,0,0.0
Serviceman,women,1870,0,0.0
Serviceman,women,1880,0,0.0
Serviceman,women,1900,101,3.401845032e-06
Serviceman,women,1910,504,1.294667905e-05
Serviceman,women,1920,909,2.1648803863000003e-05
Serviceman,women,1930,505,1.0363188509e-05
Serviceman,women,1940,1871,3.5959140499e-05
Serviceman,women,1950,5900,9.7133864475e-05
Serviceman,women,1960,6880,7.916462541600001e-05
Serviceman,women,1970,15325,0.000140259439968
Serviceman,women,1980,39367,0.000306351210702
Serviceman,women,1990,39196,0.000262838699123
Serviceman,women,2000,52984,0.00031515143022
Sheriff / Bailiff,men,1850,1718,0.000317783168294
Sheriff / Bailiff,men,1860,2913,0.000345369944207
Sheriff / Bailiff,men,1870,3321,0.000252950730057
Sheriff / Bailiff,men,1880,7084,0.000386949827563
Sheriff / Bailiff,men,1900,8546,0.000287843244058
Sheriff / Bailiff,men,1910,10833,0.000278276536029
Sheriff / Bailiff,men,1920,9679,0.00023051570142
Sheriff / Bailiff,men,1930,18197,0.000373423646161
Sheriff / Bailiff,men,1940,14692,0.000282368622242
Sheriff / Bailiff,men,1950,18768,0.000308984469233
Sheriff / Bailiff,men,1960,28402,0.000326807222538
Sheriff / Bailiff,men,1970,37065,0.000339231069652
Sheriff / Bailiff,men,1980,60663,0.000472075177047
Sheriff / Bailiff,men,1990,108736,0.000729156770791
Sheriff / Bailiff,men,2000,8228,4.8940547483000005e-05
Sheriff / Bailiff,women,1850,0,0.0
Sheriff / Bailiff,women,1860,0,0.0
Sheriff / Bailiff,women,1870,0,0.0
Sheriff / Bailiff,women,1880,0,0.0
Sheriff / Bailiff,women,1900,0,0.0
Sheriff / Bailiff,women,1910,0,0.0
Sheriff / Bailiff,women,1920,201,4.787029237e-06
Sheriff / Bailiff,women,1930,0,0.0
Sheriff / Bailiff,women,1940,404,7.764560535e-06
Sheriff / Bailiff,women,1950,1147,1.8883481788e-05
Sheriff / Bailiff,women,1960,1594,1.8341339086e-05
Sheriff / Bailiff,women,1970,2502,2.2899126838e-05
Sheriff / Bailiff,women,1980,9769,7.602166731900001e-05
Sheriff / Bailiff,women,1990,25739,0.000172599379445
Sheriff / Bailiff,women,2000,3574,2.1258327261e-05
Ship Officers,men,1850,7781,0.001439272894353
Ship Officers,men,1860,15656,0.001856200427912
Ship Officers,men,1870,15980,0.001217149252127
Ship Officers,men,1880,17955,0.000980757221046
Ship Officers,men,1900,26327,0.000886736377993
Ship Officers,men,1910,24683,0.000634053331378
Ship Officers,men,1920,43997,0.001047835449466
Ship Officers,men,1930,36906,0.000757354128989
Ship Officers,men,1940,34287,0.000658969027417
Ship Officers,men,1950,45197,0.000744094791983
Ship Officers,men,1960,45128,0.000519264711594
Ship Officers,men,1970,28364,0.000259596656134
Ship Officers,men,1980,48159,0.000374769933096
Ship Officers,men,1990,49256,0.000330298575468
Ship Officers,men,2000,43594,0.000259299249755
Ship Officers,women,1850,0,0.0
Ship Officers,women,1860,0,0.0
Ship Officers,women,1870,0,0.0
Ship Officers,women,1880,0,0.0
Ship Officers,women,1900,302,1.0171853464e-05
Ship Officers,women,1910,0,0.0
Ship Officers,women,1920,202,4.810845302e-06
Ship Officers,women,1930,0,0.0
Ship Officers,women,1940,303,5.823420401000001e-06
Ship Officers,women,1950,5697,9.3791801002e-05
Ship Officers,women,1960,199,2.289790764e-06
Ship Officers,women,1970,1003,9.179785858e-06
Ship Officers,women,1980,1322,1.0287710532e-05
Ship Officers,women,1990,1940,1.3009161044e-05
Ship Officers,women,2000,1504,8.945865752e-06
Shipping and Receiving,men,1850,303,5.6046740391000006e-05
Shipping and Receiving,men,1860,100,1.1856160116e-05
Shipping and Receiving,men,1870,1204,9.1705112613e-05
Shipping and Receiving,men,1880,7481,0.000408635186335
Shipping and Receiving,men,1900,37391,0.001259389976433
Shipping and Receiving,men,1910,76329,0.001960728304127
Shipping and Receiving,men,1920,122796,0.002924517622852
Shipping and Receiving,men,1930,172885,0.003547801674264
Shipping and Receiving,men,1940,230332,0.004426798904051
Shipping and Receiving,men,1950,287314,0.00473015578609
Shipping and Receiving,men,1960,296519,0.003411891797053
Shipping and Receiving,men,1970,409220,0.003745316021129
Shipping and Receiving,men,1980,593776,0.004620722851272
Shipping and Receiving,men,1990,678335,0.004548747039753
Shipping and Receiving,men,2000,584615,0.003477318688253
Shipping and Receiving,women,1850,0,0.0
Shipping and Receiving,women,1860,0,0.0
Shipping and Receiving,women,1870,0,0.0
Shipping and Receiving,women,1880,0,0.0
Shipping and Receiving,women,1900,1103,3.7150842288e-05
Shipping and Receiving,women,1910,1512,3.8840037152e-05
Shipping and Receiving,women,1920,5047,0.000120199684375
Shipping and Receiving,women,1930,2022,4.1493796369000005e-05
Shipping and Receiving,women,1940,17449,0.000335355982133
Shipping and Receiving,women,1950,18829,0.000309988734611
Shipping and Receiving,women,1960,39555,0.00045513906371
Shipping and Receiving,women,1970,94357,0.000863586295405
Shipping and Receiving,women,1980,187654,0.00146031016062
Shipping and Receiving,women,1990,294791,0.001976795666736
Shipping and Receiving,women,2000,254624,0.001514516038209
Shoemaker,men,1850,139284,0.025763743197165
Shoemaker,men,1860,154840,0.018358078325113
Shoemaker,men,1870,111359,0.008481885079326
Shoemaker,men,1880,107911,0.005894430101943
Shoemaker,men,1900,103413,0.003483118815567
Shoemaker,men,1910,65241,0.001675901365006
Shoemaker,men,1920,69127,0.001646333184427
Shoemaker,men,1930,64211,0.001317684549302
Shoemaker,men,1940,68516,0.001316823340699
Shoemaker,men,1950,56070,0.000923100979855
Shoemaker,men,1960,40653,0.000467773185615
Shoemaker,men,1970,85438,0.000781956674193
Shoemaker,men,1980,120915,0.000940951981153
Shoemaker,men,1990,145321,0.000974486748529
Shoemaker,men,2000,282385,0.001679639827548
Shoemaker,women,1850,101,1.8682246797e-05
Shoemaker,women,1860,804,9.532352734e-05
Shoemaker,women,1870,302,2.300244519e-05
Shoemaker,women,1880,199,1.0869990921e-05
Shoemaker,women,1900,5427,0.000182790227651
Shoemaker,women,1910,252,6.4733395250000005e-06
Shoemaker,women,1920,3331,7.9331315366e-05
Shoemaker,women,1930,4046,8.302863506900001e-05
Shoemaker,women,1940,764,1.4683475863e-05
Shoemaker,women,1950,1432,2.3575541343e-05
Shoemaker,women,1960,1492,1.7167677488000003e-05
Shoemaker,women,1970,12019,0.000110001840716
Shoemaker,women,1980,15429,0.000120067387149
Shoemaker,women,1990,14360,9.6294614741e-05
Shoemaker,women,2000,14101,8.3873439482e-05
Social Worker,men,1850,0,0.0
Social Worker,men,1860,0,0.0
Social Worker,men,1870,0,0.0
Social Worker,men,1880,0,0.0
Social Worker,men,1900,1510,5.0859267321e-05
Social Worker,men,1910,504,1.294667905e-05
Social Worker,men,1920,9488,0.000225966832841
Social Worker,men,1930,12641,0.000259408051388
Social Worker,men,1940,29975,0.000576095797149
Social Worker,men,1950,37483,0.000617096380023
Social Worker,men,1960,90078,0.001036481268637
Social Worker,men,1970,147737,0.001352137610609
Social Worker,men,1980,204654,0.001592602958698
Social Worker,men,1990,263039,0.001763874593806
Social Worker,men,2000,404846,0.00240804386077
Social Worker,women,1850,0,0.0
Social Worker,women,1860,0,0.0
Social Worker,women,1870,0,0.0
Social Worker,women,1880,0,0.0
Social Worker,women,1900,803,2.7046352092000004e-05
Social Worker,women,1910,0,0.0
Social Worker,women,1920,10699,0.000254808088593
Social Worker,women,1930,13648,0.000280072864912
Social Worker,women,1940,46434,0.000892424762129
Social Worker,women,1950,65279,0.001074712125271
Social Worker,women,1960,155991,0.001794908296986
Social Worker,women,1970,263309,0.002409890563041
Social Worker,women,1980,409918,0.003189952894269
Social Worker,women,1990,587375,0.003938791736347
Social Worker,women,2000,1023517,0.006087929307056
Sports Instructor / Official,men,1850,0,0.0
Sports Instructor / Official,men,1860,0,0.0
Sports Instructor / Official,men,1870,1006,7.6624039276e-05
Sports Instructor / Official,men,1880,0,0.0
Sports Instructor / Official,men,1900,6727,0.000226576351835
Sports Instructor / Official,men,1910,0,0.0
Sports Instructor / Official,men,1920,8069,0.000192171835392
Sports Instructor / Official,men,1930,20225,0.000415040569523
Sports Instructor / Official,men,1940,21582,0.000414788973947
Sports Instructor / Official,men,1950,33262,0.000547604508506
Sports Instructor / Official,men,1960,57567,0.000662393894087
Sports Instructor / Official,men,1970,65403,0.000598589765236
Sports Instructor / Official,men,1980,59219,0.00046083807114
Sports Instructor / Official,men,1990,84565,0.000567072012231
Sports Instructor / Official,men,2000,173041,0.001029256353555
Sports Instructor / Official,women,1850,0,0.0
Sports Instructor / Official,women,1860,0,0.0
Sports Instructor / Official,women,1870,0,0.0
Sports Instructor / Official,women,1880,0,0.0
Sports Instructor / Official,women,1900,602,2.027634366e-05
Sports Instructor / Official,women,1910,0,0.0
Sports Instructor / Official,women,1920,1614,3.8439130291e-05
Sports Instructor / Official,women,1930,0,0.0
Sports Instructor / Official,women,1940,5037,9.6807156972e-05
Sports Instructor / Official,women,1950,11964,0.000196967721116
Sports Instructor / Official,women,1960,41355,0.000475850738964
Sports Instructor / Official,women,1970,43071,0.000394199956859
Sports Instructor / Official,women,1980,23814,0.000185318864319
Sports Instructor / Official,women,1990,34696,0.000232662810103
Sports Instructor / Official,women,2000,90745,0.000539755709938
Stationary Engineer,men,1850,10304,0.001905959118804
Stationary Engineer,men,1860,21783,0.002582627358279
Stationary Engineer,men,1870,27547,0.002098173369734
Stationary Engineer,men,1880,62034,0.003388487521605
Stationary Engineer,men,1900,156714,0.005278383588745
Stationary Engineer,men,1910,225712,0.005798057186406
Stationary Engineer,men,1920,206553,0.004919279850753
Stationary Engineer,men,1930,208276,0.004274066237725
Stationary Engineer,men,1940,201613,0.003874842433715
Stationary Engineer,men,1950,228473,0.003761434816665
Stationary Engineer,men,1960,314408,0.003617731329621
Stationary Engineer,men,1970,201808,0.001847013185064
Stationary Engineer,men,1980,182504,0.001420233224732
Stationary Engineer,men,1990,243935,0.001635767886283
Stationary Engineer,men,2000,213589,0.001270437845941
Stationary Engineer,women,1850,101,1.8682246797e-05
Stationary Engineer,women,1860,101,1.1974721718e-05
Stationary Engineer,women,1870,0,0.0
Stationary Engineer,women,1880,100,5.462306995e-06
Stationary Engineer,women,1900,202,6.8036900650000005e-06
Stationary Engineer,women,1910,755,1.9394330721e-05
Stationary Engineer,women,1920,404,9.621690605e-06
Stationary Engineer,women,1930,2023,4.1514317534000005e-05
Stationary Engineer,women,1940,1379,2.650328955e-05
Stationary Engineer,women,1950,1732,2.8514551401e-05
Stationary Engineer,women,1960,2889,3.3242238782e-05
Stationary Engineer,women,1970,3004,2.7493595932e-05
Stationary Engineer,women,1980,6103,4.749311451e-05
Stationary Engineer,women,1990,12680,8.5028949507e-05
Stationary Engineer,women,2000,9471,5.6333972437e-05
Statistician / Actuary,men,1850,0,0.0
Statistician / Actuary,men,1860,0,0.0
Statistician / Actuary,men,1870,0,0.0
Statistician / Actuary,men,1880,0,0.0
Statistician / Actuary,men,1900,202,6.8036900650000005e-06
Statistician / Actuary,men,1910,0,0.0
Statistician / Actuary,men,1920,2018,4.8060820897e-05
Statistician / Actuary,men,1930,3537,7.2583361898e-05
Statistician / Actuary,men,1940,0,0.0
Statistician / Actuary,men,1950,15850,0.000260944364735
Statistician / Actuary,men,1960,15446,0.000177729186653
Statistician / Actuary,men,1970,17925,0.000164055495036
Statistician / Actuary,men,1980,25151,0.000195723303791
Statistician / Actuary,men,1990,30736,0.000206108027764
Statistician / Actuary,men,2000,33042,0.000196535436308
Statistician / Actuary,women,1850,0,0.0
Statistician / Actuary,women,1860,0,0.0
Statistician / Actuary,women,1870,0,0.0
Statistician / Actuary,women,1880,0,0.0
Statistician / Actuary,women,1900,0,0.0
Statistician / Actuary,women,1910,0,0.0
Statistician / Actuary,women,1920,605,1.4408719842e-05
Statistician / Actuary,women,1930,2528,5.1877506044e-05
Statistician / Actuary,women,1940,0,0.0
Statistician / Actuary,women,1950,8274,0.000136217897401
Statistician / Actuary,women,1960,10469,0.000120461404575
Statistician / Actuary,women,1970,17530,0.000160440325131
Statistician / Actuary,women,1980,20670,0.000160852478604
Statistician / Actuary,women,1990,25831,0.000173216308732
Statistician / Actuary,women,2000,23370,0.000139005906014
Stock Broker,men,1850,101,1.8682246797e-05
Stock Broker,men,1860,0,0.0
Stock Broker,men,1870,0,0.0
Stock Broker,men,1880,597,3.2609972763000006e-05
Stock Broker,men,1900,100,3.368163398e-06
Stock Broker,men,1910,16374,0.000420612942024
Stock Broker,men,1920,16956,0.000403825212654
Stock Broker,men,1930,41456,0.000850725431404
Stock Broker,men,1940,21300,0.000409369156939
Stock Broker,men,1950,11770,0.000193773827945
Stock Broker,men,1960,33367,0.000383936926781
Stock Broker,men,1970,97647,0.000893697457395
Stock Broker,men,1980,115757,0.000900812789831
Stock Broker,men,1990,231013,0.001549116144522
Stock Broker,men,2000,467290,0.002779463834889
Stock Broker,women,1850,0,0.0
Stock Broker,women,1860,0,0.0
Stock Broker,women,1870,0,0.0
Stock Broker,women,1880,0,0.0
Stock Broker,women,1900,0,0.0
Stock Broker,women,1910,0,0.0
Stock Broker,women,1920,403,9.597874539e-06
Stock Broker,women,1930,1517,3.1130607859e-05
Stock Broker,women,1940,3484,6.6959725013e-05
Stock Broker,women,1950,2603,4.2854143937e-05
Stock Broker,women,1960,2392,2.7523515115e-05
Stock Broker,women,1970,12318,0.000112738387049
Stock Broker,women,1980,27833,0.000216594438171
Stock Broker,women,1990,94937,0.000636624083547
Stock Broker,women,2000,235499,0.00140075960036
Stone Cutter,men,1850,11323,0.002094446341442
Stone Cutter,men,1860,15541,0.001842565843778
Stone Cutter,men,1870,19486,0.001484190884039
Stone Cutter,men,1880,29221,0.001596140727163
Stone Cutter,men,1900,43720,0.001472561037941
Stone Cutter,men,1910,32995,0.000847570784298
Stone Cutter,men,1920,21792,0.000518999707133
Stone Cutter,men,1930,21734,0.00044600700806
Stone Cutter,men,1940,20082,0.000385960160078
Stone Cutter,men,1950,11725,0.000193032976436
Stone Cutter,men,1960,6378,7.3388369317e-05
Stone Cutter,men,1970,7016,6.4212739368e-05
Stone Cutter,men,1980,0,0.0
Stone Cutter,men,1990,0,0.0
Stone Cutter,men,2000,0,0.0
Stone Cutter,women,1850,0,0.0
Stone Cutter,women,1860,0,0.0
Stone Cutter,women,1870,0,0.0
Stone Cutter,women,1880,0,0.0
Stone Cutter,women,1900,100,3.368163398e-06
Stone Cutter,women,1910,0,0.0
Stone Cutter,women,1920,202,4.810845302e-06
Stone Cutter,women,1930,0,0.0
Stone Cutter,women,1940,1978,3.8015595888e-05
Stone Cutter,women,1950,219,3.605477342e-06
Stone Cutter,women,1960,399,4.591088014000001e-06
Stone Cutter,women,1970,801,7.331015426e-06
Stone Cutter,women,1980,0,0.0
Stone Cutter,women,1990,0,0.0
Stone Cutter,women,2000,0,0.0
Street Car Conductor,men,1850,0,0.0
Street Car Conductor,men,1860,300,3.5568480350000006e-05
Street Car Conductor,men,1870,2813,0.000214257875233
Street Car Conductor,men,1880,1698,9.2749972784e-05
Street Car Conductor,men,1900,21815,0.000734764845441
Street Car Conductor,men,1910,61212,0.001572404996164
Street Car Conductor,men,1920,59636,0.001420294903388
Street Car Conductor,men,1930,39428,0.000809108508042
Street Car Conductor,men,1940,17030,0.000327303133459
Street Car Conductor,men,1950,12833,0.000211274386917
Street Car Conductor,men,1960,5974,6.873974887100001e-05
Street Car Conductor,men,1970,12222,0.000111859763477
Street Car Conductor,men,1980,0,0.0
Street Car Conductor,men,1990,0,0.0
Street Car Conductor,men,2000,0,0.0
Street Car Conductor,women,1850,0,0.0
Street Car Conductor,women,1860,0,0.0
Street Car Conductor,women,1870,0,0.0
Street Car Conductor,women,1880,0,0.0
Street Car Conductor,women,1900,0,0.0
Street Car Conductor,women,1910,0,0.0
Street Car Conductor,women,1920,202,4.810845302e-06
Street Car Conductor,women,1930,0,0.0
Street Car Conductor,women,1940,101,1.941140133e-06
Street Car Conductor,women,1950,0,0.0
Street Car Conductor,women,1960,99,1.139142138e-06
Street Car Conductor,women,1970,301,2.7548509900000004e-06
Street Car Conductor,women,1980,0,0.0
Street Car Conductor,women,1990,0,0.0
Street Car Conductor,women,2000,0,0.0
Surveyor,men,1850,1314,0.000243054181105
Surveyor,men,1860,2606,0.000308971532648
Surveyor,men,1870,2713,0.000206641171528
Surveyor,men,1880,3789,0.00020696681206
Surveyor,men,1900,5323,0.000179287337716
Surveyor,men,1910,0,0.0
Surveyor,men,1920,9684,0.000230634781749
Surveyor,men,1930,14157,0.000290518138083
Surveyor,men,1940,18349,0.000352653270454
Surveyor,men,1950,24636,0.000405591505969
Surveyor,men,1960,51674,0.000594586170602
Surveyor,men,1970,70528,0.000645495450706
Surveyor,men,1980,91629,0.000713050399711
Surveyor,men,1990,106192,0.000712097334864
Surveyor,men,2000,118867,0.00070702674498
Surveyor,women,1850,0,0.0
Surveyor,women,1860,0,0.0
Surveyor,women,1870,0,0.0
Surveyor,women,1880,100,5.462306995e-06
Surveyor,women,1900,0,0.0
Surveyor,women,1910,0,0.0
Surveyor,women,1920,0,0.0
Surveyor,women,1930,0,0.0
Surveyor,women,1940,1098,2.1102691752e-05
Surveyor,women,1950,2892,4.7612056959e-05
Surveyor,women,1960,5078,5.8429937189e-05
Surveyor,women,1970,5608,5.132626031500001e-05
Surveyor,women,1980,9826,7.646523728900001e-05
Surveyor,women,1990,14333,9.6113559407e-05
Surveyor,women,2000,17314,0.000102984521041
Tailor,men,1850,55694,0.01030187181315
Tailor,men,1860,64025,0.007590906514888
Tailor,men,1870,57391,0.004371302423581
Tailor,men,1880,79299,0.004331554824383
Tailor,men,1900,136114,0.004584541928598
Tailor,men,1910,156426,0.004018248446873
Tailor,men,1920,175990,0.004191389429996
Tailor,men,1930,165822,0.003402860683285
Tailor,men,1940,102822,0.001976157533093
Tailor,men,1950,83604,0.001376403322985
Tailor,men,1960,42928,0.000493950441839
Tailor,men,1970,56304,0.000515312724826
Tailor,men,1980,43507,0.000338568397999
Tailor,men,1990,36681,0.000245973730037
Tailor,men,2000,0,0.0
Tailor,women,1850,1517,0.00028060364744
Tailor,women,1860,38441,0.004557626510563
Tailor,women,1870,31066,0.002366205173128
Tailor,women,1880,43974,0.002401994878213
Tailor,women,1900,49576,0.001669800686573
Tailor,women,1910,44844,0.001151946181271
Tailor,women,1920,37442,0.00089172113778
Tailor,women,1930,29321,0.00060170108969
Tailor,women,1940,16548,0.000318039474602
Tailor,women,1950,24368,0.00040117932365
Tailor,women,1960,12553,0.000144440921925
Tailor,women,1970,37364,0.000341967615985
Tailor,women,1980,34396,0.000267667240158
Tailor,women,1990,37225,0.000249621659732
Tailor,women,2000,0,0.0
Taxi Cab Driver / Chauffeur,men,1850,1212,0.000224186961567
Taxi Cab Driver / Chauffeur,men,1860,8330,0.000987618137743
Taxi Cab Driver / Chauffeur,men,1870,13171,0.001003196045041
Taxi Cab Driver / Chauffeur,men,1880,6883,0.000375970590502
Taxi Cab Driver / Chauffeur,men,1900,54585,0.001838511991217
Taxi Cab Driver / Chauffeur,men,1910,81605,0.002096257428478
Taxi Cab Driver / Chauffeur,men,1920,163471,0.003893236101545
Taxi Cab Driver / Chauffeur,men,1930,245170,0.00503117411273
Taxi Cab Driver / Chauffeur,men,1940,0,0.0
Taxi Cab Driver / Chauffeur,men,1950,210517,0.003465818601322
Taxi Cab Driver / Chauffeur,men,1960,182830,0.002103730881512
Taxi Cab Driver / Chauffeur,men,1970,183626,0.001680605541508
Taxi Cab Driver / Chauffeur,men,1980,202071,0.00157250223532
Taxi Cab Driver / Chauffeur,men,1990,221055,0.001482340254996
Taxi Cab Driver / Chauffeur,men,2000,294801,0.001753490804402
Taxi Cab Driver / Chauffeur,women,1850,0,0.0
Taxi Cab Driver / Chauffeur,women,1860,0,0.0
Taxi Cab Driver / Chauffeur,women,1870,0,0.0
Taxi Cab Driver / Chauffeur,women,1880,99,5.407683925000001e-06
Taxi Cab Driver / Chauffeur,women,1900,200,6.736326797000001e-06
Taxi Cab Driver / Chauffeur,women,1910,252,6.4733395250000005e-06
Taxi Cab Driver / Chauffeur,women,1920,1110,2.64358331e-05
Taxi Cab Driver / Chauffeur,women,1930,2529,5.189802721e-05
Taxi Cab Driver / Chauffeur,women,1940,0,0.0
Taxi Cab Driver / Chauffeur,women,1950,2306,3.796452397900001e-05
Taxi Cab Driver / Chauffeur,women,1960,7277,8.373270045800001e-05
Taxi Cab Driver / Chauffeur,women,1970,13222,0.000121012092349
Taxi Cab Driver / Chauffeur,women,1980,29521,0.000229730334827
Taxi Cab Driver / Chauffeur,women,1990,30311,0.00020325808269
Taxi Cab Driver / Chauffeur,women,2000,48088,0.000286029782131
Teacher,men,1850,30418,0.005626500822573
Teacher,men,1860,45663,0.005413878394211
Teacher,men,1870,44313,0.003375189912986
Teacher,men,1880,74988,0.004096074769806
Teacher,men,1900,111956,0.003770861014724
Teacher,men,1910,122676,0.003151283331854
Teacher,men,1920,120384,0.002867073272008
Teacher,men,1930,189588,0.003890566699369
Teacher,men,1940,273015,0.005247132412298
Teacher,men,1950,296407,0.004879857180951
Teacher,men,1960,510329,0.005872093622663
Teacher,men,1970,950391,0.00869829098929
Teacher,men,1980,1271710,0.009896357308466
Teacher,men,1990,1343051,0.009006168427824
Teacher,men,2000,1402235,0.008340562542566
Teacher,women,1850,2728,0.000504605636267
Teacher,women,1860,68141,0.008078906065303
Teacher,women,1870,89459,0.006813826967838
Teacher,women,1880,155996,0.008520980420742
Teacher,women,1900,328340,0.011059027703514
Teacher,women,1910,501770,0.012889395133723
Teacher,women,1920,619195,0.014746788897702
Teacher,women,1930,765334,0.01570554557406
Teacher,women,1940,808035,0.015529793743098
Teacher,women,1950,864419,0.014231247117984
Teacher,women,1960,1680774,0.019339802924267
Teacher,women,1970,2725497,0.024944644884514
Teacher,women,1980,3208473,0.02496811004283
Teacher,women,1990,3902382,0.026168410255239
Teacher,women,2000,4460616,0.026531962706945
Teamster,men,1850,0,0.0
Teamster,men,1860,0,0.0
Teamster,men,1870,0,0.0
Teamster,men,1880,0,0.0
Teamster,men,1900,0,0.0
Teamster,men,1910,0,0.0
Teamster,men,1920,288481,0.006870482494203
Teamster,men,1930,106152,0.002178362745909
Teamster,men,1940,29961,0.000575826728219
Teamster,men,1950,25025,0.000411995755678
Teamster,men,1960,25494,0.000293346360516
Teamster,men,1970,11323,0.000103631819821
Teamster,men,1980,0,0.0
Teamster,men,1990,0,0.0
Teamster,men,2000,0,0.0
Teamster,women,1850,0,0.0
Teamster,women,1860,0,0.0
Teamster,women,1870,0,0.0
Teamster,women,1880,0,0.0
Teamster,women,1900,0,0.0
Teamster,women,1910,0,0.0
Teamster,women,1920,1616,3.8486762423e-05
Teamster,women,1930,0,0.0
Teamster,women,1940,404,7.764560535e-06
Teamster,women,1950,511,8.412780465e-06
Teamster,women,1960,100,1.150648625e-06
Teamster,women,1970,801,7.331015426e-06
Teamster,women,1980,0,0.0
Teamster,women,1990,0,0.0
Teamster,women,2000,0,0.0
Technician,men,1850,0,0.0
Technician,men,1860,0,0.0
Technician,men,1870,101,7.692870742000001e-06
Technician,men,1880,0,0.0
Technician,men,1900,703,2.3678188693000003e-05
Technician,men,1910,0,0.0
Technician,men,1920,1212,2.8865071817e-05
Technician,men,1930,2023,4.1514317534000005e-05
Technician,men,1940,7420,0.000142606532605
Technician,men,1950,27935,0.000459904153241
Technician,men,1960,96121,0.001106014965059
Technician,men,1970,160324,0.001467337974125
Technician,men,1980,248394,0.001932984546224
Technician,men,1990,365240,0.002449209267986
Technician,men,2000,431203,0.002564816589261
Technician,women,1850,0,0.0
Technician,women,1860,0,0.0
Technician,women,1870,0,0.0
Technician,women,1880,0,0.0
Technician,women,1900,0,0.0
Technician,women,1910,0,0.0
Technician,women,1920,100,2.3816065850000003e-06
Technician,women,1930,0,0.0
Technician,women,1940,1201,2.3082270304e-05
Technician,women,1950,3687,6.0700433613e-05
Technician,women,1960,6772,7.79219249e-05
Technician,women,1970,15023,0.000137495436648
Technician,women,1980,37006,0.000287978075628
Technician,women,1990,65100,0.000436544527833
Technician,women,2000,117728,0.000700251917126
Technician - Medical / Dental,men,1850,0,0.0
Technician - Medical / Dental,men,1860,0,0.0
Technician - Medical / Dental,men,1870,0,0.0
Technician - Medical / Dental,men,1880,0,0.0
Technician - Medical / Dental,men,1900,0,0.0
Technician - Medical / Dental,men,1910,0,0.0
Technician - Medical / Dental,men,1920,3530,8.4070712471e-05
Technician - Medical / Dental,men,1930,10614,0.000217811649192
Technician - Medical / Dental,men,1940,0,0.0
Technician - Medical / Dental,men,1950,36735,0.000604781781611
Technician - Medical / Dental,men,1960,59266,0.00068194341423
Technician - Medical / Dental,men,1970,107186,0.000981001522508
Technician - Medical / Dental,men,1980,197649,0.001538090543961
Technician - Medical / Dental,men,1990,296690,0.001989529891903
Technician - Medical / Dental,men,2000,460297,0.002737869127967
Technician - Medical / Dental,women,1850,0,0.0
Technician - Medical / Dental,women,1860,0,0.0
Technician - Medical / Dental,women,1870,0,0.0
Technician - Medical / Dental,women,1880,0,0.0
Technician - Medical / Dental,women,1900,0,0.0
Technician - Medical / Dental,women,1910,0,0.0
Technician - Medical / Dental,women,1920,1311,3.1222862337000005e-05
Technician - Medical / Dental,women,1930,3539,7.2624404229e-05
Technician - Medical / Dental,women,1940,0,0.0
Technician - Medical / Dental,women,1950,46337,0.000762863030204
Technician - Medical / Dental,women,1960,137864,0.00158633022069
Technician - Medical / Dental,women,1970,255735,0.002340570824162
Technician - Medical / Dental,women,1980,487792,0.003795962856477
Technician - Medical / Dental,women,1990,833104,0.00558658974372
Technician - Medical / Dental,women,2000,1064460,0.006331460278812
Technician - Testing,men,1850,0,0.0
Technician - Testing,men,1860,0,0.0
Technician - Testing,men,1870,101,7.692870742000001e-06
Technician - Testing,men,1880,0,0.0
Technician - Testing,men,1900,803,2.7046352092000004e-05
Technician - Testing,men,1910,0,0.0
Technician - Testing,men,1920,4946,0.000117794261723
Technician - Testing,men,1930,9603,0.000197064751007
Technician - Testing,men,1940,43733,0.000840513677955
Technician - Testing,men,1950,63429,0.001044254896579
Technician - Testing,men,1960,235487,0.002709627928101
Technician - Testing,men,1970,313412,0.00286844969653
Technician - Testing,men,1980,679611,0.005288684752627
Technician - Testing,men,1990,806222,0.005406325688464
Technician - Testing,men,2000,242234,0.00144081971063
Technician - Testing,women,1850,0,0.0
Technician - Testing,women,1860,0,0.0
Technician - Testing,women,1870,0,0.0
Technician - Testing,women,1880,0,0.0
Technician - Testing,women,1900,603,2.0310025294e-05
Technician - Testing,women,1910,0,0.0
Technician - Testing,women,1920,2018,4.8060820897e-05
Technician - Testing,women,1930,5054,0.000103713969758
Technician - Testing,women,1940,21121,0.000405928918484
Technician - Testing,women,1950,21443,0.000353023975584
Technician - Testing,women,1960,66442,0.000764513959577
Technician - Testing,women,1970,89253,0.00081687280884
Technician - Testing,women,1980,282257,0.002196504018066
Technician - Testing,women,1990,358804,0.002406051040933
Technician - Testing,women,2000,148853,0.000885384943428
Telegraph Messenger,men,1850,101,1.8682246797e-05
Telegraph Messenger,men,1860,0,0.0
Telegraph Messenger,men,1870,601,4.5776389269000006e-05
Telegraph Messenger,men,1880,1497,8.1770735723e-05
Telegraph Messenger,men,1900,4122,0.000138835695297
Telegraph Messenger,men,1910,6801,0.000174703103622
Telegraph Messenger,men,1920,8784,0.000209200322479
Telegraph Messenger,men,1930,12129,0.000248901214721
Telegraph Messenger,men,1940,15456,0.000297052098106
Telegraph Messenger,men,1950,8459,0.00013926362027
Telegraph Messenger,men,1960,5382,6.192790901000001e-05
Telegraph Messenger,men,1970,2505,2.2926583825000003e-05
Telegraph Messenger,men,1980,0,0.0
Telegraph Messenger,men,1990,0,0.0
Telegraph Messenger,men,2000,0,0.0
Telegraph Messenger,women,1850,0,0.0
Telegraph Messenger,women,1860,0,0.0
Telegraph Messenger,women,1870,0,0.0
Telegraph Messenger,women,1880,0,0.0
Telegraph Messenger,women,1900,0,0.0
Telegraph Messenger,women,1910,504,1.294667905e-05
Telegraph Messenger,women,1920,303,7.216267954e-06
Telegraph Messenger,women,1930,1516,3.1110086694e-05
Telegraph Messenger,women,1940,179,3.4402384550000004e-06
Telegraph Messenger,women,1950,499,8.215220063e-06
Telegraph Messenger,women,1960,896,1.0309811682e-05
Telegraph Messenger,women,1970,301,2.7548509900000004e-06
Telegraph Messenger,women,1980,0,0.0
Telegraph Messenger,women,1990,0,0.0
Telegraph Messenger,women,2000,0,0.0
Telegraph Operator,men,1850,505,9.3411233986e-05
Telegraph Operator,men,1860,1403,0.000166341926441
Telegraph Operator,men,1870,6639,0.000505672959003
Telegraph Operator,men,1880,16164,0.000882927302757
Telegraph Operator,men,1900,42897,0.001444841053169
Telegraph Operator,men,1910,61714,0.001585300299504
Telegraph Operator,men,1920,63275,0.001506961567038
Telegraph Operator,men,1930,55610,0.001141182005991
Telegraph Operator,men,1940,43794,0.000841686049719
Telegraph Operator,men,1950,29863,0.000491645524548
Telegraph Operator,men,1960,18035,0.00020751947956
Telegraph Operator,men,1970,13520,0.000123739486353
Telegraph Operator,men,1980,5545,4.3150797961e-05
Telegraph Operator,men,1990,0,0.0
Telegraph Operator,men,2000,0,0.0
Telegraph Operator,women,1850,0,0.0
Telegraph Operator,women,1860,0,0.0
Telegraph Operator,women,1870,502,3.8235852601e-05
Telegraph Operator,women,1880,999,5.4568446885e-05
Telegraph Operator,women,1900,5528,0.000186192072683
Telegraph Operator,women,1910,6803,0.000174754479332
Telegraph Operator,women,1920,15944,0.000379723354007
Telegraph Operator,women,1930,12130,0.000248921735887
Telegraph Operator,women,1940,11584,0.000222635319905
Telegraph Operator,women,1950,6225,0.000102484458705
Telegraph Operator,women,1960,9559,0.000109990502085
Telegraph Operator,women,1970,5107,4.674094355e-05
Telegraph Operator,women,1980,3804,2.9602459052e-05
Telegraph Operator,women,1990,0,0.0
Telegraph Operator,women,2000,0,0.0
Telephone Operator,men,1850,0,0.0
Telephone Operator,men,1860,0,0.0
Telephone Operator,men,1870,0,0.0
Telephone Operator,men,1880,1097,5.9921507740000005e-05
Telephone Operator,men,1900,6126,0.000206333689808
Telephone Operator,men,1910,9573,0.000245909838402
Telephone Operator,men,1920,11407,0.000271669863219
Telephone Operator,men,1930,13651,0.000280134428408
Telephone Operator,men,1940,13047,0.000250753023032
Telephone Operator,men,1950,28994,0.000477338858746
Telephone Operator,men,1960,17446,0.000200742159158
Telephone Operator,men,1970,30156,0.000275997629473
Telephone Operator,men,1980,79779,0.000620834537522
Telephone Operator,men,1990,36678,0.000245953612778
Telephone Operator,men,2000,32532,0.000193501931298
Telephone Operator,women,1850,0,0.0
Telephone Operator,women,1860,0,0.0
Telephone Operator,women,1870,0,0.0
Telephone Operator,women,1880,100,5.462306995e-06
Telephone Operator,women,1900,17985,0.000605764187268
Telephone Operator,women,1910,86153,0.002213085794199
Telephone Operator,women,1920,179937,0.00428539144193
Telephone Operator,women,1930,229503,0.004709669014944
Telephone Operator,women,1940,191238,0.003675443137788
Telephone Operator,women,1950,360778,0.005939620569113
Telephone Operator,women,1960,652281,0.007505462359153
Telephone Operator,women,1970,635165,0.005813238968185
Telephone Operator,women,1980,389159,0.003028407823957
Telephone Operator,women,1990,269331,0.00180606719241
Telephone Operator,women,2000,189007,0.001124222904493
Temperer,men,1850,0,0.0
Temperer,men,1860,0,0.0
Temperer,men,1870,202,1.5385741484000003e-05
Temperer,men,1880,398,2.1739981842000003e-05
Temperer,men,1900,1105,3.7218205556000005e-05
Temperer,men,1910,1007,2.5867670246e-05
Temperer,men,1920,3735,8.895300597200001e-05
Temperer,men,1930,3033,6.224069455400001e-05
Temperer,men,1940,13475,0.000258978844589
Temperer,men,1950,17479,0.00028776318935
Temperer,men,1960,21626,0.000248839271692
Temperer,men,1970,22225,0.000203410509187
Temperer,men,1980,27475,0.000213808507482
Temperer,men,1990,20928,0.000140338001205
Temperer,men,2000,14405,8.5681646389e-05
Temperer,women,1850,0,0.0
Temperer,women,1860,0,0.0
Temperer,women,1870,0,0.0
Temperer,women,1880,100,5.462306995e-06
Temperer,women,1900,0,0.0
Temperer,women,1910,252,6.4733395250000005e-06
Temperer,women,1920,0,0.0
Temperer,women,1930,0,0.0
Temperer,women,1940,391,7.514710815e-06
Temperer,women,1950,167,2.749382265e-06
Temperer,women,1960,699,8.04303389e-06
Temperer,women,1970,1003,9.179785858e-06
Temperer,women,1980,1881,1.4637809010000002e-05
Temperer,women,1990,1310,8.784536581e-06
Temperer,women,2000,1677,9.974878236e-06
Textile Spinner,men,1850,4955,0.00091653992951
Textile Spinner,men,1860,6524,0.000773495886031
Textile Spinner,men,1870,3412,0.000259881930429
Textile Spinner,men,1880,1495,8.166148958300001e-05
Textile Spinner,men,1900,29336,0.000988084414662
Textile Spinner,men,1910,26445,0.000679315332346
Textile Spinner,men,1920,31896,0.000759637236542
Textile Spinner,men,1930,32354,0.000663941784244
Textile Spinner,men,1940,0,0.0
Textile Spinner,men,1950,19327,0.000318187491308
Textile Spinner,men,1960,13945,0.000160457950788
Textile Spinner,men,1970,0,0.0
Textile Spinner,men,1980,0,0.0
Textile Spinner,men,1990,0,0.0
Textile Spinner,men,2000,0,0.0
Textile Spinner,women,1850,606,0.000112093480783
Textile Spinner,women,1860,5118,0.000606798274786
Textile Spinner,women,1870,1006,7.6624039276e-05
Textile Spinner,women,1880,1292,7.057300638200001e-05
Textile Spinner,women,1900,32956,0.001110011929697
Textile Spinner,women,1910,46599,0.001197028367252
Textile Spinner,women,1920,55605,0.001324292341922
Textile Spinner,women,1930,65222,0.001338431447487
Textile Spinner,women,1940,0,0.0
Textile Spinner,women,1950,63813,0.001050576829454
Textile Spinner,women,1960,69634,0.000801242663694
Textile Spinner,women,1970,0,0.0
Textile Spinner,women,1980,0,0.0
Textile Spinner,women,1990,0,0.0
Textile Spinner,women,2000,0,0.0
Therapist,men,1850,0,0.0
Therapist,men,1860,401,4.7543202069e-05
Therapist,men,1870,805,6.1314464828e-05
Therapist,men,1880,700,3.8236148968e-05
Therapist,men,1900,2011,6.773376594900001e-05
Therapist,men,1910,2517,6.465633168800001e-05
Therapist,men,1920,3127,7.4472837931e-05
Therapist,men,1930,6069,0.000124542952604
Therapist,men,1940,12063,0.000231841321134
Therapist,men,1950,11852,0.000195123824027
Therapist,men,1960,17043,0.000196105045198
Therapist,men,1970,36159,0.000330939059694
Therapist,men,1980,64399,0.000501148464907
Therapist,men,1990,89015,0.000596912613596
Therapist,men,2000,127400,0.00075778144742
Therapist,women,1850,0,0.0
Therapist,women,1860,0,0.0
Therapist,women,1870,100,7.616703705e-06
Therapist,women,1880,0,0.0
Therapist,women,1900,1706,5.7460867582e-05
Therapist,women,1910,5036,0.000129364039088
Therapist,women,1920,3231,7.694970878000001e-05
Therapist,women,1930,4046,8.302863506900001e-05
Therapist,women,1940,9081,0.000174529639162
Therapist,women,1950,13497,0.000222206062513
Therapist,women,1960,30066,0.000345954015662
Therapist,women,1970,70219,0.000642667381085
Therapist,women,1980,168127,0.001308352427204
Therapist,women,1990,284654,0.001908819447402
Therapist,women,2000,423125,0.002516768249133
Ticket Agent,men,1850,1314,0.000243054181105
Ticket Agent,men,1860,4718,0.000559373634318
Ticket Agent,men,1870,9655,0.000735392742759
Ticket Agent,men,1880,20852,0.001139000254707
Ticket Agent,men,1900,36377,0.001225236799569
Ticket Agent,men,1910,28718,0.000737703827351
Ticket Agent,men,1920,51963,0.001237554230075
Ticket Agent,men,1930,55611,0.001141202527156
Ticket Agent,men,1940,41637,0.000800230215376
Ticket Agent,men,1950,53053,0.000873431002037
Ticket Agent,men,1960,67749,0.000779552937108
Ticket Agent,men,1970,68007,0.000622422429619
Ticket Agent,men,1980,47751,0.000371594905942
Ticket Agent,men,1990,88051,0.000590448267592
Ticket Agent,men,2000,104583,0.000622064812523
Ticket Agent,women,1850,0,0.0
Ticket Agent,women,1860,0,0.0
Ticket Agent,women,1870,100,7.616703705e-06
Ticket Agent,women,1880,399,2.1794604912e-05
Ticket Agent,women,1900,404,1.3607380131e-05
Ticket Agent,women,1910,1259,3.2341009772e-05
Ticket Agent,women,1920,1716,4.0868369008e-05
Ticket Agent,women,1930,506,1.0383709675000002e-05
Ticket Agent,women,1940,2121,4.076394281e-05
Ticket Agent,women,1950,7253,0.000119408799837
Ticket Agent,women,1960,25404,0.000292310776754
Ticket Agent,women,1970,51088,0.000467574177428
Ticket Agent,women,1980,66826,0.000520035207315
Ticket Agent,women,1990,221236,0.001483553996309
Ticket Agent,women,2000,307394,0.001828394585935
Tool Maker,men,1850,505,9.3411233986e-05
Tool Maker,men,1860,301,3.5687041952000005e-05
Tool Maker,men,1870,804,6.1238297791e-05
Tool Maker,men,1880,1097,5.9921507740000005e-05
Tool Maker,men,1900,7140,0.000240486866672
Tool Maker,men,1910,11840,0.000304144206276
Tool Maker,men,1920,61051,0.001453994636574
Tool Maker,men,1930,101109,0.002074874508969
Tool Maker,men,1940,96279,0.001850406246996
Tool Maker,men,1950,161693,0.002662011177737
Tool Maker,men,1960,205485,0.002364410327559
Tool Maker,men,1970,214270,0.001961069507471
Tool Maker,men,1980,208764,0.001624586688116
Tool Maker,men,1990,164984,0.001106341972044
Tool Maker,men,2000,138638,0.000824625622507
Tool Maker,women,1850,0,0.0
Tool Maker,women,1860,0,0.0
Tool Maker,women,1870,0,0.0
Tool Maker,women,1880,0,0.0
Tool Maker,women,1900,0,0.0
Tool Maker,women,1910,252,6.4733395250000005e-06
Tool Maker,women,1920,303,7.216267954e-06
Tool Maker,women,1930,0,0.0
Tool Maker,women,1940,101,1.941140133e-06
Tool Maker,women,1950,401,6.6018101100000005e-06
Tool Maker,women,1960,2486,2.8605124823e-05
Tool Maker,women,1970,5308,4.8580561654e-05
Tool Maker,women,1980,4680,3.6419429117e-05
Tool Maker,women,1990,4571,3.0651997491000004e-05
Tool Maker,women,2000,4739,2.818780439e-05
Truck / Tractor Driver,men,1850,31753,0.005873439431231
Truck / Tractor Driver,men,1860,63194,0.007492381824316
Truck / Tractor Driver,men,1870,118214,0.009004010118333
Truck / Tractor Driver,men,1880,157797,0.008619356569732
Truck / Tractor Driver,men,1900,435202,0.014658314474705
Truck / Tractor Driver,men,1910,430738,0.011064735398907
Truck / Tractor Driver,men,1920,296383,0.007058677046597
Truck / Tractor Driver,men,1930,752249,0.015437026125249
Truck / Tractor Driver,men,1940,1314002,0.025254079387672
Truck / Tractor Driver,men,1950,1406612,0.023157569386053
Truck / Tractor Driver,men,1960,1787785,0.020571123524615
Truck / Tractor Driver,men,1970,1582606,0.014484530587302
Truck / Tractor Driver,men,1980,2084404,0.016220684557955
Truck / Tractor Driver,men,1990,3150279,0.021124993219645
Truck / Tractor Driver,men,2000,3681627,0.021898497935012
Truck / Tractor Driver,women,1850,202,3.7364493594e-05
Truck / Tractor Driver,women,1860,200,2.3712320233e-05
Truck / Tractor Driver,women,1870,100,7.616703705e-06
Truck / Tractor Driver,women,1880,199,1.0869990921e-05
Truck / Tractor Driver,women,1900,1704,5.7393504315e-05
Truck / Tractor Driver,women,1910,2268,5.8260055729e-05
Truck / Tractor Driver,women,1920,2120,5.0490059614e-05
Truck / Tractor Driver,women,1930,2023,4.1514317534000005e-05
Truck / Tractor Driver,women,1940,9254,0.000177854562362
Truck / Tractor Driver,women,1950,5306,8.735462456000001e-05
Truck / Tractor Driver,women,1960,11548,0.000132876903241
Truck / Tractor Driver,women,1970,28240,0.000258461767354
Truck / Tractor Driver,women,1980,60371,0.000469802853692
Truck / Tractor Driver,women,1990,233616,0.001566571219882
Truck / Tractor Driver,women,2000,255543,0.001519982295275
Typesetter,men,1850,16068,0.002972141995434
Typesetter,men,1860,21878,0.00259389071039
Typesetter,men,1870,31352,0.002387988945725
Typesetter,men,1880,56060,0.003062169301692
Typesetter,men,1900,104848,0.00353145196034
Typesetter,men,1910,119412,0.003067438172286
Typesetter,men,1920,138562,0.003300001717138
Typesetter,men,1930,200197,0.004108275742734
Typesetter,men,1940,170993,0.003286350246602
Typesetter,men,1950,172748,0.002844013698377
Typesetter,men,1960,181010,0.002082789076533
Typesetter,men,1970,150058,0.001373380165922
Typesetter,men,1980,38944,0.000303059454609
Typesetter,men,1990,27338,0.000183321878677
Typesetter,men,2000,51064,0.000303731176067
Typesetter,women,1850,101,1.8682246797e-05
Typesetter,women,1860,100,1.1856160116e-05
Typesetter,women,1870,1108,8.439307705600001e-05
Typesetter,women,1880,2193,0.000119788392411
Typesetter,women,1900,12370,0.000416641812427
Typesetter,women,1910,12090,0.000310566170091
Typesetter,women,1920,11095,0.000264239250672
Typesetter,women,1930,13145,0.000269750718733
Typesetter,women,1940,12657,0.000243257531426
Typesetter,women,1950,11801,0.000194284192318
Typesetter,women,1960,25304,0.000291160128128
Typesetter,women,1970,38163,0.000349280326754
Typesetter,women,1980,47775,0.000371781672246
Typesetter,women,1990,59642,0.000399944527327
Typesetter,women,2000,48722,0.000289800845221
Union Official,men,1850,0,0.0
Union Official,men,1860,0,0.0
Union Official,men,1870,0,0.0
Union Official,men,1880,897,4.8996893749e-05
Union Official,men,1900,2111,7.1101929347e-05
Union Official,men,1910,4535,0.000116494423603
Union Official,men,1920,8777,0.000209033610018
Union Official,men,1930,8593,0.000176338373988
Union Official,men,1940,20236,0.000388919918302
Union Official,men,1950,22634,0.000372631845515
Union Official,men,1960,31957,0.000367712781165
Union Official,men,1970,49489,0.000452939603562
Union Official,men,1980,0,0.0
Union Official,men,1990,0,0.0
Union Official,men,2000,0,0.0
Union Official,women,1850,0,0.0
Union Official,women,1860,0,0.0
Union Official,women,1870,0,0.0
Union Official,women,1880,200,1.0924613991e-05
Union Official,women,1900,504,1.6975543529000002e-05
Union Official,women,1910,1511,3.8814349297e-05
Union Official,women,1920,1615,3.8462946357000006e-05
Union Official,women,1930,0,0.0
Union Official,women,1940,2802,5.3852224307e-05
Union Official,women,1950,2839,4.6739498516000006e-05
Union Official,women,1960,5282,6.0777260384e-05
Union Official,women,1970,11723,0.00010729275137
Union Official,women,1980,0,0.0
Union Official,women,1990,0,0.0
Union Official,women,2000,0,0.0
Upholsterer,men,1850,2425,0.000448558895875
Upholsterer,men,1860,2406,0.000285259212414
Upholsterer,men,1870,3415,0.00026011043154
Upholsterer,men,1880,8976,0.000490296675918
Upholsterer,men,1900,20400,0.000687105333348
Upholsterer,men,1910,17134,0.000440135712021
Upholsterer,men,1920,21188,0.000504614803356
Upholsterer,men,1930,39935,0.000819512738882
Upholsterer,men,1940,39026,0.000750048860034
Upholsterer,men,1950,62230,0.001024515319714
Upholsterer,men,1960,58277,0.000670563499326
Upholsterer,men,1970,66008,0.000604126924203
Upholsterer,men,1980,62601,0.000487156556028
Upholsterer,men,1990,65890,0.000441842072794
Upholsterer,men,2000,57883,0.000344290922456
Upholsterer,women,1850,0,0.0
Upholsterer,women,1860,202,2.3949443436e-05
Upholsterer,women,1870,201,1.5309574447e-05
Upholsterer,women,1880,500,2.7311534977000003e-05
Upholsterer,women,1900,806,2.7147396994000004e-05
Upholsterer,women,1910,1511,3.8814349297e-05
Upholsterer,women,1920,808,1.9243381211e-05
Upholsterer,women,1930,4548,9.3330260083e-05
Upholsterer,women,1940,2222,4.2705082944e-05
Upholsterer,women,1950,4590,7.556685388800001e-05
Upholsterer,women,1960,9070,0.000104363830308
Upholsterer,women,1970,16631,0.000152212381475
Upholsterer,women,1980,19717,0.000153436299982
Upholsterer,women,1990,21674,0.00014534049303
Upholsterer,women,2000,17947,0.000106749636082
Usher,men,1850,0,0.0
Usher,men,1860,100,1.1856160116e-05
Usher,men,1870,0,0.0
Usher,men,1880,0,0.0
Usher,men,1900,403,1.3573698497000002e-05
Usher,men,1910,0,0.0
Usher,men,1920,2317,5.5181824588000006e-05
Usher,men,1930,7078,0.000145248808459
Usher,men,1940,17957,0.00034511934043
Usher,men,1950,17200,0.000283169909996
Usher,men,1960,15142,0.000174231214832
Usher,men,1970,20237,0.000185215679389
Usher,men,1980,23617,0.000183785824247
Usher,men,1990,30728,0.000206054381739
Usher,men,2000,58147,0.000345861207402
Usher,women,1850,0,0.0
Usher,women,1860,0,0.0
Usher,women,1870,0,0.0
Usher,women,1880,0,0.0
Usher,women,1900,0,0.0
Usher,women,1910,0,0.0
Usher,women,1920,2925,6.9661992628e-05
Usher,women,1930,6069,0.000124542952604
Usher,women,1940,4500,8.6486441607e-05
Usher,women,1950,9367,0.00015421235738
Usher,women,1960,10360,0.000119207197574
Usher,women,1970,8512,7.7904623361e-05
Usher,women,1980,13330,0.000103733117551
Usher,women,1990,15375,0.000103100954154
Usher,women,2000,26527,0.000157783896826
Veterinarian,men,1850,0,0.0
Veterinarian,men,1860,101,1.1974721718e-05
Veterinarian,men,1870,905,6.893116853400001e-05
Veterinarian,men,1880,2894,0.00015807916445
Veterinarian,men,1900,6837,0.000230281331573
Veterinarian,men,1910,12344,0.000317090885327
Veterinarian,men,1920,14934,0.000355669127493
Veterinarian,men,1930,12131,0.000248942257052
Veterinarian,men,1940,11029,0.000211968658774
Veterinarian,men,1950,15063,0.000247987695016
Veterinarian,men,1960,17730,0.000204010001253
Veterinarian,men,1970,17025,0.000155818399051
Veterinarian,men,1980,32252,0.000250982783742
Veterinarian,men,1990,38495,0.000258137966189
Veterinarian,men,2000,39184,0.000233068353498
Veterinarian,women,1850,0,0.0
Veterinarian,women,1860,0,0.0
Veterinarian,women,1870,0,0.0
Veterinarian,women,1880,0,0.0
Veterinarian,women,1900,0,0.0
Veterinarian,women,1910,0,0.0
Veterinarian,women,1920,202,4.810845302e-06
Veterinarian,women,1930,0,0.0
Veterinarian,women,1940,606,1.1646840803000002e-05
Veterinarian,women,1950,2701,4.446755388900001e-05
Veterinarian,women,1960,598,6.880878778e-06
Veterinarian,women,1970,1401,1.282241275e-05
Veterinarian,women,1980,5206,4.0512723929000006e-05
Veterinarian,women,1990,14634,9.8131991095e-05
Veterinarian,women,2000,25883,0.000153953353246
Waiter / Waitress,men,1850,7184,0.001328844168234
Waiter / Waitress,men,1860,7926,0.00093971925087
Waiter / Waitress,men,1870,18090,0.001377861700311
Waiter / Waitress,men,1880,27544,0.001504537838848
Waiter / Waitress,men,1900,63437,0.002136661815276
Waiter / Waitress,men,1910,119657,0.003073731696825
Waiter / Waitress,men,1920,109513,0.002608168820087
Waiter / Waitress,men,1930,154184,0.003164035360758
Waiter / Waitress,men,1940,205614,0.003951738489908
Waiter / Waitress,men,1950,129961,0.002139595620527
Waiter / Waitress,men,1960,151423,0.001742346667786
Waiter / Waitress,men,1970,178989,0.001638166192527
Waiter / Waitress,men,1980,227767,0.00177246669058
Waiter / Waitress,men,1990,356754,0.002392304247046
Waiter / Waitress,men,2000,595509,0.003542116734471
Waiter / Waitress,women,1850,202,3.7364493594e-05
Waiter / Waitress,women,1860,705,8.3585928824e-05
Waiter / Waitress,women,1870,7343,0.000559294553089
Waiter / Waitress,women,1880,7381,0.000403172879339
Waiter / Waitress,women,1900,43520,0.001465824711143
Waiter / Waitress,women,1910,92691,0.002381032991888
Waiter / Waitress,women,1920,104857,0.002497281217462
Waiter / Waitress,women,1930,185034,0.003797113312293
Waiter / Waitress,women,1940,412143,0.007921062556277
Waiter / Waitress,women,1950,610478,0.010050523274121
Waiter / Waitress,women,1960,1661504,0.019118072934185
Waiter / Waitress,women,1970,1932298,0.017685026775321
Waiter / Waitress,women,1980,2063563,0.01605850136944
Waiter / Waitress,women,1990,1690717,0.011337530790555
Waiter / Waitress,women,2000,1843769,0.010966828426437
Weaver,men,1850,15970,0.002954014666858
Weaver,men,1860,14346,0.00170088473038
Weaver,men,1870,11651,0.000887422148719
Weaver,men,1880,16657,0.000909856476245
Weaver,men,1900,97151,0.003272204423536
Weaver,men,1910,111082,0.002853458337972
Weaver,men,1920,102615,0.002443885597812
Weaver,men,1930,96063,0.001971324708533
Weaver,men,1940,0,0.0
Weaver,men,1950,64570,0.001063039598167
Weaver,men,1960,46228,0.000531921846472
Weaver,men,1970,28449,0.000260374604088
Weaver,men,1980,31842,0.000247792192729
Weaver,men,1990,24244,0.000162574278537
Weaver,men,2000,17800,0.000105875272873
Weaver,women,1850,909,0.000168140221175
Weaver,women,1860,27189,0.003223571374202
Weaver,women,1870,9755,0.000743009446464
Weaver,women,1880,11071,0.000604732007474
Weaver,women,1900,96654,0.003255464651445
Weaver,women,1910,99753,0.002562440625733
Weaver,women,1920,87387,0.002081214546957
Weaver,women,1930,62189,0.001276190752933
Weaver,women,1940,0,0.0
Weaver,women,1950,43353,0.000713736343493
Weaver,women,1960,42041,0.000483744188534
Weaver,women,1970,41582,0.000380572139168
Weaver,women,1980,61698,0.000480129473872
Weaver,women,1990,49668,0.000333061345751
Weaver,women,2000,32015,0.000190426789946
Welder,men,1850,101,1.8682246797e-05
Welder,men,1860,200,2.3712320233e-05
Welder,men,1870,300,2.2850111116000003e-05
Welder,men,1880,198,1.0815367851e-05
Welder,men,1900,904,3.0448197124e-05
Welder,men,1910,0,0.0
Welder,men,1920,25637,0.00061057248035
Welder,men,1930,61167,0.001255218121929
Welder,men,1940,134709,0.00258900045832
Welder,men,1950,281806,0.004639475561424
Welder,men,1960,399733,0.004599522269101
Welder,men,1970,576267,0.005274185102263
Welder,men,1980,821710,0.006394489124045
Welder,men,1990,700666,0.00469849321258
Welder,men,2000,727405,0.004326640610365
Welder,women,1850,0,0.0
Welder,women,1860,0,0.0
Welder,women,1870,0,0.0
Welder,women,1880,0,0.0
Welder,women,1900,0,0.0
Welder,women,1910,0,0.0
Welder,women,1920,606,1.4432535908e-05
Welder,women,1930,1011,2.0746898184e-05
Welder,women,1940,2323,4.4646223078e-05
Welder,women,1950,10209,0.000168074512276
Welder,women,1960,28594,0.000329016467899
Welder,women,1970,48083,0.000440071429167
Welder,women,1980,57920,0.000450729344981
Welder,women,1990,36224,0.000242909200863
Welder,women,2000,63197,0.000375898855043
