us_gross,worldwide_gross,production_budget,release_date,distributor,source,major_genre,rotten_tomatoes_rating,imdb_rating,imdb_votes
146083.0,146083.0,8000000.0,Jun 12 1998,Gramercy,Original Screenplay,Drama,55.0,6.1,1071.0
10876.0,10876.0,300000.0,Aug 07 1998,Strand,Original Screenplay,Drama,55.0,6.9,207.0
203134.0,203134.0,250000.0,Aug 28 1998,Lionsgate,Original Screenplay,Comedy,55.0,6.8,865.0
373615.0,373615.0,300000.0,Sep 11 1998,Fine Line,Original Screenplay,Comedy,13.0,6.4,15106.0
1009819.0,1087521.0,1000000.0,Oct 09 1998,Trimark,Original Screenplay,Drama,62.0,3.4,165.0
24551.0,2624551.0,1600000.0,Jan 15 1999,MGM,Original Screenplay,Drama,55.0,6.4,15106.0
44705.0,44705.0,6000.0,Apr 04 1999,Zeitgeist,Original Screenplay,Drama,55.0,7.7,15133.0
6026908.0,6026908.0,1600000.0,Apr 09 1999,Artisan,Original Screenplay,Comedy,55.0,3.8,353.0
1641825.0,6341825.0,40000000.0,Jul 01 1986,Warner Bros.,Original Screenplay,Drama,25.0,5.8,3275.0
20400000.0,20400000.0,6000000.0,Dec 31 2046,Warner Bros.,Original Screenplay,Drama,86.0,7.0,2906.0
37600000.0,37600000.0,1000000.0,Oct 07 1963,Warner Bros.,Original Screenplay,Drama,81.0,7.0,4035.0
37402877.0,37402877.0,10000000.0,Dec 11 1968,Sony Pictures,Original Screenplay,Musical,84.0,7.5,9111.0
13129846.0,13129846.0,2000000.0,Dec 25 1962,Universal,Original Screenplay,Drama,97.0,8.4,82786.0
29548291.0,29548291.0,25000000.0,Sep 23 1970,Warner Bros.,Original Screenplay,Drama,55.0,6.4,15106.0
5228617.0,5228617.0,100000.0,Mar 01 1987,Warner Bros.,Original Screenplay,Drama,87.0,6.8,1532.0
3000000.0,3000000.0,100000.0,Sep 17 2020,Warner Bros.,Original Screenplay,Drama,55.0,6.4,15106.0
2000000.0,2000000.0,5200000.0,Aug 01 2044,Warner Bros.,Original Screenplay,Drama,55.0,7.0,451.0
5000000.0,5000000.0,22000000.0,Jan 01 1970,Warner Bros.,Original Screenplay,Drama,55.0,6.1,858.0
80000000.0,80000000.0,13500000.0,Oct 05 1956,Warner Bros.,Original Screenplay,Drama,90.0,2.5,1677.0
0.0,0.0,340000.0,Apr 13 1957,United Artists,Original Screenplay,Drama,55.0,8.9,119101.0
57141459.0,168841459.0,29000000.0,Dec 27 1995,Universal,Based on Short Film,Drama,55.0,8.1,169858.0
0.0,0.0,4000000.0,Nov 09 1972,Sony/Columbia,Based on Play,Drama,57.0,7.0,4099.0
34175000.0,94875000.0,32000000.0,Dec 14 1979,Universal,Original Screenplay,Comedy,33.0,5.6,13364.0
18435.0,18435.0,1900000.0,Jun 29 2007,Strand,Original Screenplay,Thriller/Suspense,55.0,6.3,365.0
56700000.0,68700000.0,10500000.0,Apr 02 1968,Warner Bros.,Original Screenplay,Drama,96.0,8.4,160342.0
28200000.0,28200000.0,5000000.0,Dec 23 1954,Walt Disney Pictures,Based on Book/Short Story,Adventure,92.0,6.4,15106.0
8000000.0,8000000.0,200000.0,Dec 24 2016,Warner Bros.,Based on Book/Short Story,Adventure,55.0,6.4,15106.0
72544.0,72544.0,2000000.0,Apr 15 1998,October Films,Original Screenplay,Comedy,55.0,6.9,1417.0
985341.0,1027228.0,500000.0,Jul 30 1999,Sony Pictures Classics,Original Screenplay,Drama,77.0,7.1,2810.0
0.0,22139590.0,20000000.0,Apr 03 2008,Warner Bros.,Based on Book/Short Story,Action,55.0,6.4,15106.0
167780960.0,167780960.0,15000000.0,Nov 25 1987,Walt Disney Pictures,Remake,Comedy,55.0,5.7,16764.0
11744960.0,11744960.0,20000000.0,May 06 1994,Walt Disney Pictures,Original Screenplay,Action,17.0,3.2,3107.0
75828.0,172569.0,1500000.0,Sep 28 2005,Vitagraph Films,Original Screenplay,Drama,55.0,6.0,873.0
2300000.0,2300000.0,439000.0,Mar 09 2033,Warner Bros.,Based on Book/Short Story,Musical,95.0,7.7,4263.0
4301000.0,4301000.0,4000000.0,Dec 25 1995,Miramax,Original Screenplay,Comedy,14.0,6.4,34328.0
42488161.0,42488161.0,6500000.0,May 22 1981,Universal,Original Screenplay,Comedy,71.0,7.0,1814.0
52700832.0,242895809.0,4500000.0,Mar 09 1994,Gramercy,Original Screenplay,Romantic Comedy,96.0,7.1,39003.0
84689.0,84689.0,350000.0,Oct 18 2006,Truly Indie,Original Screenplay,Drama,97.0,7.4,439.0
10000000.0,10000000.0,17000000.0,Dec 31 1962,Warner Bros.,Original Screenplay,Drama,57.0,6.8,2104.0
6734844.0,6734844.0,18000000.0,Feb 21 1986,MGM,Based on Book/Short Story,Drama,55.0,5.4,12731.0
999811.0,132999811.0,113500000.0,Jul 04 2008,Alliance,Based on Comic/Graphic Novel,Adventure,55.0,4.9,5620.0
54243125.0,54243125.0,70000000.0,Aug 09 1989,20th Century Fox,Original Screenplay,Action,88.0,7.6,51018.0
20257000.0,20257000.0,7000000.0,Feb 12 1988,Lorimar Motion Pictures,Original Screenplay,Action,10.0,4.6,3856.0
72217396.0,107217396.0,12000000.0,Feb 04 1994,Warner Bros.,Original Screenplay,Comedy,49.0,6.6,63543.0
108360063.0,212400000.0,30000000.0,Nov 10 1995,Warner Bros.,Original Screenplay,Comedy,55.0,5.6,51275.0
12947763.0,12947763.0,5000000.0,Mar 27 1986,Paramount Pictures,Original Screenplay,Horror,31.0,6.4,15106.0
64359.0,64359.0,4000000.0,Mar 26 1999,Fox Searchlight,Original Screenplay,Romantic Comedy,55.0,5.7,546.0
8000000.0,8000000.0,3768785.0,May 17 1950,MGM,Based on Book/Short Story,Musical,100.0,7.1,1326.0
0.0,0.0,3000000.0,Jul 28 1951,RKO Radio Pictures,Based on Book/Short Story,Musical,20.0,6.7,63458.0
669276.0,669276.0,24000000.0,Aug 25 1995,Miramax,Original Screenplay,Adventure,55.0,7.3,893.0
7900000.0,7900000.0,12000000.0,Oct 24 1960,United Artists,Original Screenplay,Western,54.0,5.9,10063.0
4000000.0,4000000.0,2000000.0,Dec 31 1937,20th Century Fox,Original Screenplay,Drama,55.0,6.4,15106.0
36299670.0,36299670.0,32000000.0,Jan 15 1993,Walt Disney Pictures,Based on Book/Short Story,Adventure,71.0,3.2,124.0
274299.0,274299.0,14000000.0,Jan 24 2003,Kino International,Based on Play,Drama,55.0,7.4,5416.0
115000000.0,140000000.0,777000.0,Aug 11 1973,Universal,Original Screenplay,Comedy,97.0,7.6,30952.0
4000000.0,4000000.0,350000.0,Dec 31 1986,Warner Bros.,Original Screenplay,Action,55.0,3.7,2495.0
60022813.0,107822813.0,62000000.0,Nov 17 1995,Sony Pictures,Original Screenplay,Romantic Comedy,90.0,6.8,22780.0
38251425.0,38251425.0,4000000.0,Apr 20 1977,MGM,Original Screenplay,Comedy,98.0,8.2,65406.0
9598.0,9598.0,2500000.0,Sep 08 2000,Sony Pictures,Original Screenplay,Horror,55.0,6.1,6266.0
24103594.0,24103594.0,6500000.0,Apr 02 1993,Walt Disney Pictures,Based on Book/Short Story,Adventure,62.0,5.8,3095.0
18600000.0,24600000.0,3000000.0,Dec 31 1959,United Artists,Original Screenplay,Romantic Comedy,91.0,8.4,36485.0
78800000.0,78800000.0,31500000.0,Aug 15 1979,MGM,Based on Book/Short Story,Action,98.0,8.6,173141.0
53208180.0,53208180.0,31000000.0,Jul 18 1990,Walt Disney Pictures,Original Screenplay,Thriller/Suspense,85.0,6.2,20528.0
0.0,14900000.0,16500000.0,Dec 25 2007,Warner Bros.,Based on Book/Short Story,Action,55.0,6.4,6251.0
23616.0,23616.0,600000.0,Oct 19 2007,The Movie Partners,Original Screenplay,Thriller/Suspense,55.0,5.1,77.0
15200000.0,15200000.0,150000.0,Jan 01 1971,Warner Bros.,Original Screenplay,Drama,55.0,5.6,1769.0
8158.0,8158.0,989000.0,Jun 01 2007,Fox Meadow,Original Screenplay,Comedy,17.0,4.4,200.0
42000000.0,42000000.0,6000000.0,Oct 17 1956,United Artists,Based on Book/Short Story,Adventure,73.0,5.6,21516.0
0.0,0.0,9000000.0,Oct 10 1968,Paramount Pictures,Based on Comic/Graphic Novel,Adventure,74.0,5.7,10794.0
20000000.0,20000000.0,11000000.0,Dec 31 1974,Warner Bros.,Based on Book/Short Story,Drama,94.0,8.1,39909.0
800000.0,800000.0,4000000.0,Mar 01 1987,Warner Bros.,Original Screenplay,Drama,55.0,5.4,236.0
63658910.0,246100000.0,30000000.0,Aug 04 1995,Universal,Based on Book/Short Story,Adventure,98.0,7.3,35644.0
3127472.0,3127472.0,2900000.0,Mar 24 2006,Wingate Distribution,Original Screenplay,Romantic Comedy,55.0,6.4,15106.0
16581575.0,16581575.0,50000000.0,Jul 01 1994,20th Century Fox,Original Screenplay,Comedy,21.0,5.0,8332.0
4496583.0,4496583.0,35000000.0,Apr 16 1993,Walt Disney Pictures,Original Screenplay,Drama,55.0,7.7,10142.0
12671300.0,12671300.0,8000000.0,Aug 04 2006,Alliance,Original Screenplay,Comedy,67.0,6.9,151.0
210609762.0,381109762.0,19000000.0,Jul 03 1985,Universal,Original Screenplay,Adventure,96.0,8.4,201598.0
118450002.0,332000000.0,40000000.0,Nov 22 1989,Universal,Original Screenplay,Adventure,64.0,7.5,87341.0
87666629.0,243700000.0,40000000.0,May 24 1990,Universal,Original Screenplay,Adventure,71.0,7.1,77541.0
102308900.0,102308900.0,6000000.0,Oct 24 1969,20th Century Fox,Original Screenplay,Western,90.0,8.2,57602.0
65647413.0,141247413.0,23000000.0,Apr 07 1995,Sony Pictures,Original Screenplay,Action,39.0,6.6,53929.0
8801940.0,8801940.0,10000000.0,Oct 26 1984,Sony/Columbia,Original Screenplay,Thriller/Suspense,84.0,6.4,9738.0
5000000.0,5000000.0,210000.0,Jun 13 1953,Warner Bros.,Based on Book/Short Story,Drama,90.0,6.4,15106.0
773490.0,773490.0,6000000.0,Aug 30 1991,New Line,Based on Book/Short Story,Drama,17.0,3.3,1327.0
10751126.0,10751126.0,5000000.0,Aug 20 1982,MGM,Based on Book/Short Story,Action,50.0,5.7,5734.0
9000000.0,9000000.0,3900000.0,Dec 30 2025,MGM,Based on Book/Short Story,Adventure,55.0,8.2,58510.0
73000000.0,73000000.0,15000000.0,Nov 18 1959,MGM,Based on Book/Short Story,Adventure,91.0,8.2,58510.0
31559560.0,31559560.0,500000.0,Nov 15 1974,Warner Bros.,Original Screenplay,Adventure,83.0,5.8,1801.0
5274005.0,5274005.0,2500000.0,Jan 27 1995,Sony Pictures,Original Screenplay,Drama,100.0,8.0,39705.0
171340294.0,403476931.0,20000000.0,Nov 13 1991,Walt Disney Pictures,Based on Book/Short Story,Musical,93.0,3.4,354.0
23600000.0,23600000.0,2100000.0,Nov 21 2046,RKO Radio Pictures,Based on Book/Short Story,Drama,97.0,8.2,17338.0
909000.0,909000.0,1305000.0,Aug 19 1983,Embassy,Based on Book/Short Story,Western,55.0,6.4,15106.0
4655.0,4655.0,3000000.0,Sep 30 2005,Big Fat Movies,Original Screenplay,Comedy,23.0,3.2,1119.0
8800000.0,8800000.0,1800000.0,Dec 31 1972,20th Century Fox,Original Screenplay,Drama,38.0,5.0,6094.0
0.0,0.0,50000.0,Dec 31 2009,Warner Bros.,Original Screenplay,Drama,55.0,6.4,15106.0
4357406.0,4357406.0,32000000.0,Sep 06 1996,Warner Bros.,Original Screenplay,Comedy,40.0,4.8,2742.0
234760478.0,316300000.0,15000000.0,Dec 05 1984,Paramount Pictures,Original Screenplay,Action,83.0,7.3,45065.0
153665036.0,276665036.0,20000000.0,May 20 1987,Paramount Pictures,Original Screenplay,Action,46.0,6.1,29712.0
42586861.0,119180938.0,50000000.0,May 25 1994,Paramount Pictures,Original Screenplay,Action,10.0,5.0,21199.0
35841901.0,35841901.0,20000000.0,Dec 21 1979,Walt Disney Pictures,Original Screenplay,Drama,42.0,5.6,7810.0
0.0,3436763.0,15000000.0,Jul 10 2008,Warner Bros.,Original Screenplay,Drama,55.0,6.1,1446.0
114968774.0,151668774.0,18000000.0,Jun 03 1988,20th Century Fox,Original Screenplay,Comedy,96.0,7.2,49256.0
11000000.0,22000000.0,245000.0,Jan 01 2025,MGM,Based on Play,Drama,100.0,8.4,2600.0
56190094.0,56190094.0,6500000.0,Jul 12 1991,Sony Pictures,Original Screenplay,Drama,98.0,7.8,30299.0
1660865.0,1660865.0,2000000.0,Sep 12 2003,Distributor Unknown,Based on Book/Short Story,Drama,55.0,6.4,15106.0
2000000.0,2000000.0,11000000.0,Dec 31 1990,Warner Bros.,Original Screenplay,Drama,55.0,4.3,4632.0
16118077.0,16118077.0,25000000.0,Apr 01 1988,United Artists,Based on Book/Short Story,Drama,61.0,6.8,11929.0
887000.0,887000.0,1200000.0,Dec 31 1975,20th Century Fox,Based on Play,Drama,55.0,4.9,359.0
1610194.0,1610194.0,10400000.0,Feb 20 2004,Alliance,Original Screenplay,Drama,44.0,6.2,817.0
32656328.0,33139618.0,28000000.0,Jun 25 1982,Warner Bros.,Based on Book/Short Story,Thriller/Suspense,92.0,8.3,185546.0
11806119.0,11806119.0,1500000.0,Feb 26 1988,Cannon,Original Screenplay,Action,55.0,6.2,19816.0
57229890.0,57229890.0,27000000.0,Jun 20 1980,Universal,Original Screenplay,Musical,84.0,7.9,62941.0
13747234.0,13747234.0,18000000.0,Jul 24 1981,Filmways Pictures,Original Screenplay,Thriller/Suspense,89.0,7.1,10239.0
1023424.0,8589831.0,5500000.0,Jul 01 2005,WellSpring,Original Screenplay,Drama,55.0,7.3,7295.0
2800000.0,4358000.0,379000.0,Dec 31 1928,MGM,Original Screenplay,Musical,38.0,6.7,2017.0
9172000.0,9172000.0,2000000.0,Dec 31 1939,MGM,Original Screenplay,Drama,55.0,7.1,1115.0
3802260.0,6300000.0,4500000.0,Oct 04 1996,Gramercy,Original Screenplay,Thriller/Suspense,88.0,7.4,23564.0
527.0,527.0,10000.0,Apr 01 1996,JeTi Films,Original Screenplay,Thriller/Suspense,55.0,6.3,369.0
22019465.5,31168926.5,2000000.0,Apr 28 1971,MGM,Original Screenplay,Comedy,89.0,7.1,12415.0
37537675.0,37537675.0,20000000.0,Jul 19 1991,Orion Pictures,Original Screenplay,Comedy,58.0,5.8,20188.0
10000000.0,11000000.0,110000.0,Feb 08 2015,Warner Bros.,Based on Book/Short Story,Drama,100.0,7.1,8901.0
3500000.0,5000000.0,3716946.0,May 13 1970,Warner Bros.,Original Screenplay,Western,92.0,7.3,3125.0
882290.0,882290.0,7700000.0,Feb 23 1990,New Line,Original Screenplay,Action,55.0,6.2,2523.0
0.0,0.0,120000.0,Jun 30 2006,Lifesize Entertainment,Based on Real Life Events,Documentary,71.0,7.6,90.0
70052444.0,131052444.0,42000000.0,Jul 01 1992,Paramount Pictures,Original Screenplay,Comedy,37.0,5.9,202.0
33300000.0,33300000.0,3000000.0,Dec 18 1957,Sony/Columbia,Based on Book/Short Story,Drama,95.0,8.4,58641.0
70001698.0,70001698.0,14000000.0,Dec 20 1989,Universal,Based on Book/Short Story,Drama,89.0,7.2,32108.0
2962051.0,2962051.0,3000000.0,Aug 09 1996,Miramax,Based on Real Life Events,Drama,69.0,6.7,7935.0
45892212.0,45892212.0,30000000.0,Sep 22 1989,Paramount Pictures,Original Screenplay,Thriller/Suspense,57.0,4.1,137.0
407488.0,407488.0,5000000.0,Feb 21 1996,Sony Pictures,Based on Short Film,Adventure,79.0,7.2,21980.0
242623.0,242623.0,3000000.0,Feb 12 1993,Trimark,Original Screenplay,Horror,55.0,7.6,32827.0
71516617.0,175516617.0,22000000.0,Jun 02 1995,Warner Bros.,Based on Book/Short Story,Drama,90.0,7.2,21923.0
10426506.0,10426506.0,25000.0,Aug 09 1995,Fox Searchlight,Original Screenplay,Drama,91.0,6.4,4365.0
82522790.0,215862692.0,40000000.0,Nov 13 1992,Sony Pictures,Based on Book/Short Story,Horror,55.0,6.4,136.0
70645997.0,148345997.0,65000000.0,Feb 09 1996,20th Century Fox,Original Screenplay,Action,55.0,5.8,33584.0
8921050.0,8921050.0,15000000.0,Sep 30 1983,MGM,Based on Book/Short Story,Thriller/Suspense,64.0,6.3,4410.0
75545647.0,209000000.0,72000000.0,May 24 1995,Paramount Pictures,Based on Real Life Events,Drama,77.0,8.4,240642.0
0.0,83833602.0,42000000.0,Feb 01 2006,Warner Bros.,Original Screenplay,Comedy,55.0,4.4,1254.0
9929135.0,9929135.0,15000000.0,Dec 18 1985,Universal,Original Screenplay,Black Comedy,98.0,8.0,76635.0
119500000.0,119500000.0,2600000.0,Jan 01 1974,Warner Bros.,Original Screenplay,Comedy,89.0,7.8,45771.0
609042.0,609042.0,1300000.0,May 05 2000,MGM,Original Screenplay,Drama,55.0,6.3,343.0
3500000.0,3500000.0,2361000.0,Dec 31 1943,MGM,Original Screenplay,Musical,55.0,6.2,487.0
39916091.0,39916091.0,10000000.0,Feb 17 1989,Orion Pictures,Original Screenplay,Comedy,81.0,6.7,30341.0
50800000.0,50800000.0,26000000.0,Jun 15 1977,MGM,Based on Book/Short Story,Action,67.0,7.3,16882.0
73326666.0,73326666.0,15000000.0,Mar 30 1988,Warner Bros.,Original Screenplay,Comedy,55.0,7.3,61197.0
162831698.0,266822354.0,80000000.0,Jun 18 1992,Warner Bros.,Original Screenplay,Action,78.0,6.9,78673.0
184031112.0,336529144.0,100000000.0,Jun 16 1995,Warner Bros.,Original Screenplay,Action,43.0,5.4,76218.0
0.0,0.0,1377800.0,Aug 21 2001,Warner Bros.,Original Screenplay,Drama,55.0,6.4,15106.0
251188924.0,411348924.0,35000000.0,Jun 23 1989,Warner Bros.,Based on Comic/Graphic Novel,Action,71.0,7.6,111464.0
14231669.0,14231669.0,7000000.0,Jul 31 1992,20th Century Fox,Original Screenplay,Horror,32.0,5.3,16056.0
1470856.0,243470856.0,16000000.0,Jul 25 2008,Link Productions Ltd.,Original Screenplay,Comedy,55.0,7.0,7129.0
9000000.0,9000000.0,1000000.0,Jan 01 1970,20th Century Fox,Original Screenplay,Comedy,68.0,5.7,4626.0
15030.0,85343.0,600000.0,Jul 02 1999,Warner Bros.,Original Screenplay,Drama,55.0,6.4,399.0
19000000.0,19000000.0,12000000.0,Dec 31 1977,20th Century Fox,Based on Book/Short Story,Thriller/Suspense,65.0,7.0,8741.0
174682.0,174682.0,200000.0,May 10 2002,Outrider Pictures,Original Screenplay,Drama,55.0,7.0,355.0
39846344.0,39846344.0,6000000.0,Jul 25 1980,Warner Bros.,Original Screenplay,Comedy,75.0,7.3,35436.0
79091969.0,182291969.0,35000000.0,Nov 15 1991,Universal,Remake,Thriller/Suspense,76.0,7.3,47196.0
122012656.0,207500000.0,62000000.0,Aug 03 1994,Paramount Pictures,Based on Book/Short Story,Action,78.0,6.8,29612.0
25878153.0,25878153.0,1800000.0,Nov 16 1976,MGM,Based on Book/Short Story,Horror,90.0,7.4,38767.0
22744718.0,41744718.0,12000000.0,Apr 28 1967,Sony Pictures,Based on Book/Short Story,Comedy,30.0,8.0,172936.0
3479302.0,3479302.0,4600000.0,Jul 16 2004,Alliance,Original Screenplay,Comedy,55.0,6.0,378.0
25928721.0,25928721.0,48000000.0,Dec 14 1984,Orion Pictures,Original Screenplay,Drama,74.0,6.3,6940.0
0.0,0.0,600000.0,Aug 23 2002,Warner Bros.,Original Screenplay,Drama,60.0,7.1,153.0
166000000.0,337700000.0,20000000.0,Nov 16 1977,Sony Pictures,Original Screenplay,Adventure,95.0,7.8,59049.0
60240295.0,102825796.0,47000000.0,Jun 14 1996,Sony Pictures,Original Screenplay,Comedy,52.0,5.8,51109.0
49000.0,1549000.0,1000000.0,Sep 16 2005,Eros Entertainment,Original Screenplay,Thriller/Suspense,55.0,4.6,527.0
33244684.0,44196684.0,9000000.0,Nov 09 1988,United Artists,Original Screenplay,Horror,70.0,6.3,16165.0
26904572.0,34166572.0,13000000.0,Nov 09 1990,Universal,Original Screenplay,Horror,38.0,5.1,8666.0
21226204.0,60209334.0,55000000.0,Aug 02 1996,20th Century Fox,Original Screenplay,Action,13.0,5.2,15817.0
814666.0,814666.0,950000.0,Sep 27 2002,Excel Entertainment,Based on Book/Short Story,Drama,55.0,5.8,60.0
57159946.0,57159946.0,5500000.0,Sep 25 1981,Sony Pictures,Based on Real Life Events,Drama,86.0,7.3,16138.0
19294144.0,19294144.0,3250000.0,Nov 18 1983,MGM,Based on Book/Short Story,Comedy,88.0,8.0,51757.0
17570324.0,17570324.0,3000000.0,Sep 20 1958,MGM,Based on Play,Drama,100.0,8.0,14540.0
4700000.0,4700000.0,1250000.0,Aug 31 1984,New World,Original Screenplay,Horror,55.0,5.0,2806.0
0.0,0.0,1200000.0,Oct 20 2036,Warner Bros.,Based on Real Life Events,Action,55.0,6.4,15106.0
13024170.0,13024170.0,14000000.0,May 13 1994,Universal,Original Screenplay,Comedy,75.0,6.5,3137.0
1647780.0,1647780.0,1300000.0,Oct 09 1998,October Films,Original Screenplay,Comedy,55.0,8.1,26607.0
48000000.0,62000000.0,36000000.0,Jun 12 1963,20th Century Fox,Based on Real Life Events,Drama,40.0,6.8,7870.0
84049211.0,255000000.0,65000000.0,May 28 1993,Sony Pictures,Original Screenplay,Action,82.0,6.2,34447.0
4134.0,4134.0,500000.0,Oct 21 2005,Fabrication Films,Original Screenplay,Drama,55.0,5.1,226.0
92115211.0,117615211.0,45000000.0,Jul 20 1994,Warner Bros.,Based on Book/Short Story,Drama,80.0,6.5,19299.0
32092.0,32092.0,160000.0,Mar 01 2002,Testimony Pictures,Original Screenplay,Drama,55.0,3.4,1113.0
56598476.0,56598476.0,13700000.0,Jul 01 1995,Paramount Pictures,Based on Book/Short Story,Comedy,83.0,6.7,39055.0
93589701.0,93589701.0,15000000.0,Dec 18 1985,Warner Bros.,Based on Book/Short Story,Drama,88.0,7.7,26962.0
3073428.0,3073428.0,27000.0,Oct 19 1994,Miramax,Original Screenplay,Comedy,88.0,7.9,89991.0
5969553.0,17006158.0,2900000.0,Nov 20 1998,Sony Pictures Classics,Original Screenplay,Drama,55.0,8.0,17343.0
30000000.0,30000000.0,15000000.0,Jun 12 1981,MGM,Traditional/Legend/Fairytale,Adventure,65.0,5.9,45773.0
444354.0,444354.0,2000000.0,May 15 1998,Artistic License,Original Screenplay,Drama,55.0,5.9,3171.0
35073978.0,35073978.0,10000000.0,Oct 04 1985,20th Century Fox,Original Screenplay,Action,71.0,4.5,49.0
52293000.0,52293000.0,10000000.0,Oct 17 1986,Walt Disney Pictures,Original Screenplay,Drama,91.0,6.9,25824.0
85000000.0,85000000.0,2900000.0,Feb 15 1950,Walt Disney Pictures,Traditional/Legend/Fairytale,Drama,92.0,5.1,373.0
81022333.0,152022333.0,50000000.0,Jun 09 1995,Paramount Pictures,Based on Book/Short Story,Adventure,21.0,4.6,17954.0
38264085.0,38264085.0,20000000.0,May 14 1982,Universal,Based on Book/Short Story,Action,76.0,6.8,38886.0
26400000.0,26400000.0,18000000.0,Jun 29 1984,Universal,Based on Book/Short Story,Action,29.0,5.4,20368.0
6965361.0,6965361.0,3250000.0,Aug 20 1982,United Film Distribution Co.,Original Screenplay,Drama,55.0,6.3,2945.0
1953732.0,1953732.0,15000000.0,Jan 17 1986,Warner Bros.,Based on Book/Short Story,Adventure,13.0,4.9,2763.0
7033.0,7033.0,200000.0,Jul 21 2006,First Run/Icarus,Based on Real Life Events,Documentary,55.0,6.4,15106.0
925402.0,925402.0,180000.0,Jan 22 1999,Miramax,Original Screenplay,Comedy,55.0,8.0,6657.0
32653000.0,32653000.0,3000000.0,Dec 31 1977,Warner Bros.,Original Screenplay,Drama,81.0,7.3,4410.0
0.0,20000000.0,12000000.0,Nov 17 2009,National Geographic Entertainment,Original Screenplay,Drama,55.0,7.6,1725.0
68856263.0,155056263.0,14000000.0,Oct 01 1993,Walt Disney Pictures,Based on Real Life Events,Comedy,73.0,6.5,24533.0
9700000.0,9700000.0,1700000.0,Dec 31 1971,Warner Bros.,Original Screenplay,Drama,44.0,5.8,6188.0
94596.0,94596.0,10000.0,Jul 06 2001,Warner Bros.,Original Screenplay,Drama,55.0,7.4,2724.0
174803506.0,328000000.0,5000000.0,Sep 26 1986,Paramount Pictures,Original Screenplay,Comedy,88.0,6.5,27277.0
673780.0,673780.0,10000.0,Mar 09 2001,WinStar Cinema,Original Screenplay,Drama,55.0,7.3,1851.0
713413.0,713413.0,4500000.0,Mar 27 1998,Sony Pictures Classics,Based on Book/Short Story,Drama,55.0,7.8,5531.0
20036244.0,20036244.0,8000000.0,Nov 10 1982,Warner Bros.,Based on Book/Short Story,Horror,67.0,6.5,12530.0
14000000.0,14000000.0,3500000.0,May 01 1987,New World,Based on Book/Short Story,Horror,26.0,5.4,5910.0
62546695.0,62546695.0,4000000.0,Nov 25 1992,Miramax,Original Screenplay,Drama,100.0,7.3,21195.0
91387195.0,159387195.0,55000000.0,May 12 1995,Walt Disney Pictures,Original Screenplay,Action,86.0,7.2,33354.0
1000000.0,1000000.0,14000000.0,Dec 31 1977,Universal,Based on Book/Short Story,Adventure,55.0,5.8,173.0
0.0,0.0,820000.0,Dec 31 2009,Warner Bros.,Original Screenplay,Drama,55.0,6.4,15106.0
0.0,3000000.0,500000.0,Jun 30 2006,Warner Bros.,Original Screenplay,Black Comedy,55.0,7.6,1209.0
10462500.0,10462500.0,950000.0,Dec 31 1941,Warner Bros.,Based on Play,Drama,97.0,8.8,167939.0
42438300.0,110400000.0,52000000.0,Nov 22 1995,Universal,Based on Book/Short Story,Drama,81.0,8.1,108634.0
100328194.0,282300000.0,55000000.0,May 26 1995,Universal,Based on TV,Comedy,41.0,5.7,26121.0
2000000.0,2000000.0,20000000.0,Dec 31 1979,Warner Bros.,Original Screenplay,Musical,55.0,3.5,2146.0
24911670.0,24911670.0,18000000.0,Jun 24 1970,Paramount Pictures,Based on Book/Short Story,Comedy,87.0,7.1,9671.0
20278055.0,20278055.0,40000000.0,Feb 16 1996,Sony Pictures,Original Screenplay,Drama,55.0,6.1,9908.0
10017322.0,10017322.0,92000000.0,Dec 22 1995,MGM,Original Screenplay,Adventure,45.0,5.3,10346.0
244465.0,244465.0,10000000.0,Aug 14 1998,MGM,Based on Book/Short Story,Drama,55.0,6.8,822.0
4000000.0,8000000.0,134000.0,Nov 16 2042,RKO Radio Pictures,Original Screenplay,Drama,91.0,5.9,6791.0
59003384.0,100833145.0,46000000.0,Jul 12 1996,20th Century Fox,Original Screenplay,Drama,85.0,6.6,19682.0
5321508.0,5321508.0,5000000.0,May 28 1969,Paramount Pictures,Original Screenplay,Western,55.0,8.8,74184.0
4420000.0,4420000.0,1600000.0,Apr 07 1974,Paramount Pictures,Original Screenplay,Thriller/Suspense,98.0,8.1,33005.0
70071.0,71644.0,7000.0,May 26 2006,Truly Indie,Original Screenplay,Thriller/Suspense,55.0,6.0,487.0
32051917.0,32051917.0,20000000.0,Oct 27 1995,Warner Bros.,Original Screenplay,Thriller/Suspense,75.0,6.5,17182.0
4372561.0,4372561.0,7000000.0,Sep 28 1990,Triumph Releasing,Original Screenplay,Action,55.0,5.3,3396.0
11487676.0,84970337.0,12000000.0,Feb 10 1982,Sony/Columbia,Based on Book/Short Story,Drama,55.0,4.3,2184.0
25532388.0,25532388.0,7000000.0,Aug 25 1995,Sony Pictures,Original Screenplay,Action,61.0,7.0,51515.0
127175374.0,246400000.0,16000000.0,Dec 16 1994,New Line,Original Screenplay,Comedy,55.0,7.2,88093.0
43800000.0,116000000.0,7200000.0,Dec 17 1971,MGM,Based on Book/Short Story,Action,67.0,6.7,25354.0
9579068.0,9579068.0,15000000.0,Apr 23 1993,Orion Pictures,Based on Book/Short Story,Horror,55.0,5.7,5488.0
423.0,423.0,400000.0,Oct 13 2005,Freestyle Releasing,Original Screenplay,Horror,55.0,6.3,2804.0
67163857.0,178200000.0,115000000.0,Feb 07 1997,Universal,Original Screenplay,Drama,28.0,5.6,23472.0
32908290.0,158908290.0,80000000.0,Dec 06 1996,Universal,Original Screenplay,Action,22.0,5.4,20052.0
103738726.0,162738726.0,47000000.0,Jun 15 1990,Walt Disney Pictures,Based on Comic/Graphic Novel,Action,65.0,5.9,25364.0
84733.0,84733.0,5000000.0,Feb 27 2004,Warner Bros.,Original Screenplay,Drama,55.0,4.4,2486.0
5100000.0,55000000.0,1500000.0,Apr 20 1979,United Film Distribution Co.,Original Screenplay,Horror,55.0,7.4,73875.0
113502246.0,191502246.0,30000000.0,Nov 22 1991,Paramount Pictures,Based on TV,Comedy,59.0,6.6,28907.0
58422650.0,149022650.0,55000000.0,Jul 31 1992,Universal,Original Screenplay,Comedy,53.0,6.0,27681.0
210904.0,210904.0,1300000.0,Mar 15 1985,New World,Original Screenplay,Action,55.0,3.8,639.0
95860116.0,239500000.0,16400000.0,Jun 02 1989,Walt Disney Pictures,Original Screenplay,Drama,86.0,7.8,89662.0
3700000.0,3700000.0,1200000.0,Mar 04 2003,Warner Bros.,Original Screenplay,Drama,94.0,5.5,51517.0
45000000.0,45000000.0,25000.0,Jun 30 1972,Warner Bros.,Original Screenplay,Drama,55.0,5.2,3075.0
20766000.0,20766000.0,10000000.0,Oct 21 1983,Paramount Pictures,Based on Book/Short Story,Horror,55.0,7.3,19485.0
117323878.0,239814025.0,70000000.0,Jul 03 1990,20th Century Fox,Based on Book/Short Story,Action,55.0,7.0,79636.0
100012499.0,364480746.0,90000000.0,May 19 1995,20th Century Fox,Based on Book/Short Story,Action,55.0,7.4,87437.0
51364680.0,104364680.0,57000000.0,May 31 1996,Universal,Original Screenplay,Adventure,50.0,6.2,26309.0
81350242.0,139109346.0,28000000.0,Jul 15 1988,20th Century Fox,Based on Book/Short Story,Action,94.0,7.3,237.0
12592907.0,12592907.0,5000000.0,Apr 02 1982,MGM,Original Screenplay,Comedy,96.0,7.1,7803.0
129319.0,129319.0,1600000.0,Sep 23 2005,Eros Entertainment,Original Screenplay,Drama,55.0,5.0,159.0
22032635.0,22032635.0,25000000.0,Apr 07 1995,New Line,Original Screenplay,Drama,73.0,6.6,20386.0
21089146.0,21089146.0,12000000.0,Jan 13 1995,Universal,Original Screenplay,Horror,55.0,6.4,6430.0
22019465.5,31168926.5,17000000.0,Oct 21 1977,Warner Bros.,Original Screenplay,Drama,55.0,4.7,1655.0
39387284.0,83088295.0,11000000.0,Dec 29 1995,Gramercy,Based on Real Life Events,Drama,94.0,7.6,32159.0
184208842.0,424200000.0,19000000.0,Nov 09 1990,Orion Pictures,Based on Book/Short Story,Western,76.0,8.0,71399.0
34700000.0,34700000.0,14000000.0,Dec 21 1988,Warner Bros.,Based on Book/Short Story,Drama,93.0,7.7,25761.0
6600000.0,6600000.0,2686000.0,Dec 31 1962,Warner Bros.,Original Screenplay,Drama,60.0,6.6,2907.0
349618.0,349618.0,9000000.0,Oct 25 1991,Warner Bros.,Original Screenplay,Drama,55.0,5.9,2059.0
29090445.0,29090445.0,16000000.0,Aug 09 1991,Sony Pictures,Original Screenplay,Action,8.0,4.7,10426.0
34167219.0,34167219.0,40000000.0,Mar 01 1991,Sony Pictures,Based on Real Life Events,Drama,57.0,7.0,29750.0
5804262.0,34004262.0,3500000.0,Jul 03 1985,United Film Distribution Co.,Original Screenplay,Horror,78.0,4.5,8395.0
82670733.0,157670733.0,60000000.0,Jun 27 1990,Paramount Pictures,Original Screenplay,Action,40.0,5.4,25395.0
39659.0,84788.0,1100000.0,May 14 2003,Warner Bros.,Original Screenplay,Drama,55.0,7.0,1013.0
14000.0,14000.0,170000.0,Jun 01 1979,Warner Bros.,Based on Real Life Events,Documentary,55.0,5.8,134.0
22019465.5,31168926.5,300000.0,Apr 01 1975,Warner Bros.,Based on Book/Short Story,Drama,84.0,6.1,10015.0
0.0,0.0,7200000.0,Dec 31 1969,Warner Bros.,Original Screenplay,Drama,55.0,6.4,15106.0
16556.0,16556.0,2650000.0,Jan 16 1998,Attitude Films,Original Screenplay,Drama,55.0,7.6,1844.0
50000000.0,50000000.0,15000000.0,Dec 31 1978,Universal,Original Screenplay,Drama,55.0,8.2,88095.0
6000000.0,6000000.0,18000000.0,Jun 26 1981,Paramount Pictures,Original Screenplay,Action,82.0,6.8,4945.0
106593296.0,106593296.0,7500000.0,Dec 13 1989,Warner Bros.,Based on Play,Drama,78.0,7.5,22566.0
31899000.0,31899000.0,6500000.0,Jan 01 1980,Warner Bros.,Original Screenplay,Drama,84.0,7.1,9556.0
26004026.0,26004026.0,6000000.0,Jun 30 1989,Universal,Original Screenplay,Comedy,98.0,7.9,26877.0
27447471.0,27447471.0,45000000.0,Dec 14 1984,Universal,Based on Book/Short Story,Action,62.0,6.5,38489.0
7714996.0,17252287.0,6000000.0,Feb 15 2008,3D Entertainment,Based on Real Life Events,Documentary,55.0,6.4,15106.0
58936.0,58936.0,1200000.0,Mar 21 2003,Indican Pictures,Original Screenplay,Drama,55.0,5.8,75.0
542909.0,542909.0,1000000.0,Jun 20 1997,Sony Pictures Classics,Original Screenplay,Drama,58.0,6.6,1188.0
111721000.0,111721000.0,11000000.0,Dec 22 1965,MGM,Based on Book/Short Story,Drama,84.0,8.0,27671.0
2400000.0,29400000.0,375000.0,Apr 15 1983,New Line,Original Screenplay,Horror,55.0,7.6,45030.0
5923044.0,5923044.0,3500000.0,Mar 13 1987,Rosebud Releasing,Original Screenplay,Horror,55.0,7.9,44214.0
11502976.0,21502976.0,11000000.0,Feb 19 1993,Universal,Original Screenplay,Horror,55.0,7.6,55671.0
673.0,673.0,1800000.0,Dec 31 1992,Warner Bros.,Original Screenplay,Drama,50.0,5.6,829.0
53976987.0,53976987.0,20000000.0,Dec 07 1990,20th Century Fox,Original Screenplay,Comedy,91.0,8.0,102485.0
5828466.0,5828466.0,18000000.0,Sep 30 1994,Walt Disney Pictures,Based on Book/Short Story,Comedy,91.0,8.1,74171.0
15000000.0,15000000.0,5000000.0,Dec 31 1953,Warner Bros.,Original Screenplay,Drama,55.0,6.2,1097.0
9725847.0,34600000.0,20000000.0,Dec 06 1996,Miramax,Original Screenplay,Musical,80.0,6.8,16481.0
26010864.0,26010864.0,5000000.0,Oct 03 1980,Warner Bros.,Original Screenplay,Drama,91.0,8.4,58194.0
22231658.0,37831658.0,5900000.0,Aug 02 1996,Miramax,Based on Book/Short Story,Romantic Comedy,55.0,6.8,13798.0
290271960.0,534171960.0,23000000.0,May 21 1980,20th Century Fox,Original Screenplay,Adventure,55.0,6.4,15106.0
25244700.0,25244700.0,6000000.0,Jul 10 1981,Avco Embassy,Original Screenplay,Action,82.0,7.1,34497.0
25426861.0,25426861.0,50000000.0,Aug 09 1996,Paramount Pictures,Original Screenplay,Action,56.0,5.3,23262.0
12300000.0,12300000.0,2500000.0,Dec 31 1970,Warner Bros.,Original Screenplay,Drama,78.0,6.1,7686.0
101295562.0,234400000.0,100000000.0,Jun 21 1996,Warner Bros.,Original Screenplay,Action,34.0,5.9,37287.0
7000000.0,7000000.0,100000.0,Dec 31 1976,Warner Bros.,Original Screenplay,Drama,90.0,7.4,26595.0
18016290.0,18016290.0,2000000.0,Aug 11 1972,MGM,Based on Book/Short Story,Comedy,55.0,6.4,15106.0
435110554.0,792910554.0,10500000.0,Jun 11 1982,Universal,Original Screenplay,Drama,55.0,7.9,105028.0
1152117.0,1152117.0,13000000.0,May 14 1993,Warner Bros.,Original Screenplay,Drama,55.0,4.7,537.0
25011000.0,25011000.0,14000000.0,Jun 17 1977,Warner Bros.,Original Screenplay,Horror,55.0,3.5,7849.0
5046118.0,5046118.0,1500000.0,Sep 23 1994,Miramax,Original Screenplay,Drama,96.0,7.1,8402.0
7100000.0,7100000.0,5000000.0,Dec 22 1978,Sony/Columbia,Original Screenplay,Action,64.0,6.0,5917.0
11000000.0,11000000.0,5000000.0,Dec 31 1956,Warner Bros.,Original Screenplay,Drama,55.0,6.6,1655.0
156645693.0,320100000.0,14000000.0,Sep 18 1987,Paramount Pictures,Original Screenplay,Thriller/Suspense,81.0,6.8,22328.0
13200000.0,13200000.0,3000000.0,Apr 09 1976,Universal,Original Screenplay,Drama,95.0,6.8,7290.0
31425.0,31425.0,400000.0,Dec 10 2004,Indican Pictures,Original Screenplay,Horror,55.0,5.4,146.0
0.0,0.0,1500000.0,Mar 17 2006,Warner Bros.,Original Screenplay,Comedy,55.0,6.7,535.0
41158757.0,41158757.0,2200000.0,Oct 09 1971,Warner Bros.,Original Screenplay,Drama,98.0,7.9,33674.0
25728961.0,25728961.0,20000000.0,Jan 19 1996,Miramax/Dimension,Original Screenplay,Horror,63.0,7.1,80234.0
39754601.0,59754601.0,550000.0,May 09 1980,Paramount Pictures,Original Screenplay,Horror,60.0,5.6,26798.0
36690067.0,36690067.0,2250000.0,Aug 13 1982,Paramount Pictures,Original Screenplay,Horror,14.0,5.5,13395.0
32980880.0,32980880.0,2600000.0,Apr 13 1984,Paramount Pictures,Original Screenplay,Horror,55.0,6.4,15106.0
21930418.0,21930418.0,2200000.0,Mar 22 1985,Paramount Pictures,Original Screenplay,Horror,55.0,6.4,15106.0
19472057.0,19472057.0,3000000.0,Aug 01 1986,Paramount Pictures,Original Screenplay,Horror,55.0,6.4,15106.0
19170001.0,19170001.0,2800000.0,May 13 1988,Paramount Pictures,Original Screenplay,Horror,55.0,4.6,8916.0
14343976.0,14343976.0,5000000.0,Jul 28 1989,Paramount Pictures,Original Screenplay,Horror,55.0,3.9,10113.0
15935068.0,15935068.0,3000000.0,Aug 13 1993,New Line,Original Screenplay,Horror,55.0,4.1,8733.0
4300000.0,4300000.0,600000.0,May 10 1967,MGM,Original Screenplay,Western,55.0,8.2,44204.0
3500000.0,3500000.0,200000.0,Jan 18 1967,United Artists,Remake,Western,55.0,8.0,39929.0
4750000.0,4750000.0,19000000.0,Jan 01 1964,Warner Bros.,Original Screenplay,Drama,100.0,6.6,3184.0
21722776.0,21722776.0,1250000.0,Apr 30 1981,Warner Bros.,Original Screenplay,Horror,33.0,5.5,13395.0
2104439.0,2104439.0,13000000.0,Apr 05 1996,New Line,Based on Play,Black Comedy,7.0,5.7,989.0
11497497.0,11497497.0,50000000.0,Nov 03 1995,Warner Bros.,Based on Book/Short Story,Action,13.0,6.6,194.0
141340178.0,236500000.0,33000000.0,Dec 11 1992,Sony Pictures,Based on Play,Drama,83.0,7.6,63541.0
183875760.0,368900000.0,44000000.0,Aug 06 1993,Warner Bros.,Based on TV,Thriller/Suspense,94.0,7.8,96914.0
30500000.0,30500000.0,1650000.0,Aug 05 1953,Warner Bros.,Original Screenplay,Drama,86.0,7.9,15115.0
87264.0,87264.0,300000.0,Jul 15 2005,Illuminare,Original Screenplay,Drama,55.0,6.4,15106.0
302204.0,302204.0,4000000.0,May 01 1998,Fox Searchlight,Original Screenplay,Drama,55.0,6.4,4849.0
20388920.0,20388920.0,11000000.0,Apr 13 1978,United Artists,Based on Real Life Events,Drama,55.0,6.2,2737.0
90463574.0,201463574.0,7000000.0,Apr 15 1983,Paramount Pictures,Original Screenplay,Drama,29.0,5.6,12485.0
17192205.0,19892205.0,30000000.0,Jul 19 1996,MGM,Original Screenplay,Action,14.0,4.9,4215.0
27107960.0,27107960.0,35000000.0,Dec 05 1980,Universal,Based on Comic/Graphic Novel,Action,81.0,6.2,14894.0
130531208.0,358500000.0,45000000.0,May 27 1994,Universal,Based on TV,Comedy,20.0,4.6,26521.0
14471440.0,14471440.0,35000000.0,Jan 18 1991,Paramount Pictures,Based on Book/Short Story,Action,55.0,5.3,2592.0
61308153.0,61308153.0,26000000.0,Aug 10 1990,Sony Pictures,Original Screenplay,Thriller/Suspense,52.0,6.4,23295.0
181798.0,181798.0,6000000.0,Oct 10 2003,Warner Bros.,Original Screenplay,Drama,64.0,6.4,15106.0
77070.0,77070.0,30000.0,Apr 29 2005,Goodbye Cruel Releasing,Original Screenplay,Comedy,55.0,6.1,1138.0
1212799.0,1412799.0,12500000.0,Nov 01 1996,October Films,Original Screenplay,Drama,83.0,6.4,4084.0
83320000.0,83320000.0,2280000.0,Nov 13 2040,Walt Disney Pictures,Compilation,Musical,98.0,7.8,29914.0
60507228.0,60507228.0,80000000.0,Jan 01 2000,Walt Disney Pictures,Compilation,Musical,55.0,6.4,15106.0
21378361.0,21378361.0,1000000.0,Feb 01 1980,Avco Embassy,Original Screenplay,Horror,69.0,3.3,15760.0
329694499.0,679400525.0,55000000.0,Jul 06 1994,Paramount Pictures,Based on Book/Short Story,Drama,70.0,8.6,300455.0
6730578.0,46730578.0,12000000.0,Sep 03 1993,Miramax,Original Screenplay,Action,36.0,5.5,7026.0
80500000.0,80500000.0,9000000.0,Jan 01 1971,United Artists,Based on Musical/Opera,Musical,88.0,7.7,14260.0
15000000.0,15000000.0,4000000.0,Dec 17 1974,Universal,Based on Play,Comedy,67.0,7.2,3875.0
47212904.0,125212904.0,14000000.0,Oct 22 1982,Orion Pictures,Based on Book/Short Story,Action,55.0,7.4,56369.0
27467564.0,27936778.0,3500000.0,Apr 26 1995,New Line,Original Screenplay,Comedy,77.0,7.0,21623.0
0.0,91062.0,2000000.0,Dec 10 2004,First Look,Original Screenplay,Thriller/Suspense,83.0,6.3,1723.0
45785720.0,45785720.0,21000000.0,Jun 18 1982,Warner Bros.,Based on Book/Short Story,Action,42.0,5.6,9348.0
24567751.0,51204567.0,7000000.0,Mar 08 1996,Gramercy,Based on Real Life Events,Thriller/Suspense,94.0,8.3,165159.0
37361412.0,127361412.0,75000000.0,Jul 07 1995,Sony Pictures,Traditional/Legend/Fairytale,Drama,45.0,5.6,20928.0
24800000.0,78900000.0,2000000.0,Apr 08 1964,MGM,Based on Book/Short Story,Action,55.0,7.5,32541.0
158340892.0,270340892.0,42000000.0,Jun 30 1993,Paramount Pictures,Based on Book/Short Story,Thriller/Suspense,76.0,5.5,957.0
12600000.0,12600000.0,3500000.0,Jun 21 1972,Universal,Original Screenplay,Drama,87.0,7.5,13093.0
80000000.0,80000000.0,8200000.0,Feb 17 1984,Paramount Pictures,Original Screenplay,Musical,56.0,6.0,15626.0
27092880.0,27092880.0,4500000.0,Aug 13 1982,Universal,Based on Book/Short Story,Comedy,80.0,7.2,31362.0
10514.0,10514.0,300000.0,May 06 2005,Freestyle Releasing,Original Screenplay,Drama,55.0,6.6,499.0
105489203.0,181489203.0,30000000.0,Sep 20 1996,Paramount Pictures,Based on Book/Short Story,Comedy,41.0,5.6,14682.0
14853474.0,14853474.0,7000000.0,Mar 22 1996,Miramax,Original Screenplay,Comedy,86.0,6.7,8474.0
54800000.0,195300000.0,28000000.0,Jun 26 1981,MGM,Based on Book/Short Story,Action,71.0,6.8,23527.0
623791.0,1179462.0,1000000.0,Sep 08 2000,Video Sound,Original Screenplay,Drama,55.0,6.5,749.0
1336.0,1336.0,12000.0,Apr 28 2006,JeTi Films,Original Screenplay,Action,55.0,6.4,15106.0
38564422.0,38564422.0,55000000.0,Oct 11 1996,Paramount Pictures,Based on Real Life Events,Action,51.0,6.6,19735.0
5732587.0,5732587.0,3000000.0,Aug 28 1981,Warner Bros.,Original Screenplay,Drama,86.0,7.7,14139.0
2335352.0,2335352.0,50000.0,Mar 16 2001,Power Point Films,Original Screenplay,Drama,55.0,5.5,1399.0
6100000.0,6100000.0,1200000.0,Dec 29 1967,United Artists,Original Screenplay,Western,55.0,6.8,104.0
23894000.0,23894000.0,250000.0,May 01 1981,Warner Bros.,Original Screenplay,Thriller/Suspense,55.0,3.0,836.0
57300000.0,57300000.0,13000000.0,Dec 11 1974,Paramount Pictures,Original Screenplay,Drama,55.0,9.0,245271.0
66520529.0,66520529.0,54000000.0,Dec 25 1990,Paramount Pictures,Original Screenplay,Drama,55.0,7.6,82977.0
46743809.0,46743809.0,25000000.0,Sep 19 1990,Warner Bros.,Based on Book/Short Story,Drama,97.0,8.8,229156.0
134966411.0,268500000.0,7000000.0,Mar 15 1972,Paramount Pictures,Original Screenplay,Drama,100.0,9.2,411088.0
2637726.0,2652515.0,300000.0,Mar 10 2000,Excel Entertainment,Original Screenplay,Drama,50.0,6.8,638.0
11744471.0,11744471.0,4000000.0,Aug 08 1963,MGM,Original Screenplay,Drama,91.0,8.4,62074.0
12604.0,12604.0,425000.0,Jan 21 2005,Indican Pictures,Original Screenplay,Musical,55.0,5.2,134.0
217631306.0,517600000.0,22000000.0,Jul 13 1990,Paramount Pictures,Original Screenplay,Drama,81.0,6.9,51125.0
238632124.0,291632124.0,30000000.0,Jun 08 1984,Sony Pictures,Original Screenplay,Comedy,55.0,6.8,358.0
4880941.0,4880941.0,12000000.0,Mar 22 1996,Fox Searchlight,Original Screenplay,Comedy,34.0,4.9,3348.0
106429941.0,356429941.0,60000000.0,Nov 17 1995,MGM,Based on Book/Short Story,Action,80.0,7.2,69199.0
20404841.0,36404841.0,45000000.0,Oct 04 1996,Warner Bros.,Original Screenplay,Action,13.0,4.9,7230.0
26593580.0,26593580.0,18000000.0,Dec 14 1989,Sony Pictures,Based on Book/Short Story,Action,93.0,8.0,56427.0
51773.0,101773.0,3000000.0,Aug 04 1999,Warner Bros.,Original Screenplay,Drama,55.0,6.1,199.0
123922370.0,123922370.0,13000000.0,Dec 23 1987,Walt Disney Pictures,Original Screenplay,Comedy,55.0,7.2,32609.0
52767889.0,52767889.0,22000000.0,Dec 08 1982,Sony Pictures,Based on Real Life Events,Drama,85.0,8.2,50881.0
5363000.0,5363000.0,2627000.0,Dec 24 2043,MGM,Original Screenplay,Drama,55.0,6.9,869.0
7800000.0,7800000.0,2000000.0,Dec 31 1946,Warner Bros.,Original Screenplay,Drama,83.0,7.4,4637.0
0.0,2717302.0,30000000.0,Dec 14 2007,Paramount Vantage,Based on Book/Short Story,Drama,55.0,7.0,3631.0
5691854.0,5691854.0,2400000.0,Oct 16 1996,Sony Pictures,Based on Real Life Events,Drama,87.0,6.7,2701.0
79817937.0,79817937.0,12000000.0,Dec 12 1986,Paramount Pictures,Original Screenplay,Action,26.0,5.4,14471.0
28835.0,28835.0,200000.0,Oct 10 2008,Present Pictures/Morning Knight,Original Screenplay,Drama,55.0,6.4,3004.0
51100000.0,124900000.0,3000000.0,Dec 22 1964,MGM,Based on Book/Short Story,Action,96.0,7.9,47095.0
70906973.0,70906973.0,14600000.0,Feb 12 1993,Sony/Columbia,Original Screenplay,Comedy,96.0,8.2,134964.0
148168459.0,148168459.0,11000000.0,Jun 08 1984,Warner Bros.,Original Screenplay,Comedy,78.0,7.0,42163.0
1152411.0,1152411.0,2000000.0,Apr 30 1999,Paramount Pictures,Based on Play,Comedy,55.0,7.5,6026.0
41476097.0,41476097.0,50000000.0,Jun 15 1990,Warner Bros.,Original Screenplay,Comedy,55.0,6.1,22712.0
15473333.0,15473333.0,20000000.0,Feb 15 1965,MGM,Based on Book/Short Story,Drama,39.0,6.3,3300.0
4068087.0,4068087.0,11000000.0,Sep 26 2003,ThinkFilm,Original Screenplay,Drama,55.0,6.4,15106.0
36000000.0,36000000.0,4000000.0,Jan 10 1952,Warner Bros.,Original Screenplay,Drama,41.0,6.8,4264.0
391942.0,391942.0,6000000.0,Feb 02 1979,United Artists,Based on Book/Short Story,Action,55.0,6.9,5141.0
72021008.0,115021008.0,30250000.0,Oct 20 1995,MGM,Based on Book/Short Story,Comedy,86.0,6.9,33364.0
10731997.0,10731997.0,25000000.0,Oct 08 1993,New Line,Original Screenplay,Drama,87.0,7.6,11215.0
227241.0,227241.0,1000000.0,Sep 24 2004,RBC Radio,Based on Real Life Events,Drama,55.0,6.4,15106.0
198680470.0,390525192.0,3900000.0,Dec 15 2039,MGM,Based on Book/Short Story,Drama,97.0,8.2,78947.0
2746453.0,5746453.0,3000000.0,Oct 16 1998,Good Machine Releasing,Original Screenplay,Comedy,84.0,6.5,64.0
7018525.0,7018525.0,23000000.0,Aug 23 1991,MGM,Original Screenplay,Action,27.0,5.3,6995.0
19571091.0,19571091.0,9300000.0,Aug 07 1981,Sony/Columbia,Based on Comic/Graphic Novel,Adventure,60.0,6.0,45.0
22019465.5,31168926.5,4000000.0,Dec 31 1929,Warner Bros.,Original Screenplay,Drama,90.0,7.9,2050.0
6000000.0,6000000.0,10000000.0,Dec 18 1981,Universal,Original Screenplay,Comedy,55.0,4.1,620.0
3700.0,3700.0,1000000.0,Mar 18 2005,Romar,Original Screenplay,Comedy,55.0,1.5,486.0
6800000.0,6800000.0,1800000.0,Aug 03 1968,United Artists,Original Screenplay,Western,93.0,6.9,10292.0
14564000.0,14564000.0,1000000.0,Sep 18 1987,New World,Based on Book/Short Story,Horror,63.0,7.0,22442.0
19487173.0,66787173.0,42000000.0,Oct 02 1992,Sony Pictures,Original Screenplay,Comedy,55.0,6.4,323.0
13738574.0,13738574.0,26000000.0,Jan 27 1995,Miramax,Original Screenplay,Action,55.0,3.8,7763.0
5900000.0,12900000.0,16000000.0,Mar 07 1986,20th Century Fox,Original Screenplay,Action,66.0,7.2,40802.0
0.0,0.0,1250000.0,Oct 28 2041,20th Century Fox,Based on Book/Short Story,Drama,88.0,7.9,7420.0
8000000.0,8000000.0,730000.0,Dec 31 1951,Warner Bros.,Original Screenplay,Drama,95.0,8.3,34163.0
31672000.0,31672000.0,11000000.0,Jun 12 1981,20th Century Fox,Original Screenplay,Comedy,55.0,6.5,16691.0
33208099.0,33208099.0,24000000.0,Dec 16 1969,Warner Bros.,Original Screenplay,Drama,55.0,4.4,254.0
25533818.0,25533818.0,2500000.0,Oct 30 1981,Universal,Original Screenplay,Horror,27.0,4.9,12197.0
14400000.0,14400000.0,2500000.0,Oct 22 1982,Universal,Original Screenplay,Horror,55.0,3.8,12644.0
17768757.0,17768757.0,5000000.0,Oct 01 1988,Universal,Original Screenplay,Horror,23.0,5.6,11079.0
11642254.0,11642254.0,6000000.0,Oct 13 1989,Galaxy International Releasing,Original Screenplay,Horror,14.0,6.4,15106.0
15126948.0,15126948.0,5000000.0,Sep 29 1995,Miramax,Original Screenplay,Horror,55.0,4.4,8576.0
47000000.0,70000000.0,325000.0,Oct 17 1978,Warner Bros.,Original Screenplay,Horror,93.0,6.0,39866.0
173585516.0,358994850.0,20000000.0,Nov 20 1992,20th Century Fox,Original Screenplay,Comedy,21.0,5.8,51408.0
285761243.0,476684675.0,15000000.0,Nov 16 1990,20th Century Fox,Original Screenplay,Comedy,47.0,7.0,79080.0
89134.0,89134.0,400000.0,May 16 1980,Warner Bros.,Original Screenplay,Drama,55.0,5.3,291.0
121807.0,121807.0,2000000.0,May 26 2000,Warner Bros.,Original Screenplay,Drama,55.0,3.6,74.0
5142858.0,5142858.0,7500000.0,Mar 09 1984,Orion Pictures,Based on Book/Short Story,Drama,69.0,5.8,4387.0
10161099.0,10161099.0,9000000.0,Nov 08 1989,Goldwyn Entertainment,Based on Play,Action,100.0,7.9,14499.0
1183658.0,14883658.0,10100000.0,Apr 30 2010,Eros Entertainment,Original Screenplay,Drama,55.0,4.6,687.0
119654823.0,300854823.0,70000000.0,Dec 11 1991,Sony Pictures,Based on Book/Short Story,Adventure,24.0,6.2,60159.0
19438638.0,19438638.0,5000000.0,Oct 23 1991,New Line,Original Screenplay,Comedy,25.0,4.3,1596.0
39360491.0,39360491.0,28000000.0,Jul 16 1993,Walt Disney Pictures,Original Screenplay,Comedy,29.0,6.0,15893.0
17985000.0,17985000.0,1000000.0,Apr 10 1981,Warner Bros.,Original Screenplay,Drama,60.0,6.5,8731.0
15700000.0,15700000.0,15700000.0,Jan 01 1972,Universal,Original Screenplay,Western,55.0,7.6,15718.0
7768371.0,11768371.0,700000.0,Oct 14 1994,Fine Line,Based on Real Life Events,Documentary,98.0,8.0,9492.0
38623460.0,38623460.0,10000000.0,Feb 16 1996,Universal,Original Screenplay,Comedy,58.0,6.9,54111.0
2816518.0,14938149.0,40000000.0,Mar 11 1994,Warner Bros.,Original Screenplay,Comedy,58.0,7.4,32344.0
12299668.0,12299668.0,560000.0,Aug 11 1964,Universal,Original Screenplay,Comedy,100.0,7.6,15291.0
655538.0,655538.0,400000.0,Oct 24 2008,Eros Entertainment,Original Screenplay,Adventure,55.0,6.1,505.0
120709866.0,200500000.0,30000000.0,Mar 02 1990,Paramount Pictures,Based on Book/Short Story,Thriller/Suspense,95.0,7.6,55202.0
12000000.0,12000000.0,3500000.0,Feb 23 1966,Warner Bros.,Original Screenplay,Drama,55.0,7.0,2395.0
26570048.0,26570048.0,13000000.0,Jul 10 1996,Paramount Pictures,Based on Book/Short Story,Adventure,45.0,5.8,2963.0
1320043.0,1320043.0,35000000.0,Apr 19 1996,Miramax,Based on Book/Short Story,Drama,55.0,6.9,3083.0
7600000.0,7600000.0,2000000.0,Sep 25 1961,Warner Bros.,Original Screenplay,Drama,97.0,8.1,25385.0
10000000.0,10000000.0,2500000.0,May 29 1963,Warner Bros.,Original Screenplay,Drama,79.0,3.4,93.0
17218916.0,17218916.0,65000000.0,May 24 1991,Sony Pictures,Original Screenplay,Action,20.0,5.3,21920.0
3484331.0,3484331.0,44000000.0,Nov 19 1980,Warner Bros.,Original Screenplay,Drama,55.0,6.5,4649.0
2301777.0,2301777.0,650000.0,Jun 19 1998,Miramax,Original Screenplay,Comedy,55.0,5.6,580.0
23800000.0,23800000.0,658000.0,Apr 10 1953,Warner Bros.,Original Screenplay,Drama,94.0,5.4,32159.0
34562222.0,34562222.0,15000000.0,Oct 10 1966,MGM,Original Screenplay,Drama,55.0,6.4,1153.0
16295774.0,16295774.0,30000000.0,Aug 01 1986,Universal,Based on Comic/Graphic Novel,Action,16.0,4.1,16051.0
31063038.0,31063038.0,3400000.0,Dec 23 1977,Warner Bros.,Original Screenplay,Drama,73.0,6.5,7025.0
162605.0,162605.0,200000.0,May 10 2002,Indican Pictures,Based on Real Life Events,Documentary,55.0,2.2,380.0
6600000.0,6600000.0,3180000.0,Dec 31 1945,Warner Bros.,Original Screenplay,Drama,94.0,8.7,101499.0
13075390.0,13075390.0,9000000.0,Mar 16 1984,MGM/UA Classics,Original Screenplay,Comedy,11.0,5.1,3600.0
306169255.0,817400878.0,75000000.0,Jul 02 1996,20th Century Fox,Original Screenplay,Adventure,61.0,6.5,149493.0
27682712.0,27682712.0,40000000.0,Aug 23 1996,New Line,Based on Book/Short Story,Adventure,23.0,4.1,13770.0
0.0,0.0,775000.0,Sep 08 2006,Warner Bros.,Based on Real Life Events,Documentary,100.0,7.8,854.0
884.0,884.0,1000000.0,Apr 21 2006,Regent Releasing,Original Screenplay,Action,55.0,3.5,337.0
35627222.0,35627222.0,45000000.0,Jul 14 1995,Paramount Pictures,Based on Book/Short Story,Adventure,68.0,5.7,4836.0
33598.0,33598.0,68000.0,Feb 20 1998,MGM,Original Screenplay,Drama,55.0,5.6,298.0
836641.0,836641.0,10000000.0,Aug 06 1999,Artisan,Based on Play,Drama,55.0,6.1,1100.0
13000000.0,13000000.0,3500000.0,Dec 31 1966,Warner Bros.,Original Screenplay,Drama,88.0,8.1,10562.0
2883661.0,2883661.0,25000.0,Aug 01 1997,Sony Pictures Classics,Based on Play,Drama,89.0,7.2,7601.0
8864699.0,8864699.0,8000000.0,Apr 22 1994,Walt Disney Pictures,Original Screenplay,Comedy,29.0,5.7,542.0
4884663.0,4984663.0,12000000.0,Jun 06 1986,Cannon,Remake,Horror,27.0,5.0,1933.0
493905.0,493905.0,3400000.0,Apr 23 2004,Warner Bros.,Original Screenplay,Drama,55.0,6.1,66.0
22019465.5,31168926.5,385907.0,Sep 05 2016,Warner Bros.,Original Screenplay,Drama,96.0,6.4,15106.0
15716828.0,15716828.0,22000000.0,Jun 13 1980,Universal,Based on Book/Short Story,Adventure,55.0,6.9,82601.0
79161.0,1807990.0,55000000.0,Sep 20 2002,Warner Bros.,Original Screenplay,Drama,55.0,5.1,397.0
24379978.0,24379978.0,2000000.0,Aug 02 1967,MGM,Original Screenplay,Drama,96.0,8.1,22429.0
58617334.0,58617334.0,45000000.0,Aug 09 1996,Walt Disney Pictures,Original Screenplay,Drama,17.0,5.3,17267.0
9812870.0,9812870.0,50000000.0,Oct 13 1995,Paramount Pictures,Original Screenplay,Thriller/Suspense,16.0,4.8,5279.0
60592389.0,129832389.0,60000000.0,Nov 22 1996,20th Century Fox,Original Screenplay,Comedy,16.0,4.9,22928.0
16067035.0,59567035.0,1000000.0,May 08 1963,MGM,Based on Book/Short Story,Action,55.0,7.3,36019.0
44342956.0,44342956.0,27000000.0,Dec 25 1994,Walt Disney Pictures,Based on Book/Short Story,Adventure,55.0,5.8,5564.0
34687912.0,113487912.0,85000000.0,Jun 30 1995,Walt Disney Pictures,Based on Comic/Graphic Novel,Action,15.0,4.9,30736.0
7555256.0,7555256.0,4000000.0,Feb 03 1995,Walt Disney Pictures,Original Screenplay,Comedy,10.0,3.9,1481.0
2461628.0,2461628.0,14000000.0,Mar 31 1995,Walt Disney Pictures,Based on Real Life Events,Drama,36.0,5.6,1464.0
70405498.0,205400000.0,40000000.0,Dec 20 1991,Warner Bros.,Based on Book/Short Story,Drama,83.0,8.0,59684.0
635305.0,635305.0,1300000.0,Mar 23 2007,Imaginasian,Original Screenplay,Drama,92.0,7.2,586.0
3707583.0,3707583.0,5000000.0,Aug 27 1982,Universal,Based on Book/Short Story,Comedy,55.0,5.5,486.0
100458310.0,262758310.0,65000000.0,Dec 15 1995,Sony Pictures,Based on Book/Short Story,Adventure,48.0,6.4,54973.0
22730924.0,22730924.0,44000000.0,Feb 02 1996,Sony Pictures,Based on Book/Short Story,Thriller/Suspense,16.0,5.3,6482.0
7294.0,7294.0,2000000.0,Jun 11 2010,Anchor Bay Entertainment,Original Screenplay,Drama,55.0,7.9,6777.0
357067947.0,923067947.0,63000000.0,Jun 10 1993,Universal,Based on Book/Short Story,Action,87.0,7.9,151365.0
55000.0,55000.0,500000.0,Dec 31 1990,Miramax,Original Screenplay,Drama,55.0,5.8,1587.0
260000000.0,470700000.0,12000000.0,Jun 20 1975,Universal,Based on Book/Short Story,Horror,100.0,8.3,138017.0
102922376.0,208900376.0,20000000.0,Jun 16 1978,Universal,Based on Book/Short Story,Horror,56.0,5.6,18793.0
15728335.0,15728335.0,23000000.0,Jul 17 1987,Universal,Based on Book/Short Story,Horror,55.0,2.6,15632.0
3275443.0,32575443.0,10750000.0,Aug 11 2006,Yash Raj Films,Original Screenplay,Drama,67.0,5.6,4128.0
14533681.0,14533681.0,1500000.0,Sep 08 1989,Cannon,Original Screenplay,Action,55.0,5.5,11692.0
7412216.0,20412216.0,1500000.0,Jul 21 1995,Shining Excalibur,Original Screenplay,Drama,50.0,6.7,26122.0
25023424.0,32223424.0,25000000.0,Jul 26 1996,MGM,Original Screenplay,Comedy,51.0,6.7,28404.0
91457688.0,202000000.0,26000000.0,Dec 21 1990,Universal,Original Screenplay,Comedy,50.0,5.8,40433.0
10000000.0,10000000.0,670000.0,Apr 07 2033,Warner Bros.,Original Screenplay,Drama,55.0,6.4,15106.0
52614445.0,90614445.0,23000000.0,Dec 17 1976,Warner Bros.,Original Screenplay,Drama,46.0,7.6,132720.0
14942422.0,14942422.0,40000000.0,Apr 21 1995,20th Century Fox,Remake,Drama,67.0,7.6,2374.0
0.0,0.0,7000000.0,Dec 12 2008,Warner Bros.,Original Screenplay,Action,55.0,6.4,15106.0
0.0,38585047.0,20000000.0,Oct 10 2008,Warner Bros.,Original Screenplay,Drama,55.0,6.4,15106.0
17000000.0,17000000.0,500000.0,Dec 31 1976,Warner Bros.,Original Screenplay,Drama,44.0,5.7,1463.0
1358.0,1358.0,100000.0,Nov 09 2001,Avatar,Original Screenplay,Drama,55.0,6.4,15106.0
19585.0,19585.0,8000000.0,Apr 27 2001,Warner Bros.,Based on Comic/Graphic Novel,Action,55.0,7.9,39948.0
11052713.0,11052713.0,3000000.0,Oct 25 1985,Warner Bros.,Original Screenplay,Drama,55.0,5.8,588.0
1430721.0,32430721.0,10000000.0,Jun 23 2006,AdLab Films,Original Screenplay,Action,100.0,6.1,2735.0
1353824.0,1353824.0,19000000.0,Aug 16 1996,New Line,Original Screenplay,Drama,58.0,6.0,2397.0
43984000.0,43984000.0,25000000.0,Nov 20 1987,Sony/Columbia,Based on Book/Short Story,Drama,91.0,7.9,24262.0
50016394.0,137298489.0,85000000.0,Jun 18 1993,Sony Pictures,Original Screenplay,Action,38.0,5.9,43171.0
35400000.0,161800000.0,7000000.0,Jun 27 1973,MGM,Based on Book/Short Story,Action,64.0,6.8,24044.0
2217561.0,31517561.0,2700000.0,Sep 01 2006,Eros Entertainment,Original Screenplay,Comedy,55.0,7.8,5236.0
321952.0,321952.0,35000.0,Apr 05 2002,MGM,Original Screenplay,Drama,55.0,8.0,6893.0
22434.0,22434.0,1000000.0,Sep 25 1998,Stratosphere Entertainment,Original Screenplay,Drama,55.0,6.0,139.0
48092846.0,81972846.0,12300000.0,Nov 18 1988,Universal,Original Screenplay,Adventure,71.0,6.9,14017.0
39100000.0,50100000.0,10000000.0,Oct 04 1962,20th Century Fox,Based on Real Life Events,Action,92.0,7.8,17712.0
51185000.0,191200000.0,40000000.0,Jul 31 1987,MGM,Based on Book/Short Story,Action,73.0,6.7,23735.0
217350219.0,504050219.0,28000000.0,Nov 11 1992,Walt Disney Pictures,Original Screenplay,Comedy,55.0,7.8,69090.0
29317886.0,29317886.0,10000000.0,Nov 23 1994,Walt Disney Pictures,Original Screenplay,Action,55.0,5.4,1847.0
2542264.0,2542264.0,4030000.0,Mar 06 1998,Lionsgate,Based on Book/Short Story,Drama,55.0,6.9,2506.0
18400000.0,18400000.0,20000000.0,Apr 12 1985,Warner Bros.,Original Screenplay,Action,63.0,6.7,15260.0
5017971.0,5017971.0,7000000.0,Mar 08 1991,Goldwyn Entertainment,Original Screenplay,Thriller/Suspense,55.0,7.5,24872.0
1500000.0,1500000.0,35000000.0,Dec 31 1979,United Film Distribution Co.,Original Screenplay,Drama,55.0,7.8,2659.0
49851591.0,49851591.0,40000000.0,Jun 18 1986,Universal,Original Screenplay,Comedy,50.0,5.6,4471.0
15502112.0,15502112.0,25000000.0,Apr 18 1986,Universal,Original Screenplay,Adventure,55.0,6.1,20734.0
3100000.0,3100000.0,87000.0,Aug 30 1972,Warner Bros.,Original Screenplay,Drama,63.0,6.7,22141.0
11603545.0,11603545.0,25000000.0,Jun 21 1985,Sony/TriStar,Based on Book/Short Story,Horror,57.0,5.8,5727.0
1705139.0,1705139.0,4700000.0,Apr 22 1988,New Century Vista Film Company,Original Screenplay,Horror,73.0,6.6,2221.0
33447612.0,33447612.0,65000000.0,Oct 11 1996,New Line,Original Screenplay,Action,69.0,6.6,28257.0
25317.0,25317.0,6000000.0,Oct 03 2007,ThinkFilm,Based on Real Life Events,Documentary,55.0,8.4,1027.0
313436.0,313436.0,2100000.0,May 29 2002,Warner Bros.,Original Screenplay,Drama,55.0,7.5,7114.0
9250000.0,9250000.0,2000000.0,Jan 01 1962,Warner Bros.,Original Screenplay,Drama,55.0,6.4,15106.0
10400000.0,10400000.0,3000000.0,Dec 31 1959,Warner Bros.,Original Screenplay,Drama,96.0,7.8,4185.0
2040920.0,2040920.0,7000.0,Feb 26 1993,Sony/Columbia,Original Screenplay,Action,55.0,7.0,19668.0
18115927.0,18115927.0,67000000.0,Sep 20 1996,New Line,Original Screenplay,Action,55.0,6.4,15106.0
85160248.0,183316455.0,17000000.0,Jul 18 1986,20th Century Fox,Original Screenplay,Action,100.0,7.5,84.0
54927174.0,158500000.0,55000000.0,May 22 1992,20th Century Fox,Original Screenplay,Action,37.0,6.3,78860.0
328539505.0,783839505.0,79300000.0,Jun 15 1994,Walt Disney Pictures,Original Screenplay,Adventure,92.0,8.2,136503.0
20123742.0,20123742.0,3000000.0,Jun 10 1975,MGM,Original Screenplay,Comedy,100.0,7.6,12111.0
212285.0,743216.0,250000.0,Mar 28 1997,Fox Searchlight,Original Screenplay,Comedy,55.0,5.7,1406.0
5269990.0,5269990.0,550000.0,Apr 27 1984,New World,Original Screenplay,Thriller/Suspense,55.0,7.3,477.0
13400000.0,13400000.0,18000000.0,May 22 1981,Universal,Remake,Western,55.0,4.6,755.0
72455275.0,72455275.0,40000000.0,Sep 25 1992,20th Century Fox,Based on Book/Short Story,Action,97.0,7.8,45410.0
9000000.0,9000000.0,1000000.0,Dec 31 1955,Warner Bros.,Original Screenplay,Drama,38.0,5.9,1301.0
15198912.0,15198912.0,10000000.0,May 16 1980,United Artists,Original Screenplay,Action,79.0,7.1,3791.0
1246141.0,1246141.0,7000000.0,Apr 08 1983,Warner Bros.,Original Screenplay,Drama,55.0,4.6,1668.0
399793.0,399793.0,4000000.0,May 28 1999,Sony Pictures,Original Screenplay,Drama,45.0,4.9,2263.0
66502573.0,66502573.0,30000000.0,Dec 23 1994,Sony Pictures,Based on Book/Short Story,Drama,63.0,7.1,39815.0
107533925.0,132440066.0,40000000.0,Jul 01 1992,Sony Pictures,Original Screenplay,Comedy,81.0,6.9,33426.0
27979399.0,27979399.0,13000000.0,Feb 05 1993,New Line,Original Screenplay,Comedy,55.0,5.7,17637.0
11000000.0,11000000.0,1250000.0,Dec 31 1944,Warner Bros.,Original Screenplay,Drama,100.0,8.2,11864.0
201857.0,52339566.0,30000000.0,Feb 19 2010,Warner Bros.,Original Screenplay,Drama,55.0,6.9,1505.0
25000000.0,25000000.0,7000000.0,Dec 31 1975,Warner Bros.,Original Screenplay,Drama,70.0,6.7,14947.0
206400.0,206400.0,7500000.0,Sep 13 2002,WellSpring,Based on Book/Short Story,Drama,55.0,6.9,1054.0
1050861.0,1050861.0,5000000.0,Sep 21 1992,Warner Bros.,Original Screenplay,Drama,94.0,6.7,1986.0
38747385.0,38747385.0,30000000.0,Dec 19 1986,Warner Bros.,Remake,Musical,91.0,6.6,21521.0
12961389.0,12961389.0,5000000.0,Jun 21 1996,Sony Pictures Classics,Original Screenplay,Drama,92.0,7.6,14599.0
833118.0,833118.0,850000.0,Jan 30 2004,TLA Releasing,Original Screenplay,Drama,55.0,7.4,7157.0
65192350.0,120192350.0,15000000.0,Mar 06 1987,Warner Bros.,Original Screenplay,Action,90.0,7.6,54994.0
144731527.0,319700000.0,35000000.0,May 15 1992,Warner Bros.,Original Screenplay,Action,56.0,6.5,39735.0
12836.0,12836.0,4000000.0,Jun 20 1997,Roxie Releasing,Original Screenplay,Drama,55.0,5.7,1181.0
4595000.0,4595000.0,6000000.0,Dec 04 1998,Miramax,Based on Play,Musical,83.0,6.9,8453.0
8373585.0,8373585.0,7000000.0,Aug 12 1988,Universal,Based on Book/Short Story,Drama,83.0,7.5,20934.0
34667015.0,156167015.0,42000000.0,Jul 14 1989,MGM,Based on Book/Short Story,Action,55.0,6.5,24558.0
200433.0,200433.0,800000.0,Jul 18 2007,Film Sales Company,Original Screenplay,Drama,55.0,7.2,466.0
31983777.0,49800000.0,4000000.0,Oct 27 1995,MGM,Based on Book/Short Story,Drama,89.0,7.6,42131.0
32100816.0,32100816.0,10000000.0,Mar 06 1992,New Line,Original Screenplay,Action,47.0,5.1,12607.0
12232628.0,12232628.0,5000000.0,Apr 15 1983,Orion Pictures,Original Screenplay,Action,55.0,5.8,2917.0
50003303.0,50003303.0,15000000.0,Dec 21 1994,Sony Pictures,Based on Book/Short Story,Drama,89.0,7.1,16514.0
37495385.0,69995385.0,15000000.0,Dec 16 1962,Sony Pictures,Based on Book/Short Story,Adventure,98.0,8.6,79421.0
27731527.0,27731527.0,3500000.0,May 26 1993,New Line,Original Screenplay,Action,85.0,7.4,14807.0
22549338.0,22549338.0,8000000.0,May 07 1993,Goldwyn Entertainment,Based on Play,Drama,90.0,7.4,22470.0
14873.0,14873.0,3800000.0,Apr 07 1965,Sony Pictures,Based on Book/Short Story,Western,97.0,6.7,2588.0
0.0,0.0,27000000.0,Dec 31 1969,Here Films,Original Screenplay,Drama,55.0,6.4,499.0
900000.0,900000.0,558000.0,Dec 31 1930,MGM,Original Screenplay,Drama,55.0,2.2,376.0
48169910.0,48169910.0,35000000.0,Nov 18 1992,Warner Bros.,Based on Book/Short Story,Drama,90.0,7.7,23062.0
10000000.0,10000000.0,350000.0,Dec 31 1979,Warner Bros.,Original Screenplay,Drama,55.0,6.2,3281.0
102300000.0,102300000.0,6000000.0,Aug 26 1964,Warner Bros.,Original Screenplay,Musical,100.0,7.7,34302.0
5707094.0,6370115.0,47000000.0,Feb 23 1996,Sony Pictures,Based on Book/Short Story,Drama,27.0,5.5,6864.0
14102929.0,51702929.0,25000000.0,Sep 13 1996,Sony Pictures,Original Screenplay,Action,29.0,4.9,7064.0
81600000.0,81600000.0,3500000.0,Jan 01 1970,Warner Bros.,Original Screenplay,Drama,55.0,8.6,8043.0
119920129.0,343900000.0,18000000.0,Jul 29 1994,New Line,Based on Comic/Graphic Novel,Comedy,75.0,6.6,72981.0
37771017.0,101371017.0,80000000.0,Dec 13 1996,Warner Bros.,Original Screenplay,Comedy,50.0,6.3,76396.0
16153000.0,16153000.0,10000000.0,Aug 03 1990,Universal,Original Screenplay,Drama,72.0,6.3,4210.0
10400000.0,10400000.0,4500000.0,Dec 31 1955,Warner Bros.,Based on Book/Short Story,Adventure,67.0,7.4,5969.0
0.0,0.0,400000.0,Apr 01 1986,Orion Classics,Original Screenplay,Drama,55.0,6.9,5381.0
18642318.0,18642318.0,7000000.0,May 05 2000,Giant Screen Films,Based on Real Life Events,Documentary,64.0,7.2,746.0
11092559.0,27572844.0,25000000.0,Oct 11 1996,Warner Bros.,Based on Real Life Events,Drama,77.0,6.9,11805.0
52929168.0,52929168.0,11000000.0,Mar 13 1992,20th Century Fox,Original Screenplay,Comedy,86.0,7.3,30524.0
44948240.0,44948240.0,40000000.0,Feb 07 1992,Walt Disney Pictures,Original Screenplay,Drama,22.0,5.7,9307.0
48856.0,48856.0,11900000.0,Mar 20 1998,WinStar Cinema,Based on Real Life Events,Drama,55.0,7.4,1748.0
24474312.0,24474312.0,8000000.0,Dec 25 1981,20th Century Fox,Original Screenplay,Comedy,55.0,4.5,2144.0
51973029.0,51973029.0,18000000.0,Sep 19 1984,Warner Bros.,Based on Play,Drama,96.0,8.4,96997.0
163245.0,163245.0,1500000.0,Feb 05 2036,Kino International,Original Screenplay,Comedy,100.0,8.5,35773.0
50752337.0,50752337.0,10000000.0,Oct 02 1992,Walt Disney Pictures,Original Screenplay,Comedy,8.0,5.9,15479.0
28350000.0,28350000.0,3900000.0,Dec 12 1966,Sony Pictures,Original Screenplay,Drama,85.0,8.1,12460.0
5675599.0,5675599.0,18000000.0,Jun 25 1982,20th Century Fox,Original Screenplay,Action,55.0,2.5,1446.0
41267469.0,41267469.0,42000000.0,Nov 15 1996,Sony Pictures,Original Screenplay,Romantic Comedy,54.0,6.0,6055.0
44785053.0,44785053.0,3600000.0,May 25 1969,MGM,Original Screenplay,Drama,90.0,8.0,34053.0
38413606.0,81613606.0,30000000.0,Jul 20 1988,Universal,Original Screenplay,Action,96.0,7.5,24104.0
49793054.0,49793054.0,11000000.0,Apr 07 1989,Paramount Pictures,Original Screenplay,Comedy,84.0,6.9,20798.0
2200000.0,2200000.0,11000000.0,Dec 31 1969,Warner Bros.,Original Screenplay,Drama,89.0,6.8,1304.0
126021.0,257516.0,200000.0,Sep 10 2004,Painted Zebra Releasing,Original Screenplay,Horror,31.0,5.0,248.0
24600832.0,24600832.0,2000000.0,May 21 1982,Warner Bros.,Original Screenplay,Action,55.0,6.4,15106.0
46300000.0,60000000.0,9400000.0,Nov 07 1963,Warner Bros.,Original Screenplay,Drama,55.0,7.5,14460.0
8750000.0,99750000.0,200000.0,Mar 21 1980,Warner Bros.,Original Screenplay,Action,55.0,6.9,36548.0
36230219.0,36230219.0,10000000.0,Jul 10 1985,Warner Bros.,Original Screenplay,Action,55.0,5.9,24273.0
20659423.0,20659423.0,5000000.0,Nov 03 1982,20th Century Fox,Original Screenplay,Drama,80.0,7.0,3101.0
0.0,0.0,6000000.0,Dec 19 1995,Warner Bros.,Original Screenplay,Drama,55.0,5.2,1435.0
3427696.0,5028948.0,400000.0,May 10 1975,Warner Bros.,Original Screenplay,Drama,55.0,8.4,155049.0
4239767.0,4239767.0,7500000.0,Mar 08 2002,Artisan,Original Screenplay,Comedy,63.0,5.8,2559.0
13680000.0,13680000.0,19000000.0,Nov 08 1962,MGM,Original Screenplay,Drama,69.0,7.9,7608.0
19032000.0,25032000.0,5000000.0,Sep 18 1981,Paramount Pictures,Based on Book/Short Story,Drama,57.0,6.3,4905.0
1000000.0,1000000.0,7000000.0,Aug 05 1977,Sony Pictures,Original Screenplay,Drama,55.0,6.1,1233.0
14358033.0,14358033.0,40000000.0,Feb 28 1992,Warner Bros.,Based on Book/Short Story,Comedy,24.0,5.8,8522.0
900.0,900.0,7000.0,Dec 31 2003,Warner Bros.,Original Screenplay,Drama,55.0,6.4,15106.0
6401336.0,6401336.0,2500000.0,Sep 29 1991,Fine Line,Based on Book/Short Story,Black Comedy,84.0,7.0,17604.0
70300000.0,210300000.0,31000000.0,Jun 29 1979,MGM,Based on Book/Short Story,Action,64.0,6.1,26760.0
35324232.0,77224232.0,68000000.0,Nov 22 1995,Sony Pictures,Original Screenplay,Action,17.0,5.2,13972.0
2938000.0,2938000.0,430000.0,Aug 03 1990,Warner Bros.,Original Screenplay,Drama,88.0,7.2,3355.0
20008693.0,20008693.0,4000000.0,Aug 17 1979,Rainbow Releasing,Original Screenplay,Comedy,55.0,6.4,15106.0
2108367.0,2108367.0,6100000.0,Oct 20 1995,Gramercy,Original Screenplay,Comedy,53.0,7.1,52807.0
902835.0,1366235.0,250000.0,Mar 16 2001,Eros Entertainment,Original Screenplay,Romantic Comedy,42.0,6.7,1047.0
10039566.0,10039566.0,25000000.0,Apr 19 1996,Sony Pictures,Based on Book/Short Story,Romantic Comedy,7.0,5.8,2987.0
219195051.0,441286003.0,25000000.0,Nov 24 1993,20th Century Fox,Based on Book/Short Story,Comedy,64.0,6.6,56917.0
9000000.0,9000000.0,1500000.0,Dec 31 1938,Sony/Columbia,Original Screenplay,Drama,97.0,8.2,33315.0
70433227.0,122133227.0,20000000.0,Aug 18 1995,New Line,Based on Game,Action,35.0,5.4,29605.0
22006296.0,112006296.0,45000000.0,Nov 04 1994,Sony Pictures,Based on Book/Short Story,Horror,55.0,6.2,19913.0
8200000.0,8200000.0,4000000.0,Dec 31 1960,Warner Bros.,Original Screenplay,Drama,100.0,7.4,6351.0
13854000.0,13854000.0,16000000.0,Dec 09 1988,Sony Pictures,Original Screenplay,Comedy,13.0,4.8,9073.0
8000000.0,8000000.0,3200000.0,Jan 01 1962,Warner Bros.,Original Screenplay,Drama,97.0,8.1,22681.0
180981886.0,456481886.0,80000000.0,May 21 1996,Paramount Pictures,Based on TV,Action,55.0,6.9,86222.0
8400000.0,8400000.0,16000000.0,Dec 31 1978,Warner Bros.,Original Screenplay,Drama,9.0,4.7,2969.0
20133326.0,20133326.0,45000000.0,Jul 17 1996,Sony Pictures,Based on Book/Short Story,Comedy,44.0,5.7,11935.0
103509.0,103509.0,30000.0,Sep 01 2006,Goodbye Cruel Releasing,Original Screenplay,Comedy,55.0,7.0,1102.0
27281507.0,27281507.0,12000000.0,Dec 11 1992,Walt Disney Pictures,Based on TV,Comedy,67.0,7.5,10853.0
21000000.0,97600000.0,7000000.0,Dec 20 1974,MGM,Based on Book/Short Story,Action,52.0,6.7,22431.0
72000000.0,72000000.0,17000000.0,Oct 22 1964,Warner Bros.,Based on Musical/Opera,Musical,94.0,7.9,28039.0
12793213.0,12793213.0,6000000.0,Oct 21 1988,Samuel Goldwyn Films,Original Screenplay,Comedy,82.0,5.9,8413.0
1207007.0,6831069.0,8400000.0,Mar 23 2007,Eros Entertainment,Original Screenplay,Romantic Comedy,55.0,6.7,1511.0
10508.0,10508.0,700000.0,Oct 08 1999,Warner Bros.,Original Screenplay,Drama,55.0,6.8,91.0
4408636.0,4408636.0,46000000.0,Sep 17 1982,MGM,Original Screenplay,Drama,55.0,3.0,326.0
179880271.0,333080271.0,28000000.0,May 23 1984,Paramount Pictures,Original Screenplay,Adventure,85.0,7.5,110761.0
197171806.0,474171806.0,48000000.0,May 24 1989,Paramount Pictures,Original Screenplay,Adventure,89.0,8.3,171572.0
100358.0,329621.0,1300000.0,Dec 09 2005,Yash Raj Films,Original Screenplay,Drama,55.0,3.5,494.0
49369899.0,49369899.0,13000000.0,Aug 19 1988,New Line,Original Screenplay,Horror,55.0,5.2,13310.0
3386698.0,3456820.0,1000000.0,Aug 21 1998,Miramax,Original Screenplay,Romantic Comedy,55.0,6.4,15106.0
14600000.0,19600000.0,5000000.0,Apr 10 1981,Universal,Original Screenplay,Action,71.0,6.3,5649.0
78716374.0,231716374.0,35000000.0,Nov 15 1996,Miramax,Based on Book/Short Story,Drama,83.0,7.3,54484.0
2500000.0,2500000.0,1250000.0,Jan 21 1953,20th Century Fox,Original Screenplay,Drama,55.0,7.0,4698.0
86930411.0,86930411.0,23000000.0,Jun 28 1991,Paramount Pictures,Based on TV,Comedy,55.0,6.6,26384.0
51041856.0,51041856.0,30000000.0,Mar 18 1994,Paramount Pictures,Based on TV,Comedy,55.0,6.1,24904.0
141600000.0,141600000.0,3000000.0,Jul 28 1978,Universal,Original Screenplay,Drama,90.0,6.4,15106.0
12000000.0,30000000.0,114000.0,Oct 01 1968,Walter Reade Organization,Original Screenplay,Horror,96.0,6.6,10083.0
143273.0,143273.0,5000000.0,Mar 27 1998,Gramercy,Original Screenplay,Drama,38.0,5.7,1145.0
12800000.0,12800000.0,3500000.0,Dec 31 1958,Warner Bros.,Original Screenplay,Drama,93.0,7.5,3313.0
25504513.0,25504513.0,1800000.0,Nov 09 1984,New Line,Original Screenplay,Horror,95.0,5.3,12554.0
21163999.0,21163999.0,3000000.0,Nov 01 1985,New Line,Original Screenplay,Horror,55.0,4.9,16222.0
44793222.0,44793222.0,5000000.0,Feb 27 1987,New Line,Original Screenplay,Horror,55.0,6.2,17354.0
22168359.0,22168359.0,6000000.0,Aug 11 1989,New Line,Original Screenplay,Horror,55.0,4.7,10849.0
34872033.0,34872033.0,5000000.0,Sep 13 1991,New Line,Original Screenplay,Horror,55.0,4.5,12779.0
18090181.0,18090181.0,8000000.0,Oct 14 1994,New Line,Original Screenplay,Horror,81.0,6.4,15106.0
5835247.0,5835247.0,4200000.0,Oct 19 1990,Sony/Columbia,Remake,Horror,67.0,6.6,10083.0
24464742.0,24464742.0,2000000.0,Dec 31 1945,Warner Bros.,Original Screenplay,Drama,97.0,6.3,9811.0
55500000.0,160000000.0,36000000.0,Oct 07 1983,Warner Bros.,Based on Book/Short Story,Action,65.0,6.0,21247.0
2119994.0,2119994.0,19000000.0,Dec 31 1992,Warner Bros.,Original Screenplay,Drama,50.0,5.2,561.0
22189039.0,52189039.0,15000000.0,Jan 15 1993,Sony/Columbia,Original Screenplay,Action,26.0,5.0,6746.0
105264608.0,223564608.0,50000000.0,Nov 11 1994,Warner Bros.,Based on Book/Short Story,Horror,55.0,7.4,78953.0
128814019.0,273814019.0,55000000.0,Jun 28 1996,Universal,Remake,Comedy,67.0,5.6,32234.0
21300000.0,21300000.0,27000000.0,Jul 20 1984,Warner Bros.,Based on Book/Short Story,Adventure,55.0,7.4,25704.0
47329.0,47329.0,750000.0,Nov 15 2002,Warner Bros.,Original Screenplay,Drama,67.0,6.6,1107.0
13668249.0,34668249.0,45000000.0,Dec 20 1995,Walt Disney Pictures,Based on Real Life Events,Drama,75.0,7.1,13761.0
13800000.0,13800000.0,14000000.0,Jun 22 1977,MGM,Original Screenplay,Musical,63.0,6.7,1692.0
10763469.0,10763469.0,15000000.0,Mar 01 1989,Walt Disney Pictures,Original Screenplay,Drama,74.0,6.1,6906.0
0.0,15000000.0,36500000.0,Jan 01 2009,Warner Bros.,Based on Book/Short Story,Action,55.0,5.5,2229.0
67900000.0,187500000.0,27500000.0,Jun 10 1983,MGM,Based on Book/Short Story,Action,47.0,6.6,23167.0
38590458.0,38590458.0,50000000.0,Feb 18 1994,Warner Bros.,Original Screenplay,Action,55.0,3.8,9579.0
108981275.0,108981275.0,4400000.0,Nov 19 1975,MGM,Based on Book/Short Story,Drama,96.0,8.9,214457.0
1355728.0,1355728.0,1100000.0,Sep 04 1987,Moviestore Entertainment,Original Screenplay,Horror,55.0,5.6,424.0
22800000.0,82000000.0,8000000.0,Dec 18 1969,MGM,Based on Book/Short Story,Action,81.0,6.9,23159.0
48570885.0,48570885.0,2800000.0,Jun 25 1976,20th Century Fox,Original Screenplay,Horror,84.0,5.4,24523.0
12610552.0,12678312.0,7200000.0,Oct 15 1999,Providence Entertainment,Original Screenplay,Action,8.0,3.3,3814.0
79096868.0,258210860.0,31000000.0,Dec 18 1985,Universal,Based on Book/Short Story,Drama,63.0,7.0,19638.0
419428.0,419428.0,1600000.0,Mar 11 1989,New Line,Original Screenplay,Drama,55.0,5.1,230.0
52302978.0,52302978.0,6000000.0,Sep 19 1980,Paramount Pictures,Based on Book/Short Story,Drama,91.0,7.0,138.0
4720371.0,4720371.0,7000000.0,Dec 14 2001,Excel Entertainment,Based on Book/Short Story,Drama,55.0,6.3,1670.0
1987.0,1987.0,10000.0,May 28 2004,Cinema Con Sabor,Original Screenplay,Drama,55.0,6.3,113.0
2844379.0,2844379.0,11000000.0,Dec 14 1995,Sony Pictures,Based on Play,Drama,68.0,6.9,4289.0
49772.0,49772.0,250000.0,Jul 15 2005,Fader Films,Original Screenplay,Drama,55.0,6.5,445.0
9600000.0,9600000.0,910000.0,Jul 28 1954,Warner Bros.,Original Screenplay,Drama,100.0,8.4,41162.0
67823573.0,67823573.0,50000000.0,Mar 10 1995,Warner Bros.,Original Screenplay,Thriller/Suspense,59.0,6.4,33192.0
25697647.0,25697647.0,10000000.0,Mar 25 1983,Warner Bros.,Based on Book/Short Story,Drama,65.0,7.0,23607.0
3607.0,8667348.0,10000000.0,Aug 06 2010,Magnolia Pictures,Based on Book/Short Story,Thriller/Suspense,10.0,6.1,8066.0
81198894.0,81198894.0,4500000.0,Mar 23 1984,Warner Bros.,Original Screenplay,Comedy,47.0,6.3,23192.0
126247.0,126247.0,10000000.0,Aug 26 1994,Warner Bros.,Original Screenplay,Comedy,55.0,2.5,13121.0
199228.0,9791282.0,4300000.0,Dec 04 2009,Reliance Big Pictures,Original Screenplay,Drama,60.0,7.3,1059.0
41410568.0,41410568.0,6900000.0,Jun 28 1985,Warner Bros.,Original Screenplay,Western,92.0,7.1,15352.0
83287363.0,178100000.0,45000000.0,Jun 05 1992,Paramount Pictures,Based on Book/Short Story,Action,75.0,6.9,29544.0
5656388.0,5656388.0,8000000.0,May 03 1996,Miramax,Original Screenplay,Romantic Comedy,39.0,4.7,4166.0
141579773.0,347100000.0,55000000.0,Jun 10 1995,Walt Disney Pictures,Based on Real Life Events,Adventure,55.0,6.0,26690.0
5000000.0,5000000.0,2900000.0,Dec 31 1960,Warner Bros.,Original Screenplay,Drama,63.0,7.2,2365.0
4333569.0,4333569.0,9000000.0,Apr 29 1994,20th Century Fox,Original Screenplay,Comedy,47.0,6.0,6967.0
36000000.0,36000000.0,10000000.0,Nov 03 1977,Warner Bros.,Original Screenplay,Drama,50.0,6.0,4620.0
8000000.0,11000000.0,4638783.0,May 23 1973,Warner Bros.,Original Screenplay,Drama,55.0,7.3,6374.0
74706019.0,121706019.0,10700000.0,Jun 04 1982,MGM,Original Screenplay,Horror,86.0,7.4,32817.0
14114000.0,14114000.0,9500000.0,Jun 10 1988,MGM,Original Screenplay,Horror,14.0,3.8,5387.0
7000000.0,7000000.0,3000000.0,Jul 08 1988,Universal,Original Screenplay,Horror,29.0,6.3,3781.0
104636382.0,142836382.0,32000000.0,Jul 05 1996,Walt Disney Pictures,Original Screenplay,Drama,50.0,6.3,26823.0
77324422.0,201324422.0,26000000.0,Dec 22 1993,Sony/TriStar,Original Screenplay,Drama,74.0,7.6,53283.0
17220599.0,17220599.0,45000000.0,Jun 07 1996,Paramount Pictures,Based on Comic/Graphic Novel,Action,43.0,4.8,9477.0
3221152.0,4678513.0,68000.0,Jul 10 1998,Live Entertainment,Original Screenplay,Thriller/Suspense,86.0,7.5,53699.0
413802.0,413802.0,12000.0,Apr 11 1997,Fine Line,Original Screenplay,Drama,55.0,5.8,7947.0
2956000.0,2956000.0,3700000.0,Dec 31 1947,Warner Bros.,Original Screenplay,Drama,71.0,7.1,1635.0
33395426.0,33395426.0,5800000.0,Feb 08 1968,Warner Bros.,Original Screenplay,Drama,55.0,6.4,15106.0
21706101.0,28876702.0,8000000.0,Apr 10 1992,Fine Line,Based on Book/Short Story,Black Comedy,55.0,7.7,24451.0
172070496.0,334100000.0,65000000.0,Jun 30 1995,Universal,Based on Book/Short Story,Drama,55.0,7.5,87605.0
137963328.0,137963328.0,6000000.0,Dec 19 1986,Orion Pictures,Original Screenplay,Drama,86.0,8.2,108641.0
779137.0,889279.0,1000000.0,Dec 01 2000,Roxie Releasing,Original Screenplay,Drama,92.0,2.7,473.0
15382170.0,36682170.0,25000000.0,Jul 26 1996,New Line,Based on Book/Short Story,Adventure,27.0,5.3,1734.0
881950.0,881950.0,800000.0,Aug 09 2002,Kino International,Original Screenplay,Thriller/Suspense,55.0,4.6,386.0
8231.0,8231.0,27000.0,Dec 24 1999,Warner Bros.,Original Screenplay,Drama,55.0,6.0,384.0
287000.0,287000.0,100000.0,May 10 1980,Warner Bros.,Original Screenplay,Drama,55.0,5.5,233.0
2104164.0,2104164.0,12000000.0,Nov 13 1981,Universal,Based on Book/Short Story,Adventure,55.0,5.8,442.0
27450453.0,27450453.0,14000000.0,Jul 23 1993,Sony/Columbia,Original Screenplay,Drama,36.0,5.1,3689.0
109492484.0,109492484.0,4000000.0,Mar 19 1982,20th Century Fox,Original Screenplay,Comedy,55.0,5.8,15861.0
4930.0,4930.0,70000.0,Jan 28 2005,Arab Film Distribution,Based on Real Life Events,Documentary,55.0,3.0,75.0
49823037.0,49823037.0,20000000.0,Dec 12 1980,Paramount Pictures,Original Screenplay,Drama,56.0,4.9,11433.0
28317513.0,54768418.0,35000000.0,Nov 21 1990,20th Century Fox,Original Screenplay,Action,23.0,6.0,35411.0
59735548.0,98267558.0,18000000.0,Jun 12 1987,20th Century Fox,Original Screenplay,Action,76.0,7.8,88522.0
30857000.0,30857000.0,15000000.0,Sep 25 1987,20th Century Fox,Based on Book/Short Story,Adventure,95.0,8.1,123571.0
354704.0,354704.0,4000000.0,Mar 04 1988,Empire Pictures,Original Screenplay,Horror,55.0,5.8,1154.0
19284974.0,45284974.0,16000000.0,Nov 18 1994,Sony Pictures,Original Screenplay,Thriller/Suspense,55.0,8.6,199762.0
21000000.0,21000000.0,12000000.0,Jun 15 1979,Warner Bros.,Original Screenplay,Drama,25.0,4.7,1381.0
74787599.0,74787599.0,30000000.0,Dec 25 1991,Sony/Columbia,Based on Book/Short Story,Drama,74.0,6.4,6829.0
0.0,0.0,1000000.0,Sep 23 2005,Castle Hill Productions,Based on Real Life Events,Drama,55.0,5.7,161.0
178406268.0,463400000.0,14000000.0,Mar 23 1990,Walt Disney Pictures,Original Screenplay,Romantic Comedy,62.0,6.7,60742.0
0.0,0.0,10000000.0,Feb 02 2007,Warner Bros.,Original Screenplay,Drama,40.0,6.6,1275.0
12200000.0,44200000.0,12000000.0,Mar 20 1981,Warner Bros.,Original Screenplay,Drama,70.0,6.4,6886.0
41382841.0,41382841.0,18000000.0,Oct 10 1986,Sony/TriStar,Original Screenplay,Comedy,88.0,6.3,12457.0
87400000.0,87400000.0,4000000.0,Feb 05 1953,RKO Radio Pictures,Based on Book/Short Story,Adventure,83.0,7.1,16894.0
57469179.0,57469179.0,11500000.0,Apr 21 1989,Paramount Pictures,Based on Book/Short Story,Horror,50.0,6.3,19257.0
62500000.0,62500000.0,12000000.0,Jan 01 1970,Warner Bros.,Original Screenplay,Drama,97.0,8.1,39570.0
194523.0,194523.0,15000.0,Jun 02 2006,IDP/Goldwyn/Roadside,Original Screenplay,Drama,55.0,6.4,1701.0
107928762.0,212928762.0,8000000.0,Oct 14 1994,Miramax,Original Screenplay,Drama,94.0,8.9,417703.0
31678778.0,31678778.0,20000000.0,Oct 15 1969,Paramount Pictures,Based on Play,Musical,23.0,6.5,5037.0
7000000.0,7000000.0,12500000.0,May 25 1979,Universal,Based on Book/Short Story,Comedy,55.0,4.6,406.0
2794056.0,2794056.0,11000000.0,May 12 1995,Goldwyn Entertainment,Based on Book/Short Story,Comedy,67.0,6.0,1177.0
255000.0,255000.0,1200000.0,Nov 19 1982,United Film Distribution Co.,Original Screenplay,Horror,55.0,6.1,1899.0
18552460.0,18552460.0,32000000.0,Feb 10 1995,Sony Pictures,Original Screenplay,Western,56.0,6.3,27352.0
21413105.0,21413105.0,20000000.0,Oct 19 1990,MGM,Original Screenplay,Western,60.0,6.5,6001.0
20959585.0,20959585.0,12500000.0,Feb 12 1982,20th Century Fox,Based on Book/Short Story,Adventure,55.0,7.4,6198.0
30000000.0,30000000.0,8250000.0,Feb 23 1951,Warner Bros.,Original Screenplay,Drama,88.0,5.8,898.0
2197694.0,29197694.0,5300000.0,Jan 27 2006,UTV Communications,Original Screenplay,Drama,55.0,8.1,12116.0
8000000.0,8000000.0,5000000.0,Mar 11 1976,Warner Bros.,Original Screenplay,Drama,68.0,6.5,4800.0
136492681.0,308700000.0,70000000.0,Nov 08 1996,Walt Disney Pictures,Original Screenplay,Action,70.0,6.6,38524.0
33395426.0,33395426.0,3200000.0,Jun 12 1968,Warner Bros.,Original Screenplay,Drama,98.0,8.1,50860.0
6000000.0,6000000.0,1288000.0,Dec 31 1939,MGM,Based on Book/Short Story,Drama,100.0,8.4,35429.0
165493908.0,390500000.0,50000000.0,Jun 14 1991,Warner Bros.,Traditional/Legend/Fairytale,Adventure,56.0,6.7,54480.0
32281907.0,36238752.0,7500000.0,Feb 23 1996,New Line,Original Screenplay,Action,55.0,6.4,15106.0
31390587.0,31390587.0,28000000.0,Apr 07 1995,MGM,Based on Real Life Events,Drama,71.0,6.8,15630.0
23380203.0,23380203.0,18000000.0,Nov 14 1980,MGM,Based on Real Life Events,Drama,98.0,8.4,90015.0
2684904.0,4204857.0,9200000.0,Dec 29 1995,MGM,Based on Play,Drama,95.0,7.5,6625.0
21171695.0,21171695.0,11000000.0,Aug 07 1992,Universal,Original Screenplay,Thriller/Suspense,53.0,5.7,5135.0
53424681.0,53424681.0,13000000.0,Jul 17 1987,Orion Pictures,Original Screenplay,Action,88.0,7.6,52898.0
10696210.0,10696210.0,22000000.0,Nov 05 1993,Orion Pictures,Original Screenplay,Action,55.0,3.4,13310.0
38087756.0,38087756.0,40000000.0,Dec 21 1994,Warner Bros.,Original Screenplay,Comedy,25.0,4.7,12687.0
14792779.0,14792779.0,16000000.0,Jan 30 1987,Orion Pictures,Original Screenplay,Comedy,95.0,7.5,10839.0
4651977.0,4651977.0,35000000.0,Feb 21 1992,Sony Pictures,Original Screenplay,Drama,43.0,6.5,6210.0
2832029.0,2832029.0,1200000.0,Oct 23 1992,Miramax,Original Screenplay,Drama,96.0,8.4,212985.0
245034358.0,386800358.0,20000000.0,Jun 12 1981,Paramount Pictures,Original Screenplay,Adventure,55.0,8.7,242661.0
9012000.0,9012000.0,3000000.0,Dec 31 1947,Warner Bros.,Original Screenplay,Drama,100.0,7.8,10629.0
50000000.0,50000000.0,33500000.0,Dec 04 1981,Paramount Pictures,Based on Book/Short Story,Drama,94.0,7.4,8455.0
10019109.0,10019109.0,10000000.0,Jun 11 1999,Lionsgate,Original Screenplay,Drama,55.0,7.7,14545.0
6905861.0,6905861.0,17900000.0,Jun 28 1985,MGM,Based on Book/Short Story,Action,20.0,4.4,11896.0
309205079.0,572700000.0,32500000.0,May 25 1983,20th Century Fox,Original Screenplay,Adventure,55.0,6.4,15106.0
501752.0,2658490.0,15000000.0,Feb 06 2004,Kino International,Original Screenplay,Drama,55.0,2.3,236.0
401.0,401.0,10000.0,Aug 14 2008,Lavender House Films,Original Screenplay,Drama,55.0,6.4,15106.0
6706368.0,6706368.0,140000.0,Dec 20 1989,Warner Bros.,Based on Real Life Events,Documentary,100.0,7.5,14883.0
21500000.0,21500000.0,27000000.0,Oct 21 1983,Warner Bros.,Based on Book/Short Story,Action,97.0,7.9,24275.0
139876417.0,139876417.0,1200000.0,Sep 26 1975,20th Century Fox,Original Screenplay,Musical,77.0,7.1,41265.0
30050028.0,30050028.0,10000000.0,May 19 1989,United Artists,Original Screenplay,Action,44.0,5.8,14085.0
3275585.0,3275585.0,10000000.0,Feb 04 1994,Gramercy,Original Screenplay,Drama,24.0,6.3,6537.0
0.0,0.0,2000000.0,Jul 07 2007,Off-Hollywood Distribution,Original Screenplay,Drama,55.0,4.2,232.0
117235147.0,225000000.0,1000000.0,Nov 21 1976,MGM,Original Screenplay,Drama,55.0,4.0,84.0
9205924.0,9205924.0,6200000.0,Jan 15 1988,Lorimar Motion Pictures,Original Screenplay,Horror,55.0,5.1,4661.0
1111615.0,1111615.0,500000.0,Jan 31 2003,Halestone,Original Screenplay,Comedy,64.0,5.5,449.0
24172899.0,24172899.0,40000000.0,Jun 03 1994,Walt Disney Pictures,Original Screenplay,Comedy,55.0,5.9,7650.0
150415432.0,300400000.0,44000000.0,May 22 1985,Sony/TriStar,Based on Book/Short Story,Action,30.0,5.8,38548.0
53715611.0,188715611.0,58000000.0,May 25 1988,Sony/TriStar,Based on Book/Short Story,Action,36.0,4.9,31551.0
46338728.0,147542381.0,14500000.0,Nov 01 1996,20th Century Fox,Based on Play,Drama,55.0,6.5,78.0
0.0,0.0,20000000.0,Dec 31 2007,Warner Bros.,Original Screenplay,Drama,55.0,6.4,15106.0
172825435.0,412800000.0,25000000.0,Dec 16 1988,MGM,Original Screenplay,Comedy,87.0,8.0,106163.0
305070.0,305070.0,20000000.0,Sep 11 1994,Warner Bros.,Original Screenplay,Drama,55.0,6.1,2081.0
2000000.0,2000000.0,17000000.0,Dec 31 1980,Warner Bros.,Original Screenplay,Drama,55.0,5.9,228.0
36000000.0,36000000.0,5000000.0,Sep 16 1953,Warner Bros.,Original Screenplay,Drama,38.0,6.7,2913.0
134069511.0,336069511.0,75000000.0,Jun 07 1996,Walt Disney Pictures,Original Screenplay,Action,66.0,7.2,108324.0
22954968.0,63954968.0,15000000.0,Nov 05 1993,Sony/Columbia,Based on Book/Short Story,Drama,97.0,7.9,21736.0
83453539.0,83453539.0,3500000.0,Jul 04 1980,Warner Bros.,Original Screenplay,Comedy,98.0,7.8,57000.0
2300000.0,2300000.0,1500000.0,Mar 02 1984,Universal,Original Screenplay,Comedy,97.0,6.7,12438.0
164649.0,5348767.0,1070000.0,Dec 11 2009,Yash Raj Films,Original Screenplay,Drama,55.0,7.5,1436.0
7000000.0,7000000.0,40000000.0,Aug 01 1980,Warner Bros.,Original Screenplay,Drama,60.0,3.9,1757.0
4100000.0,4100000.0,18000000.0,Dec 29 1995,Miramax,Based on Book/Short Story,Drama,55.0,6.5,4024.0
14237880.0,14237880.0,4000000.0,Aug 16 1985,Orion Pictures,Original Screenplay,Horror,88.0,7.1,13621.0
0.0,2783634.0,2700000.0,Sep 26 2008,Warner Bros.,Original Screenplay,Comedy,55.0,5.9,849.0
1338.0,1338.0,5000.0,Jul 13 2005,Arab Film Distribution,Original Screenplay,Documentary,55.0,8.5,35.0
10618813.0,10618813.0,27000000.0,Jun 21 1985,Walt Disney Pictures,Based on Book/Short Story,Adventure,55.0,6.7,7491.0
38122000.0,38122000.0,30000000.0,Nov 13 1987,Sony/TriStar,Based on Book/Short Story,Action,63.0,6.4,36308.0
7267324.0,14533173.0,1750000.0,Jun 18 1999,Sony Pictures,Original Screenplay,Thriller/Suspense,55.0,6.0,91.0
9118.0,9118.0,350000.0,Nov 15 2002,Warner Bros.,Original Screenplay,Thriller/Suspense,55.0,7.3,252.0
46815000.0,94215000.0,45000000.0,Sep 30 1994,Universal,Original Screenplay,Action,56.0,6.2,14285.0
100125643.0,328125643.0,30000000.0,Sep 22 1995,New Line,Original Screenplay,Thriller/Suspense,55.0,8.7,278918.0
21210.0,21210.0,1000000.0,Aug 07 1998,October Films,Original Screenplay,Drama,58.0,5.9,1743.0
13417292.0,13417292.0,4500000.0,Sep 28 1996,October Films,Original Screenplay,Drama,94.0,7.9,14364.0
30356589.0,37956589.0,39000000.0,Mar 29 1996,Universal,Based on TV,Comedy,33.0,5.2,9693.0
53458319.0,87100000.0,58000000.0,Dec 15 1995,Paramount Pictures,Remake,Romantic Comedy,61.0,6.0,15749.0
390659.0,1663296.0,2000000.0,Nov 06 1985,Island/Alive,Original Screenplay,Drama,86.0,6.2,5904.0
14545844.0,14545844.0,6000000.0,Feb 12 1988,Sony Pictures,Original Screenplay,Drama,58.0,5.3,2667.0
44942821.0,44942821.0,25000000.0,Dec 09 1983,Universal,Remake,Drama,88.0,8.2,152262.0
96067179.0,321200000.0,25000000.0,Dec 15 1993,Universal,Based on Real Life Events,Drama,97.0,8.9,276283.0
8000000.0,8000000.0,1800000.0,Sep 18 1951,Warner Bros.,Based on Play,Drama,55.0,8.1,33781.0
2154540.0,2154540.0,45000000.0,Jan 31 1997,Walt Disney Pictures,Original Screenplay,Thriller/Suspense,55.0,4.7,2427.0
381225.0,439651.0,200000.0,Oct 22 2004,Mela Films,Based on Real Life Events,Documentary,75.0,6.9,105.0
30000000.0,60000000.0,12000000.0,Oct 07 1960,Universal,Based on Book/Short Story,Action,96.0,8.0,50856.0
410919.0,450349.0,450000.0,Aug 22 1997,Warner Bros.,Original Screenplay,Drama,79.0,6.9,436.0
2000000.0,2000000.0,200000.0,Feb 09 2033,Warner Bros.,Original Screenplay,Drama,100.0,6.7,1795.0
0.0,0.0,3500000.0,Nov 07 2006,Warner Bros.,Original Screenplay,Documentary,55.0,6.4,15106.0
0.0,0.0,5000000.0,Dec 31 1969,3D Entertainment,Original Screenplay,Drama,55.0,6.4,15106.0
3500000.0,3500000.0,4500000.0,Mar 09 1962,Warner Bros.,Original Screenplay,Drama,14.0,5.7,436.0
18195.0,20628.0,250000.0,Jan 08 1999,Strand,Original Screenplay,Thriller/Suspense,55.0,6.4,15106.0
0.0,0.0,7000000.0,Mar 11 2008,Warner Bros.,Based on TV,Action,55.0,6.4,15106.0
7137502.0,7137502.0,175000.0,Aug 08 1986,Island,Original Screenplay,Comedy,93.0,6.2,2594.0
71565669.0,196565669.0,55000000.0,Oct 28 1994,MGM,Original Screenplay,Action,46.0,6.7,47174.0
31835600.0,31835600.0,40000000.0,Jul 01 1994,Universal,Based on Comic/Graphic Novel,Action,34.0,5.6,9530.0
11000000.0,11000000.0,2300000.0,Sep 24 1951,Warner Bros.,Original Screenplay,Drama,89.0,6.9,1788.0
25842377.0,25842377.0,22000000.0,Dec 29 1993,Savoy,Based on Play,Drama,96.0,7.4,7689.0
2315000.0,2315000.0,17000000.0,Aug 29 1986,MGM,Original Screenplay,Drama,14.0,2.6,2591.0
2620000.0,2620000.0,1455000.0,Dec 31 1967,Warner Bros.,Original Screenplay,Drama,55.0,5.3,1090.0
5778353.0,5778353.0,25000000.0,Aug 17 1984,Sony/Columbia,Based on Comic/Graphic Novel,Adventure,38.0,4.3,1598.0
35811509.0,35811509.0,5500000.0,Nov 22 1996,Fine Line,Based on Real Life Events,Drama,90.0,7.6,22439.0
44017374.0,44017374.0,19000000.0,May 23 1980,Warner Bros.,Based on Book/Short Story,Horror,87.0,8.5,177762.0
15024232.0,15024232.0,8500000.0,Mar 01 1991,Walt Disney Pictures,Based on Book/Short Story,Adventure,55.0,6.4,1125.0
14375181.0,14375181.0,40000000.0,May 15 1987,Sony Pictures,Original Screenplay,Comedy,19.0,3.7,6094.0
20254932.0,20254932.0,40000000.0,Sep 22 1995,MGM,Original Screenplay,Drama,12.0,4.1,27004.0
28241469.0,28241469.0,25000000.0,Sep 23 1994,Sony Pictures,Based on Book/Short Story,Drama,88.0,9.2,519541.0
10803211.0,10803211.0,7000000.0,Oct 11 1985,Paramount Pictures,Based on Book/Short Story,Horror,50.0,5.9,6387.0
44701.0,44701.0,200000.0,Sep 09 2005,Sky Island,Original Screenplay,Romantic Comedy,11.0,6.4,15106.0
36049108.0,36049108.0,9000000.0,Nov 06 1996,New Line,Original Screenplay,Drama,61.0,6.3,4570.0
130726716.0,275726716.0,20000000.0,Feb 14 1991,Orion Pictures,Based on Book/Short Story,Thriller/Suspense,96.0,8.7,244856.0
0.0,0.0,2600000.0,Feb 29 2008,Warner Bros.,Original Screenplay,Black Comedy,55.0,6.4,15106.0
76382.0,76382.0,15000000.0,Jun 26 1996,Warner Bros.,Original Screenplay,Drama,55.0,5.2,1364.0
15171475.0,15171475.0,14000000.0,Oct 25 1996,Paramount Pictures,Based on Book/Short Story,Horror,18.0,5.3,7888.0
24475416.0,34175000.0,4833610.0,Nov 20 1996,Miramax,Based on Short Film,Drama,96.0,8.0,41785.0
1227508.0,1227508.0,23000.0,Aug 01 1991,Warner Bros.,Original Screenplay,Drama,83.0,6.9,5907.0
25000000.0,25000000.0,2883848.0,Mar 29 1959,Warner Bros.,Original Screenplay,Drama,97.0,8.3,67157.0
10359006.0,10359006.0,50000000.0,Oct 13 1995,Walt Disney Pictures,Based on Book/Short Story,Drama,15.0,4.6,6155.0
298347.0,30298347.0,8500000.0,Apr 23 2004,Cinema Service,Original Screenplay,Action,55.0,7.1,1724.0
18344729.0,18344729.0,2000000.0,Dec 17 1973,MGM,Original Screenplay,Comedy,100.0,7.3,15466.0
53300852.0,165600852.0,44000000.0,Oct 18 1996,Warner Bros.,Based on Book/Short Story,Drama,73.0,7.3,51874.0
13134.0,13134.0,500000.0,Jan 10 2003,Warner Bros.,Original Screenplay,Drama,55.0,6.0,1136.0
11000000.0,11000000.0,5000000.0,Jan 01 1959,Warner Bros.,Original Screenplay,Drama,55.0,6.0,915.0
2013052.0,2013052.0,2500000.0,Oct 03 2003,Alliance,Based on Book/Short Story,Drama,55.0,6.7,585.0
23341568.0,23341568.0,6000000.0,Aug 16 1995,Gramercy,Original Screenplay,Drama,87.0,8.7,266890.0
33200000.0,33200000.0,26000000.0,Jul 10 1985,Sony/Columbia,Original Screenplay,Western,76.0,7.0,14243.0
1500000.0,1500000.0,4500000.0,Apr 23 1986,Hemdale,Original Screenplay,Drama,91.0,7.5,7797.0
24741667.0,36741667.0,1200000.0,Aug 04 1989,Miramax,Original Screenplay,Drama,97.0,6.4,15106.0
0.0,0.0,400000.0,Nov 04 2005,Wolfe Releasing,Original Screenplay,Thriller/Suspense,55.0,5.9,288.0
4055.0,4055.0,1300000.0,Apr 07 2006,Strand,Original Screenplay,Comedy,55.0,8.0,4873.0
20844907.0,20844907.0,42000000.0,May 28 1993,Walt Disney Pictures,Based on Game,Action,55.0,3.8,17281.0
9709597.0,9709597.0,5100000.0,Oct 03 1980,Universal,Based on Book/Short Story,Drama,63.0,7.0,8787.0
6719300.0,7756617.0,2000000.0,Jun 26 1998,Miramax,Based on Book/Short Story,Comedy,86.0,6.9,5058.0
7881335.0,7881335.0,13000000.0,Apr 13 1994,Savoy,Original Screenplay,Comedy,61.0,6.4,10999.0
95204.0,95204.0,3000000.0,Mar 17 2006,Regent Releasing,Original Screenplay,Drama,55.0,7.6,5251.0
36145695.0,36145695.0,4400000.0,Jun 25 1976,20th Century Fox,Original Screenplay,Comedy,89.0,6.4,6248.0
144833357.0,189800000.0,22000000.0,Nov 11 1994,Walt Disney Pictures,Original Screenplay,Comedy,79.0,6.1,17773.0
1250798.0,1250798.0,500000.0,Feb 01 2002,Halestorm Entertainment,Original Screenplay,Comedy,50.0,5.7,736.0
42993774.0,134993774.0,16500000.0,Dec 11 1995,Sony Pictures,Based on Book/Short Story,Drama,98.0,7.7,31279.0
3600000.0,3600000.0,2540000.0,Apr 10 1952,MGM,Original Screenplay,Drama,100.0,8.4,55352.0
6260.0,6260.0,200000.0,Jan 07 2005,Indican Pictures,Original Screenplay,Drama,55.0,4.8,82.0
163214286.0,286214286.0,8200000.0,Apr 01 1965,20th Century Fox,Based on Book/Short Story,Musical,81.0,6.3,45.0
9482579.0,13795053.0,3500000.0,Aug 23 1996,Fox Searchlight,Original Screenplay,Romantic Comedy,60.0,6.0,8159.0
2712293.0,2712293.0,450000.0,Dec 31 1990,Warner Bros.,Original Screenplay,Drama,100.0,5.6,263.0
38119483.0,38119483.0,22700000.0,Jun 24 1987,MGM,Original Screenplay,Comedy,65.0,6.9,52434.0
121248145.0,283200000.0,30000000.0,Jun 10 1994,20th Century Fox,Original Screenplay,Action,90.0,2.6,4175.0
60054449.0,113354449.0,35000000.0,Jul 07 1995,MGM,Original Screenplay,Action,39.0,5.6,21917.0
2000000.0,11400000.0,10000000.0,Feb 11 1981,Orion Pictures,Based on Book/Short Story,Thriller/Suspense,55.0,4.9,478.0
15000000.0,15000000.0,3000000.0,Apr 27 1990,Walt Disney Pictures,Original Screenplay,Comedy,9.0,4.8,1464.0
7000000.0,7000000.0,1500000.0,Dec 31 1944,ThinkFilm,Original Screenplay,Drama,87.0,7.7,14665.0
62599495.0,62599495.0,8000000.0,Mar 09 1984,Walt Disney Pictures,Original Screenplay,Comedy,91.0,6.2,21732.0
11227824.0,11227824.0,17000000.0,Jul 24 1987,Warner Bros.,Based on Comic/Graphic Novel,Action,55.0,3.4,15164.0
108185706.0,108185706.0,50000000.0,Jun 19 1981,Warner Bros.,Based on Comic/Graphic Novel,Adventure,55.0,6.7,29512.0
59950623.0,59950623.0,39000000.0,Jun 17 1983,Warner Bros.,Based on Comic/Graphic Novel,Adventure,23.0,4.7,18070.0
5494.0,5494.0,1000000.0,Mar 19 1999,Strand,Original Screenplay,Drama,17.0,5.5,320.0
134218018.0,300200000.0,55000000.0,Dec 15 1978,Warner Bros.,Based on Comic/Graphic Novel,Adventure,94.0,4.9,129.0
57362581.0,57362581.0,45000000.0,Oct 07 1994,Warner Bros.,Based on Book/Short Story,Action,4.0,4.9,18749.0
12000000.0,12000000.0,21600000.0,Jun 24 1977,Warner Bros.,Original Screenplay,Drama,55.0,6.8,563.0
33312.0,33312.0,300000.0,Apr 12 2006,Women Make Movies,Based on Real Life Events,Documentary,55.0,6.7,203.0
2221994.0,2221994.0,35000000.0,Feb 28 1997,Fox Searchlight,Based on Book/Short Story,Thriller/Suspense,53.0,6.1,7280.0
30306268.0,83306268.0,50000000.0,Oct 06 1995,Warner Bros.,Original Screenplay,Action,9.0,5.9,23370.0
82258456.0,139000000.0,35000000.0,Dec 07 1979,Paramount Pictures,Based on TV,Adventure,48.0,6.2,25454.0
76471046.0,87000000.0,18000000.0,Jun 01 1984,Paramount Pictures,Based on TV,Adventure,55.0,6.5,22261.0
109713132.0,133000000.0,24000000.0,Nov 26 1986,Paramount Pictures,Based on TV,Adventure,55.0,7.3,26207.0
52287414.0,52287414.0,8000000.0,Aug 08 1986,Sony/Columbia,Based on Book/Short Story,Drama,94.0,8.2,90143.0
9286314.0,9286314.0,25000000.0,May 17 1991,Sony Pictures,Original Screenplay,Action,29.0,4.6,52.0
13500000.0,25000000.0,200000.0,Jul 25 1969,Warner Bros.,Original Screenplay,Drama,55.0,4.3,86.0
33423000.0,99423000.0,35000000.0,Dec 23 1994,Universal,Based on Game,Action,13.0,3.3,25407.0
79912963.0,96800000.0,12000000.0,Jun 04 1982,Paramount Pictures,Based on TV,Adventure,55.0,7.8,36131.0
220944.0,220944.0,15000000.0,Apr 25 2003,Warner Bros.,Original Screenplay,Drama,55.0,6.4,15106.0
159616327.0,159616327.0,5500000.0,Dec 25 1973,Universal,Original Screenplay,Drama,91.0,8.4,65866.0
304602.0,304602.0,2000000.0,Jul 26 1996,Strand,Based on Real Life Events,Drama,55.0,7.0,741.0
52210049.0,70200000.0,30000000.0,Jun 09 1989,Paramount Pictures,Based on TV,Action,55.0,5.0,20600.0
74888996.0,96900000.0,27000000.0,Dec 06 1991,Paramount Pictures,Based on TV,Action,55.0,7.2,23546.0
75671262.0,120000000.0,38000000.0,Nov 18 1994,Paramount Pictures,Based on TV,Adventure,55.0,6.5,26465.0
85300000.0,85300000.0,10000000.0,Jun 26 1981,Sony Pictures,Original Screenplay,Comedy,88.0,6.8,19618.0
32773011.0,32773011.0,50000000.0,Jun 28 1996,Sony Pictures,Based on Book/Short Story,Comedy,12.0,3.9,18012.0
460998007.0,797900000.0,11000000.0,May 25 1977,20th Century Fox,Original Screenplay,Adventure,55.0,6.4,15106.0
1310470.0,1310470.0,780000.0,Aug 06 2004,Excel Entertainment,Based on Real Life Events,Drama,55.0,7.0,7581.0
0.0,0.0,1000000.0,Dec 31 2007,Weinstein Co.,Original Screenplay,Comedy,55.0,3.3,108.0
7000000.0,7000000.0,1200000.0,Jul 03 1951,Warner Bros.,Original Screenplay,Drama,98.0,8.3,34284.0
18272447.0,18272447.0,10000000.0,Feb 25 1994,20th Century Fox,Original Screenplay,Drama,22.0,5.3,1627.0
69582.0,69582.0,5700000.0,Aug 27 1999,Cowboy Pictures,Original Screenplay,Drama,29.0,6.1,543.0
271736.0,271736.0,500000.0,Nov 19 1956,Cowboy Pictures,Original Screenplay,Action,55.0,8.8,96698.0
8000000.0,8000000.0,20000000.0,Dec 31 1968,Warner Bros.,Original Screenplay,Drama,55.0,7.0,1691.0
7800000.0,7800000.0,1000000.0,Dec 31 1948,Warner Bros.,Original Screenplay,Drama,100.0,7.1,4160.0
46800000.0,185400000.0,14000000.0,Jul 13 1977,MGM,Based on Book/Short Story,Action,78.0,7.1,24938.0
245359.0,5045359.0,10000000.0,Dec 25 1998,New Yorker,Original Screenplay,Comedy,55.0,5.2,1417.0
4505922.0,6542637.0,200000.0,Oct 18 1996,Miramax,Original Screenplay,Comedy,86.0,6.2,431.0
184925485.0,184925485.0,1488000.0,Dec 21 2037,Walt Disney Pictures,Traditional/Legend/Fairytale,Musical,97.0,7.8,38141.0
4306697.0,4306697.0,5000000.0,Oct 10 1997,Fine Line,Based on Book/Short Story,Drama,100.0,7.8,16280.0
5400000.0,5400000.0,1600000.0,Dec 31 1948,Warner Bros.,Original Screenplay,Drama,100.0,7.3,5825.0
247740.0,247740.0,1100000.0,Feb 22 2002,Warner Bros.,Based on Real Life Events,Documentary,39.0,5.0,151.0
26936265.0,26936265.0,18000000.0,May 24 1996,Walt Disney Pictures,Original Screenplay,Comedy,7.0,4.7,12682.0
0.0,44195779.0,23000000.0,Dec 18 2009,Warner Bros.,Original Screenplay,Drama,55.0,6.9,1795.0
1687311.0,1687311.0,4500000.0,Feb 12 1999,Sony Pictures Classics,Original Screenplay,Drama,55.0,6.9,1490.0
32014993.0,32014993.0,34000000.0,Sep 17 1993,Sony/Columbia,Based on Book/Short Story,Drama,81.0,7.1,16000.0
3468572.0,3468572.0,4000000.0,Dec 01 1988,Universal,Based on Book/Short Story,Drama,80.0,7.0,5659.0
26572439.0,26572439.0,140000.0,Oct 18 1974,New Line,Original Screenplay,Horror,90.0,6.1,39172.0
8025872.0,8025872.0,4700000.0,Aug 22 1986,Cannon,Remake,Horror,43.0,5.1,7702.0
44853581.0,102053581.0,28000000.0,Sep 16 1994,Universal,Based on Comic/Graphic Novel,Action,47.0,5.5,16570.0
53854588.0,75854588.0,45000000.0,Aug 16 1996,Warner Bros.,Original Screenplay,Romantic Comedy,69.0,6.1,17274.0
13000000.0,13000000.0,3000000.0,Jul 16 1966,Warner Bros.,Original Screenplay,Drama,81.0,6.6,8670.0
21284514.0,27688744.0,20000000.0,Sep 27 1995,Sony Pictures,Based on Book/Short Story,Black Comedy,87.0,6.8,18459.0
8000000.0,8000000.0,3500000.0,Dec 31 1979,Warner Bros.,Original Screenplay,Drama,33.0,5.5,2479.0
7888000.0,7888000.0,3000000.0,Nov 20 1987,Atlantic,Original Screenplay,Comedy,14.0,2.8,5207.0
18582965.0,18582965.0,55000000.0,Aug 16 1996,Sony Pictures,Based on Book/Short Story,Thriller/Suspense,40.0,5.6,20640.0
0.0,0.0,2600000.0,Dec 07 2007,Slowhand Cinema,Original Screenplay,Horror,38.0,5.3,2213.0
1110186.0,69826708.0,12500000.0,Sep 03 2004,IDP Distribution,Original Screenplay,Drama,55.0,6.4,15106.0
2210408.0,2477155.0,250000.0,Jun 16 1995,Fine Line,Original Screenplay,Drama,55.0,5.8,1795.0
125169.0,125169.0,10500000.0,Sep 02 1994,Orion Pictures,Original Screenplay,Comedy,55.0,6.3,507.0
4064333.0,4064333.0,25000000.0,Mar 01 1995,MGM,Based on Comic/Graphic Novel,Action,42.0,4.7,10772.0
176786701.0,353786701.0,15000000.0,May 16 1986,Paramount Pictures,Original Screenplay,Action,45.0,6.5,80013.0
63600000.0,141200000.0,9000000.0,Dec 29 1965,MGM,Based on Book/Short Story,Action,91.0,7.0,27245.0
0.0,0.0,2500000.0,Dec 31 2009,Warner Bros.,Original Screenplay,Drama,55.0,3.4,1113.0
24769466.0,55669466.0,15000000.0,May 03 1996,Sony Pictures,Original Screenplay,Thriller/Suspense,45.0,5.9,21130.0
2500000.0,2500000.0,325000.0,Dec 31 1933,Warner Bros.,Original Screenplay,Romantic Comedy,97.0,8.3,25074.0
50621733.0,110521733.0,22000000.0,Jul 28 1995,Sony Pictures,Original Screenplay,Thriller/Suspense,33.0,5.6,24363.0
886410.0,886410.0,3500000.0,Apr 19 2000,Hombre de Oro,Original Screenplay,Drama,55.0,6.1,584.0
19800.0,19800.0,500000.0,Jul 11 2003,Warner Bros.,Original Screenplay,Drama,55.0,4.4,74.0
13000000.0,13000000.0,4000000.0,Nov 04 1988,Universal,Based on Book/Short Story,Thriller/Suspense,88.0,7.0,20995.0
11784569.0,11784569.0,6000000.0,May 24 1995,Savoy,Original Screenplay,Horror,33.0,5.8,1860.0
37400000.0,37400000.0,12000000.0,Nov 06 1981,Avco Embassy,Original Screenplay,Adventure,94.0,6.9,22719.0
56505000.0,56505000.0,25000000.0,Dec 25 1993,Walt Disney Pictures,Based on Real Life Events,Western,77.0,7.7,43688.0
1500711.0,1500711.0,825000.0,Oct 25 2002,Five & Two Pictures,Original Screenplay,Drama,22.0,5.0,1029.0
78656813.0,78656813.0,25000000.0,Mar 22 1991,New Line,Based on Comic/Graphic Novel,Adventure,55.0,5.3,12742.0
42273609.0,42273609.0,21000000.0,Mar 19 1993,New Line,Based on Comic/Graphic Novel,Adventure,30.0,4.3,9064.0
63408614.0,63408614.0,55000000.0,Dec 22 1989,Warner Bros.,Original Screenplay,Action,39.0,5.8,25248.0
135265915.0,202000000.0,13500000.0,Mar 30 1990,New Line,Based on TV,Adventure,55.0,6.4,25867.0
6000000.0,6000000.0,4000000.0,Dec 19 1969,Universal,Original Screenplay,Drama,71.0,6.2,6389.0
35856053.0,35856053.0,14000000.0,Dec 09 1981,20th Century Fox,Based on Book/Short Story,Drama,79.0,6.5,6515.0
16501785.0,24000785.0,3100000.0,Jul 19 1996,Miramax,Based on Book/Short Story,Drama,89.0,8.2,150483.0
6800000.0,6800000.0,5800000.0,Mar 07 1965,Warner Bros.,Original Screenplay,Drama,83.0,7.8,4692.0
7190505.0,7190505.0,18000000.0,Mar 22 1989,Sony/Columbia,Original Screenplay,Comedy,8.0,4.7,3427.0
617172.0,617172.0,375000.0,May 21 1999,Paramount Pictures,Based on Real Life Events,Documentary,55.0,6.9,3004.0
146282411.0,365300000.0,100000000.0,Jul 15 1994,20th Century Fox,Remake,Action,69.0,7.2,80581.0
204859496.0,516816151.0,100000000.0,Jul 02 1991,Sony Pictures,Original Screenplay,Action,98.0,8.5,237477.0
506793.0,1058893.0,1800000.0,Jan 07 2005,Zeitgeist,Original Screenplay,Drama,55.0,7.4,1069.0
38019031.0,78019031.0,6400000.0,Oct 26 1984,Orion Pictures,Original Screenplay,Action,100.0,8.1,179606.0
16667084.0,16667084.0,10000000.0,Jan 19 1990,Universal,Original Screenplay,Action,88.0,7.2,29840.0
12281000.0,12281000.0,12500000.0,Sep 10 1993,Warner Bros.,Original Screenplay,Thriller/Suspense,91.0,7.9,73829.0
26918576.0,26918576.0,17000000.0,Jul 09 1982,Walt Disney Pictures,Original Screenplay,Action,68.0,2.9,923.0
14400000.0,14400000.0,4000000.0,Dec 31 1955,Warner Bros.,Original Screenplay,Drama,60.0,6.7,1570.0
195043.0,195043.0,25000.0,Jan 14 2000,Phaedra Cinema,Original Screenplay,Drama,55.0,5.5,50.0
1161843.0,1161843.0,200000.0,Feb 11 2000,Rainforest Productions,Original Screenplay,Thriller/Suspense,55.0,3.3,360.0
529766.0,529766.0,15000000.0,Dec 01 1995,Miramax,Original Screenplay,Black Comedy,33.0,6.6,12789.0
108766007.0,152266007.0,40000000.0,Jul 24 1996,Warner Bros.,Based on Book/Short Story,Drama,68.0,7.1,38577.0
119394839.0,261400000.0,65000000.0,Jun 01 1990,Sony Pictures,Based on Book/Short Story,Action,81.0,7.4,70355.0
37227.0,37227.0,2000000.0,Jul 18 2003,Warner Bros.,Original Screenplay,Drama,55.0,5.2,316.0
177200000.0,177200000.0,15000000.0,Dec 17 1982,Sony Pictures,Original Screenplay,Comedy,87.0,7.4,31669.0
25857416.0,31748615.0,2500000.0,Oct 04 1996,20th Century Fox,Original Screenplay,Drama,92.0,6.7,25916.0
7000000.0,7000000.0,1200000.0,Oct 03 1955,Paramount Pictures,Original Screenplay,Drama,89.0,7.2,11580.0
111936388.0,216600000.0,15000000.0,Dec 09 1988,Universal,Original Screenplay,Comedy,33.0,6.4,15106.0
241888385.0,495900000.0,88000000.0,May 10 1996,Warner Bros.,Based on Book/Short Story,Action,57.0,6.0,61665.0
116000000.0,139700000.0,14000000.0,Dec 17 1974,20th Century Fox,Original Screenplay,Drama,55.0,6.4,15106.0
21100000.0,21100000.0,1000000.0,Feb 08 1976,Sony Pictures,Original Screenplay,Drama,98.0,8.6,155774.0
121016.0,121016.0,5000000.0,Jun 13 2003,Warner Bros.,Original Screenplay,Drama,55.0,6.0,456.0
191796233.0,361948825.0,30000000.0,Nov 22 1995,Walt Disney Pictures,Original Screenplay,Adventure,100.0,8.2,151143.0
29500000.0,29500000.0,10000000.0,Jun 24 1983,Warner Bros.,Based on TV,Horror,67.0,6.3,12054.0
2483790.0,2483790.0,18000000.0,Feb 23 1996,MGM,Original Screenplay,Thriller/Suspense,23.0,5.7,2284.0
6157157.0,6157157.0,5000000.0,Jul 21 1989,Warner Bros.,Original Screenplay,Drama,55.0,6.6,12676.0
9054736.0,15600000.0,2700000.0,Jun 13 1997,Orion Pictures,Original Screenplay,Drama,94.0,7.0,4041.0
50024083.0,104324083.0,60000000.0,Jul 14 1995,Warner Bros.,Original Screenplay,Action,34.0,5.1,15218.0
76270454.0,76270454.0,25000000.0,Jun 03 1987,Paramount Pictures,Based on TV,Action,81.0,8.0,86097.0
18826490.0,18826490.0,20000000.0,Jul 31 1981,Warner Bros.,Original Screenplay,Comedy,55.0,4.9,1263.0
2938532.0,7017859.0,7000000.0,Nov 12 2004,Yash Raj Films,Original Screenplay,Drama,55.0,7.3,4155.0
2120439.0,2120439.0,5952000.0,Feb 04 1983,Universal,Original Screenplay,Horror,55.0,7.3,20080.0
659000.0,98754000.0,7000000.0,Jul 12 1996,Miramax,Original Screenplay,Comedy,55.0,6.7,7393.0
146072.0,26146072.0,20000000.0,Mar 27 1998,Warner Bros.,Original Screenplay,Comedy,55.0,6.4,15106.0
9132000.0,9132000.0,2160000.0,Dec 31 1944,Warner Bros.,Original Screenplay,Drama,55.0,7.3,682.0
19637147.0,19637147.0,14000000.0,Oct 27 1995,Paramount Pictures,Original Screenplay,Horror,11.0,4.3,8200.0
53977250.0,53977250.0,16000000.0,Dec 08 1982,20th Century Fox,Based on Book/Short Story,Drama,96.0,7.7,10864.0
23998226.0,23998226.0,30000000.0,Aug 04 1995,Paramount Pictures,Original Screenplay,Action,34.0,5.3,11079.0
0.0,0.0,500000.0,Nov 02 2001,Warner Bros.,Original Screenplay,Drama,55.0,6.7,418.0
50327960.0,152627960.0,30000000.0,May 24 1985,MGM,Based on Book/Short Story,Action,39.0,6.1,23770.0
2025032.0,2025032.0,6500000.0,Oct 21 2005,Vineyard Distribution,Based on Book/Short Story,Drama,55.0,5.6,365.0
4741987.0,4741987.0,14000000.0,Mar 26 1999,Miramax,Original Screenplay,Drama,74.0,6.4,4125.0
3347647.0,3347647.0,7500000.0,Nov 24 2004,Excel Entertainment,Based on Book/Short Story,Drama,17.0,6.0,531.0
16137.0,16137.0,103000.0,Oct 03 2003,Off-Hollywood Distribution,Original Screenplay,Comedy,55.0,5.1,82.0
10941801.0,10941801.0,4000000.0,Feb 06 2004,Captured Light,Based on Real Life Events,Documentary,55.0,6.4,15106.0
2922988.0,2922988.0,4000000.0,Jan 31 1997,Sony Pictures Classics,Original Screenplay,Comedy,55.0,7.4,14880.0
154112492.0,351500000.0,70000000.0,Jun 22 1988,Walt Disney Pictures,Based on Book/Short Story,Comedy,98.0,7.6,53541.0
34729091.0,34729091.0,14000000.0,Jan 18 1991,Walt Disney Pictures,Based on Book/Short Story,Adventure,67.0,6.4,15106.0
10229300.0,10229300.0,38000000.0,Feb 02 1996,Walt Disney Pictures,Based on Real Life Events,Adventure,63.0,6.4,8385.0
9170214.0,9170214.0,11000000.0,Dec 25 1993,Paramount Pictures,Original Screenplay,Drama,88.0,7.8,51219.0
7369373.0,7369373.0,2000000.0,Dec 31 1986,Cinema Guild,Original Screenplay,Horror,55.0,5.2,1666.0
13000000.0,13000000.0,24000000.0,Oct 24 1978,Warner Bros.,Original Screenplay,Musical,37.0,4.5,4896.0
1287480.0,1615787.0,1000000.0,Jul 17 1996,Miramax,Original Screenplay,Romantic Comedy,86.0,6.5,1756.0
509424.0,509424.0,6000000.0,Jun 18 1969,Warner Bros.,Original Screenplay,Western,97.0,8.2,31196.0
43848100.0,43848100.0,15000000.0,Dec 11 1987,20th Century Fox,Original Screenplay,Drama,78.0,7.3,35454.0
22019465.5,31168926.5,25000000.0,Jan 01 1970,Warner Bros.,Original Screenplay,Drama,55.0,6.4,15106.0
2000000.0,2000000.0,1200000.0,Dec 23 1956,Warner Bros.,Original Screenplay,Drama,89.0,7.5,7531.0
110719.0,110719.0,150000.0,Jun 23 2000,Warner Bros.,Original Screenplay,Drama,55.0,6.4,15106.0
22019465.5,31168926.5,2000000.0,Aug 12 2027,Warner Bros.,Original Screenplay,Drama,96.0,7.9,3035.0
10555348.0,10555348.0,20000000.0,Dec 15 1989,Paramount Pictures,Based on Play,Comedy,50.0,5.6,7839.0
65011757.0,131011757.0,70000000.0,Jun 17 1994,Sony Pictures,Original Screenplay,Thriller/Suspense,60.0,6.0,20035.0
6448817.0,6448817.0,35000000.0,May 02 1997,MGM,Original Screenplay,Action,10.0,4.0,1202.0
74433837.0,74433837.0,12000000.0,Jun 03 1983,MGM,Original Screenplay,Thriller/Suspense,55.0,6.4,88.0
8824553.0,8824553.0,7000000.0,Jan 10 1991,Trimark,Original Screenplay,Horror,55.0,5.9,4921.0
12500000.0,12500000.0,6000000.0,Dec 31 1955,Warner Bros.,Original Screenplay,Drama,50.0,6.8,2923.0
3902679.0,3902679.0,3000000.0,Sep 24 1993,Trimark,Original Screenplay,Horror,55.0,4.9,1888.0
81525.0,7000000.0,15300000.0,Sep 27 2002,Sony Pictures,Original Screenplay,Drama,55.0,6.5,11647.0
43700000.0,43700000.0,6000000.0,Oct 18 1961,Warner Bros.,Original Screenplay,Drama,92.0,7.7,29488.0
1652472.0,2525984.0,300000.0,Sep 20 1996,Sony Pictures Classics,Original Screenplay,Comedy,55.0,6.4,15106.0
4198137.0,4726732.0,800000.0,May 10 1996,Sony Pictures Classics,Original Screenplay,Comedy,55.0,7.3,13469.0
65532576.0,65532576.0,12000000.0,Feb 08 1985,Paramount Pictures,Original Screenplay,Thriller/Suspense,94.0,7.6,30460.0
88246220.0,264246220.0,175000000.0,Jul 28 1995,Universal,Original Screenplay,Action,42.0,5.7,54126.0
4000000.0,4000000.0,3000000.0,Jun 30 1971,Warner Bros.,Original Screenplay,Drama,90.0,7.8,46824.0
121697323.0,183097323.0,20000000.0,Feb 14 1992,Paramount Pictures,Based on TV,Comedy,84.0,6.9,42570.0
25052000.0,25052000.0,63000000.0,Jun 24 1994,Warner Bros.,Based on Real Life Events,Western,42.0,6.4,15614.0
28202232.0,28202232.0,2777000.0,Aug 25 2039,Warner Bros.,Based on Book/Short Story,Musical,55.0,8.3,102795.0
56679192.0,122079192.0,55000000.0,Mar 15 1996,Warner Bros.,Original Screenplay,Thriller/Suspense,65.0,6.3,18569.0
21750000.0,21750000.0,4000000.0,Jan 01 1960,Warner Bros.,Original Screenplay,Drama,67.0,6.8,3546.0
204632868.0,402500000.0,12000000.0,Dec 26 1973,Warner Bros.,Based on Book/Short Story,Horror,84.0,8.1,103131.0
17378193.0,17378193.0,38000000.0,Sep 27 1996,Sony Pictures,Based on Book/Short Story,Drama,55.0,5.9,8038.0
4000000.0,4000000.0,1644000.0,Dec 31 1937,Warner Bros.,Original Screenplay,Drama,96.0,8.0,8597.0
26792700.0,26792700.0,20000000.0,Jan 12 1996,Paramount Pictures,Based on Book/Short Story,Drama,55.0,5.7,4837.0
44726644.0,44726644.0,13000000.0,Aug 12 1988,20th Century Fox,Original Screenplay,Western,40.0,6.6,21404.0
86300000.0,86300000.0,2800000.0,Dec 15 1974,20th Century Fox,Original Screenplay,Drama,93.0,8.0,57106.0
39012241.0,39012241.0,12000000.0,Nov 18 1983,MGM/UA Classics,Based on Book/Short Story,Musical,71.0,6.2,4952.0
43100000.0,111600000.0,9500000.0,Jun 13 1967,MGM,Based on Book/Short Story,Action,70.0,7.0,24701.0
16892.0,2066892.0,300000.0,Jul 19 2002,Kino International,Original Screenplay,Documentary,55.0,7.3,181.0
19739000.0,19739000.0,18000000.0,Dec 04 1985,Paramount Pictures,Based on Book/Short Story,Adventure,63.0,6.5,7293.0
66941559.0,66941559.0,85000000.0,Nov 22 2000,Walt Disney Pictures,Based on Book/Short Story,Comedy,30.0,4.4,7147.0
38177966.0,38177966.0,13000000.0,Mar 31 1999,Walt Disney Pictures,Based on Play,Romantic Comedy,55.0,6.9,61910.0
94784201.0,269065678.0,105000000.0,Mar 07 2008,Warner Bros.,Original Screenplay,Adventure,9.0,5.8,134.0
54702.0,54702.0,8000000.0,Aug 18 2006,ThinkFilm,Based on Real Life Events,Drama,19.0,6.3,3655.0
0.0,0.0,6000000.0,Aug 12 2005,Warner Bros.,Original Screenplay,Drama,55.0,7.3,18261.0
80048433.0,170764033.0,25000000.0,Jan 18 2008,Paramount Pictures,Original Screenplay,Action,76.0,7.4,136068.0
12234694.0,18184083.0,20000000.0,Mar 27 2009,20th Century Fox,Original Screenplay,Action,28.0,5.4,8914.0
3287435.0,3705923.0,3000000.0,May 24 2002,Sony Pictures Classics,Original Screenplay,Drama,55.0,7.1,6188.0
57139723.0,96439723.0,30000000.0,Apr 23 2004,Sony Pictures,Original Screenplay,Comedy,55.0,6.1,32634.0
41867960.0,68467960.0,19000000.0,Oct 26 2001,Warner Bros.,Original Screenplay,Horror,55.0,5.1,23243.0
71985628.0,128529299.0,22500000.0,Jun 22 2007,MGM,Based on Book/Short Story,Horror,78.0,6.9,72913.0
24375436.0,56331864.0,42000000.0,Mar 09 2001,New Line,Original Screenplay,Thriller/Suspense,32.0,6.1,25566.0
10744.0,10744.0,1000000.0,Sep 03 2010,Waterdog Films,Original Screenplay,Romantic Comedy,55.0,6.4,15106.0
36895141.0,65595141.0,45000000.0,Mar 03 2006,Warner Bros.,Original Screenplay,Action,55.0,6.7,41207.0
229311.0,229311.0,18000000.0,Sep 24 1999,MGM,Original Screenplay,Drama,55.0,5.7,627.0
9055010.0,10419084.0,30000000.0,Sep 24 2004,20th Century Fox,Original Screenplay,Romantic Comedy,8.0,4.7,6839.0
166112167.0,766812167.0,200000000.0,Nov 13 2009,Sony Pictures,Original Screenplay,Action,39.0,6.2,396.0
1442338.0,19202856.0,12000000.0,Aug 05 2005,Sony Pictures Classics,Original Screenplay,Drama,55.0,7.5,19431.0
541636.0,541636.0,66000.0,Feb 26 1999,Fox Searchlight,Original Screenplay,Comedy,55.0,4.9,1423.0
81159365.0,157852532.0,35000000.0,Mar 21 2008,Sony Pictures,Based on Book/Short Story,Thriller/Suspense,35.0,6.7,60918.0
16248701.0,60448701.0,20000000.0,Nov 21 2003,Focus Features,Original Screenplay,Drama,81.0,7.9,77910.0
13084595.0,23928503.0,4500000.0,Dec 19 2002,Walt Disney Pictures,Based on Book/Short Story,Drama,78.0,7.9,58781.0
37035515.0,62063972.0,43000000.0,Apr 14 2000,Sony Pictures,Original Screenplay,Comedy,30.0,5.8,17937.0
45064915.0,82719885.0,15000000.0,Jun 27 2003,Fox Searchlight,Original Screenplay,Horror,89.0,7.6,103525.0
28638916.0,64238440.0,15000000.0,May 11 2007,20th Century Fox,Original Screenplay,Horror,55.0,7.1,69558.0
18947630.0,39925603.0,72000000.0,Jun 25 2004,Universal,Original Screenplay,Drama,77.0,6.0,127.0
44875481.0,44875481.0,37000000.0,Feb 26 2010,Warner Bros.,Original Screenplay,Comedy,19.0,5.7,16520.0
3149034.0,11549034.0,12000000.0,Feb 13 2009,Magnolia Pictures,Original Screenplay,Drama,55.0,7.3,10325.0
22991379.0,27848418.0,20000000.0,Oct 07 2005,Universal,Original Screenplay,Drama,55.0,6.4,15106.0
42023715.0,47855342.0,30000000.0,Sep 19 2003,New Line,Original Screenplay,Drama,60.0,7.5,19040.0
22235901.0,22391450.0,13000000.0,Sep 07 2001,Sony Pictures,Original Screenplay,Romantic Comedy,43.0,5.6,2370.0
93354918.0,199043309.0,60000000.0,Dec 20 2002,Warner Bros.,Original Screenplay,Romantic Comedy,42.0,5.8,35515.0
210614939.0,456068181.0,60000000.0,Mar 09 2007,Warner Bros.,Based on Comic/Graphic Novel,Action,60.0,7.8,235508.0
39568996.0,75066323.0,30000000.0,Oct 19 2007,Sony Pictures,Based on Comic/Graphic Novel,Horror,49.0,6.6,52518.0
60652036.0,107752036.0,48000000.0,Oct 01 1999,Warner Bros.,Original Screenplay,Action,94.0,7.3,68726.0
15738632.0,18708848.0,62000000.0,Feb 23 2001,Warner Bros.,Original Screenplay,Drama,14.0,5.6,20094.0
9821335.0,9821335.0,4000000.0,Mar 01 2000,MGM,Original Screenplay,Comedy,55.0,2.9,905.0
53606916.0,69791889.0,48000000.0,Sep 02 2007,Lionsgate,Remake,Western,89.0,7.9,98355.0
37939782.0,95092667.0,17000000.0,Mar 01 2002,Miramax,Original Screenplay,Romantic Comedy,38.0,5.4,27912.0
109449237.0,177339049.0,26000000.0,Aug 19 2005,Universal,Original Screenplay,Comedy,55.0,7.5,94557.0
74494381.0,92494381.0,30000000.0,Aug 12 2005,Paramount Pictures,Original Screenplay,Drama,52.0,6.8,38311.0
120146040.0,163546040.0,80000000.0,Nov 26 2008,Warner Bros.,Original Screenplay,Comedy,25.0,5.7,14690.0
18306166.0,29882645.0,35000000.0,Sep 20 2002,Paramount Pictures,Based on Book/Short Story,Drama,41.0,6.3,13204.0
26218170.0,41826604.0,10000000.0,Nov 06 2009,Universal,Original Screenplay,Thriller/Suspense,17.0,6.0,16107.0
1196321.0,4723542.0,900000.0,Jan 25 2008,IFC Films,Original Screenplay,Drama,55.0,6.4,15106.0
120776832.0,196376832.0,75000000.0,Feb 13 2004,Sony Pictures,Original Screenplay,Romantic Comedy,44.0,6.8,64701.0
134624.0,134624.0,2000000.0,Sep 18 1998,Palm Pictures,Original Screenplay,Drama,60.0,6.4,3462.0
34543701.0,96024898.0,82000000.0,Nov 17 2000,Sony Pictures,Original Screenplay,Action,40.0,5.8,32606.0
69951824.0,166617328.0,54000000.0,Dec 19 2008,Sony Pictures,Original Screenplay,Drama,27.0,7.6,62718.0
16930884.0,32955399.0,30000000.0,Apr 18 2008,Sony Pictures,Original Screenplay,Thriller/Suspense,5.0,5.9,31205.0
81612565.0,120612565.0,40000000.0,Feb 17 2006,Walt Disney Pictures,Remake,Adventure,71.0,7.3,17717.0
17266505.0,17266505.0,30000000.0,Jul 17 2002,Warner Bros.,Original Screenplay,Comedy,47.0,5.4,18173.0
116724075.0,242924075.0,41000000.0,Nov 08 2002,Universal,Original Screenplay,Drama,74.0,6.7,55877.0
3076425.0,42376425.0,8000000.0,Sep 20 2002,Focus Features,Based on Play,Musical,55.0,7.0,13631.0
31749894.0,46603791.0,30000000.0,Sep 09 2009,Focus Features,Original Screenplay,Adventure,55.0,7.8,1488.0
1222889.0,12412889.0,1500000.0,Apr 19 2002,Sony Pictures Classics,Original Screenplay,Drama,55.0,6.4,15106.0
16323969.0,26323969.0,30000000.0,Apr 09 2004,Warner Bros.,Original Screenplay,Comedy,4.0,5.1,20807.0
57262492.0,85262492.0,24000000.0,Feb 18 2000,Warner Bros.,Original Screenplay,Comedy,45.0,6.6,42928.0
40803000.0,129949664.0,27000000.0,May 17 2002,Universal,Based on Book/Short Story,Romantic Comedy,93.0,7.4,48875.0
162798565.0,363109485.0,45000000.0,Nov 20 1998,Walt Disney Pictures,Original Screenplay,Adventure,91.0,7.3,56866.0
10719367.0,12219367.0,25000000.0,Oct 18 2002,Paramount Pictures,Original Screenplay,Thriller/Suspense,17.0,4.8,5361.0
50068310.0,50068310.0,50000000.0,Feb 14 1997,Sony Pictures,Based on Book/Short Story,Thriller/Suspense,46.0,6.5,20154.0
1253413.0,3061763.0,4750000.0,Jan 27 2006,Picturehouse,Based on Book/Short Story,Comedy,55.0,6.4,15106.0
294244.0,294244.0,4000000.0,May 08 2009,Sony Pictures Classics,Original Screenplay,Drama,55.0,6.3,1437.0
22498520.0,22498520.0,18500000.0,Dec 06 2002,Sony Pictures,Based on Book/Short Story,Comedy,91.0,7.9,67135.0
3203044.0,13203044.0,18000000.0,Sep 19 2003,Dreamworks SKG,Original Screenplay,Romantic Comedy,40.0,6.4,13010.0
21078145.0,23367586.0,12500000.0,Dec 19 2002,Fox Searchlight,Based on Real Life Events,Drama,79.0,7.3,13258.0
25857987.0,47953341.0,55000000.0,Dec 02 2005,Paramount Pictures,Based on TV,Action,10.0,8.1,1193.0
28328132.0,38329114.0,57000000.0,Nov 12 2004,New Line,Original Screenplay,Action,18.0,6.2,19793.0
7459300.0,42064105.0,35000000.0,Nov 10 2006,20th Century Fox,Based on Book/Short Story,Drama,24.0,6.8,23149.0
599903.0,32912303.0,70000000.0,May 28 2010,Newmarket Films,Original Screenplay,Drama,55.0,7.3,10054.0
24646936.0,27555061.0,3000000.0,Aug 01 1997,Walt Disney Pictures,Original Screenplay,Comedy,45.0,4.6,4698.0
172956409.0,315268353.0,85000000.0,Jul 25 1997,Sony Pictures,Original Screenplay,Action,78.0,6.3,61394.0
18848430.0,18948425.0,8000000.0,Apr 28 2006,Lionsgate,Original Screenplay,Drama,83.0,7.6,8245.0
7221458.0,9521458.0,55000000.0,Sep 22 2006,Sony Pictures,Based on Book/Short Story,Drama,11.0,6.0,11994.0
22406362.0,23911362.0,92000000.0,Apr 09 2004,Walt Disney Pictures,Based on Real Life Events,Western,30.0,5.9,10063.0
25482931.0,25873145.0,14000000.0,Mar 08 2002,New Line,Original Screenplay,Comedy,29.0,5.3,4366.0
353480.0,353480.0,5000000.0,Jan 17 1997,Miramax,Original Screenplay,Drama,55.0,5.9,4377.0
127214072.0,163379330.0,38000000.0,Sep 27 2002,Walt Disney Pictures,Original Screenplay,Comedy,37.0,5.8,29891.0
48114556.0,48563556.0,45000000.0,Dec 25 2004,20th Century Fox,Based on TV,Comedy,21.0,4.0,4801.0
334191110.0,1023291110.0,200000000.0,Mar 05 2010,Walt Disney Pictures,Based on Book/Short Story,Adventure,51.0,6.7,63458.0
13395939.0,35195939.0,40000000.0,Nov 05 2004,Paramount Pictures,Remake,Comedy,49.0,6.1,20769.0
120620.0,1470620.0,2000000.0,Apr 15 2005,Matson,Based on Real Life Events,Drama,55.0,7.3,7631.0
58183966.0,84383966.0,109000000.0,Dec 25 2001,Sony Pictures,Based on Real Life Events,Drama,67.0,6.6,31785.0
47795018.0,160700000.0,60000000.0,Nov 26 1997,20th Century Fox,Original Screenplay,Action,55.0,6.2,66141.0
80930630.0,203630630.0,9000000.0,May 25 1979,20th Century Fox,Original Screenplay,Horror,97.0,8.5,180387.0
21835784.0,47835784.0,25000000.0,Apr 22 2005,Walt Disney Pictures,Original Screenplay,Comedy,41.0,6.4,17929.0
15527125.0,18120267.0,45000000.0,Dec 25 2000,Miramax,Based on Book/Short Story,Western,32.0,5.7,6511.0
32522352.0,47371191.0,60000000.0,Sep 15 2000,Dreamworks SKG,Original Screenplay,Comedy,88.0,8.0,94424.0
100289690.0,173219280.0,175000000.0,Jun 22 2007,Universal,Original Screenplay,Comedy,23.0,5.5,43164.0
242704995.0,485004995.0,81000000.0,May 23 2003,Universal,Original Screenplay,Comedy,48.0,6.6,92494.0
184255.0,184255.0,9000000.0,Oct 25 2002,MGM,Original Screenplay,Drama,55.0,6.4,15106.0
5178569.0,8178569.0,20000000.0,Jan 28 2005,Lionsgate,Based on Game,Horror,1.0,2.3,26028.0
10115431.0,10115431.0,20000000.0,Sep 17 2010,Lionsgate,Original Screenplay,Adventure,55.0,6.2,83.0
74058698.0,105159085.0,28000000.0,Apr 06 2001,Paramount Pictures,Based on Book/Short Story,Thriller/Suspense,32.0,6.1,22994.0
1779284.0,1779284.0,12000000.0,Jun 14 2002,ThinkFilm,Based on Book/Short Story,Drama,77.0,6.9,7943.0
0.0,22860477.0,28000000.0,Dec 31 2007,Warner Bros.,Based on Book/Short Story,Adventure,55.0,5.9,4944.0
217326974.0,360578644.0,55000000.0,Dec 14 2007,20th Century Fox,Based on TV,Comedy,27.0,5.5,19200.0
14208384.0,15358583.0,30000000.0,Jun 20 2003,Warner Bros.,Original Screenplay,Drama,11.0,5.4,6539.0
34297191.0,167297191.0,155000000.0,Nov 24 2004,Warner Bros.,Based on Real Life Events,Adventure,16.0,5.4,59498.0
5719000.0,5719000.0,1800000.0,Nov 15 2002,Goldwyn Entertainment,Based on Book/Short Story,Drama,55.0,6.4,15106.0
130058047.0,356258047.0,15000000.0,Sep 15 1999,Dreamworks SKG,Original Screenplay,Drama,89.0,8.6,292562.0
7013191.0,7013191.0,20000000.0,Oct 03 2008,Vivendi Entertainment,Original Screenplay,Comedy,12.0,4.5,6000.0
7314027.0,16510971.0,17000000.0,Apr 21 2006,Universal,Original Screenplay,Black Comedy,40.0,5.7,15097.0
14246488.0,19722782.0,40000000.0,Oct 23 2009,Fox Searchlight,Based on Book/Short Story,Drama,21.0,5.7,3238.0
33201661.0,174201661.0,10350000.0,Nov 02 2001,Miramax,Original Screenplay,Comedy,55.0,8.5,181085.0
6719864.0,6719864.0,10000000.0,Oct 30 1998,New Line,Original Screenplay,Drama,83.0,8.6,224857.0
130164645.0,265697825.0,100000000.0,Nov 02 2007,Universal,Based on Real Life Events,Drama,79.0,7.9,114060.0
16298046.0,27844063.0,14000000.0,May 05 2006,Freestyle Releasing,Based on Book/Short Story,Horror,12.0,4.9,13510.0
44212592.0,44212592.0,40000000.0,Dec 12 1997,Dreamworks SKG,Based on Real Life Events,Drama,77.0,7.1,28477.0
927107.0,927107.0,6800000.0,Aug 11 2000,Zeitgeist,Based on Book/Short Story,Drama,55.0,7.2,2974.0
5383834.0,20883834.0,2000000.0,Mar 30 2001,Lionsgate,Original Screenplay,Drama,55.0,8.1,61083.0
145096820.0,286500000.0,30000000.0,Aug 10 2001,Universal,Original Screenplay,Comedy,52.0,6.2,66751.0
104354205.0,126425115.0,55000000.0,Aug 01 2003,Universal,Original Screenplay,Comedy,56.0,6.1,52210.0
101800948.0,234800000.0,12000000.0,Jul 09 1999,Universal,Original Screenplay,Comedy,59.0,6.9,106624.0
15070285.0,28674417.0,8000000.0,Apr 14 2000,Lionsgate,Based on Book/Short Story,Black Comedy,66.0,7.4,99424.0
6003587.0,7978681.0,2000000.0,Aug 15 2003,Fine Line,Based on Comic/Graphic Novel,Drama,94.0,7.6,23686.0
93607673.0,157627733.0,46000000.0,Jul 20 2001,Sony Pictures,Original Screenplay,Romantic Comedy,32.0,5.7,26899.0
65233369.0,108047131.0,18500000.0,Apr 15 2005,MGM,Remake,Horror,24.0,5.8,26303.0
31526393.0,70326393.0,25000000.0,Aug 27 2004,Sony Pictures,Original Screenplay,Horror,55.0,4.3,9565.0
65598907.0,136998907.0,45000000.0,Apr 11 1997,Sony Pictures,Original Screenplay,Horror,38.0,4.2,29430.0
58403409.0,139801410.0,53000000.0,Nov 14 1997,20th Century Fox,Based on Book/Short Story,Musical,85.0,6.6,16513.0
84136909.0,89366354.0,25000000.0,Jul 09 2004,Dreamworks SKG,Original Screenplay,Comedy,55.0,7.0,78249.0
133375846.0,485975846.0,150000000.0,May 15 2009,Sony Pictures,Based on Book/Short Story,Thriller/Suspense,35.0,6.7,60114.0
13038660.0,13038660.0,25000000.0,Dec 24 1999,Paramount Pictures,Based on Book/Short Story,Drama,52.0,7.0,10185.0
24044532.0,24044532.0,38000000.0,May 18 2001,Warner Bros.,Original Screenplay,Drama,32.0,5.5,11089.0
135560942.0,195660942.0,56000000.0,Apr 11 2003,Sony Pictures,Original Screenplay,Comedy,43.0,6.1,57088.0
30331165.0,30331165.0,17000000.0,Oct 02 1998,Paramount Pictures,Based on TV,Comedy,11.0,5.7,23259.0
55762229.0,55762229.0,22000000.0,Jun 01 2001,Sony Pictures,Original Screenplay,Comedy,30.0,4.6,18601.0
39251128.0,39251128.0,75000000.0,Dec 17 1999,20th Century Fox,Based on Book/Short Story,Drama,51.0,6.5,14881.0
32122249.0,54994757.0,60000000.0,Dec 06 2002,Warner Bros.,Original Screenplay,Comedy,27.0,5.6,24090.0
106885658.0,176885658.0,30000000.0,Mar 05 1999,Warner Bros.,Original Screenplay,Comedy,68.0,6.6,52894.0
28142535.0,55181129.0,45000000.0,Jul 28 2006,Warner Bros.,Based on Book/Short Story,Adventure,63.0,6.2,7766.0
10965209.0,10965209.0,30000000.0,Jan 12 2001,MGM,Original Screenplay,Thriller/Suspense,25.0,6.0,16263.0
15962471.0,60862471.0,40000000.0,Oct 20 2006,Sony Pictures,Based on Book/Short Story,Drama,55.0,6.4,31877.0
90757863.0,152457863.0,60000000.0,Oct 02 1998,Dreamworks SKG,Original Screenplay,Adventure,95.0,6.8,37343.0
18653615.0,18653615.0,23000000.0,Nov 12 1999,20th Century Fox,Based on Book/Short Story,Drama,64.0,5.9,8514.0
20211394.0,26111394.0,20000000.0,Sep 19 2008,Warner Bros.,Based on Book/Short Story,Western,76.0,6.8,22836.0
50866635.0,117785051.0,40000000.0,Dec 08 2006,Walt Disney Pictures,Original Screenplay,Adventure,64.0,7.9,82162.0
2528664.0,3284124.0,300000.0,Oct 17 2003,MGM,Original Screenplay,Comedy,85.0,7.2,12153.0
20733485.0,21277770.0,5000000.0,Dec 17 1997,October Films,Original Screenplay,Drama,91.0,7.1,7757.0
18597342.0,22978953.0,17000000.0,Mar 03 2006,20th Century Fox,Based on Book/Short Story,Comedy,52.0,4.6,9116.0
1693000.0,1693000.0,15500000.0,Nov 15 2002,Miramax,Original Screenplay,Drama,56.0,6.6,6763.0
82674398.0,97918663.0,20000000.0,Jan 21 2005,Sony Pictures,Original Screenplay,Romantic Comedy,12.0,4.2,8740.0
24419219.0,24419219.0,21500000.0,Jul 09 1999,Sony Pictures,Original Screenplay,Thriller/Suspense,60.0,7.2,36051.0
201578182.0,554600000.0,140000000.0,Jul 01 1998,Walt Disney Pictures,Original Screenplay,Adventure,42.0,6.1,194.0
13684949.0,13684949.0,10000000.0,Jun 28 2002,Paramount Pictures,Based on TV,Adventure,30.0,5.3,1629.0
5881504.0,6429865.0,39000000.0,Feb 20 2004,Paramount Pictures,Based on Real Life Events,Drama,12.0,5.2,3547.0
51877963.0,203877963.0,90000000.0,Jul 07 2004,Walt Disney Pictures,Traditional/Legend/Fairytale,Adventure,31.0,6.2,53106.0
15132763.0,110102340.0,80000000.0,Dec 15 2006,Weinstein Co.,Based on Book/Short Story,Adventure,55.0,5.9,7626.0
78616689.0,235900000.0,90000000.0,Jun 29 2001,Warner Bros.,Based on Book/Short Story,Drama,55.0,6.9,91901.0
30199105.0,30199105.0,40000000.0,Aug 25 2000,Warner Bros.,Original Screenplay,Thriller/Suspense,16.0,5.5,12484.0
19551067.0,44093014.0,65000000.0,Oct 23 2009,Summit Entertainment,Based on Comic/Graphic Novel,Adventure,55.0,6.4,5265.0
9228788.0,30710147.0,7000000.0,Oct 02 2009,Focus Features,Original Screenplay,Comedy,88.0,7.2,32396.0
11003643.0,11003643.0,13000000.0,Feb 23 2007,Warner Bros.,Original Screenplay,Drama,55.0,6.4,10506.0
148478011.0,314111923.0,50000000.0,Dec 24 1997,Sony Pictures,Original Screenplay,Romantic Comedy,85.0,7.8,92240.0
9176000.0,19112672.0,7000000.0,Dec 11 2009,Weinstein Co.,Based on Book/Short Story,Drama,85.0,7.6,14548.0
16316273.0,16316273.0,17000000.0,Dec 11 1998,Paramount Pictures,Based on Book/Short Story,Drama,90.0,7.6,29095.0
20040895.0,36040895.0,30000000.0,Jan 19 2005,Focus/Rogue Pictures,Remake,Action,60.0,7.4,13456.0
10672566.0,10672566.0,34000000.0,Aug 27 1999,New Line,Original Screenplay,Thriller/Suspense,16.0,4.9,20259.0
77222099.0,176047914.0,110000000.0,Jun 11 2010,20th Century Fox,Based on TV,Action,47.0,7.2,29886.0
22365133.0,22365133.0,40000000.0,Jan 15 1999,MGM,Original Screenplay,Drama,33.0,5.6,6872.0
5520368.0,5520368.0,750000.0,Apr 13 2007,First Look,Based on TV,Comedy,55.0,6.4,15106.0
21170563.0,21170563.0,17000000.0,Mar 31 2006,Warner Bros.,Original Screenplay,Comedy,63.0,4.7,5480.0
84052762.0,186049020.0,90000000.0,Jun 08 2001,Walt Disney Pictures,Based on Book/Short Story,Adventure,55.0,6.4,15552.0
24185781.0,30885781.0,31000000.0,Sep 28 2001,Warner Bros.,Based on Book/Short Story,Drama,49.0,6.8,16336.0
37752931.0,90717684.0,40000000.0,Aug 11 2000,MGM,Original Screenplay,Drama,21.0,4.8,9309.0
50980159.0,129425746.0,30000000.0,Dec 07 2007,Focus Features,Based on Book/Short Story,Drama,83.0,7.9,75491.0
6525762.0,11799060.0,4000000.0,Oct 11 2002,Lionsgate,Based on Book/Short Story,Black Comedy,44.0,6.7,26634.0
31664162.0,65627510.0,25000000.0,Nov 17 2007,Warner Bros.,Based on Real Life Events,Drama,37.0,7.5,28650.0
24343673.0,29367143.0,45000000.0,Sep 14 2007,Sony Pictures,Original Screenplay,Musical,53.0,7.5,45611.0
206040085.0,309600000.0,35000000.0,Jun 10 1999,New Line,Original Screenplay,Comedy,55.0,6.6,81005.0
213117789.0,292738626.0,63000000.0,Jul 25 2002,New Line,Original Screenplay,Comedy,54.0,6.2,69140.0
53883989.0,67683989.0,18000000.0,May 02 1997,New Line,Original Screenplay,Comedy,55.0,7.1,74487.0
49551662.0,207482792.0,78000000.0,Nov 26 2008,20th Century Fox,Original Screenplay,Drama,54.0,6.8,38089.0
2062066.0,2703821.0,7000000.0,Oct 18 2002,Sony Pictures Classics,Based on Book/Short Story,Drama,72.0,6.6,7236.0
760167650.0,2767891499.0,237000000.0,Dec 18 2009,20th Century Fox,Original Screenplay,Action,83.0,8.3,261439.0
23385416.0,48585416.0,60000000.0,Aug 14 1998,Warner Bros.,Based on TV,Action,15.0,3.4,21432.0
102608827.0,214608827.0,110000000.0,Dec 17 2004,Miramax,Based on Real Life Events,Drama,88.0,7.6,85740.0
80281096.0,172543519.0,70000000.0,Aug 13 2004,20th Century Fox,Spin-Off,Horror,55.0,5.4,63019.0
24004159.0,72004159.0,110000000.0,Jun 16 2004,Walt Disney Pictures,Remake,Adventure,30.0,5.6,21516.0
14373825.0,30757745.0,8600000.0,Nov 30 2007,Weinstein Co.,Original Screenplay,Thriller/Suspense,24.0,6.5,26076.0
1071240.0,2476491.0,8000000.0,Jun 06 2008,Sony Pictures Classics,Based on Book/Short Story,Drama,55.0,6.8,1798.0
9451946.0,10108016.0,21000000.0,Jun 05 2009,Focus Features,Original Screenplay,Comedy,66.0,7.3,14929.0
54997476.0,104488383.0,50000000.0,Sep 28 2001,20th Century Fox,Based on Book/Short Story,Thriller/Suspense,23.0,6.1,22157.0
18319860.0,69131860.0,80000000.0,Nov 25 1998,Universal,Based on Book/Short Story,Adventure,61.0,6.1,9918.0
34302837.0,135302837.0,20000000.0,Oct 27 2006,Paramount Vantage,Original Screenplay,Drama,69.0,7.6,95122.0
22532572.0,70216497.0,45000000.0,Aug 29 2008,20th Century Fox,Based on Book/Short Story,Action,7.0,5.3,27189.0
17321573.0,17322212.0,12000000.0,Jan 09 2004,Miramax,Original Screenplay,Comedy,55.0,4.0,2010.0
9109322.0,9109322.0,20000000.0,Aug 27 2004,Sony Pictures,Original Screenplay,Comedy,55.0,1.4,10886.0
27151490.0,27151490.0,13000000.0,Mar 12 1999,Sony Pictures,Original Screenplay,Comedy,2.0,2.2,9038.0
138540870.0,272940870.0,130000000.0,Jul 18 2003,Sony Pictures,Original Screenplay,Action,24.0,6.2,58002.0
30157016.0,69157016.0,70000000.0,Jun 07 2002,Walt Disney Pictures,Original Screenplay,Action,10.0,5.3,17901.0
5211842.0,40311842.0,5000000.0,Nov 19 2004,Sony Pictures Classics,Original Screenplay,Drama,55.0,7.5,21756.0
1702112.0,8162545.0,25000000.0,Nov 20 2009,First Look,Remake,Drama,87.0,6.4,15106.0
32868349.0,33500620.0,35000000.0,Jul 22 2005,Paramount Pictures,Remake,Comedy,55.0,7.1,7749.0
60355347.0,163415735.0,37000000.0,Sep 12 2008,Focus Features,Original Screenplay,Black Comedy,78.0,7.2,92553.0
15325127.0,15471969.0,35000000.0,Sep 15 2000,Warner Bros.,Original Screenplay,Action,26.0,5.6,5143.0
21799652.0,21799652.0,16000000.0,Jun 16 2000,Miramax,Original Screenplay,Romantic Comedy,11.0,4.9,7779.0
5241315.0,5241315.0,10000000.0,Apr 05 2000,Sony Pictures,Original Screenplay,Drama,55.0,6.6,452.0
15298133.0,46598133.0,45000000.0,Sep 05 2008,Lionsgate,Remake,Action,9.0,5.4,20931.0
30306281.0,38067218.0,10000000.0,Sep 20 2002,20th Century Fox,Original Screenplay,Comedy,47.0,5.5,7435.0
8460000.0,8460000.0,5000000.0,May 09 2003,Miramax,Original Screenplay,Drama,55.0,7.8,14322.0
11156471.0,11156471.0,15000000.0,Apr 03 1998,Polygram,Based on TV,Adventure,55.0,2.1,1456.0
5946136.0,35417162.0,70000000.0,Mar 31 2006,Sony Pictures,Original Screenplay,Thriller/Suspense,7.0,3.9,16784.0
26599248.0,42598498.0,50000000.0,Mar 28 2003,Sony Pictures,Original Screenplay,Thriller/Suspense,21.0,6.3,25960.0
205343774.0,372353017.0,150000000.0,Jun 15 2005,Warner Bros.,Based on Comic/Graphic Novel,Action,84.0,8.3,270641.0
21471685.0,29725663.0,80000000.0,May 12 2000,Warner Bros.,Based on Book/Short Story,Action,55.0,2.3,39316.0
533345358.0,1022345358.0,185000000.0,Jul 18 2008,Warner Bros.,Based on Comic/Graphic Novel,Action,93.0,8.9,465000.0
10155691.0,10155691.0,6500000.0,Oct 22 1999,Sony/Columbia,Original Screenplay,Horror,17.0,3.3,5565.0
280351.0,280351.0,1000000.0,Aug 22 2003,Miramax,Original Screenplay,Comedy,43.0,6.1,2524.0
28734552.0,28734552.0,16000000.0,Jun 27 2001,Sony Pictures,Original Screenplay,Drama,69.0,6.1,4485.0
127509326.0,329809326.0,160000000.0,Dec 25 2008,Paramount Pictures,Based on Book/Short Story,Drama,72.0,8.0,137120.0
60494212.0,64391484.0,20000000.0,Apr 25 2008,Universal,Original Screenplay,Comedy,63.0,6.1,16128.0
29374178.0,40435694.0,40000000.0,Aug 11 2000,Paramount Pictures,Based on Book/Short Story,Thriller/Suspense,3.0,4.8,7765.0
21731001.0,36882378.0,21000000.0,Nov 05 1999,New Line,Remake,Romantic Comedy,9.0,4.8,9030.0
1744858.0,2022442.0,1000000.0,Sep 29 2000,Sony Pictures Classics,Original Screenplay,Comedy,55.0,6.6,3731.0
55849401.0,94849401.0,75000000.0,Mar 04 2005,MGM,Based on Book/Short Story,Comedy,30.0,5.6,32082.0
163479795.0,234779795.0,30000000.0,Jun 25 1999,Sony Pictures,Original Screenplay,Comedy,40.0,4.7,48.0
37879996.0,90376224.0,48000000.0,Oct 20 2000,20th Century Fox,Remake,Comedy,49.0,5.9,30946.0
39394666.0,108394666.0,67500000.0,Oct 10 2008,Warner Bros.,Based on Book/Short Story,Thriller/Suspense,52.0,7.2,53921.0
57377916.0,171377916.0,100000000.0,Dec 08 2006,Warner Bros.,Original Screenplay,Action,62.0,8.0,118925.0
33302167.0,229736344.0,25000000.0,Aug 24 2007,Universal,Based on TV,Comedy,50.0,6.0,28950.0
3134509.0,3134509.0,9000000.0,Sep 29 2000,Destination Films,Original Screenplay,Drama,15.0,4.4,2238.0
63118386.0,63118386.0,12000000.0,Dec 20 1996,Paramount Pictures,Based on TV,Comedy,71.0,6.6,22918.0
32543449.0,76583333.0,5000000.0,Mar 12 2003,Fox Searchlight,Original Screenplay,Drama,55.0,6.9,41052.0
35930604.0,43430604.0,1700000.0,Nov 23 2001,Miramax,Based on Book/Short Story,Drama,93.0,7.5,20888.0
126631277.0,287594577.0,150000000.0,Nov 02 2007,Paramount Pictures,Original Screenplay,Comedy,51.0,6.3,30575.0
475000.0,475000.0,2800000.0,Sep 15 2006,Freestyle Releasing,Original Screenplay,Comedy,55.0,6.4,15106.0
22858926.0,32382381.0,13000000.0,Oct 29 1999,USA Films,Original Screenplay,Black Comedy,92.0,7.9,113568.0
58855732.0,58855732.0,40000000.0,Nov 30 2001,20th Century Fox,Original Screenplay,Action,36.0,6.1,32575.0
8093373.0,9220041.0,3300000.0,Oct 26 2007,Roadside Attractions,Original Screenplay,Drama,55.0,7.3,6562.0
22852487.0,22852487.0,53000000.0,Oct 16 1998,Walt Disney Pictures,Based on Book/Short Story,Drama,77.0,5.3,102.0
7301288.0,14440113.0,2000000.0,Nov 26 2003,Sony Pictures,Original Screenplay,Musical,55.0,7.7,19761.0
2047570.0,2047570.0,500000.0,Oct 22 1999,Universal,Based on Real Life Events,Documentary,82.0,7.2,4067.0
59843754.0,64843754.0,35000000.0,Apr 07 2006,Sony Pictures,Original Screenplay,Comedy,12.0,5.4,17824.0
131591957.0,290191957.0,150000000.0,Jul 01 2010,Paramount Pictures,Based on TV,Adventure,7.0,4.4,16600.0
82195215.0,194995215.0,150000000.0,Nov 16 2007,Paramount Pictures,Based on Book/Short Story,Adventure,70.0,6.6,62513.0
8378141.0,8378141.0,15000000.0,May 22 2002,Miramax,Based on Play,Comedy,58.0,6.7,9345.0
36351350.0,38351350.0,25000000.0,Mar 30 2005,MGM,Spin-Off,Comedy,38.0,5.3,5468.0
3802390.0,3809226.0,250000.0,Apr 11 2003,Paramount Pictures,Original Screenplay,Drama,55.0,7.1,5959.0
47811275.0,52375275.0,15000000.0,Feb 08 2002,Universal,Original Screenplay,Comedy,43.0,5.2,9877.0
66432867.0,123432867.0,70000000.0,Dec 10 2003,Sony Pictures,Based on Book/Short Story,Drama,77.0,8.1,141099.0
5792822.0,11293790.0,2000000.0,Jul 02 2004,Warner Independent,Original Screenplay,Drama,95.0,8.0,45535.0
27066941.0,27066941.0,13000000.0,Apr 24 1998,Sony Pictures,Original Screenplay,Action,41.0,5.8,14157.0
4919896.0,8130727.0,13000000.0,Feb 01 2002,Miramax,Original Screenplay,Romantic Comedy,55.0,6.0,13366.0
17498804.0,46189568.0,15000000.0,Mar 06 1998,Gramercy,Original Screenplay,Comedy,78.0,8.2,177960.0
117559438.0,173559438.0,33000000.0,Jun 02 2000,20th Century Fox,Original Screenplay,Comedy,30.0,4.7,21318.0
108638745.0,173638745.0,95000000.0,Dec 28 2001,Sony Pictures,Based on Book/Short Story,Action,76.0,7.7,98653.0
16500786.0,18260865.0,15000000.0,Jan 28 2000,Destination Films,Original Screenplay,Thriller/Suspense,55.0,4.6,9992.0
6471394.0,6626115.0,50000000.0,Jan 30 2004,Warner Bros.,Based on Book/Short Story,Comedy,55.0,4.8,9195.0
7262288.0,8488871.0,45000000.0,Apr 05 2002,Walt Disney Pictures,Based on Book/Short Story,Comedy,48.0,6.3,11610.0
21995263.0,109280263.0,5000000.0,Oct 13 2000,Focus Features,Original Screenplay,Drama,85.0,7.7,38403.0
58220776.0,87420776.0,90000000.0,Dec 17 1999,Walt Disney Pictures,Based on Book/Short Story,Drama,38.0,6.4,28827.0
5005899.0,14603001.0,20000000.0,Oct 29 2004,New Line,Original Screenplay,Drama,39.0,6.3,25.0
18663911.0,37304637.0,16500000.0,Aug 03 2007,Miramax,Based on Real Life Events,Romantic Comedy,58.0,7.0,15167.0
40203020.0,263894551.0,50000000.0,Nov 12 2004,Universal,Based on Book/Short Story,Romantic Comedy,55.0,5.6,26325.0
71500556.0,281527158.0,25000000.0,Apr 13 2001,Miramax,Based on Book/Short Story,Romantic Comedy,80.0,6.8,58213.0
30060660.0,63060660.0,20000000.0,Mar 07 2008,Lionsgate,Based on Real Life Events,Thriller/Suspense,79.0,7.5,50848.0
70141876.0,131237688.0,45000000.0,Aug 21 1998,New Line,Based on Comic/Graphic Novel,Action,55.0,7.0,64896.0
140539099.0,248300000.0,600000.0,Jul 14 1999,Artisan,Original Screenplay,Horror,85.0,6.2,87629.0
26613620.0,26613620.0,35000000.0,Feb 12 1999,New Line,Original Screenplay,Comedy,60.0,6.4,23243.0
81676888.0,154338601.0,54000000.0,Mar 22 2002,New Line,Based on Comic/Graphic Novel,Action,55.0,5.5,90.0
52397389.0,132397389.0,65000000.0,Dec 08 2004,New Line,Based on Comic/Graphic Novel,Action,55.0,5.7,42477.0
118594548.0,145594548.0,61000000.0,Mar 30 2007,Paramount Pictures,Original Screenplay,Comedy,69.0,6.5,51929.0
255959475.0,301759475.0,35000000.0,Nov 20 2009,Warner Bros.,Based on Factual Book/Article,Drama,66.0,7.7,42320.0
26199517.0,26199517.0,50000000.0,Aug 09 2002,Warner Bros.,Based on Book/Short Story,Thriller/Suspense,54.0,6.3,16751.0
4398392.0,4398392.0,22000000.0,Apr 06 2007,Sony Pictures Classics,Based on Real Life Events,Thriller/Suspense,55.0,8.0,27288.0
16235738.0,16235738.0,9000000.0,Dec 25 2006,MGM,Remake,Horror,15.0,4.3,10424.0
9396870.0,9396870.0,15000000.0,Mar 02 2007,Paramount Vantage,Original Screenplay,Drama,66.0,7.1,28145.0
0.0,0.0,35000000.0,Dec 31 2008,Warner Bros.,Based on Book/Short Story,Drama,55.0,6.4,15106.0
3073392.0,14542658.0,25000000.0,Oct 03 2008,Miramax,Based on Book/Short Story,Thriller/Suspense,42.0,6.6,25508.0
90639088.0,125339088.0,25000000.0,Jul 02 2003,MGM,Original Screenplay,Comedy,55.0,6.4,15106.0
96493426.0,141743426.0,18000000.0,Jul 13 2001,MGM,Original Screenplay,Comedy,67.0,6.2,44128.0
1083350.0,1083350.0,26000000.0,Feb 21 1997,Fox Searchlight,Original Screenplay,Thriller/Suspense,61.0,6.1,4761.0
52990775.0,83282296.0,30000000.0,Apr 06 2001,New Line,Based on Book/Short Story,Drama,54.0,7.4,70218.0
14294842.0,14294842.0,70000000.0,Sep 20 2002,Warner Bros.,Original Screenplay,Action,55.0,3.4,11112.0
40118420.0,51327420.0,30000000.0,Aug 16 2002,Universal,Based on Magazine Article,Drama,62.0,5.5,11699.0
2185266.0,2373937.0,10000000.0,Oct 06 2000,New Line,Original Screenplay,Drama,47.0,6.3,5958.0
170708996.0,316708996.0,78000000.0,Dec 21 2001,Universal,Based on Magazine Article,Drama,78.0,8.0,126067.0
70165972.0,137047376.0,40000000.0,Jan 27 2006,20th Century Fox,Original Screenplay,Comedy,6.0,4.0,11368.0
0.0,0.0,20000000.0,Dec 31 1969,Warner Bros.,Original Screenplay,Drama,55.0,6.4,15106.0
30471.0,250000.0,7000000.0,Jan 21 2000,Indican Pictures,Original Screenplay,Action,19.0,7.8,86172.0
0.0,10496317.0,35000000.0,Sep 22 2006,20th Century Fox,Original Screenplay,Western,62.0,5.6,12103.0
41523271.0,71523271.0,75000000.0,Oct 12 2001,MGM,Original Screenplay,Comedy,63.0,6.5,30732.0
11242801.0,20597806.0,14000000.0,Nov 17 2006,MGM,Based on Real Life Events,Drama,46.0,7.1,23262.0
94835059.0,146452390.0,80000000.0,Jan 15 2010,Warner Bros.,Original Screenplay,Action,47.0,6.9,47733.0
46752382.0,67192859.0,20000000.0,Feb 04 2005,Sony/Screen Gems,Original Screenplay,Horror,13.0,3.9,13901.0
114053579.0,313953579.0,150000000.0,Nov 21 2008,Walt Disney Pictures,Original Screenplay,Comedy,88.0,7.4,32473.0
26814957.0,72944278.0,40000000.0,Feb 29 2008,Sony Pictures,Based on Book/Short Story,Drama,41.0,6.7,26198.0
66488090.0,151463090.0,48000000.0,Nov 05 1999,Universal,Based on Book/Short Story,Thriller/Suspense,27.0,6.3,46961.0
7316658.0,8378853.0,10000000.0,Oct 24 2001,New Line,Original Screenplay,Horror,22.0,3.9,3524.0
2353728.0,8361736.0,20000000.0,Mar 19 2004,Sony Pictures,Original Screenplay,Comedy,76.0,6.5,622.0
26410771.0,43111725.0,15000000.0,Oct 10 1997,New Line,Original Screenplay,Drama,92.0,7.9,70962.0
128505958.0,261572744.0,18000000.0,Nov 03 2006,20th Century Fox,Based on TV,Comedy,55.0,7.7,3612.0
121468960.0,213300000.0,60000000.0,Jun 14 2002,Universal,Based on Book/Short Story,Action,82.0,7.7,122597.0
176087450.0,288587450.0,85000000.0,Jul 23 2004,Universal,Based on Book/Short Story,Action,81.0,7.6,104614.0
227471070.0,442161562.0,130000000.0,Aug 03 2007,Universal,Based on Book/Short Story,Action,93.0,8.2,146025.0
22619589.0,54045832.0,29000000.0,Feb 13 1998,Polygram,Based on Book/Short Story,Comedy,55.0,5.6,4340.0
15549702.0,15549702.0,14000000.0,Aug 22 2003,Miramax/Dimension,Original Screenplay,Romantic Comedy,9.0,4.3,10919.0
36779296.0,53399300.0,35000000.0,Nov 17 2000,Miramax,Original Screenplay,Drama,51.0,5.5,10702.0
21576018.0,58576018.0,3000000.0,Oct 11 2002,MGM,Based on Real Life Events,Documentary,96.0,8.2,76928.0
11540607.0,20741000.0,2000000.0,Oct 08 1999,Fox Searchlight,Original Screenplay,Drama,88.0,7.6,34435.0
9030581.0,39830581.0,12500000.0,Nov 07 2008,Miramax,Based on Book/Short Story,Drama,55.0,7.8,21683.0
23010607.0,23010607.0,52000000.0,Apr 16 2003,MGM,Based on Comic/Graphic Novel,Action,22.0,5.2,17130.0
40334024.0,57753825.0,38000000.0,Mar 23 2001,MGM,Original Screenplay,Comedy,52.0,6.2,20962.0
6601079.0,22064531.0,7000000.0,Feb 11 2005,Miramax,Based on Book/Short Story,Musical,55.0,6.2,9442.0
4426297.0,11427090.0,60000000.0,Oct 24 2003,Paramount Pictures,Original Screenplay,Drama,14.0,6.2,9575.0
58715510.0,115150424.0,30000000.0,Jan 09 2009,20th Century Fox,Original Screenplay,Comedy,12.0,5.0,15762.0
178287.0,178287.0,12000000.0,Sep 17 1999,Walt Disney Pictures,Based on Book/Short Story,Comedy,25.0,4.3,5033.0
852206.0,852206.0,1000000.0,Apr 06 2001,Excel Entertainment,Original Screenplay,Thriller/Suspense,71.0,7.1,758.0
2075743.0,3918941.0,450000.0,Mar 31 2006,Focus/Rogue Pictures,Original Screenplay,Drama,55.0,7.5,37204.0
16640210.0,16640210.0,32000000.0,Oct 22 1999,Paramount Pictures,Based on Book/Short Story,Black Comedy,71.0,6.8,31079.0
50159144.0,50159144.0,36000000.0,May 02 1997,Paramount Pictures,Original Screenplay,Thriller/Suspense,79.0,6.4,15106.0
27163593.0,28319627.0,25000000.0,Mar 05 2010,Overture Films,Remake,Thriller/Suspense,55.0,6.9,14034.0
83043761.0,180343761.0,13900000.0,Dec 09 2005,Focus Features,Based on Book/Short Story,Drama,87.0,7.8,115951.0
12232382.0,12512317.0,9000000.0,May 14 2004,20th Century Fox,Original Screenplay,Romantic Comedy,33.0,5.3,2643.0
118806699.0,202944203.0,52000000.0,Jun 02 2006,Universal,Original Screenplay,Romantic Comedy,55.0,5.9,38285.0
45779.0,45779.0,10000000.0,Feb 27 1998,Walt Disney Pictures,Original Screenplay,Comedy,55.0,3.5,2152.0
0.0,0.0,30000000.0,Dec 31 1969,Warner Bros.,Original Screenplay,Drama,55.0,6.4,15106.0
458232.0,458232.0,8000000.0,May 18 2007,Lionsgate,Original Screenplay,Drama,55.0,6.4,2797.0
16963963.0,28773637.0,9000000.0,Feb 18 2000,New Line,Original Screenplay,Drama,67.0,6.9,22979.0
900926.0,900926.0,10000000.0,Sep 07 2007,Sony/Screen Gems,Original Screenplay,Comedy,15.0,5.2,6044.0
27457409.0,27958191.0,6000000.0,Mar 23 2001,Sony Pictures,Original Screenplay,Comedy,63.0,2.8,153.0
27362712.0,28315272.0,8000000.0,Oct 11 2002,20th Century Fox,Original Screenplay,Romantic Comedy,64.0,6.0,2745.0
4444637.0,9469105.0,8500000.0,Jan 26 2010,Apparition,Based on Real Life Events,Drama,55.0,7.1,5957.0
450594.0,450594.0,12000000.0,Jul 20 2001,Sony Pictures Classics,Original Screenplay,Thriller/Suspense,55.0,7.1,10831.0
7800825.0,30782621.0,15000000.0,Feb 08 2008,Focus Features,Original Screenplay,Comedy,80.0,8.1,97876.0
366301.0,630427.0,10000000.0,Aug 27 2004,WellSpring,Original Screenplay,Drama,55.0,4.9,7465.0
65070412.0,65842412.0,18000000.0,Feb 06 2004,MGM,Original Screenplay,Comedy,55.0,5.5,4848.0
75781642.0,77081642.0,12000000.0,Sep 13 2002,MGM,Original Screenplay,Comedy,82.0,6.2,11164.0
18621249.0,20695413.0,6000000.0,Sep 27 2000,Warner Bros.,Original Screenplay,Comedy,94.0,7.4,24484.0
60060328.0,60063017.0,18000000.0,Nov 26 2003,Miramax/Dimension,Original Screenplay,Comedy,77.0,7.3,45022.0
120831050.0,320389438.0,70000000.0,Aug 21 2009,Weinstein Co.,Original Screenplay,Action,88.0,8.4,178742.0
68208190.0,117448157.0,36000000.0,Sep 17 1999,Sony Pictures,Original Screenplay,Action,35.0,5.9,23545.0
57924679.0,96046844.0,13000000.0,Jan 23 2004,New Line,Original Screenplay,Thriller/Suspense,33.0,7.8,102982.0
45506619.0,65976782.0,26000000.0,Dec 22 2000,Walt Disney Pictures,Traditional/Legend/Fairytale,Comedy,55.0,6.4,15106.0
107325195.0,238317814.0,125000000.0,Jun 20 1997,Warner Bros.,Original Screenplay,Action,11.0,3.5,81283.0
8586376.0,14933713.0,15000000.0,Mar 21 2003,Artisan,Original Screenplay,Comedy,7.0,4.7,13258.0
1239183.0,1239183.0,1000000.0,Sep 19 2003,Vitagraph Films,Based on Book/Short Story,Comedy,55.0,7.3,23110.0
145382.0,145382.0,1600000.0,Jan 27 2006,Magnolia Pictures,Original Screenplay,Drama,55.0,4.6,101.0
5002310.0,5002310.0,13000000.0,Aug 24 2001,Walt Disney Pictures,Original Screenplay,Comedy,30.0,5.4,11073.0
2380606.0,2380606.0,1500000.0,Jun 26 1998,Lionsgate,Original Screenplay,Comedy,78.0,7.3,17762.0
353743.0,353743.0,15000000.0,Jul 25 2003,Miramax,Based on Book/Short Story,Comedy,55.0,6.9,13510.0
26528684.0,29203383.0,30000000.0,May 15 1998,20th Century Fox,Original Screenplay,Comedy,75.0,6.8,15486.0
25534493.0,28575778.0,25100000.0,Oct 17 2008,Lionsgate,Based on Real Life Events,Drama,60.0,6.4,15106.0
66458769.0,98699769.0,55000000.0,Aug 13 1999,Universal,Original Screenplay,Comedy,79.0,6.4,33389.0
63313159.0,131413159.0,80000000.0,Jun 24 2005,Sony Pictures,Based on TV,Comedy,24.0,4.8,26834.0
72779000.0,116618084.0,51000000.0,Aug 04 2006,Paramount Pictures,Original Screenplay,Comedy,23.0,6.4,15106.0
6144806.0,7061637.0,24000000.0,Dec 17 2004,Lionsgate,Based on Real Life Events,Drama,42.0,6.6,8002.0
21158188.0,30553394.0,1500000.0,Sep 12 2003,Lionsgate,Original Screenplay,Horror,55.0,5.4,28417.0
3647381.0,17147381.0,8000000.0,Dec 23 2005,Sony Pictures Classics,Original Screenplay,Drama,55.0,5.5,26.0
8138000.0,8138000.0,12000000.0,Dec 05 2008,Sony Pictures,Based on Real Life Events,Drama,67.0,6.7,5026.0
25358996.0,25358996.0,10000000.0,Jun 12 1998,Sony Pictures,Original Screenplay,Comedy,44.0,6.2,19470.0
28750530.0,46309352.0,7000000.0,Sep 30 2005,Sony Pictures Classics,Based on Real Life Events,Drama,90.0,7.6,41472.0
1060591.0,14253760.0,1600000.0,Feb 01 2008,Roadside Attractions,Original Screenplay,Romantic Comedy,55.0,7.0,3799.0
137855863.0,323743744.0,190000000.0,Nov 06 2009,Walt Disney Pictures,Remake,Drama,53.0,6.4,15106.0
17760244.0,17760244.0,21000000.0,Mar 12 1999,MGM,Based on Book/Short Story,Horror,16.0,4.3,7235.0
244082982.0,461923762.0,70000000.0,Jun 09 2006,Walt Disney Pictures,Original Screenplay,Comedy,74.0,7.5,66809.0
233632142.0,427230516.0,85000000.0,Dec 22 2000,20th Century Fox,Original Screenplay,Drama,89.0,7.5,102936.0
164606800.0,351106800.0,52000000.0,Dec 25 2002,Dreamworks SKG,Based on Book/Short Story,Drama,96.0,5.7,224.0
101018283.0,133818283.0,109000000.0,Nov 21 2003,Universal,Based on Book/Short Story,Comedy,55.0,3.4,15318.0
3588602.0,3588602.0,32000000.0,Mar 26 1997,Warner Bros.,Original Screenplay,Musical,67.0,6.9,1663.0
40202379.0,82102379.0,100000000.0,Jul 23 2004,Warner Bros.,Based on Comic/Graphic Novel,Action,10.0,3.2,34651.0
1276984.0,1953882.0,10000000.0,Aug 11 2000,Artisan,Original Screenplay,Black Comedy,51.0,5.9,7565.0
16988996.0,16988996.0,20000000.0,Jul 26 2002,Walt Disney Pictures,Disney Ride,Adventure,27.0,3.8,2021.0
17200925.0,17200925.0,18000000.0,May 12 2000,Sony Pictures,Original Screenplay,Drama,42.0,6.2,7968.0
53359111.0,117359111.0,30000000.0,Sep 16 2005,Warner Bros.,Traditional/Legend/Fairytale,Adventure,55.0,6.4,15106.0
220175.0,220175.0,12000000.0,Oct 31 1997,Warner Bros.,Original Screenplay,Drama,53.0,6.0,895.0
8047525.0,8047525.0,20000000.0,Apr 16 2004,Universal,Original Screenplay,Comedy,44.0,6.0,4359.0
40048332.0,78353508.0,85000000.0,Feb 08 2002,Warner Bros.,Original Screenplay,Action,55.0,5.2,24358.0
25590119.0,39393111.0,25000000.0,Apr 20 2001,Paramount Pictures,Original Screenplay,Adventure,12.0,4.6,7082.0
5078660.0,6200000.0,12000000.0,Nov 20 1998,Miramax,Original Screenplay,Comedy,41.0,6.1,10978.0
61280963.0,61280963.0,35000000.0,Aug 18 2000,New Line,Original Screenplay,Thriller/Suspense,46.0,6.2,36961.0
32003620.0,45261739.0,45000000.0,Sep 10 2004,New Line,Original Screenplay,Thriller/Suspense,54.0,6.5,32534.0
7871693.0,11817059.0,38000000.0,Oct 10 2008,20th Century Fox,Based on Book/Short Story,Adventure,53.0,6.4,14905.0
206459076.0,474459076.0,150000000.0,Jul 15 2005,Warner Bros.,Remake,Comedy,82.0,7.1,102437.0
4299773.0,5699773.0,14000000.0,Oct 27 2006,Focus Features,Based on Real Life Events,Thriller/Suspense,76.0,6.8,5959.0
100814328.0,227200000.0,120000000.0,Jun 27 2003,Sony Pictures,Based on TV,Action,55.0,4.7,43942.0
125305545.0,263200000.0,90000000.0,Nov 03 2000,Sony Pictures,Based on TV,Adventure,67.0,5.5,60791.0
12006514.0,15155095.0,250000.0,Apr 04 1997,Miramax,Original Screenplay,Romantic Comedy,91.0,7.5,63591.0
170687518.0,307687518.0,30000000.0,Dec 27 2002,Miramax,Based on Musical/Opera,Musical,88.0,7.2,82650.0
135386665.0,314432738.0,60000000.0,Nov 04 2005,Walt Disney Pictures,Original Screenplay,Adventure,36.0,5.8,17415.0
106793915.0,227793915.0,42000000.0,Jun 21 2000,Dreamworks SKG,Original Screenplay,Adventure,96.0,7.3,48307.0
138614544.0,189714544.0,40000000.0,Dec 25 2003,20th Century Fox,Remake,Comedy,24.0,5.6,24283.0
82571173.0,135015330.0,60000000.0,Dec 21 2005,20th Century Fox,Remake,Comedy,7.0,5.2,11858.0
2715657.0,2715657.0,23000000.0,Jun 26 2009,Miramax,Based on Book/Short Story,Drama,54.0,6.1,3307.0
11263966.0,11263966.0,34000000.0,Sep 01 1999,Warner Bros.,Original Screenplay,Action,7.0,4.9,5374.0
32404188.0,50692188.0,25000000.0,Oct 16 1998,Universal,Original Screenplay,Horror,43.0,5.3,13735.0
17016190.0,24716190.0,29000000.0,Nov 12 2004,Focus/Rogue Pictures,Original Screenplay,Horror,32.0,5.1,9897.0
35552383.0,69450202.0,76000000.0,Dec 25 2006,Universal,Based on Book/Short Story,Thriller/Suspense,93.0,8.1,158125.0
3075255.0,9675172.0,13000000.0,Mar 26 2010,Sony Pictures Classics,Original Screenplay,Thriller/Suspense,55.0,6.5,8772.0
4617608.0,31077418.0,45000000.0,Nov 16 2007,New Line,Based on Book/Short Story,Drama,27.0,6.2,8580.0
71309760.0,152500343.0,25000000.0,Dec 15 2000,Miramax,Based on Book/Short Story,Drama,62.0,7.3,56176.0
1031872.0,5527507.0,20000000.0,May 23 2008,Sony Pictures Classics,Based on Real Life Events,Drama,31.0,6.9,4100.0
3629758.0,83529758.0,5500000.0,Nov 26 2004,Miramax,Remake,Drama,55.0,7.8,16391.0
306715.0,306715.0,7000000.0,Mar 13 1998,Trimark,Original Screenplay,Comedy,14.0,2.1,3164.0
1055671.0,1157672.0,250000.0,Jul 14 2000,Artisan,Original Screenplay,Drama,55.0,6.5,3455.0
49526.0,49526.0,6800000.0,Aug 05 2005,Picturehouse,Original Screenplay,Drama,34.0,7.0,10449.0
82985708.0,143985708.0,82500000.0,Dec 15 2006,Paramount Pictures,Based on Book/Short Story,Drama,78.0,6.7,8028.0
61649911.0,108539911.0,88000000.0,Jun 03 2005,Universal,Based on Real Life Events,Drama,80.0,8.0,63111.0
51438175.0,70067909.0,19000000.0,Jul 16 2004,Warner Bros.,Traditional/Legend/Fairytale,Romantic Comedy,10.0,5.4,14904.0
78750909.0,198750909.0,55000000.0,Apr 10 1998,Warner Bros.,Remake,Drama,59.0,6.4,40053.0
56709981.0,56709981.0,60000000.0,Dec 25 1998,Walt Disney Pictures,Based on Book/Short Story,Drama,61.0,6.4,14244.0
206678.0,47300771.0,20000000.0,Mar 07 2008,Sony Pictures Classics,Original Screenplay,Comedy,55.0,6.4,15106.0
11540112.0,11540112.0,16000000.0,Sep 03 2004,Lionsgate,Original Screenplay,Comedy,5.0,3.2,1659.0
622023.0,622023.0,13000000.0,Dec 29 2000,MGM,Based on Book/Short Story,Western,63.0,6.5,3681.0
139225854.0,172825854.0,65000000.0,Nov 01 2002,Walt Disney Pictures,Original Screenplay,Comedy,55.0,5.5,9061.0
95632614.0,161632614.0,80000000.0,Dec 25 2003,Miramax,Based on Book/Short Story,Drama,70.0,7.3,51083.0
138711.0,138711.0,10000.0,Apr 28 2006,Palm Pictures,Original Screenplay,Drama,55.0,6.4,15106.0
137355633.0,237555633.0,82500000.0,Jun 23 2006,Sony Pictures,Original Screenplay,Comedy,32.0,5.0,133.0
8135024.0,8135024.0,20000000.0,Jan 05 2007,New Line,Original Screenplay,Comedy,4.0,4.0,5277.0
378650.0,378650.0,12000000.0,Oct 04 2002,Warner Bros.,Original Screenplay,Drama,53.0,6.2,7887.0
33987757.0,115987757.0,35000000.0,Dec 03 2004,Sony Pictures,Based on Play,Drama,68.0,2.9,212.0
24148068.0,25894473.0,5000000.0,Jul 21 2006,MGM,Original Screenplay,Comedy,63.0,7.7,56668.0
93932896.0,154832896.0,55000000.0,Dec 13 2002,Sony Pictures,Original Screenplay,Romantic Comedy,39.0,4.6,30370.0
112735375.0,224614744.0,75000000.0,Dec 25 2009,Universal,Original Screenplay,Romantic Comedy,57.0,6.7,17748.0
2281585.0,3396508.0,15000000.0,Dec 25 2003,Sony Pictures,Original Screenplay,Drama,69.0,6.2,3649.0
75976178.0,230884728.0,75000000.0,Feb 18 2005,Warner Bros.,Based on Comic/Graphic Novel,Action,46.0,6.7,78705.0
17804273.0,17804273.0,9000000.0,Oct 13 2000,Dreamworks SKG,Original Screenplay,Drama,76.0,6.9,13709.0
5488570.0,19416495.0,6250000.0,Feb 22 2008,Sony Pictures Classics,Based on Real Life Events,Drama,55.0,7.6,16525.0
871577.0,5645350.0,6400000.0,Oct 10 2007,Weinstein Co.,Based on Book/Short Story,Drama,87.0,7.8,19466.0
119621.0,119621.0,15000000.0,Aug 27 2010,Magnolia Pictures,Original Screenplay,Drama,55.0,6.5,8997.0
67264877.0,76669806.0,45000000.0,Jan 14 2005,Paramount Pictures,Original Screenplay,Drama,65.0,7.1,23526.0
16007718.0,33013805.0,29000000.0,Dec 31 2002,Miramax,Based on Book/Short Story,Drama,79.0,7.1,36258.0
6113834.0,48846765.0,23000000.0,Sep 25 2009,Sony Pictures Classics,Based on Real Life Events,Drama,55.0,6.5,6720.0
197148.0,197148.0,7500000.0,Aug 06 2004,MGM,Original Screenplay,Drama,55.0,6.3,9608.0
23514247.0,28703083.0,26000000.0,Mar 12 2004,MGM,Original Screenplay,Comedy,55.0,4.1,4063.0
47545060.0,58240458.0,25000000.0,Mar 14 2003,MGM,Original Screenplay,Comedy,38.0,5.1,9527.0
100170152.0,217670152.0,60000000.0,Aug 06 2004,Dreamworks SKG,Original Screenplay,Action,86.0,7.8,105362.0
4694491.0,5629618.0,6000000.0,Aug 29 2008,MGM,Original Screenplay,Comedy,5.0,4.3,6496.0
146028.0,146028.0,12000000.0,Mar 09 2001,Warner Bros.,Original Screenplay,Drama,55.0,5.0,1305.0
119452.0,119452.0,6000000.0,Nov 10 2006,IDP/Goldwyn/Roadside,Original Screenplay,Drama,83.0,6.2,1511.0
101117573.0,224117573.0,80000000.0,Jun 06 1997,Walt Disney Pictures,Original Screenplay,Action,57.0,6.6,76052.0
12212417.0,12212417.0,15000000.0,Apr 25 2003,Lionsgate,Original Screenplay,Drama,71.0,6.8,17111.0
76118990.0,137118990.0,80000000.0,Aug 08 1997,Warner Bros.,Original Screenplay,Thriller/Suspense,51.0,6.5,35719.0
100920329.0,165900000.0,90000000.0,Jul 11 1997,Warner Bros.,Based on Book/Short Story,Drama,67.0,7.3,73684.0
8291572.0,10464788.0,4000000.0,Nov 26 2003,Lionsgate,Original Screenplay,Drama,77.0,7.0,19072.0
355968.0,355968.0,11000000.0,Nov 10 2006,MGM,Based on Real Life Events,Drama,55.0,6.8,5017.0
23978402.0,23978402.0,11000000.0,Oct 12 2001,Walt Disney Pictures,Original Screenplay,Comedy,5.0,4.2,6739.0
75286229.0,124062750.0,60000000.0,Feb 06 2009,Focus Features,Based on Book/Short Story,Adventure,89.0,7.8,38464.0
29331068.0,33051296.0,15000000.0,Feb 20 2004,Walt Disney Pictures,Based on Book/Short Story,Comedy,13.0,4.3,9976.0
23364784.0,38164784.0,20000000.0,Sep 08 2006,Sony/Screen Gems,Based on Comic/Graphic Novel,Thriller/Suspense,3.0,4.8,17736.0
44906632.0,63706632.0,15000000.0,Aug 15 1997,Miramax,Original Screenplay,Drama,71.0,6.9,35192.0
109205660.0,172450423.0,60000000.0,Oct 09 2009,Universal,Original Screenplay,Comedy,12.0,5.5,18332.0
2899970.0,2899970.0,32000000.0,Dec 08 1999,Walt Disney Pictures,Original Screenplay,Drama,64.0,6.7,6127.0
27838408.0,33824696.0,12000000.0,Sep 01 2006,Lionsgate,Original Screenplay,Action,61.0,7.1,71094.0
3357324.0,3357324.0,10000000.0,Oct 04 1996,Fine Line,Based on Book/Short Story,Drama,65.0,6.1,20886.0
39123589.0,43027734.0,20000000.0,Feb 26 2010,Overture Films,Remake,Horror,71.0,6.7,21135.0
1954202.0,1954202.0,15000000.0,Oct 22 1999,Sony Pictures,Based on Book/Short Story,Drama,31.0,5.7,3991.0
13019253.0,13019253.0,23000000.0,Aug 25 2000,Walt Disney Pictures,Original Screenplay,Comedy,19.0,6.0,1307.0
34657731.0,56434942.0,25000000.0,Feb 28 2003,Warner Bros.,Original Screenplay,Horror,26.0,5.4,14834.0
28436931.0,33436931.0,12500000.0,Jul 12 2002,MGM,Based on TV,Comedy,55.0,6.4,15106.0
5217498.0,5217498.0,15000000.0,Jul 19 2000,Warner Bros.,Original Screenplay,Thriller/Suspense,2.0,4.2,2720.0
15164492.0,15164492.0,10000000.0,Mar 12 1999,New Line,Original Screenplay,Action,48.0,5.8,9008.0
6566773.0,75566773.0,45000000.0,Dec 21 2006,Sony Pictures Classics,Based on Play,Action,55.0,7.0,17975.0
54557348.0,98387109.0,6500000.0,May 06 2005,Lionsgate,Original Screenplay,Drama,75.0,6.1,20886.0
7009668.0,7009668.0,5600000.0,Sep 01 2006,Sony Pictures,Original Screenplay,Drama,3.0,1.7000000000000002,7466.0
37188667.0,57000000.0,12000000.0,Feb 15 2002,Paramount Pictures,Original Screenplay,Drama,14.0,6.6,4894.0
54228104.0,54228104.0,40000000.0,Jan 25 2002,Walt Disney Pictures,Based on Book/Short Story,Drama,74.0,7.6,40605.0
38230075.0,75803716.0,11000000.0,Mar 05 1999,Sony Pictures,Based on Book/Short Story,Drama,47.0,6.7,66861.0
0.0,0.0,11500000.0,Nov 27 2009,Warner Bros.,Based on Book/Short Story,Thriller/Suspense,14.0,6.2,1244.0
10047674.0,15585495.0,1000000.0,Sep 16 2005,Focus/Rogue Pictures,Original Screenplay,Thriller/Suspense,24.0,6.4,372.0
39462438.0,47163756.0,8500000.0,Dec 16 2009,Fox Searchlight,Original Screenplay,Drama,92.0,7.4,17255.0
16929123.0,19929123.0,13000000.0,Jun 29 2001,Walt Disney Pictures,Original Screenplay,Drama,55.0,6.3,12102.0
18208078.0,20541668.0,60000000.0,Oct 19 2001,Dreamworks SKG,Original Screenplay,Drama,52.0,6.5,21621.0
36985501.0,38788828.0,26000000.0,Mar 29 2002,Paramount Pictures,Original Screenplay,Adventure,28.0,5.0,6392.0
16703799.0,16930762.0,18000000.0,Feb 06 2004,20th Century Fox,Remake,Adventure,55.0,4.7,3038.0
93375151.0,200700000.0,60000000.0,Jul 04 2001,Warner Bros.,Original Screenplay,Comedy,53.0,5.2,16912.0
493296.0,493296.0,8300000.0,Apr 16 2010,Hyde Park Films,Based on Book/Short Story,Drama,40.0,6.6,430.0
7563397.0,28763397.0,3300000.0,Jan 17 2003,Miramax,Based on Book/Short Story,Drama,55.0,8.8,166897.0
325491.0,325491.0,17500000.0,Apr 25 2003,MGM,Original Screenplay,Drama,55.0,5.9,2880.0
22433915.0,22433915.0,40000000.0,Sep 06 2002,Warner Bros.,Based on Magazine Article,Drama,48.0,6.1,13487.0
489220.0,489220.0,250000.0,Sep 11 1998,Warner Bros.,Original Screenplay,Drama,55.0,7.1,202.0
60786269.0,115786269.0,45000000.0,Aug 04 2000,Walt Disney Pictures,Based on Real Life Events,Drama,21.0,5.3,33808.0
58640119.0,70114174.0,50000000.0,Feb 10 2006,Universal,Based on Book/Short Story,Comedy,69.0,6.7,5393.0
19294901.0,25114901.0,35000000.0,Feb 25 2005,Miramax/Dimension,Original Screenplay,Horror,55.0,4.8,14425.0
254293.0,254293.0,500000.0,Aug 29 2003,Lionsgate,Original Screenplay,Drama,55.0,4.9,340.0
124870275.0,139525862.0,100000000.0,Sep 18 2009,Sony Pictures,Based on Book/Short Story,Comedy,86.0,7.2,19913.0
66661095.0,118661095.0,75000000.0,Dec 21 2007,Universal,Based on Book/Short Story,Drama,81.0,7.3,43168.0
7426671.0,8514729.0,7000000.0,Jun 18 2010,Fox Searchlight,Original Screenplay,Comedy,81.0,6.4,15106.0
13235267.0,18197398.0,76000000.0,Aug 08 2007,Sony Pictures,Original Screenplay,Comedy,1.0,2.4,6809.0
104148781.0,164285587.0,60000000.0,May 09 2003,Sony Pictures,Original Screenplay,Comedy,28.0,5.5,14944.0
22672813.0,46672813.0,60000000.0,Sep 15 2006,Universal,Based on Book/Short Story,Thriller/Suspense,33.0,5.6,35210.0
50406346.0,50425450.0,5500000.0,Feb 25 2005,Lionsgate,Based on Play,Drama,16.0,4.9,5565.0
25662155.0,32092761.0,25000000.0,May 22 2009,Paramount Pictures,Original Screenplay,Comedy,17.0,3.4,5002.0
574838.0,574838.0,2300000.0,May 01 1998,Sony Pictures,Original Screenplay,Comedy,80.0,6.4,15106.0
102543518.0,179179718.0,80000000.0,Feb 14 2003,20th Century Fox,Based on Comic/Graphic Novel,Action,44.0,5.5,63574.0
14435076.0,27257061.0,27000000.0,Feb 27 1998,New Line,Original Screenplay,Thriller/Suspense,77.0,7.8,62991.0
70107728.0,372234864.0,205000000.0,Dec 01 2007,New Line,Based on Book/Short Story,Adventure,55.0,6.4,15106.0
1270522.0,4116307.0,4500000.0,Oct 26 2001,Newmarket Films,Original Screenplay,Drama,84.0,8.3,210713.0
25473093.0,49473093.0,60000000.0,Jul 08 2005,Walt Disney Pictures,Remake,Thriller/Suspense,46.0,5.6,19652.0
16980098.0,16980098.0,24000000.0,Jan 23 2004,Dreamworks SKG,Original Screenplay,Romantic Comedy,52.0,5.7,10366.0
48548426.0,84548426.0,20000000.0,Feb 17 2006,20th Century Fox,Original Screenplay,Comedy,6.0,2.6,31821.0
98711404.0,152253432.0,55000000.0,Apr 09 2010,20th Century Fox,Original Screenplay,Comedy,67.0,6.5,22925.0
58990765.0,102290765.0,28000000.0,Mar 19 2004,Universal,Remake,Horror,76.0,7.4,73875.0
30101577.0,48969954.0,20000000.0,Jan 08 2010,Lionsgate,Original Screenplay,Thriller/Suspense,55.0,6.6,28241.0
0.0,0.0,18000000.0,Apr 08 2008,Warner Bros.,Remake,Horror,55.0,4.5,8395.0
30226144.0,30226144.0,15000000.0,Dec 25 2007,Weinstein Co.,Based on Real Life Events,Drama,79.0,7.6,14530.0
116735231.0,177835231.0,40000000.0,Sep 24 1999,Paramount Pictures,Original Screenplay,Action,25.0,6.0,28887.0
476270.0,16498827.0,19700000.0,Aug 21 2009,Vitagraph Films,Original Screenplay,Drama,55.0,7.4,10383.0
73648228.0,165048228.0,60000000.0,Jul 28 1999,Warner Bros.,Original Screenplay,Action,57.0,5.6,44191.0
17843379.0,22591451.0,8000000.0,Oct 01 1999,20th Century Fox,Based on Book/Short Story,Comedy,26.0,5.1,6968.0
11718595.0,12051924.0,3000000.0,Mar 03 2006,Focus Features,Based on Real Life Events,Documentary,55.0,6.4,15106.0
4157491.0,45557491.0,12500000.0,Sep 22 2000,Fine Line,Original Screenplay,Musical,68.0,7.8,36542.0
952620.0,4726656.0,2750000.0,Feb 15 2008,Weinstein Co.,Original Screenplay,Horror,55.0,6.0,20792.0
80014842.0,112014842.0,25000000.0,Feb 05 2010,Sony/Screen Gems,Based on Book/Short Story,Drama,28.0,7.0,246.0
23106.0,446438.0,8000000.0,Sep 23 2005,WellSpring,Original Screenplay,Drama,37.0,6.6,5574.0
96793.0,96793.0,3500000.0,Mar 25 2005,Samuel Goldwyn Films,Original Screenplay,Action,55.0,5.1,6675.0
10686841.0,10686841.0,20000000.0,Dec 12 1997,Fine Line,Original Screenplay,Romantic Comedy,70.0,7.2,16820.0
126293452.0,171269535.0,50000000.0,Jun 28 2002,Sony Pictures,Based on Book/Short Story,Comedy,22.0,5.5,39756.0
13508635.0,13508635.0,40000000.0,Mar 12 1999,Sony Pictures,Based on Book/Short Story,Drama,42.0,6.0,5790.0
11203026.0,11203026.0,45000000.0,Jan 30 1998,Walt Disney Pictures,Original Screenplay,Action,30.0,5.7,12484.0
32241649.0,55534224.0,7000000.0,Feb 14 2008,Universal,Original Screenplay,Romantic Comedy,71.0,6.4,15106.0
42739347.0,42739347.0,21000000.0,Apr 16 2010,Sony Pictures,Remake,Comedy,38.0,5.1,6628.0
64038616.0,181038616.0,80000000.0,Nov 22 2006,Walt Disney Pictures,Original Screenplay,Thriller/Suspense,55.0,7.0,66106.0
915840.0,915840.0,40000000.0,Dec 12 2008,Freestyle Releasing,Original Screenplay,Adventure,12.0,4.4,1177.0
244885070.0,333572855.0,69000000.0,Jul 09 2010,Universal,Original Screenplay,Comedy,80.0,7.7,10529.0
22400154.0,44400154.0,22000000.0,Aug 12 2005,Sony Pictures,Original Screenplay,Comedy,10.0,4.3,18228.0
65535067.0,92935067.0,18000000.0,Dec 10 1999,Walt Disney Pictures,Original Screenplay,Comedy,23.0,5.6,25397.0
42885593.0,140900000.0,90000000.0,Mar 26 1997,Sony Pictures,Based on Book/Short Story,Thriller/Suspense,29.0,5.8,21331.0
32539681.0,32539681.0,7000000.0,Jan 24 2003,Sony Pictures,Original Screenplay,Horror,8.0,4.6,12771.0
28644813.0,42268745.0,50000000.0,Dec 31 2008,Paramount Vantage,Original Screenplay,Drama,56.0,5.9,362.0
2165637.0,2165637.0,7000000.0,Aug 27 1999,Warner Bros.,Based on Book/Short Story,Drama,17.0,5.9,482.0
30063805.0,30063805.0,60000000.0,Feb 22 2002,Universal,Original Screenplay,Drama,7.0,5.8,14098.0
19875.0,19875.0,3300000.0,Dec 29 2006,First Look,Original Screenplay,Thriller/Suspense,73.0,6.8,7122.0
11273517.0,11354893.0,25000000.0,Jun 03 2005,Sony/TriStar,Original Screenplay,Action,55.0,6.4,15106.0
6276869.0,6276869.0,13000000.0,Aug 04 1999,Sony Pictures,Original Screenplay,Comedy,70.0,6.1,10451.0
134529403.0,383531464.0,110000000.0,Jun 27 2007,20th Century Fox,Based on Book/Short Story,Action,82.0,7.5,130559.0
9628751.0,16628751.0,5000000.0,Oct 06 2000,20th Century Fox,Based on TV,Adventure,55.0,4.6,1727.0
10020081.0,10020081.0,13000000.0,Jun 12 1998,MGM,Original Screenplay,Comedy,17.0,4.8,207.0
1200216.0,11208291.0,15000000.0,Jun 02 2006,Magnolia Pictures,Original Screenplay,Action,55.0,7.1,21427.0
14190901.0,34690901.0,20000000.0,Aug 29 2008,Lionsgate,Original Screenplay,Comedy,2.0,1.7000000000000002,34928.0
115646235.0,206552113.0,30000000.0,Aug 14 2009,Sony Pictures,Original Screenplay,Thriller/Suspense,91.0,8.3,151742.0
17507368.0,17507368.0,15000000.0,Jul 24 1998,MGM,Original Screenplay,Thriller/Suspense,30.0,5.2,9394.0
5990075.0,19689095.0,14000000.0,Nov 30 2007,Miramax,Based on Book/Short Story,Drama,55.0,8.0,31172.0
9237470.0,11933396.0,15000000.0,Feb 21 2003,MGM,Original Screenplay,Drama,57.0,6.6,10881.0
7680.0,7680.0,3250000.0,Oct 29 1999,Fox Searchlight,Original Screenplay,Drama,55.0,5.8,520.0
13337299.0,18396382.0,4000000.0,Jun 25 2004,MGM,Based on Real Life Events,Drama,49.0,6.5,6086.0
63257940.0,63308879.0,10000000.0,Feb 24 2006,Lionsgate,Based on Play,Comedy,26.0,3.9,5369.0
15064948.0,15064948.0,14000000.0,Aug 21 1998,Paramount Pictures,Original Screenplay,Black Comedy,15.0,5.6,7109.0
15427192.0,15427192.0,16000000.0,Mar 03 2000,Destination Films,Original Screenplay,Comedy,29.0,5.3,7606.0
81897.0,81897.0,11900000.0,Dec 10 1999,Miramax,Original Screenplay,Drama,26.0,5.3,976.0
11008770.0,21621188.0,33000000.0,Mar 14 2008,Universal,Original Screenplay,Action,48.0,6.0,34035.0
19367.0,19367.0,750000.0,Jan 23 2009,Magnolia Pictures,Original Screenplay,Thriller/Suspense,55.0,5.4,4551.0
137748063.0,356148063.0,127500000.0,May 19 2000,Walt Disney Pictures,Original Screenplay,Adventure,65.0,6.2,13962.0
480314.0,2670860.0,30000000.0,Jun 15 2007,Weinstein/Dimension,Based on Game,Action,34.0,4.9,16646.0
7578946.0,26942802.0,20000000.0,Dec 31 2005,Weinstein Co.,Based on TV,Adventure,55.0,2.5,2709.0
30651422.0,43948865.0,10000000.0,Nov 12 1999,Lionsgate,Original Screenplay,Comedy,68.0,7.3,100476.0
45207112.0,45207112.0,53000000.0,Nov 02 2001,Paramount Pictures,Original Screenplay,Thriller/Suspense,24.0,5.3,10778.0
10169202.0,17759202.0,50000000.0,Oct 14 2005,New Line,Based on Real Life Events,Action,19.0,5.9,32560.0
41954997.0,55954997.0,35000000.0,Feb 28 1997,Sony Pictures,Based on Real Life Events,Drama,87.0,7.7,65462.0
28212337.0,54612337.0,70000000.0,Oct 21 2005,Universal,Based on Game,Horror,19.0,5.2,39473.0
33422556.0,50923043.0,20000000.0,Dec 12 2008,Miramax,Based on Play,Drama,78.0,6.4,15106.0
19421271.0,19421271.0,5000000.0,Mar 26 1999,Walt Disney Pictures,Based on TV,Adventure,55.0,4.8,920.0
5501940.0,92101940.0,13500000.0,Feb 18 2005,Newmarket Films,Based on Real Life Events,Drama,55.0,6.1,404.0
8823109.0,8823109.0,3000000.0,Aug 08 2001,Fox Searchlight,Based on Book/Short Story,Thriller/Suspense,81.0,6.6,6734.0
140464664.0,349464664.0,80000000.0,May 08 1998,Paramount Pictures,Original Screenplay,Adventure,47.0,6.0,54160.0
133311000.0,290539042.0,90000000.0,Oct 06 2006,Warner Bros.,Remake,Drama,93.0,8.5,264148.0
33000377.0,33000377.0,28000000.0,Dec 22 2000,Miramax,Original Screenplay,Horror,15.0,4.8,14077.0
36316032.0,72516819.0,65000000.0,Aug 22 2008,Universal,Remake,Action,41.0,6.6,40611.0
42100625.0,85724728.0,30000000.0,May 29 2009,Universal,Original Screenplay,Horror,92.0,7.1,51343.0
128067808.0,213200000.0,15000000.0,Dec 08 2000,Sony Pictures Classics,Based on Book/Short Story,Drama,55.0,6.4,15106.0
36020063.0,54962616.0,22000000.0,Nov 11 2005,Weinstein Co.,Based on Book/Short Story,Action,20.0,3.4,3317.0
112950721.0,176101721.0,72000000.0,Jun 22 2001,20th Century Fox,Remake,Comedy,55.0,6.0,2993.0
144156605.0,294156605.0,71500000.0,Jun 26 1998,20th Century Fox,Remake,Comedy,55.0,5.2,25648.0
22734486.0,23734486.0,17000000.0,Sep 05 2003,Paramount Pictures,Original Screenplay,Comedy,55.0,5.5,6949.0
32862104.0,49686263.0,40000000.0,Mar 21 2008,Paramount Pictures,Original Screenplay,Comedy,26.0,5.9,19388.0
239962.0,239962.0,4700000.0,Oct 13 2006,Sony Pictures Classics,Original Screenplay,Drama,48.0,6.7,5380.0
32616869.0,54616869.0,72000000.0,Apr 27 2001,Warner Bros.,Original Screenplay,Action,13.0,4.2,18795.0
22163442.0,34409206.0,10600000.0,Dec 25 2004,Miramax/Dimension,Original Screenplay,Horror,4.0,5.3,9979.0
6543194.0,6543194.0,34000000.0,May 05 2000,Sony Pictures,Based on Book/Short Story,Drama,9.0,5.2,2298.0
33685268.0,75685268.0,68000000.0,Mar 21 2003,Warner Bros.,Based on Book/Short Story,Drama,30.0,5.3,34141.0
103365956.0,154965956.0,75000000.0,Dec 15 2006,Paramount Pictures,Based on Musical/Opera,Musical,78.0,6.6,28016.0
4217115.0,4217115.0,16000000.0,Aug 13 1999,New Line,Original Screenplay,Comedy,47.0,6.4,15092.0
10571408.0,10571408.0,10000000.0,Jul 23 1999,New Line,Original Screenplay,Comedy,45.0,6.2,16344.0
56398162.0,56398162.0,20000000.0,Dec 13 2002,20th Century Fox,Original Screenplay,Comedy,81.0,5.2,18165.0
11546543.0,11546543.0,2000000.0,Oct 20 2000,Miramax,Original Screenplay,Action,55.0,6.4,15106.0
638227.0,1075504.0,2000000.0,Sep 28 2001,Access Motion Picture Group,Original Screenplay,Drama,55.0,7.2,2991.0
26024456.0,57029609.0,7000000.0,Aug 04 2006,Lionsgate,Original Screenplay,Thriller/Suspense,55.0,7.4,58176.0
2255000.0,2255000.0,3000000.0,Apr 04 2003,Miramax,Original Screenplay,Concert/Performance,43.0,5.9,501.0
40363530.0,40363530.0,16000000.0,Aug 02 2002,Sony Pictures,Original Screenplay,Comedy,2.0,3.0,10050.0
99147.0,99147.0,5000000.0,Jun 04 1999,Goldwyn Entertainment,Original Screenplay,Drama,55.0,6.0,1412.0
80209692.0,117573043.0,20000000.0,Apr 13 2007,Paramount Pictures,Original Screenplay,Thriller/Suspense,68.0,7.0,72231.0
29823162.0,29823162.0,24000000.0,Jan 12 2001,Walt Disney Pictures,Remake,Action,12.0,6.8,162.0
8580428.0,34743644.0,20000000.0,Aug 17 2007,MGM,Original Screenplay,Comedy,61.0,5.1,6628.0
144583.0,371647.0,800000.0,Mar 10 2000,Warner Bros.,Original Screenplay,Thriller/Suspense,45.0,6.3,1776.0
8112414.0,13904766.0,10000000.0,Jul 18 2003,Miramax,Original Screenplay,Drama,55.0,7.5,18554.0
9818792.0,9818792.0,22000000.0,Aug 27 1999,Universal,Based on TV,Comedy,14.0,3.6,4628.0
4734235.0,4734235.0,16000000.0,Sep 15 2000,Walt Disney Pictures,Original Screenplay,Drama,21.0,5.7,5340.0
80270227.0,110570227.0,53000000.0,Aug 05 2005,Warner Bros.,Based on TV,Comedy,13.0,4.7,27016.0
870067.0,994790.0,12000000.0,Sep 30 2005,Warner Bros.,Based on Book/Short Story,Adventure,93.0,7.2,2966.0
26214846.0,26214846.0,30000000.0,Jun 13 2003,New Line,Original Screenplay,Comedy,10.0,3.3,14813.0
0.0,909822.0,15000000.0,Oct 08 2005,Warner Bros.,Based on Game,Drama,55.0,6.4,15106.0
15185241.0,33771965.0,35000000.0,Dec 08 2000,New Line,Based on Game,Adventure,55.0,3.6,16954.0
9652000.0,10070651.0,40000000.0,Sep 26 2003,Miramax,Original Screenplay,Comedy,55.0,5.7,19238.0
75802010.0,130402010.0,54000000.0,Jul 14 2006,Universal,Original Screenplay,Comedy,21.0,6.1,164.0
61007424.0,153007424.0,57000000.0,Oct 17 1997,Warner Bros.,Based on Book/Short Story,Drama,55.0,6.4,15106.0
217536138.0,757236138.0,125000000.0,May 19 2006,Sony Pictures,Based on Book/Short Story,Thriller/Suspense,25.0,6.4,116903.0
10977721.0,79915361.0,32000000.0,Sep 14 2007,Freestyle Releasing,Traditional/Legend/Fairytale,Action,55.0,3.8,14081.0
6044618.0,6044618.0,10000000.0,May 03 2002,MGM,Original Screenplay,Drama,3.0,5.3,4010.0
64172251.0,71172251.0,30000000.0,Feb 16 2001,Paramount Pictures,Remake,Comedy,19.0,5.0,9193.0
20035310.0,20035310.0,9000000.0,Jan 21 2000,Miramax,Original Screenplay,Romantic Comedy,3.0,4.4,7095.0
4017609.0,11498547.0,20000000.0,Nov 21 2007,Weinstein Co.,Based on Real Life Events,Drama,76.0,7.1,23078.0
21056221.0,22156221.0,8000000.0,Sep 17 2010,Sony/Screen Gems,Based on Book/Short Story,Comedy,80.0,7.7,483.0
133411.0,133411.0,3000000.0,Feb 26 2010,Magnolia Pictures,Original Screenplay,Drama,55.0,6.2,790.0
43313890.0,78739628.0,60000000.0,Jan 29 2010,Warner Bros.,Based on TV,Drama,55.0,6.7,24174.0
22508689.0,35319689.0,60000000.0,Mar 26 1999,Universal,Original Screenplay,Comedy,62.0,6.0,21734.0
12574914.0,14134502.0,7500000.0,Oct 09 2009,Sony Pictures Classics,Based on Factual Book/Article,Drama,94.0,7.5,22855.0
4170647.0,4170647.0,3000000.0,Apr 14 2000,Miramax,Based on Play,Comedy,55.0,6.7,8351.0
3602884.0,4002884.0,3000000.0,Apr 18 1997,Orion Pictures,Original Screenplay,Black Comedy,11.0,4.8,5127.0
101440743.0,178066569.0,80000000.0,Sep 26 2008,Paramount Pictures,Original Screenplay,Thriller/Suspense,27.0,6.6,52336.0
36443442.0,96398826.0,40000000.0,Feb 26 1999,Sony Pictures,Original Screenplay,Thriller/Suspense,22.0,6.3,47753.0
5580479.0,15035827.0,5500000.0,Dec 14 2001,Miramax,Based on Book/Short Story,Drama,79.0,5.8,44.0
14943582.0,14943582.0,8500000.0,Apr 23 1999,Paramount Pictures,Based on Book/Short Story,Black Comedy,92.0,7.4,37454.0
24409722.0,56409722.0,65000000.0,Jan 14 2005,20th Century Fox,Spin-Off,Action,10.0,4.9,27283.0
173398518.0,220443451.0,32000000.0,Nov 07 2003,New Line,Original Screenplay,Comedy,84.0,6.8,42123.0
30082699.0,82150642.0,25000000.0,Nov 06 1998,Gramercy,Based on Real Life Events,Drama,81.0,7.6,33773.0
22913677.0,22913677.0,35000000.0,Apr 09 2004,Miramax,Based on Book/Short Story,Comedy,49.0,6.3,12020.0
56330657.0,98156459.0,29000000.0,Sep 12 2003,Sony Pictures,Original Screenplay,Action,68.0,6.2,54413.0
11634458.0,11634458.0,17000000.0,Oct 01 1999,Sony Pictures,Based on TV,Comedy,76.0,5.4,1059.0
14060950.0,16124074.0,12500000.0,Nov 22 2002,Universal,Based on Book/Short Story,Drama,50.0,6.7,8165.0
17504595.0,18495444.0,3500000.0,Dec 06 2002,Universal,Original Screenplay,Drama,21.0,6.5,63.0
77437223.0,129437223.0,3400000.0,Jun 24 2005,Warner Independent,Based on Real Life Events,Documentary,55.0,7.8,23674.0
28444855.0,38117718.0,10000000.0,Oct 06 2006,Lionsgate,Original Screenplay,Comedy,20.0,5.4,17845.0
89296573.0,169296573.0,100000000.0,Dec 15 2000,Walt Disney Pictures,Original Screenplay,Adventure,85.0,7.4,23355.0
127706877.0,340384141.0,85000000.0,Nov 21 2007,Walt Disney Pictures,Original Screenplay,Romantic Comedy,92.0,7.5,55697.0
10660147.0,10660147.0,23000000.0,Dec 03 1999,Sony Pictures,Based on Book/Short Story,Drama,67.0,6.9,9969.0
66889043.0,212026975.0,100000000.0,Nov 24 1999,Universal,Original Screenplay,Action,11.0,5.4,43513.0
11748661.0,11748661.0,10000000.0,Jan 20 2006,M Power Releasing,Original Screenplay,Drama,55.0,6.7,2884.0
51396781.0,96971293.0,85000000.0,Mar 16 2001,Paramount Pictures,Based on Real Life Events,Drama,53.0,7.4,59916.0
111549836.0,250649836.0,85000000.0,Nov 20 1998,Walt Disney Pictures,Original Screenplay,Action,70.0,7.2,66700.0
87707396.0,211700000.0,66000000.0,Apr 30 1999,20th Century Fox,Original Screenplay,Thriller/Suspense,38.0,6.1,40764.0
39177215.0,39177215.0,38000000.0,May 24 2002,Sony Pictures,Original Screenplay,Thriller/Suspense,21.0,6.5,92.0
13548322.0,14566246.0,20000000.0,Apr 30 2004,Dreamworks SKG,Original Screenplay,Comedy,7.0,4.6,15655.0
39739367.0,86858578.0,20000000.0,Jan 26 2007,20th Century Fox,Original Screenplay,Comedy,2.0,2.2,48975.0
75030163.0,249488115.0,100000000.0,Dec 15 2006,20th Century Fox,Based on Book/Short Story,Adventure,16.0,5.0,43555.0
125548685.0,258400000.0,50000000.0,Mar 17 2000,Universal,Based on Real Life Events,Drama,83.0,7.2,54977.0
26850426.0,50719373.0,54000000.0,Oct 14 2005,Paramount Pictures,Original Screenplay,Drama,28.0,6.4,31775.0
78146373.0,81846373.0,60000000.0,Aug 13 2010,Sony Pictures,Based on Magazine Article,Drama,37.0,4.7,3019.0
34366518.0,47066518.0,20000000.0,Mar 19 2004,Focus Features,Based on Book/Short Story,Comedy,93.0,8.5,219986.0
70527.0,70527.0,10000000.0,Oct 15 2004,Artisan,Original Screenplay,Comedy,32.0,6.6,5205.0
49388.0,76654.0,2000000.0,May 04 2001,Warner Bros.,Original Screenplay,Drama,55.0,7.9,1391.0
17718223.0,20718223.0,25000000.0,Feb 20 2004,Dreamworks SKG,Original Screenplay,Comedy,46.0,6.5,52548.0
14843425.0,14843425.0,5000000.0,Nov 07 1997,Trimark,Original Screenplay,Drama,80.0,7.0,4509.0
26673242.0,26673242.0,60000000.0,Aug 15 1997,Paramount Pictures,Original Screenplay,Horror,21.0,6.3,44671.0
65705772.0,65705772.0,26000000.0,Jul 31 1998,20th Century Fox,Traditional/Legend/Fairytale,Drama,55.0,6.4,15106.0
50047179.0,151947179.0,55000000.0,Dec 25 1996,Walt Disney Pictures,Based on Musical/Opera,Musical,61.0,6.1,16769.0
38311134.0,98341932.0,80000000.0,Jun 08 2001,Dreamworks SKG,Original Screenplay,Comedy,42.0,5.9,39590.0
75078.0,75078.0,4000000.0,Dec 25 2000,Dreamworks SKG,Original Screenplay,Drama,49.0,6.0,1097.0
51957.0,51957.0,4500000.0,Aug 31 2007,Magnolia Pictures,Original Screenplay,Action,55.0,7.3,3699.0
51758599.0,79958599.0,33000000.0,Mar 16 2001,Warner Bros.,Based on Book/Short Story,Action,33.0,5.2,14528.0
75072454.0,144216468.0,18000000.0,Sep 09 2005,Sony/Screen Gems,Based on Real Life Events,Thriller/Suspense,45.0,6.8,32425.0
41814863.0,43957541.0,78000000.0,Aug 20 2004,Warner Bros.,Based on Book/Short Story,Horror,55.0,5.0,15901.0
9793406.0,9808102.0,37500000.0,Oct 04 2008,Universal,Based on Book/Short Story,Drama,61.0,7.1,4749.0
2840417.0,2840417.0,20700000.0,Apr 23 1999,Miramax,Original Screenplay,Thriller/Suspense,71.0,6.8,35788.0
10823158.0,10849158.0,7500000.0,Sep 04 2009,Miramax,Original Screenplay,Comedy,62.0,6.4,12371.0
4835968.0,12624471.0,40000000.0,Nov 27 2002,Paramount Pictures,Original Screenplay,Action,6.0,4.1,3195.0
55691208.0,86257553.0,65000000.0,Jul 16 1999,Warner Bros.,Based on Book/Short Story,Drama,78.0,7.2,93880.0
40283321.0,40283321.0,15000000.0,Dec 25 1998,Miramax,Original Screenplay,Horror,51.0,6.3,36139.0
88715192.0,128402901.0,50000000.0,Mar 10 2006,Paramount Pictures,Original Screenplay,Romantic Comedy,25.0,5.6,20324.0
37036404.0,45336404.0,29000000.0,Apr 14 2000,Walt Disney Pictures,Original Screenplay,Romantic Comedy,68.0,6.5,25485.0
22455510.0,77956957.0,18000000.0,Sep 25 2009,MGM,Remake,Musical,25.0,4.5,4973.0
60062868.0,91762868.0,18000000.0,Dec 16 2005,20th Century Fox,Original Screenplay,Comedy,52.0,6.3,24434.0
113433.0,113433.0,1000000.0,Aug 22 2001,Warner Bros.,Original Screenplay,Comedy,55.0,6.4,15106.0
9103630.0,9103630.0,80000000.0,Jun 16 2000,Walt Disney Pictures,Compilation,Musical,55.0,6.4,15106.0
15901849.0,29027914.0,13500000.0,Nov 08 2002,Focus Features,Original Screenplay,Drama,89.0,7.5,20239.0
16670.0,83356.0,5000000.0,Jan 28 2005,MGM,Original Screenplay,Thriller/Suspense,55.0,2.5,1016.0
28681080.0,35681080.0,85000000.0,May 09 1997,Warner Bros.,Remake,Comedy,55.0,4.8,6654.0
10178331.0,10178331.0,100000.0,Sep 29 2006,IDP/Goldwyn/Roadside,Original Screenplay,Drama,9.0,6.0,4901.0
112276146.0,241200000.0,80000000.0,Jun 27 1997,Paramount Pictures,Original Screenplay,Action,93.0,7.3,102001.0
46896664.0,89626226.0,26000000.0,Jan 31 2003,New Line,Original Screenplay,Horror,47.0,6.4,35737.0
54098051.0,112798051.0,25000000.0,Feb 10 2006,New Line,Original Screenplay,Horror,45.0,5.9,32263.0
66477700.0,185777700.0,40000000.0,Aug 28 2009,Warner Bros.,Original Screenplay,Horror,27.0,4.9,20319.0
13208023.0,13208023.0,40000000.0,Aug 30 2002,Warner Bros.,Original Screenplay,Horror,55.0,3.1,11438.0
10680275.0,13711903.0,18500000.0,May 22 1998,Universal,Based on Book/Short Story,Comedy,47.0,7.6,81560.0
56131.0,341808.0,3200000.0,Sep 22 2006,Weinstein/Dimension,Original Screenplay,Horror,55.0,6.4,12023.0
63570862.0,263900000.0,95000000.0,May 09 1997,Sony Pictures,Original Screenplay,Action,72.0,7.4,131252.0
6592103.0,6592103.0,35000000.0,Nov 06 2002,Warner Bros.,Original Screenplay,Thriller/Suspense,48.0,6.3,16693.0
68353550.0,90453550.0,10000000.0,Aug 25 2000,Universal,Original Screenplay,Comedy,63.0,5.9,30309.0
154696080.0,330579719.0,87500000.0,Jul 08 2005,20th Century Fox,Based on Comic/Graphic Novel,Action,27.0,5.7,71675.0
16757163.0,16757163.0,13000000.0,Aug 28 1998,Miramax,Original Screenplay,Drama,13.0,5.6,15023.0
127120058.0,236220058.0,76000000.0,Jun 06 2003,Universal,Based on Magazine Article,Action,36.0,5.1,44151.0
144512310.0,206512310.0,38000000.0,Jun 22 2001,Universal,Based on Magazine Article,Action,53.0,6.0,67939.0
70231041.0,109362966.0,72500000.0,Feb 08 2008,Warner Bros.,Original Screenplay,Adventure,55.0,7.6,93.0
119114517.0,222414517.0,6000000.0,Jun 23 2004,Lionsgate,Based on Real Life Events,Documentary,83.0,7.6,74424.0
14363397.0,14678228.0,20000000.0,Sep 23 2009,Overture Films,Based on Real Life Events,Documentary,75.0,7.3,11829.0
31598308.0,31598308.0,35000000.0,Oct 19 2001,20th Century Fox,Based on Comic/Graphic Novel,Thriller/Suspense,57.0,6.8,53477.0
298110.0,419801.0,8000000.0,Jun 15 2007,Lionsgate,Original Screenplay,Horror,55.0,6.9,11683.0
37030102.0,100853753.0,65000000.0,Oct 15 1999,20th Century Fox,Based on Book/Short Story,Drama,81.0,8.8,382470.0
32131830.0,85131830.0,137000000.0,Jul 11 2001,Sony Pictures,Based on Game,Adventure,55.0,6.4,36227.0
51768623.0,80013623.0,43000000.0,Dec 19 2000,Sony Pictures,Original Screenplay,Drama,74.0,7.2,35966.0
14249005.0,14249005.0,15000000.0,Apr 20 2001,20th Century Fox,Original Screenplay,Comedy,11.0,4.0,25033.0
8123860.0,8123860.0,19000000.0,Jan 09 1998,20th Century Fox,Original Screenplay,Action,55.0,4.4,2118.0
374675.0,374675.0,3000000.0,Jan 15 2010,Warner Bros.,Original Screenplay,Drama,55.0,7.5,5940.0
824295.0,1970268.0,15000000.0,Nov 12 1999,Artisan,Based on Book/Short Story,Drama,88.0,6.9,4790.0
4922166.0,4922166.0,12000000.0,Jun 20 2003,20th Century Fox,Based on TV,Musical,8.0,1.6,17596.0
53302314.0,112802314.0,23000000.0,Mar 17 2000,New Line,Original Screenplay,Horror,31.0,6.8,52618.0
33602376.0,61902376.0,53000000.0,Oct 20 2006,Paramount Pictures,Based on Book/Short Story,Drama,73.0,7.2,42788.0
4485485.0,4485485.0,27000000.0,Nov 24 1999,MGM,Original Screenplay,Drama,43.0,6.7,8125.0
148089.0,1635241.0,9000000.0,Jul 31 2009,IFC Films,Original Screenplay,Thriller/Suspense,55.0,7.2,4182.0
21000147.0,21893591.0,15000000.0,Oct 20 2006,20th Century Fox,Based on Book/Short Story,Drama,54.0,5.7,2832.0
21009180.0,34009180.0,75000000.0,Dec 17 2004,20th Century Fox,Remake,Adventure,30.0,6.0,18568.0
31567134.0,76366864.0,18000000.0,Apr 28 2006,Universal,Based on Real Life Events,Drama,91.0,7.8,46691.0
92993801.0,177993801.0,80000000.0,Nov 26 1997,Walt Disney Pictures,Remake,Comedy,17.0,4.6,18890.0
64665672.0,177665672.0,149000000.0,Nov 03 2006,Paramount Pictures,Original Screenplay,Comedy,72.0,7.0,21334.0
13090630.0,14816379.0,60000000.0,Sep 22 2006,MGM,Based on Real Life Events,Drama,33.0,6.5,13934.0
14543943.0,40098231.0,25000000.0,Aug 15 2008,Summit Entertainment,Original Screenplay,Adventure,17.0,4.7,1653.0
1173673.0,1788077.0,13000000.0,Mar 17 2006,Freestyle Releasing,Based on Real Life Events,Drama,60.0,7.1,12800.0
75764085.0,124715863.0,60000000.0,Dec 22 2000,Universal,Original Screenplay,Comedy,52.0,6.6,34090.0
13368437.0,15328368.0,6500000.0,Apr 07 2006,Sony Pictures Classics,Original Screenplay,Comedy,71.0,6.1,11087.0
339714978.0,867894287.0,94000000.0,May 30 2003,Walt Disney Pictures,Original Screenplay,Adventure,98.0,8.2,165006.0
52850.0,52850.0,500000.0,Oct 05 2007,IFC First Take,Original Screenplay,Comedy,35.0,6.4,15106.0
0.0,0.0,65000000.0,Dec 31 2009,Lionsgate,Original Screenplay,Comedy,55.0,6.4,15106.0
5204007.0,5204007.0,27000000.0,Oct 18 2002,Screen Media Films,Original Screenplay,Action,55.0,6.4,15106.0
10144010.0,15461638.0,35000000.0,Nov 22 2006,Warner Bros.,Original Screenplay,Drama,51.0,7.4,72562.0
131921738.0,288215319.0,120000000.0,Jun 15 2007,20th Century Fox,Based on Comic/Graphic Novel,Action,36.0,6.4,15106.0
0.0,0.0,5000000.0,Jan 30 2007,ThinkFilm,Original Screenplay,Comedy,55.0,4.1,3186.0
89706988.0,225706988.0,55000000.0,Sep 23 2005,Walt Disney Pictures,Original Screenplay,Thriller/Suspense,38.0,6.2,45305.0
13110448.0,17423030.0,11000000.0,Apr 12 2002,Lionsgate,Original Screenplay,Thriller/Suspense,74.0,7.3,27629.0
52075270.0,129075270.0,55000000.0,Apr 18 2008,Lionsgate,Based on Book/Short Story,Action,64.0,6.7,36548.0
36605602.0,43090741.0,21000000.0,Jan 05 2007,Paramount Pictures,Based on Book/Short Story,Drama,69.0,7.5,18065.0
57176582.0,59675307.0,9500000.0,Jan 12 2000,New Line,Original Screenplay,Comedy,21.0,5.3,10176.0
110222438.0,160822438.0,26000000.0,Aug 06 2003,Walt Disney Pictures,Remake,Comedy,88.0,6.5,29137.0
44983704.0,68079671.0,31000000.0,Apr 28 2000,New Line,Original Screenplay,Drama,69.0,7.3,35968.0
25514517.0,38514517.0,39000000.0,Sep 30 2005,Universal,Based on TV,Action,81.0,8.0,106648.0
66711892.0,111311892.0,50000000.0,Sep 24 2004,Sony Pictures,Original Screenplay,Thriller/Suspense,55.0,4.9,1169.0
13121555.0,16951798.0,14000000.0,Apr 26 2002,New Line,Original Screenplay,Horror,21.0,4.4,17964.0
65002019.0,91700771.0,17000000.0,Feb 13 2009,Warner Bros.,Original Screenplay,Horror,26.0,5.6,26798.0
33253609.0,33526835.0,10000000.0,Nov 22 2002,New Line,Original Screenplay,Comedy,25.0,5.3,6742.0
25885000.0,56298474.0,12000000.0,Oct 25 2002,Miramax,Based on Real Life Events,Drama,76.0,7.3,26243.0
61255921.0,61950770.0,30000000.0,Oct 08 2004,Universal,Based on Book/Short Story,Drama,81.0,7.2,20868.0
2503902.0,5281776.0,1000000.0,Aug 01 2008,Sony Pictures Classics,Original Screenplay,Drama,87.0,7.2,10447.0
104374107.0,263467382.0,105000000.0,Nov 25 2009,Walt Disney Pictures,Based on Book/Short Story,Adventure,84.0,7.4,16232.0
2512846.0,3438804.0,2000000.0,Aug 02 2002,Miramax,Original Screenplay,Comedy,37.0,4.8,6660.0
33451479.0,33451479.0,500000.0,Sep 26 2008,Samuel Goldwyn Films,Original Screenplay,Drama,40.0,5.6,5498.0
6755271.0,6755271.0,5000000.0,Apr 27 2001,Sony Pictures,Original Screenplay,Horror,8.0,5.1,4679.0
18622031.0,28144586.0,29000000.0,Dec 05 2008,Universal,Based on Play,Drama,92.0,7.9,36366.0
1661464.0,1661464.0,7000000.0,Dec 29 2006,MGM,Based on Real Life Events,Drama,19.0,6.1,8680.0
196857.0,196857.0,12000000.0,Jan 06 2006,ThinkFilm,Based on Real Life Events,Drama,55.0,6.0,462.0
45950122.0,257938649.0,3500000.0,Aug 13 1997,Fox Searchlight,Original Screenplay,Comedy,95.0,7.2,40877.0
110550000.0,202250000.0,140000000.0,Dec 21 2005,Sony Pictures,Remake,Comedy,29.0,6.3,1788.0
51855045.0,71880305.0,70000000.0,Jul 31 2009,Universal,Original Screenplay,Comedy,67.0,6.8,37791.0
223202.0,2281089.0,16800000.0,Nov 10 2006,Picturehouse,Based on Book/Short Story,Drama,55.0,6.4,15106.0
17630465.0,21630465.0,35000000.0,Apr 30 2010,Summit Entertainment,Original Screenplay,Comedy,8.0,2.6,3458.0
42071069.0,50071069.0,40000000.0,Apr 08 2005,20th Century Fox,Based on Book/Short Story,Comedy,55.0,6.3,16736.0
5549923.0,5549923.0,12000000.0,Nov 17 2006,Warner Independent,Original Screenplay,Comedy,50.0,6.2,7780.0
48265581.0,48265581.0,50000000.0,Sep 12 1997,Polygram,Original Screenplay,Thriller/Suspense,80.0,7.7,74136.0
77730500.0,190400000.0,97000000.0,Dec 20 2002,Miramax,Original Screenplay,Drama,75.0,7.4,113378.0
75367693.0,200802638.0,50000000.0,Jun 11 2004,20th Century Fox,Based on Comic/Graphic Novel,Comedy,55.0,4.8,19870.0
18882880.0,20819601.0,20000000.0,May 11 2007,Universal,Original Screenplay,Drama,17.0,5.8,10902.0
12532777.0,12532777.0,36000000.0,Oct 24 1997,Sony Pictures,Original Screenplay,Drama,82.0,7.8,70906.0
20300218.0,34619699.0,19000000.0,Oct 19 2007,Miramax,Based on Book/Short Story,Drama,55.0,6.4,15106.0
4063859.0,79316616.0,6400000.0,Feb 27 2004,Sony Pictures Classics,Original Screenplay,Comedy,55.0,3.3,198.0
37667746.0,45312217.0,17000000.0,Oct 10 2003,MGM,Based on Book/Short Story,Comedy,45.0,5.0,1961.0
12882934.0,12923936.0,55000000.0,Feb 21 2003,Warner Bros.,Original Screenplay,Drama,8.0,6.0,7437.0
1308696.0,1308696.0,32000000.0,Dec 15 2006,Warner Bros.,Based on Book/Short Story,Drama,32.0,6.1,13007.0
6451628.0,6451628.0,3500000.0,Nov 06 1998,Lionsgate,Based on Book/Short Story,Drama,96.0,7.5,15946.0
22441.0,22441.0,15000000.0,Oct 05 2007,Sony Pictures,Original Screenplay,Romantic Comedy,29.0,6.0,4332.0
3517797.0,3517797.0,30000000.0,Apr 02 2003,Fox Searchlight,Remake,Drama,78.0,6.4,15106.0
0.0,0.0,32000000.0,Dec 31 2004,Warner Bros.,Original Screenplay,Drama,55.0,5.7,1762.0
254683.0,254683.0,7000000.0,Feb 14 2003,ThinkFilm,Original Screenplay,Drama,55.0,6.2,8583.0
119436770.0,287389685.0,82500000.0,Jul 24 2009,Walt Disney Pictures,Original Screenplay,Adventure,22.0,5.0,9633.0
38432823.0,41480851.0,30000000.0,Sep 15 2006,Sony Pictures,Based on Real Life Events,Drama,41.0,6.8,12400.0
14018296.0,15976468.0,8000000.0,Aug 07 2002,Fox Searchlight,Original Screenplay,Comedy,81.0,6.6,21460.0
30113491.0,68349884.0,20000000.0,Oct 25 2002,Warner Bros.,Original Screenplay,Horror,13.0,5.3,25891.0
13052741.0,13052741.0,36000000.0,Dec 20 1996,Sony Pictures,Based on Real Life Events,Drama,50.0,6.4,5276.0
17951431.0,22861785.0,22000000.0,Sep 14 2001,Sony Pictures,Original Screenplay,Thriller/Suspense,21.0,5.6,10629.0
115802596.0,237702596.0,120000000.0,Feb 16 2007,Sony Pictures,Based on Comic/Graphic Novel,Action,26.0,5.2,63235.0
13252641.0,26612350.0,20000000.0,Sep 19 2008,Paramount Pictures,Original Screenplay,Romantic Comedy,85.0,4.7,310.0
12008642.0,44567606.0,10000000.0,Dec 19 2000,Paramount Vantage,Original Screenplay,Thriller/Suspense,56.0,6.7,28488.0
6087542.0,7266209.0,54000000.0,Aug 01 2003,Sony Pictures,Original Screenplay,Romantic Comedy,6.0,2.4,29031.0
48169156.0,48169156.0,50000000.0,Aug 22 1997,Walt Disney Pictures,Original Screenplay,Drama,55.0,5.5,23807.0
150201498.0,302469019.0,175000000.0,Aug 07 2009,Paramount Pictures,Based on Toy,Action,55.0,5.8,47052.0
28871190.0,28871190.0,24000000.0,Dec 21 1999,Sony Pictures,Based on Real Life Events,Drama,53.0,6.4,15106.0
187683805.0,457683805.0,103000000.0,May 05 2000,Sony Pictures,Original Screenplay,Action,77.0,8.3,279512.0
4273372.0,4273372.0,8500000.0,Sep 21 2001,20th Century Fox,Original Screenplay,Musical,7.0,2.0,13778.0
4167493.0,4967493.0,30000000.0,Jan 22 1999,Sony Pictures,Remake,Drama,19.0,4.7,2726.0
35017297.0,59183821.0,25000000.0,Sep 21 2007,Lionsgate,Original Screenplay,Romantic Comedy,5.0,5.6,29013.0
8434601.0,8434601.0,28000000.0,Aug 24 2001,Screen Media Films,Original Screenplay,Action,55.0,6.4,15106.0
136801374.0,286601374.0,60000000.0,Dec 10 1999,Warner Bros.,Based on Book/Short Story,Drama,77.0,8.4,198916.0
375474.0,375474.0,20000000.0,Apr 22 2005,IFC Films,Based on Book/Short Story,Drama,25.0,6.0,1443.0
240425.0,1375194.0,5000000.0,Aug 03 2007,Eros Entertainment,Based on Book/Short Story,Drama,40.0,8.1,50881.0
31501218.0,54601218.0,7000000.0,Oct 07 2005,Warner Independent,Based on Real Life Events,Drama,55.0,7.7,42797.0
102705852.0,149705852.0,60000000.0,Jun 18 1999,Paramount Pictures,Based on Book/Short Story,Drama,22.0,6.1,23570.0
1638202.0,1638202.0,10000000.0,Feb 04 2000,Walt Disney Pictures,Original Screenplay,Comedy,24.0,5.4,3607.0
16875273.0,28383441.0,6500000.0,Apr 09 1999,Sony Pictures,Original Screenplay,Black Comedy,92.0,6.4,15106.0
4283255.0,27610873.0,33000000.0,May 12 2006,Walt Disney Pictures,Original Screenplay,Drama,55.0,6.9,16809.0
10037390.0,10037390.0,1000000.0,Aug 18 2000,Sony Pictures,Remake,Action,55.0,6.4,15106.0
14334645.0,16910708.0,30000000.0,Apr 30 2004,Lionsgate,Original Screenplay,Thriller/Suspense,4.0,4.7,13866.0
136314294.0,376000000.0,125000000.0,May 19 1998,Sony Pictures,Remake,Action,25.0,4.8,59455.0
277233.0,277233.0,40000.0,Aug 25 2000,Warner Bros.,Original Screenplay,Drama,55.0,6.4,15106.0
101643008.0,232643008.0,103300000.0,Jun 09 2000,Warner Bros.,Original Screenplay,Drama,55.0,6.4,2940.0
27276.0,27276.0,16000000.0,Dec 31 2008,ThinkFilm,Based on Play,Drama,34.0,6.2,1926.0
138433435.0,225933435.0,10000000.0,Feb 20 1987,Miramax,Original Screenplay,Drama,97.0,8.1,150415.0
41300105.0,41300105.0,18000000.0,Dec 26 2001,USA Films,Original Screenplay,Comedy,86.0,7.3,36648.0
5108820.0,12591270.0,14000000.0,Apr 21 2000,Warner Bros.,Original Screenplay,Drama,28.0,6.4,15106.0
90648202.0,147914546.0,22000000.0,Sep 22 2007,Walt Disney Pictures,Original Screenplay,Comedy,27.0,6.3,14984.0
11634362.0,22106210.0,12000000.0,Dec 12 2003,Lionsgate,Based on Book/Short Story,Drama,71.0,7.1,23493.0
71423726.0,90523726.0,45000000.0,Dec 25 1999,Dreamworks SKG,Original Screenplay,Comedy,89.0,7.2,52507.0
12178602.0,24325623.0,4000000.0,Aug 04 2000,Fine Line,Original Screenplay,Comedy,63.0,6.8,8543.0
2956339.0,3036736.0,9000000.0,Jun 01 2007,Picturehouse,Based on Real Life Events,Drama,59.0,6.2,2084.0
10166502.0,10597070.0,60000000.0,Aug 12 2005,Miramax,Based on Book/Short Story,Action,36.0,6.8,8894.0
115879.0,115879.0,3000000.0,Mar 21 2008,Anchor Bay Entertainment,Original Screenplay,Comedy,55.0,6.1,3346.0
33579798.0,81079798.0,25500000.0,Aug 31 2005,Focus Features,Based on Book/Short Story,Drama,83.0,7.6,50763.0
26782316.0,32381151.0,2500000.0,Jul 28 2004,Fox Searchlight,Original Screenplay,Drama,86.0,7.9,92594.0
305260.0,206005260.0,6000000.0,Jun 16 1978,Paramount Pictures,Based on Musical/Opera,Musical,83.0,7.0,60146.0
35053660.0,84788541.0,100000000.0,Mar 12 2010,Universal,Based on Factual Book/Article,Drama,55.0,7.1,26759.0
105263257.0,174463257.0,55000000.0,Jul 16 1997,Walt Disney Pictures,Based on TV,Comedy,54.0,5.3,19685.0
37899638.0,105299638.0,80000000.0,Aug 26 2005,Miramax/Dimension,Original Screenplay,Adventure,37.0,5.9,43532.0
14589444.0,18589444.0,25000000.0,Apr 09 2004,20th Century Fox,Original Screenplay,Romantic Comedy,56.0,7.0,5614.0
260044825.0,345141403.0,123000000.0,Nov 17 2000,Universal,Based on Book/Short Story,Comedy,53.0,5.7,40310.0
25031037.0,50187789.0,53000000.0,Apr 06 2007,Weinstein/Dimension,Original Screenplay,Horror,55.0,7.9,82770.0
30981850.0,46437122.0,40000000.0,Nov 09 2005,Paramount Pictures,Original Screenplay,Drama,16.0,4.0,18126.0
56068547.0,185724838.0,30000000.0,Oct 05 2005,Dreamworks SKG,Original Screenplay,Adventure,95.0,7.9,38158.0
1115313.0,1167524.0,500000.0,Jun 09 2000,Sony Pictures Classics,Original Screenplay,Comedy,56.0,5.8,2486.0
28084357.0,28084357.0,15000000.0,Apr 11 1997,Walt Disney Pictures,Original Screenplay,Black Comedy,55.0,7.4,41523.0
39143839.0,68643839.0,20000000.0,Oct 13 2006,Sony Pictures,Remake,Horror,10.0,4.6,16024.0
110359362.0,187281115.0,10000000.0,Oct 22 2004,Sony Pictures,Remake,Horror,39.0,5.7,43218.0
161094625.0,250294625.0,75000000.0,Jun 25 2010,Sony Pictures,Original Screenplay,Comedy,9.0,5.8,13488.0
3330230.0,6030230.0,2000000.0,Mar 03 2000,Artisan,Original Screenplay,Drama,55.0,6.4,15106.0
68915888.0,102115888.0,35000000.0,Mar 25 2005,Sony Pictures,Remake,Comedy,43.0,5.7,15789.0
14967182.0,19417182.0,40000000.0,Oct 06 2000,Warner Bros.,Remake,Drama,12.0,4.8,14196.0
11560259.0,11560259.0,10000000.0,Mar 09 2001,Miramax,Original Screenplay,Romantic Comedy,45.0,5.5,9350.0
1569918.0,9438074.0,17000000.0,Oct 17 2003,Walt Disney Pictures,Based on Real Life Events,Drama,54.0,6.8,8778.0
3051221.0,23788368.0,11000000.0,Jan 31 2003,Universal,Original Screenplay,Comedy,55.0,5.5,9239.0
15543862.0,17430594.0,20000000.0,Jan 17 2003,MGM,Original Screenplay,Romantic Comedy,55.0,5.5,8147.0
6217849.0,8764007.0,5500000.0,Jul 20 2001,MGM,Based on Comic/Graphic Novel,Comedy,92.0,7.7,42973.0
33392973.0,38512850.0,15000000.0,Aug 28 2009,Weinstein/Dimension,Original Screenplay,Horror,55.0,4.5,9284.0
118823091.0,202823091.0,75000000.0,Jul 20 2007,New Line,Remake,Musical,91.0,7.2,41511.0
17394881.0,17394881.0,8000000.0,Jan 16 1998,Universal,Original Screenplay,Comedy,29.0,6.3,18791.0
4501094.0,7129670.0,18000000.0,Dec 25 1996,Sony Pictures,Based on Play,Drama,94.0,6.0,5147.0
1577287.0,2288841.0,2000000.0,May 12 2000,Miramax,Based on Play,Drama,71.0,6.0,5147.0
0.0,0.0,50000000.0,Dec 31 1969,Sony Pictures,Based on Book/Short Story,Drama,55.0,6.4,15106.0
227946274.0,624346274.0,150000000.0,Jul 02 2008,Sony Pictures,Original Screenplay,Action,40.0,6.5,100822.0
15849032.0,38344430.0,47000000.0,Jan 05 2007,Lionsgate,Original Screenplay,Comedy,55.0,3.9,4678.0
64506874.0,163403799.0,60000000.0,Jun 13 2008,20th Century Fox,Original Screenplay,Thriller/Suspense,18.0,5.2,72259.0
2039192.0,2039192.0,1700000.0,Oct 01 1999,Miramax,Original Screenplay,Comedy,82.0,7.5,198.0
1024640.0,1881243.0,950000.0,Apr 14 2006,Lionsgate,Original Screenplay,Horror,55.0,7.2,45791.0
3337931.0,5963961.0,2000000.0,Nov 10 2006,MGM,Original Screenplay,Drama,48.0,7.0,26347.0
56653.0,56653.0,5500000.0,May 17 2002,Warner Bros.,Original Screenplay,Drama,55.0,4.9,2758.0
1818681.0,6294140.0,7300000.0,Apr 30 2010,Samuel Goldwyn Films,Original Screenplay,Thriller/Suspense,55.0,7.4,14297.0
48237389.0,70237389.0,25000000.0,Aug 22 2008,Sony Pictures,Original Screenplay,Comedy,39.0,5.5,18964.0
17044981.0,20940428.0,7000000.0,Jul 22 2005,Lionsgate,Original Screenplay,Horror,54.0,6.9,36082.0
12634962.0,16829545.0,7000000.0,Apr 11 2003,Lionsgate,Original Screenplay,Horror,55.0,5.5,3311.0
10199354.0,13767816.0,7000000.0,Oct 10 2003,Artisan,Based on Game,Horror,55.0,6.5,5541.0
67286731.0,107336658.0,78000000.0,Mar 05 2004,Walt Disney Pictures,Original Screenplay,Western,46.0,6.6,23604.0
51100486.0,123100486.0,25000000.0,Jan 28 2005,20th Century Fox,Original Screenplay,Thriller/Suspense,12.0,5.6,30891.0
51386611.0,110011106.0,17500000.0,Dec 16 2005,Weinstein Co.,Traditional/Legend/Fairytale,Comedy,55.0,6.7,20461.0
0.0,0.0,90000000.0,Dec 17 2010,Sony Pictures,Original Screenplay,Romantic Comedy,55.0,6.4,15106.0
37788228.0,38283765.0,35200000.0,Mar 28 2003,Dreamworks SKG,Original Screenplay,Comedy,30.0,5.1,8447.0
3067312.0,3643900.0,6000000.0,Jul 20 2001,Fine Line,Based on Musical/Opera,Musical,92.0,7.6,14766.0
18098433.0,52858433.0,20000000.0,Feb 11 2005,Walt Disney Pictures,Based on Book/Short Story,Adventure,80.0,6.3,1605.0
21567853.0,21567853.0,25000000.0,May 01 1998,Walt Disney Pictures,Original Screenplay,Drama,80.0,6.8,14494.0
23483357.0,28483168.0,35000000.0,Nov 09 2001,New Line,Original Screenplay,Action,66.0,3.2,77.0
75986503.0,160388063.0,82500000.0,Jul 11 2008,Universal,Based on Comic/Graphic Novel,Action,55.0,7.3,61902.0
59623958.0,99823958.0,60000000.0,Apr 02 2004,Sony Pictures,Based on Comic/Graphic Novel,Action,81.0,6.8,67763.0
37485528.0,43340302.0,50000000.0,May 28 2004,Walt Disney Pictures,Original Screenplay,Comedy,22.0,5.7,10526.0
1029017.0,1033810.0,6500000.0,Jul 23 2004,Warner Independent,Based on Book/Short Story,Drama,48.0,6.7,7180.0
53652140.0,177352140.0,17000000.0,Aug 27 2004,Miramax,Original Screenplay,Action,55.0,6.4,15106.0
10494147.0,10845127.0,15000000.0,Mar 24 2000,20th Century Fox,Original Screenplay,Drama,18.0,4.6,4929.0
11050094.0,92863945.0,12000000.0,Dec 03 2004,Sony Pictures Classics,Original Screenplay,Action,55.0,6.4,15106.0
10397365.0,10397365.0,14000000.0,Feb 02 2001,Universal,Original Screenplay,Romantic Comedy,9.0,4.8,6574.0
91188905.0,180188905.0,80000000.0,Jul 23 1999,Dreamworks SKG,Based on Book/Short Story,Horror,17.0,4.6,31808.0
41543207.0,63781100.0,42000000.0,Apr 05 2002,20th Century Fox,Based on Book/Short Story,Thriller/Suspense,31.0,6.1,14428.0
27277055.0,47881663.0,20000000.0,Mar 31 2000,Walt Disney Pictures,Based on Book/Short Story,Comedy,92.0,7.6,69740.0
12801190.0,12801190.0,15000000.0,Sep 01 2000,Miramax/Dimension,Original Screenplay,Action,55.0,4.3,8421.0
226792.0,226792.0,10000000.0,Oct 26 2001,Walt Disney Pictures,Original Screenplay,Drama,20.0,6.1,2205.0
90556401.0,251056401.0,11000000.0,Oct 24 2008,Walt Disney Pictures,Based on TV,Musical,66.0,3.7,18587.0
2730296.0,13425589.0,3700000.0,Nov 21 2006,Fox Searchlight,Based on Play,Comedy,63.0,6.7,10293.0
31493782.0,59993782.0,32000000.0,Sep 23 2005,New Line,Based on Comic/Graphic Novel,Drama,87.0,7.6,79738.0
177784257.0,366784257.0,55000000.0,Feb 11 2005,Sony Pictures,Original Screenplay,Romantic Comedy,69.0,5.7,89.0
39687694.0,99965792.0,17500000.0,Nov 21 2007,20th Century Fox,Original Screenplay,Action,14.0,6.8,520.0
38108728.0,43231984.0,12000000.0,Apr 25 2008,Warner Bros.,Original Screenplay,Comedy,54.0,6.7,42358.0
18225165.0,18225165.0,9000000.0,Jul 30 2004,New Line,Original Screenplay,Comedy,74.0,7.2,56030.0
4714090.0,4714090.0,8000000.0,May 12 2000,Trimark,Original Screenplay,Comedy,17.0,4.7,1840.0
20804166.0,37466538.0,15000000.0,Mar 23 2007,20th Century Fox,Remake,Horror,55.0,5.0,17948.0
41778863.0,69623713.0,17000000.0,Mar 10 2006,Fox Searchlight,Remake,Horror,49.0,6.5,43747.0
2775593.0,12031443.0,28000000.0,Oct 03 2008,MGM,Based on Book/Short Story,Comedy,36.0,6.7,25756.0
15567860.0,19233280.0,25000000.0,Nov 15 2002,Sony Pictures,Original Screenplay,Action,2.0,4.1,6909.0
55041738.0,55041738.0,17000000.0,Aug 05 1998,Miramax,Original Screenplay,Horror,55.0,6.4,15106.0
30259652.0,37659652.0,15000000.0,Jul 12 2002,Miramax/Dimension,Original Screenplay,Horror,55.0,3.9,13181.0
12069719.0,12069719.0,60000000.0,Oct 09 1998,Walt Disney Pictures,Original Screenplay,Comedy,12.0,4.7,9105.0
31841299.0,50164027.0,20000000.0,Nov 26 2008,Focus Features,Based on Real Life Events,Drama,94.0,3.6,479.0
4886216.0,4898285.0,9000000.0,Aug 22 2008,Focus Features,Original Screenplay,Comedy,64.0,6.4,9017.0
65281781.0,71281781.0,6500000.0,Feb 01 2008,Walt Disney Pictures,Based on Real Life Events,Concert/Performance,71.0,6.4,15106.0
50026353.0,76482461.0,110000000.0,Apr 02 2004,Walt Disney Pictures,Original Screenplay,Comedy,54.0,5.4,4772.0
27669725.0,80583311.0,50000000.0,Feb 09 2007,Weinstein Co.,Based on Book/Short Story,Thriller/Suspense,15.0,6.0,28690.0
277322503.0,465132119.0,35000000.0,Jun 05 2009,Warner Bros.,Original Screenplay,Comedy,78.0,7.9,127634.0
36037909.0,51867723.0,40000000.0,Feb 18 2000,Sony Pictures,Original Screenplay,Comedy,12.0,4.3,6098.0
7164995.0,7164995.0,25000000.0,Apr 06 2007,Walt Disney Pictures,Based on Real Life Events,Drama,85.0,6.9,9171.0
67383924.0,72383924.0,20000000.0,Apr 18 2003,Walt Disney Pictures,Based on Book/Short Story,Drama,77.0,7.1,19388.0
63280000.0,205190324.0,85000000.0,Dec 08 2006,Sony Pictures,Original Screenplay,Romantic Comedy,47.0,6.9,48215.0
73209340.0,191200000.0,90000000.0,Aug 04 2000,Sony Pictures,Original Screenplay,Horror,28.0,5.5,41499.0
304124.0,1261792.0,1400000.0,Apr 29 2005,Fine Line,Original Screenplay,Drama,55.0,6.4,15106.0
10513979.0,10513979.0,15000000.0,Nov 25 1998,Warner Bros.,Original Screenplay,Black Comedy,31.0,4.7,4806.0
30272254.0,62192232.0,18000000.0,Dec 05 2003,Universal,Original Screenplay,Drama,20.0,4.6,13026.0
12834849.0,13174426.0,27000000.0,Jun 10 2005,Paramount Pictures,Based on TV,Comedy,14.0,2.6,5012.0
8117637.0,8224998.0,15000000.0,May 05 2006,New Line,Based on Book/Short Story,Comedy,26.0,5.3,2830.0
60110313.0,81529000.0,30000000.0,May 29 1998,20th Century Fox,Original Screenplay,Drama,23.0,5.3,9168.0
154529439.0,297133947.0,85000000.0,Mar 14 2008,20th Century Fox,Based on Book/Short Story,Adventure,55.0,7.2,31323.0
17544812.0,33606409.0,7500000.0,Jun 08 2007,Lionsgate,Original Screenplay,Horror,45.0,5.4,31511.0
34636443.0,77636443.0,75000000.0,Mar 11 2005,Miramax,Based on Book/Short Story,Action,55.0,7.3,3070.0
47326473.0,80578934.0,4800000.0,Jan 06 2006,Lionsgate,Original Screenplay,Horror,55.0,5.7,64642.0
13938332.0,14334401.0,25000000.0,Aug 03 2007,Paramount Pictures,Original Screenplay,Comedy,40.0,6.5,22250.0
41675994.0,108775994.0,25000000.0,Dec 27 2002,Paramount Pictures,Based on Book/Short Story,Drama,80.0,7.6,44618.0
15652637.0,23889158.0,18000000.0,Oct 26 2001,New Line,Original Screenplay,Drama,46.0,7.5,19308.0
132675402.0,164675402.0,20000000.0,Mar 07 2003,Walt Disney Pictures,Original Screenplay,Comedy,34.0,5.4,16242.0
32064800.0,70064800.0,35000000.0,May 06 2005,Warner Bros.,Remake,Horror,25.0,5.4,32159.0
14108518.0,14108518.0,16000000.0,Jul 18 2003,New Line,Based on Book/Short Story,Drama,29.0,5.4,5292.0
31155435.0,31260435.0,12000000.0,Dec 21 2001,Universal,Original Screenplay,Comedy,27.0,5.5,14470.0
14010363.0,14010363.0,12000000.0,Aug 06 1997,Gramercy,Original Screenplay,Comedy,55.0,6.4,15106.0
261987880.0,878987880.0,100000000.0,Nov 15 2002,Warner Bros.,Based on Book/Short Story,Adventure,82.0,7.2,120063.0
249538952.0,795538952.0,130000000.0,Jun 04 2004,Warner Bros.,Based on Book/Short Story,Adventure,90.0,7.7,108928.0
290013036.0,896013036.0,150000000.0,Nov 18 2005,Warner Bros.,Based on Book/Short Story,Adventure,88.0,7.6,111946.0
292004738.0,938468864.0,150000000.0,Jul 11 2007,Warner Bros.,Based on Book/Short Story,Adventure,78.0,7.4,104074.0
301959197.0,937499905.0,250000000.0,Jul 15 2009,Warner Bros.,Based on Book/Short Story,Adventure,83.0,7.3,73720.0
317557891.0,976457891.0,125000000.0,Nov 16 2001,Warner Bros.,Based on Book/Short Story,Adventure,55.0,7.2,132238.0
198000317.0,385000317.0,85000000.0,Nov 17 2006,Warner Bros.,Original Screenplay,Adventure,74.0,6.7,42369.0
99112101.0,250700000.0,70000000.0,Jun 15 1997,Walt Disney Pictures,Based on Book/Short Story,Adventure,84.0,6.8,21902.0
40222729.0,44102389.0,21000000.0,Sep 14 2001,Paramount Pictures,Based on Book/Short Story,Drama,38.0,4.1,165.0
19870567.0,19870567.0,70000000.0,Jan 16 1998,Paramount Pictures,Original Screenplay,Action,26.0,5.6,14375.0
75383563.0,75383563.0,60000000.0,May 15 1998,Walt Disney Pictures,Based on Book/Short Story,Drama,71.0,6.3,15831.0
196067.0,196067.0,7000000.0,Jun 13 2003,Warner Bros.,Original Screenplay,Drama,55.0,6.3,1342.0
539285.0,1178175.0,3750000.0,Aug 11 2006,Sony Pictures Classics,Original Screenplay,Drama,55.0,7.5,1519.0
11965282.0,26735797.0,12500000.0,Sep 11 2009,Summit Entertainment,Remake,Horror,22.0,5.1,7097.0
19076815.0,33076815.0,70000000.0,Feb 15 2002,MGM,Based on Book/Short Story,Drama,58.0,6.2,19541.0
51019112.0,104019112.0,45000000.0,Apr 29 2005,Walt Disney Pictures,Based on Book/Short Story,Comedy,60.0,6.6,61513.0
3681066.0,5208449.0,2850000.0,Jun 10 2005,Lionsgate,Original Screenplay,Horror,55.0,5.4,165.0
23618786.0,79197493.0,16000000.0,Apr 20 2007,Focus Features,Original Screenplay,Comedy,91.0,8.0,129779.0
104257.0,5422740.0,3300000.0,May 05 2000,Miramax,Original Screenplay,Drama,55.0,6.6,9455.0
217581231.0,491581231.0,165000000.0,Mar 26 2010,Paramount Pictures,Based on Book/Short Story,Comedy,98.0,8.2,28556.0
12784713.0,14584713.0,22000000.0,Oct 01 2004,Fox Searchlight,Original Screenplay,Comedy,62.0,6.8,35878.0
132177234.0,245360480.0,137000000.0,Jun 20 2003,Universal,Based on Comic/Graphic Novel,Action,62.0,5.7,70844.0
134806913.0,263349257.0,137500000.0,Jun 13 2008,Universal,Based on Comic/Graphic Novel,Adventure,66.0,7.1,82419.0
100138851.0,325500000.0,100000000.0,Jun 21 1996,Walt Disney Pictures,Based on Book/Short Story,Adventure,73.0,6.5,19479.0
34234008.0,45016494.0,55000000.0,Mar 14 2003,Paramount Pictures,Original Screenplay,Action,31.0,5.8,18941.0
334041.0,367582.0,500000.0,Feb 13 1998,MGM,Original Screenplay,Drama,55.0,6.4,15106.0
14700000.0,44468574.0,15000000.0,Jun 26 2009,Summit Entertainment,Original Screenplay,Drama,55.0,7.8,83679.0
22202809.0,23563727.0,2800000.0,Jul 22 2005,Paramount Vantage,Original Screenplay,Drama,55.0,7.5,18688.0
88200225.0,170200225.0,60000000.0,Mar 05 2004,Warner Bros.,Based on TV,Comedy,64.0,6.2,48935.0
4839383.0,14839383.0,16000000.0,May 03 2002,Dreamworks SKG,Original Screenplay,Romantic Comedy,46.0,6.3,10486.0
30207785.0,51107785.0,75000000.0,Jun 13 2003,Sony/Columbia,Original Screenplay,Action,30.0,5.2,16452.0
8735529.0,8735529.0,15000000.0,Mar 24 2000,Sony Pictures,Based on Book/Short Story,Romantic Comedy,16.0,5.2,4192.0
195330621.0,651899282.0,75000000.0,Mar 31 2006,20th Century Fox,Original Screenplay,Adventure,55.0,6.9,50981.0
196573705.0,886685941.0,90000000.0,Jul 01 2009,20th Century Fox,Original Screenplay,Adventure,55.0,7.1,33289.0
176387405.0,383257136.0,65000000.0,Mar 15 2002,20th Century Fox,Original Screenplay,Adventure,77.0,7.4,75552.0
24381334.0,25732334.0,25000000.0,Mar 18 2005,Walt Disney Pictures,Original Screenplay,Comedy,52.0,6.0,7106.0
8038061.0,16011975.0,18000000.0,Sep 27 1997,Fox Searchlight,Based on Book/Short Story,Drama,82.0,7.5,27544.0
0.0,627422.0,18000000.0,Dec 31 1969,Warner Bros.,Original Screenplay,Drama,55.0,5.2,618.0
52131264.0,90231264.0,28000000.0,Apr 25 2003,Sony Pictures,Original Screenplay,Thriller/Suspense,62.0,7.3,57909.0
18542974.0,18542974.0,10700000.0,Jun 18 1999,Miramax,Based on Play,Comedy,86.0,6.7,8078.0
12669914.0,12669914.0,15000000.0,Aug 25 2006,Universal,Original Screenplay,Musical,47.0,5.8,3056.0
4777465.0,4777465.0,9000000.0,Sep 13 2002,MGM,Original Screenplay,Comedy,76.0,7.0,19050.0
19528188.0,26608350.0,30000000.0,Sep 19 2008,MGM,Original Screenplay,Comedy,35.0,6.0,6614.0
10317779.0,10317779.0,3500000.0,May 27 1998,Miramax,Original Screenplay,Comedy,17.0,3.3,985.0
4023741.0,4023741.0,15000000.0,Apr 30 1999,Sony Pictures,Original Screenplay,Horror,15.0,5.8,16157.0
228524.0,290875.0,10000000.0,Dec 17 2004,Sony Pictures Classics,Original Screenplay,Drama,35.0,7.2,6057.0
40020622.0,40020622.0,24000000.0,Nov 13 1998,Sony Pictures,Based on Book/Short Story,Horror,8.0,4.1,23268.0
72250091.0,125250091.0,17000000.0,Oct 17 1997,Sony Pictures,Based on Book/Short Story,Horror,36.0,5.4,36807.0
14800725.0,16382538.0,18000000.0,Jul 10 2009,20th Century Fox,Based on Book/Short Story,Comedy,55.0,5.9,179.0
39868642.0,84276175.0,16500000.0,Aug 18 2006,Yari Film Group Releasing,Based on Book/Short Story,Drama,74.0,7.7,92040.0
2205627.0,2595216.0,1200000.0,Jul 07 2000,Lionsgate,Original Screenplay,Comedy,55.0,6.1,10073.0
7689458.0,58692979.0,30000000.0,Dec 25 2009,Sony Pictures Classics,Original Screenplay,Adventure,64.0,7.1,33374.0
672243.0,972243.0,7900000.0,Jan 27 2006,Fox Searchlight,Original Screenplay,Romantic Comedy,55.0,6.7,9534.0
16123323.0,16123323.0,55000000.0,Jun 12 2009,Paramount Pictures,Original Screenplay,Comedy,38.0,5.4,3092.0
6114237.0,6114237.0,40000000.0,Jan 04 2002,Miramax,Based on Book/Short Story,Thriller/Suspense,55.0,6.0,9020.0
285630280.0,753830280.0,160000000.0,Jul 16 2010,Warner Bros.,Original Screenplay,Thriller/Suspense,87.0,9.1,188247.0
4717455.0,23693646.0,12000000.0,Oct 22 2003,Sony Pictures,Based on Book/Short Story,Thriller/Suspense,34.0,5.2,11590.0
14026509.0,14026509.0,7000000.0,Aug 25 1999,Gramercy,Original Screenplay,Drama,36.0,5.5,2529.0
320700.0,6877936.0,18900000.0,Dec 15 2006,Weinstein Co.,Original Screenplay,Drama,55.0,7.2,5775.0
317023851.0,786558145.0,185000000.0,May 22 2008,Paramount Pictures,Original Screenplay,Adventure,77.0,6.6,135071.0
12017369.0,12017369.0,30000000.0,Jan 15 1999,Dreamworks SKG,Based on Book/Short Story,Horror,22.0,5.3,7138.0
1151330.0,2613717.0,13000000.0,Oct 13 2006,Warner Independent,Based on Book/Short Story,Drama,72.0,7.1,6917.0
33316821.0,41771168.0,22000000.0,Sep 18 2009,Warner Bros.,Based on Factual Book/Article,Thriller/Suspense,55.0,6.2,380.0
315000.0,315000.0,18000000.0,Apr 24 2009,Senator Entertainment,Based on Book/Short Story,Thriller/Suspense,55.0,5.2,7595.0
17303424.0,58051454.0,60000000.0,Jan 23 2009,Warner Bros.,Based on Book/Short Story,Adventure,40.0,6.1,14157.0
63826569.0,83226569.0,35000000.0,Sep 19 1997,Paramount Pictures,Original Screenplay,Comedy,71.0,6.1,18773.0
119725280.0,185708462.0,85000000.0,Jul 20 2007,Universal,Original Screenplay,Comedy,14.0,6.1,46347.0
88634237.0,184634237.0,50000000.0,Mar 24 2006,Universal,Original Screenplay,Thriller/Suspense,86.0,7.7,86229.0
28965197.0,60265197.0,68000000.0,Nov 05 1999,Walt Disney Pictures,Based on Book/Short Story,Drama,96.0,8.0,68747.0
67263182.0,113622499.0,46000000.0,May 24 2002,Warner Bros.,Remake,Thriller/Suspense,92.0,6.3,33.0
97387965.0,97387965.0,75000000.0,Jul 23 1999,Walt Disney Pictures,Based on TV,Comedy,21.0,3.9,13881.0
34105207.0,34105207.0,55000000.0,Jun 04 1999,Walt Disney Pictures,Original Screenplay,Drama,27.0,6.2,15388.0
18451251.0,32679264.0,18500000.0,Oct 02 2009,Warner Bros.,Original Screenplay,Comedy,57.0,6.5,24578.0
15074191.0,40147042.0,80000000.0,Aug 17 2007,Warner Bros.,Remake,Thriller/Suspense,19.0,6.0,28605.0
221096.0,221096.0,3500000.0,Sep 14 2007,Magnolia Pictures,Original Screenplay,Comedy,55.0,6.3,855.0
144801023.0,348601023.0,105000000.0,Jul 16 2004,20th Century Fox,Based on Book/Short Story,Action,58.0,6.4,15106.0
312128345.0,622128345.0,170000000.0,May 07 2010,Paramount Pictures,Based on Comic/Graphic Novel,Adventure,74.0,7.3,61256.0
318604126.0,582604126.0,186000000.0,May 02 2008,Paramount Pictures,Based on Comic/Graphic Novel,Action,94.0,7.9,174040.0
23159305.0,31333917.0,50000000.0,Aug 04 1999,Warner Bros.,Based on Book/Short Story,Adventure,97.0,7.9,38791.0
617228.0,7174984.0,4900000.0,Aug 29 2008,Sony Pictures Classics,Based on Book/Short Story,Black Comedy,55.0,7.4,3048.0
35818913.0,163018913.0,120000000.0,Jul 22 2005,Dreamworks SKG,Original Screenplay,Action,40.0,6.9,82601.0
2954405.0,2954405.0,36000000.0,Jan 28 2000,Universal,Based on Magazine Article,Comedy,25.0,4.9,1426.0
33561137.0,33561137.0,70000000.0,Nov 01 2002,Sony Pictures,Based on TV,Action,15.0,5.3,18061.0
106126012.0,175826012.0,60000000.0,May 30 2003,Paramount Pictures,Remake,Adventure,73.0,6.9,76835.0
12559771.0,13205411.0,14000000.0,Mar 16 2007,Fox Searchlight,Remake,Romantic Comedy,19.0,5.5,8643.0
34645374.0,34645374.0,50000000.0,Dec 11 1998,Warner Bros.,Original Screenplay,Comedy,15.0,4.6,6932.0
39673162.0,72673162.0,12000000.0,Dec 25 1997,Miramax,Based on Book/Short Story,Drama,85.0,7.6,84068.0
54956941.0,159356941.0,60000000.0,Nov 14 1997,Universal,Remake,Thriller/Suspense,12.0,6.0,35540.0
6301131.0,15452978.0,28500000.0,Mar 04 2005,Warner Independent,Original Screenplay,Thriller/Suspense,43.0,7.1,35932.0
4956401.0,4956401.0,15000000.0,Sep 24 1999,Sony Pictures,Based on Book/Short Story,Drama,30.0,6.1,6636.0
62647540.0,96947540.0,72000000.0,Nov 04 2005,Universal,Based on Book/Short Story,Drama,61.0,7.2,60650.0
3076820.0,3076820.0,3000000.0,Feb 19 1999,Sony Pictures,Original Screenplay,Black Comedy,7.0,4.8,9329.0
126930660.0,361730660.0,135000000.0,Nov 19 1999,MGM,Based on Book/Short Story,Action,51.0,6.3,59406.0
160942139.0,431942139.0,142000000.0,Nov 22 2002,MGM,Based on Book/Short Story,Action,59.0,6.0,67476.0
167365000.0,596365000.0,102000000.0,Nov 17 2006,Sony Pictures,Based on Book/Short Story,Action,94.0,8.0,172936.0
169368427.0,576368427.0,230000000.0,Nov 14 2008,Sony Pictures,Based on Book/Short Story,Action,64.0,6.8,93596.0
16204793.0,32832166.0,16000000.0,Sep 18 2009,20th Century Fox,Original Screenplay,Thriller/Suspense,42.0,5.3,24265.0
72778712.0,83578712.0,11000000.0,Sep 22 2006,Paramount Pictures,Based on TV,Comedy,63.0,7.2,24434.0
64282312.0,75466905.0,5000000.0,Oct 25 2002,Paramount Pictures,Based on TV,Comedy,55.0,6.3,27454.0
101704370.0,240904370.0,45000000.0,Jul 11 2008,Warner Bros.,Based on Book/Short Story,Adventure,55.0,5.9,23756.0
27087695.0,30987695.0,16000000.0,Apr 11 2001,Sony Pictures,Original Screenplay,Comedy,11.0,5.4,18666.0
7496522.0,18496522.0,26000000.0,Aug 24 2001,Dreamworks SKG,Original Screenplay,Comedy,45.0,6.7,15897.0
37904175.0,55026845.0,10000000.0,Aug 31 2001,MGM,Original Screenplay,Horror,45.0,5.7,30610.0
28013509.0,160323929.0,45000000.0,Jul 18 2003,Universal,Original Screenplay,Comedy,33.0,5.8,29246.0
35623801.0,35623801.0,25000000.0,Aug 29 2003,MGM,Original Screenplay,Horror,55.0,5.3,15975.0
3909149.0,15001776.0,30000000.0,Sep 21 2007,Warner Bros.,Based on Book/Short Story,Western,75.0,7.7,57465.0
31203964.0,31462753.0,12000000.0,Apr 07 2004,Fox Searchlight,Original Screenplay,Comedy,6.0,3.8,3278.0
25266129.0,37066129.0,35000000.0,Mar 26 2004,Miramax,Original Screenplay,Comedy,40.0,6.2,27370.0
703.0,703.0,1000000.0,Dec 13 2002,Warner Bros.,Original Screenplay,Drama,40.0,5.1,358.0
399879.0,2862544.0,10800000.0,Apr 27 2007,Sony Pictures Classics,Based on Book/Short Story,Drama,55.0,6.4,3920.0
44452.0,44452.0,400000.0,Jul 27 2001,Warner Bros.,Original Screenplay,Drama,29.0,5.7,408.0
48318130.0,100687083.0,58000000.0,Sep 16 2005,Dreamworks SKG,Based on Book/Short Story,Romantic Comedy,57.0,6.8,29457.0
17326650.0,38326650.0,28000000.0,May 12 2006,20th Century Fox,Original Screenplay,Romantic Comedy,13.0,5.0,13368.0
14271297.0,14271297.0,50000000.0,Nov 12 1999,Sony Pictures,Based on Real Life Events,Drama,31.0,6.4,15106.0
47901582.0,135703599.0,20000000.0,Feb 14 2003,Walt Disney Pictures,Based on Book/Short Story,Adventure,19.0,5.2,2740.0
22770864.0,24515990.0,38000000.0,Dec 21 2001,20th Century Fox,Original Screenplay,Comedy,19.0,5.3,5313.0
10547117.0,10547117.0,47000000.0,Jun 18 2010,Warner Bros.,Based on Comic/Graphic Novel,Action,13.0,4.3,2316.0
71026631.0,102226631.0,36000000.0,Feb 15 2002,New Line,Original Screenplay,Drama,22.0,6.6,32338.0
25571351.0,25606175.0,14000000.0,Oct 04 2002,Artisan,Based on Short Film,Adventure,55.0,6.3,1704.0
1475746.0,1475746.0,10000000.0,Apr 16 2010,Roadside Attractions,Original Screenplay,Drama,55.0,6.6,4345.0
14252830.0,14252830.0,22000000.0,Apr 11 2001,Universal,Based on TV,Comedy,53.0,5.1,11284.0
21973182.0,21973182.0,23000000.0,Oct 05 2001,20th Century Fox,Original Screenplay,Thriller/Suspense,55.0,5.4,118.0
153952592.0,274000000.0,50000000.0,Dec 13 1996,Sony Pictures,Original Screenplay,Romantic Comedy,84.0,7.2,78603.0
30059386.0,33762400.0,22000000.0,Aug 24 2001,Miramax/Dimension,Spin-Off,Comedy,53.0,6.8,62692.0
1282084.0,1687548.0,2500000.0,Jun 16 2000,Lionsgate,Based on Book/Short Story,Drama,55.0,6.7,4620.0
7739049.0,11039049.0,18000000.0,Oct 15 2004,Sony Pictures,Based on Book/Short Story,Drama,76.0,7.1,7067.0
94125426.0,126646119.0,40000000.0,Aug 07 2009,Sony Pictures,Based on Book/Short Story,Comedy,75.0,7.2,22269.0
80172128.0,222117068.0,82500000.0,Feb 14 2008,20th Century Fox,Based on Book/Short Story,Adventure,17.0,5.9,69161.0
2678010.0,2678010.0,1000000.0,Aug 03 2005,Sony Pictures Classics,Original Screenplay,Drama,86.0,7.1,11457.0
143495265.0,230327671.0,7000000.0,Dec 05 2007,Fox Searchlight,Original Screenplay,Comedy,93.0,7.9,149855.0
181166115.0,365900000.0,93000000.0,Jul 18 2001,Universal,Based on Book/Short Story,Action,55.0,7.9,151365.0
39852.0,39852.0,3000000.0,Oct 13 2000,Warner Bros.,Original Screenplay,Drama,55.0,6.3,949.0
56127162.0,56127162.0,19000000.0,Jan 10 2003,20th Century Fox,Original Screenplay,Romantic Comedy,20.0,5.1,19508.0
13571817.0,13771817.0,15600000.0,Jun 21 2002,Warner Bros.,Original Screenplay,Comedy,55.0,4.1,3062.0
82622655.0,114326122.0,25000000.0,Aug 15 2003,New Line,Spin-Off,Horror,41.0,5.8,39182.0
35168966.0,65716126.0,90000000.0,Jul 19 2002,Paramount Pictures,Based on Book/Short Story,Action,61.0,6.5,22288.0
47095453.0,70937778.0,48000000.0,Dec 25 2001,Miramax,Original Screenplay,Romantic Comedy,55.0,6.2,23600.0
4109095.0,4109095.0,3000000.0,Feb 28 1997,Trimark,Original Screenplay,Drama,55.0,6.4,15106.0
66723216.0,90723216.0,60000000.0,Jan 17 2003,Warner Bros.,Original Screenplay,Comedy,55.0,4.1,9994.0
48071303.0,76252166.0,28000000.0,Apr 16 2010,Lionsgate,Based on Comic/Graphic Novel,Action,75.0,8.1,86990.0
38168022.0,38236338.0,3000000.0,Aug 18 2000,Paramount Pictures,Based on Real Life Events,Concert/Performance,86.0,6.2,3258.0
36833473.0,36833473.0,25000000.0,Jul 06 2001,20th Century Fox,Original Screenplay,Action,51.0,6.3,22087.0
17104669.0,101004669.0,20000000.0,Apr 08 2005,Sony Pictures Classics,Original Screenplay,Action,89.0,6.4,15106.0
176591618.0,350591618.0,40000000.0,Jun 11 2010,Sony Pictures,Remake,Adventure,67.0,6.1,20039.0
15000000.0,20000000.0,600000.0,Aug 10 1977,United Film Distribution Co.,Original Screenplay,Comedy,77.0,6.4,8342.0
52842724.0,55842724.0,45000000.0,May 13 2005,Universal,Original Screenplay,Comedy,55.0,6.9,3841.0
66207920.0,150907920.0,55000000.0,Apr 16 2004,Miramax,Original Screenplay,Action,55.0,8.0,182834.0
70098138.0,180098138.0,55000000.0,Oct 10 2003,Miramax,Original Screenplay,Action,85.0,8.2,231761.0
23247539.0,23393939.0,7000000.0,Apr 11 2001,Fox Searchlight,Based on Play,Comedy,28.0,6.4,15106.0
47398413.0,211398413.0,110000000.0,May 06 2005,20th Century Fox,Original Screenplay,Adventure,39.0,7.1,83189.0
10214647.0,13000959.0,11000000.0,Nov 12 2004,Fox Searchlight,Based on Real Life Events,Drama,90.0,7.2,20135.0
7025722.0,8915268.0,1500000.0,Mar 13 2002,Fox Searchlight,Based on Play,Romantic Comedy,55.0,6.8,8291.0
60527873.0,60527873.0,27000000.0,Oct 03 1997,Paramount Pictures,Based on Book/Short Story,Thriller/Suspense,32.0,6.4,20932.0
218080025.0,550517357.0,207000000.0,Dec 14 2005,Universal,Remake,Adventure,83.0,7.6,132720.0
148761765.0,218994109.0,27500000.0,Jun 01 2007,Universal,Original Screenplay,Romantic Comedy,90.0,7.5,111192.0
76373029.0,228937227.0,117000000.0,Jun 23 2010,20th Century Fox,Original Screenplay,Action,55.0,6.6,13887.0
47467250.0,86509602.0,72500000.0,Sep 28 2007,Universal,Original Screenplay,Action,51.0,7.1,47200.0
33422806.0,33422806.0,35000000.0,Nov 21 2001,20th Century Fox,Original Screenplay,Comedy,13.0,4.3,12747.0
11660180.0,12419700.0,15000000.0,Oct 11 2002,New Line,Original Screenplay,Drama,55.0,6.0,11019.0
79957634.0,187858642.0,50000000.0,Mar 20 2009,Summit Entertainment,Based on Book/Short Story,Thriller/Suspense,32.0,6.4,58138.0
10319915.0,10319915.0,35000000.0,Sep 04 1998,Sony Pictures,Original Screenplay,Action,8.0,4.1,5852.0
50315140.0,50315140.0,48000000.0,Oct 26 2001,Universal,Based on Book/Short Story,Drama,40.0,7.3,50475.0
73701902.0,96501902.0,50000000.0,Nov 24 2004,Sony Pictures,Based on Book/Short Story,Comedy,5.0,4.7,9126.0
4008527.0,4049527.0,25000000.0,Apr 22 2005,New Line,Original Screenplay,Comedy,2.0,3.5,2251.0
4235837.0,13105837.0,15000000.0,Oct 21 2005,Warner Bros.,Based on Book/Short Story,Comedy,83.0,6.4,15106.0
56083966.0,56083966.0,41000000.0,May 11 2001,Sony Pictures,Original Screenplay,Adventure,58.0,6.6,47609.0
15800078.0,73222245.0,20000000.0,Dec 14 2007,Paramount Vantage,Based on Book/Short Story,Drama,66.0,7.8,26816.0
5686694.0,5686694.0,28000000.0,Dec 25 1997,Walt Disney Pictures,Original Screenplay,Drama,76.0,7.0,10248.0
16033556.0,16033556.0,10000000.0,Jan 25 2002,20th Century Fox,Original Screenplay,Comedy,55.0,5.7,19348.0
64604977.0,110604977.0,35000000.0,Sep 19 1997,Warner Bros.,Based on Book/Short Story,Drama,99.0,8.4,165161.0
73357727.0,113190972.0,53000000.0,Oct 16 2009,Overture Films,Original Screenplay,Thriller/Suspense,25.0,7.2,45577.0
74541707.0,102332848.0,60000000.0,Oct 01 2004,Walt Disney Pictures,Original Screenplay,Action,40.0,6.5,23369.0
39692139.0,77692139.0,35000000.0,Mar 26 2004,Walt Disney Pictures,Remake,Comedy,54.0,6.2,39242.0
42285169.0,72785169.0,75000000.0,Jul 21 2006,Warner Bros.,Original Screenplay,Drama,24.0,5.8,47535.0
52330111.0,114830111.0,40000000.0,Jun 16 2006,Warner Bros.,Remake,Drama,36.0,6.8,36613.0
39263506.0,44263506.0,20000000.0,Sep 19 2008,Sony/Screen Gems,Original Screenplay,Thriller/Suspense,46.0,6.3,18547.0
13592872.0,13719474.0,11000000.0,Oct 13 2000,Paramount Pictures,Original Screenplay,Comedy,11.0,4.7,6556.0
49438370.0,69548641.0,100000000.0,Jun 05 2009,Universal,Based on TV,Comedy,26.0,5.3,16830.0
66790248.0,66790248.0,45000000.0,Apr 12 2002,Paramount Pictures,Original Screenplay,Thriller/Suspense,77.0,6.5,29222.0
5956480.0,10553442.0,12500000.0,Oct 12 2007,MGM,Original Screenplay,Comedy,81.0,7.5,32423.0
3895664.0,3895664.0,5900000.0,May 16 2003,Fox Searchlight,Original Screenplay,Comedy,55.0,7.3,15696.0
17848322.0,29948322.0,32000000.0,Apr 30 2004,New Line,Original Screenplay,Romantic Comedy,18.0,5.7,9266.0
20422207.0,21758371.0,30000000.0,Aug 06 2004,Sony Pictures,Original Screenplay,Romantic Comedy,21.0,5.2,7625.0
2339957.0,11850214.0,6500000.0,May 13 2005,Sony Pictures Classics,Based on Book/Short Story,Thriller/Suspense,55.0,7.4,39857.0
15680099.0,15680099.0,17000000.0,Mar 24 2006,Lionsgate,Original Screenplay,Comedy,6.0,2.8,7547.0
5463019.0,14763019.0,14000000.0,Oct 06 2006,New Line,Based on Book/Short Story,Drama,79.0,7.8,37162.0
91038276.0,131638276.0,13000000.0,Jan 12 2001,Paramount Pictures,Original Screenplay,Drama,53.0,5.9,20355.0
20700082.0,45900082.0,15000000.0,Jun 24 2005,Universal,Original Screenplay,Horror,55.0,6.4,15106.0
4221341.0,4221341.0,18500000.0,Feb 02 2001,Cloud Ten Pictures,Based on Book/Short Story,Drama,55.0,5.0,43.0
40122938.0,64622938.0,26000000.0,Jan 22 2010,Sony Pictures,Original Screenplay,Thriller/Suspense,19.0,5.0,19962.0
256393010.0,585055701.0,150000000.0,Dec 14 2007,Warner Bros.,Based on Book/Short Story,Horror,69.0,7.1,153631.0
31373938.0,40830862.0,58000000.0,Apr 04 2008,Universal,Original Screenplay,Romantic Comedy,52.0,6.1,14504.0
303439.0,303439.0,12000000.0,Apr 18 2008,Magnolia Pictures,Based on Book/Short Story,Drama,55.0,6.4,15106.0
13756082.0,68756082.0,13000000.0,Dec 20 2006,Warner Bros.,Based on Real Life Events,Drama,91.0,8.1,56872.0
14448589.0,14448589.0,40000000.0,Apr 26 2002,20th Century Fox,Original Screenplay,Romantic Comedy,55.0,6.4,15106.0
38399961.0,43343247.0,45000000.0,Jan 13 2006,Paramount Pictures,Remake,Comedy,54.0,6.3,8060.0
50699241.0,73956241.0,38000000.0,Dec 29 1999,Universal,Based on Real Life Events,Drama,83.0,7.4,32172.0
181410615.0,302710615.0,45000000.0,Mar 21 1997,Universal,Original Screenplay,Comedy,82.0,6.7,67798.0
1190018.0,5345869.0,20000000.0,Dec 06 2002,Miramax/Dimension,Original Screenplay,Action,37.0,7.7,86428.0
12189514.0,12291975.0,23000000.0,Jan 09 2004,Warner Bros.,Original Screenplay,Romantic Comedy,19.0,5.8,7855.0
4835065.0,9448623.0,22000000.0,Nov 23 2005,Weinstein Co.,Based on Play,Drama,55.0,6.4,16266.0
1138836.0,1138836.0,700000.0,Sep 07 2001,Lot 47 Films,Original Screenplay,Drama,83.0,7.2,5122.0
24006726.0,34806726.0,50000000.0,Dec 10 2004,Walt Disney Pictures,Original Screenplay,Comedy,53.0,7.2,57889.0
19694635.0,28920188.0,50000000.0,Feb 21 2003,Universal,Original Screenplay,Thriller/Suspense,20.0,7.3,37628.0
64062587.0,73521587.0,75000000.0,Apr 16 1999,Universal,Original Screenplay,Comedy,50.0,5.3,99.0
51432423.0,62432423.0,30000000.0,Jul 03 2002,20th Century Fox,Original Screenplay,Comedy,56.0,4.4,4870.0
145771527.0,245800000.0,80000000.0,Jun 21 2002,Walt Disney Pictures,Original Screenplay,Adventure,55.0,7.1,25611.0
2016687.0,2016687.0,8300000.0,Jun 04 1999,Sony Pictures,Original Screenplay,Drama,55.0,6.9,3855.0
5871603.0,5871603.0,13000000.0,Nov 10 1999,20th Century Fox,Original Screenplay,Drama,38.0,5.4,2257.0
12905901.0,12905901.0,12000000.0,Oct 30 1998,New Line,Original Screenplay,Drama,58.0,6.5,3040.0
42734455.0,55534455.0,15000000.0,May 02 2003,Walt Disney Pictures,Based on TV,Comedy,40.0,4.7,10199.0
53032453.0,68332453.0,30000000.0,May 14 2010,Summit Entertainment,Based on Factual Book/Article,Drama,42.0,6.3,4576.0
54606.0,54606.0,6000000.0,Apr 05 2002,Paramount Pictures,Original Screenplay,Drama,55.0,6.1,1482.0
17606684.0,48363516.0,6000000.0,Sep 27 2006,Fox Searchlight,Based on Book/Short Story,Drama,87.0,7.8,54022.0
1147784.0,1147784.0,55000000.0,Jul 22 1998,MGM,Based on Book/Short Story,Drama,55.0,6.7,15197.0
211724.0,211724.0,1000000.0,Dec 30 2002,Warner Bros.,Original Screenplay,Drama,55.0,6.8,4126.0
59891098.0,100523181.0,8000000.0,Jul 26 2006,Fox Searchlight,Original Screenplay,Comedy,91.0,8.0,151013.0
11052958.0,14140402.0,10500000.0,Apr 20 2007,Warner Bros.,Original Screenplay,Comedy,44.0,6.7,13550.0
14998070.0,63211088.0,35000000.0,Nov 09 2007,United Artists,Original Screenplay,Drama,27.0,6.2,22264.0
12667.0,12667.0,2000000.0,Feb 10 2006,IDP/Goldwyn/Roadside,Original Screenplay,Drama,55.0,7.7,181.0
105807520.0,177079973.0,50000000.0,Feb 07 2003,Paramount Pictures,Based on Book/Short Story,Romantic Comedy,43.0,6.1,33866.0
15464026.0,18250106.0,20000000.0,Jul 21 2000,Sony Pictures,Original Screenplay,Romantic Comedy,25.0,5.0,12877.0
23591432.0,23591432.0,25000000.0,Apr 23 2010,Warner Bros.,Based on Comic/Graphic Novel,Action,48.0,6.4,15106.0
2484186.0,3650302.0,9600000.0,Apr 28 2006,Magnolia Pictures,Original Screenplay,Drama,55.0,6.6,5790.0
69117629.0,136117629.0,80000000.0,Apr 03 1998,New Line,Based on TV,Adventure,26.0,4.8,31611.0
6552255.0,6552255.0,14000000.0,Apr 23 1999,Warner Bros.,Original Screenplay,Romantic Comedy,13.0,4.8,118.0
23602581.0,23602581.0,17000000.0,Aug 20 2010,Warner Bros.,Original Screenplay,Comedy,32.0,6.4,15106.0
27441122.0,27709625.0,15000000.0,Apr 21 2000,New Line,Original Screenplay,Drama,81.0,6.7,5835.0
12554569.0,12554569.0,10000000.0,Mar 14 1997,New Line,Original Screenplay,Drama,67.0,6.7,1165.0
8322608.0,8322608.0,15000000.0,May 21 1999,Dreamworks SKG,Based on Book/Short Story,Romantic Comedy,33.0,5.1,2446.0
4210379.0,4695781.0,250000.0,Jun 28 2002,Lionsgate,Original Screenplay,Drama,55.0,6.8,3936.0
341784377.0,926284377.0,94000000.0,Dec 18 2002,New Line,Based on Book/Short Story,Adventure,55.0,8.7,326950.0
377027325.0,1133027325.0,94000000.0,Dec 17 2003,New Line,Based on Book/Short Story,Adventure,55.0,8.8,364077.0
314776170.0,868621686.0,109000000.0,Dec 19 2001,New Line,Based on Book/Short Story,Adventure,55.0,8.8,387438.0
24149632.0,62142629.0,42000000.0,Sep 16 2005,Lionsgate,Original Screenplay,Action,61.0,7.7,80124.0
3897569.0,25297569.0,1350000.0,Mar 05 1999,Gramercy,Original Screenplay,Black Comedy,55.0,6.4,15106.0
463730.0,463730.0,40000000.0,Sep 24 2004,Walt Disney Pictures,Based on Real Life Events,Comedy,60.0,5.7,2711.0
154187.0,154187.0,500000.0,Mar 24 2006,IFC Films,Original Screenplay,Comedy,55.0,6.7,4585.0
5932060.0,21439015.0,67000000.0,Aug 17 2007,Weinstein/Dimension,Based on Book/Short Story,Action,17.0,5.4,12250.0
111110575.0,456810575.0,120000000.0,Dec 05 2003,Warner Bros.,Original Screenplay,Action,65.0,7.8,106002.0
388390.0,388390.0,2200000.0,Feb 09 2007,20th Century Fox,Based on Book/Short Story,Drama,19.0,5.7,1012.0
62950384.0,75850384.0,20000000.0,Mar 31 2010,Walt Disney Pictures,Based on Book/Short Story,Drama,19.0,3.9,7210.0
2793776.0,2793776.0,4000000.0,Sep 10 1999,Independent Artists,Original Screenplay,Comedy,19.0,5.3,3228.0
44585453.0,106454000.0,4000000.0,Sep 12 2003,Focus Features,Original Screenplay,Drama,94.0,7.9,130998.0
2326407.0,2326407.0,12000000.0,Feb 15 2002,Sony Pictures Classics,Based on Book/Short Story,Drama,55.0,7.0,3463.0
16779636.0,31320293.0,28000000.0,Oct 13 2000,New Line,Original Screenplay,Thriller/Suspense,7.0,4.5,6639.0
6616974.0,6616974.0,18000000.0,Jan 15 2010,Sony Pictures Classics,Based on Book/Short Story,Drama,55.0,7.0,3465.0
229086679.0,786686679.0,75000000.0,May 22 1997,Universal,Based on Book/Short Story,Action,55.0,6.0,77124.0
43799818.0,70799818.0,35000000.0,Jul 03 2007,Warner Bros.,Original Screenplay,Romantic Comedy,7.0,5.1,15422.0
20950820.0,54540662.0,80000000.0,Nov 14 2003,Warner Bros.,Based on Short Film,Comedy,57.0,6.0,8604.0
2848587.0,2848587.0,3000000.0,Apr 09 2010,Vivendi Entertainment,Original Screenplay,Drama,55.0,4.4,839.0
130444603.0,285400000.0,140000000.0,Jul 10 1998,Warner Bros.,Original Screenplay,Action,54.0,6.4,47846.0
58636047.0,101636047.0,64000000.0,Jul 14 2006,Sony Pictures,Original Screenplay,Comedy,12.0,5.7,97.0
266967.0,266967.0,14000000.0,Sep 26 2008,Lionsgate,Original Screenplay,Drama,36.0,7.1,4719.0
5755286.0,6521829.0,55000000.0,May 04 2007,Warner Bros.,Original Screenplay,Drama,28.0,5.9,9870.0
428535.0,428535.0,1000000.0,May 05 2000,Warner Bros.,Original Screenplay,Comedy,55.0,4.3,467.0
4604982.0,65696051.0,15000000.0,Sep 28 2007,Focus Features,Based on Book/Short Story,Drama,55.0,7.6,15440.0
5781086.0,29465190.0,35000000.0,Sep 26 2003,RS Entertainment,Based on Real Life Events,Drama,44.0,6.8,5909.0
59472278.0,247967903.0,45000000.0,Nov 07 2003,Universal,Original Screenplay,Romantic Comedy,63.0,7.9,97921.0
13555988.0,13555988.0,22000000.0,Oct 27 2000,New Line,Based on Book/Short Story,Comedy,53.0,5.3,2202.0
44028238.0,94702568.0,65000000.0,Dec 11 2009,Paramount Pictures,Based on Book/Short Story,Drama,32.0,6.6,32049.0
66010682.0,144110682.0,50000000.0,Jun 22 2005,Walt Disney Pictures,Original Screenplay,Comedy,42.0,4.7,14178.0
35188640.0,46112640.0,50000000.0,Sep 17 1999,Universal,Based on Book/Short Story,Drama,64.0,6.2,13612.0
20987.0,20987.0,9000000.0,Apr 02 2010,Warner Bros.,Original Screenplay,Black Comedy,50.0,6.9,4541.0
22965110.0,30206355.0,18000000.0,Sep 18 2009,Universal,Original Screenplay,Drama,17.0,5.5,6111.0
4777007.0,16172200.0,40000000.0,Apr 06 2001,Walt Disney Pictures,Remake,Comedy,33.0,5.6,6923.0
11284657.0,75284657.0,2000000.0,Feb 09 2007,Sony Pictures Classics,Original Screenplay,Drama,55.0,8.5,75070.0
134904.0,134904.0,25000000.0,Jun 30 2010,Warner Bros.,Based on Real Life Events,Drama,13.0,5.6,163.0
10299782.0,83499782.0,15500000.0,Jun 08 2007,Picturehouse,Based on Real Life Events,Drama,55.0,7.6,21412.0
291710957.0,748806957.0,180000000.0,Dec 09 2005,Walt Disney Pictures,Based on Book/Short Story,Adventure,76.0,6.4,15106.0
158119460.0,190320568.0,82000000.0,May 27 2005,Paramount Pictures,Remake,Comedy,31.0,6.2,39752.0
10561038.0,10561038.0,50000000.0,Nov 07 1997,Warner Bros.,Original Screenplay,Drama,37.0,6.1,9611.0
5308707.0,5476060.0,5000000.0,Jul 13 2001,Artisan,Original Screenplay,Comedy,70.0,6.3,9720.0
180010950.0,599516844.0,150000000.0,Nov 07 2008,Paramount Pictures,Original Screenplay,Comedy,64.0,6.8,30285.0
193595521.0,532680671.0,75000000.0,May 27 2005,Dreamworks SKG,Original Screenplay,Adventure,55.0,6.6,56480.0
8117961.0,9079042.0,500000.0,May 13 2005,Paramount Vantage,Based on Real Life Events,Documentary,83.0,7.4,2562.0
517262.0,517262.0,14000000.0,Apr 22 2005,MGM,Based on Real Life Events,Drama,55.0,6.4,536.0
19843795.0,30143795.0,10000000.0,Jul 24 1998,Walt Disney Pictures,Original Screenplay,Comedy,55.0,5.0,7706.0
146336178.0,180449670.0,26000000.0,Jan 16 2009,Sony Pictures,Original Screenplay,Comedy,35.0,5.3,23753.0
26500000.0,44114828.0,36000000.0,Apr 04 2003,New Line,Original Screenplay,Action,11.0,5.7,14953.0
77906816.0,118706816.0,60000000.0,Apr 23 2004,20th Century Fox,Remake,Thriller/Suspense,38.0,7.7,75256.0
19699706.0,22099706.0,50000000.0,Feb 25 2005,Sony Pictures,Original Screenplay,Comedy,8.0,4.2,3432.0
34580635.0,47407635.0,52000000.0,Dec 22 1999,Universal,Based on Real Life Events,Drama,62.0,7.4,49481.0
13801755.0,13801755.0,20000000.0,Nov 14 1997,Warner Bros.,Based on Book/Short Story,Comedy,40.0,6.3,11307.0
1646664.0,1646664.0,20000000.0,Aug 22 2003,Paramount Pictures,Original Screenplay,Comedy,10.0,2.4,3449.0
1506998.0,1506998.0,12000000.0,Mar 07 2008,Sony Pictures Classics,Based on Book/Short Story,Drama,55.0,6.4,4358.0
18844784.0,22165608.0,15000000.0,Oct 13 2006,20th Century Fox,Original Screenplay,Action,20.0,4.5,13157.0
17018422.0,59918422.0,100000000.0,Feb 18 2005,New Line,Based on Comic/Graphic Novel,Comedy,6.0,2.0,15800.0
12578537.0,17290120.0,10000000.0,Dec 30 2005,Weinstein Co.,Original Screenplay,Thriller/Suspense,76.0,6.9,25035.0
171479930.0,460279930.0,65000000.0,Mar 31 1999,Warner Bros.,Original Screenplay,Action,86.0,8.7,380934.0
17292381.0,17292381.0,12000000.0,Oct 05 2001,Walt Disney Pictures,Original Screenplay,Comedy,26.0,5.1,2490.0
145540.0,145540.0,1750000.0,Feb 07 2003,Warner Bros.,Original Screenplay,Drama,55.0,5.8,41.0
1531154.0,1722277.0,350000.0,Jul 08 2005,ThinkFilm,Based on Real Life Events,Documentary,98.0,7.8,5699.0
23213577.0,77213577.0,16000000.0,Aug 15 2008,MGM,Original Screenplay,Comedy,82.0,7.4,51760.0
241438208.0,368744044.0,5000000.0,Apr 19 2002,IFC Films,Based on Play,Romantic Comedy,75.0,6.6,46548.0
19219250.0,34787111.0,20000000.0,Sep 19 2008,Lionsgate,Original Screenplay,Comedy,15.0,5.8,14617.0
5409517.0,5409517.0,75000000.0,Feb 23 2001,20th Century Fox,Based on Comic/Graphic Novel,Comedy,20.0,4.5,8211.0
41975388.0,41975388.0,20000000.0,Mar 21 2008,Lionsgate,Based on Play,Comedy,30.0,3.1,3362.0
51545952.0,98817028.0,14000000.0,Jan 16 2009,Lionsgate,Remake,Horror,55.0,5.7,18037.0
669625.0,35869934.0,30000000.0,May 05 2006,Warner Independent,Original Screenplay,Action,55.0,5.6,5733.0
4408420.0,4408420.0,42000000.0,Apr 18 1997,Universal,Based on TV,Comedy,3.0,3.9,3466.0
7500310.0,9076823.0,27000000.0,Nov 02 2007,New Line,Based on Book/Short Story,Drama,55.0,6.4,15106.0
65948711.0,96148711.0,80000000.0,Jul 30 2004,Paramount Pictures,Remake,Thriller/Suspense,81.0,6.7,36553.0
33864342.0,53864342.0,40000000.0,Aug 20 1999,Warner Bros.,Original Screenplay,Comedy,44.0,5.7,16646.0
49033882.0,92987651.0,21500000.0,Oct 05 2007,Warner Bros.,Original Screenplay,Drama,90.0,7.5,59493.0
93926386.0,209486484.0,135000000.0,Nov 14 2003,20th Century Fox,Based on Book/Short Story,Adventure,85.0,7.5,63632.0
27776620.0,90676620.0,35000000.0,Aug 20 2010,Universal,Based on Book/Short Story,Adventure,55.0,6.1,2326.0
47279279.0,122540909.0,25000000.0,Jan 27 2006,Universal,Based on Book/Short Story,Comedy,73.0,6.7,13391.0
603951.0,967749.0,500000.0,Aug 20 2004,Paramount Vantage,Original Screenplay,Drama,55.0,7.3,14472.0
22108977.0,22108977.0,41000000.0,Aug 22 2003,Sony Pictures,Original Screenplay,Comedy,18.0,4.7,10121.0
11803254.0,50648806.0,60000000.0,Jul 11 2008,20th Century Fox,Original Screenplay,Comedy,19.0,4.8,13381.0
100492203.0,216763646.0,30000000.0,Dec 15 2004,Warner Bros.,Based on Book/Short Story,Drama,91.0,8.2,141212.0
90508336.0,90508336.0,17500000.0,Feb 20 2009,Lionsgate,Based on Play,Comedy,26.0,3.1,5468.0
46012734.0,105508112.0,40000000.0,May 02 2008,Sony Pictures,Original Screenplay,Romantic Comedy,14.0,5.5,15260.0
86047227.0,128947227.0,18000000.0,Apr 30 2004,Paramount Pictures,Based on Book/Short Story,Comedy,83.0,7.0,63607.0
92723.0,92723.0,4500000.0,Feb 22 2002,Warner Bros.,Original Screenplay,Drama,55.0,6.3,12754.0
4356126.0,4356126.0,24000000.0,Mar 27 1998,Walt Disney Pictures,Original Screenplay,Comedy,4.0,3.4,1379.0
90570999.0,149270999.0,51000000.0,Jun 23 2000,20th Century Fox,Original Screenplay,Romantic Comedy,48.0,6.9,215.0
57010853.0,161510853.0,85000000.0,Dec 09 2005,Sony Pictures,Based on Book/Short Story,Drama,36.0,7.1,38695.0
250690539.0,587790539.0,90000000.0,Jul 01 1997,Sony Pictures,Based on Comic/Graphic Novel,Adventure,91.0,7.0,119704.0
48814909.0,82339483.0,32000000.0,Nov 10 2000,20th Century Fox,Based on Real Life Events,Drama,41.0,6.8,30630.0
25544867.0,39665950.0,5000000.0,Mar 16 2001,Newmarket Films,Based on Book/Short Story,Drama,55.0,8.7,274524.0
32983332.0,32983332.0,60000000.0,Apr 03 1998,Universal,Based on Book/Short Story,Thriller/Suspense,17.0,5.8,21449.0
173599.0,173599.0,600000.0,Oct 31 2000,Warner Bros.,Original Screenplay,Drama,14.0,4.9,307.0
1054361.0,1054361.0,22000000.0,Mar 03 2006,Sony Pictures Classics,Based on Real Life Events,Drama,55.0,7.8,9363.0
52880016.0,52880016.0,30000000.0,Feb 12 1999,Warner Bros.,Based on Book/Short Story,Drama,31.0,5.6,13108.0
44650003.0,44650003.0,85000000.0,Nov 13 1998,Universal,Original Screenplay,Drama,50.0,6.9,56067.0
6529624.0,9892434.0,3200000.0,Jul 16 2004,New Line,Original Screenplay,Drama,55.0,7.6,16134.0
6047691.0,6047691.0,22000000.0,Sep 21 2001,8X Entertainment,Original Screenplay,Action,11.0,6.4,15106.0
22450975.0,48446802.0,37000000.0,Dec 17 1999,New Line,Original Screenplay,Drama,83.0,8.0,121540.0
32428195.0,67348218.0,24000000.0,Nov 06 2009,Overture Films,Based on Book/Short Story,Black Comedy,53.0,6.4,33763.0
349132.0,399114.0,2500000.0,Mar 31 2006,IDP/Goldwyn/Roadside,Remake,Musical,55.0,6.6,1351.0
190418803.0,441818803.0,140000000.0,Jul 03 2002,Sony Pictures,Based on Comic/Graphic Novel,Action,55.0,7.4,467.0
1237269.0,11734498.0,42000000.0,May 28 2010,Sony Pictures Classics,Original Screenplay,Drama,55.0,6.4,15106.0
3041803.0,3041803.0,10000000.0,Dec 22 2000,Sony Pictures Classics,Based on Book/Short Story,Drama,81.0,6.8,4489.0
48478006.0,101382396.0,60000000.0,Mar 24 2005,Warner Bros.,Original Screenplay,Comedy,55.0,4.7,14297.0
215409889.0,546209889.0,120000000.0,May 24 2000,Paramount Pictures,Based on TV,Action,55.0,6.9,86222.0
133501348.0,397501348.0,150000000.0,May 05 2006,Paramount Pictures,Based on TV,Action,70.0,6.9,74174.0
106807667.0,212100000.0,45000000.0,Dec 22 2000,Warner Bros.,Original Screenplay,Comedy,41.0,6.1,42323.0
26900336.0,38253433.0,65000000.0,Nov 26 2003,Sony Pictures,Based on Book/Short Story,Western,59.0,7.4,19068.0
50632037.0,50632037.0,80000000.0,Dec 25 1998,Walt Disney Pictures,Remake,Adventure,52.0,5.4,9187.0
27796042.0,37306334.0,72000000.0,Dec 21 2001,Warner Bros.,Original Screenplay,Drama,41.0,6.8,24809.0
19184820.0,19184820.0,3000000.0,Aug 02 2002,Paramount Pictures,Based on Real Life Events,Concert/Performance,55.0,4.9,1166.0
34308901.0,34499204.0,15000000.0,Apr 18 2003,Warner Bros.,Based on TV,Comedy,30.0,4.8,8159.0
43894863.0,58894863.0,35000000.0,Jul 29 2005,Warner Bros.,Based on Book/Short Story,Romantic Comedy,35.0,5.9,13491.0
432360.0,9476113.0,2500000.0,Sep 26 2003,Sony Pictures,Original Screenplay,Drama,64.0,7.6,11022.0
60874615.0,106000000.0,90000000.0,Mar 10 2000,Walt Disney Pictures,Original Screenplay,Adventure,24.0,5.1,32449.0
864959.0,864959.0,4000000.0,Sep 30 2005,Samuel Goldwyn Films,Original Screenplay,Drama,53.0,7.0,10398.0
4559569.0,4559569.0,28700000.0,Sep 24 1999,Walt Disney Pictures,Original Screenplay,Comedy,55.0,6.7,6303.0
4476235.0,16566235.0,27000000.0,May 13 2005,Miramax/Dimension,Original Screenplay,Thriller/Suspense,26.0,6.2,23357.0
25528495.0,62097495.0,57000000.0,Aug 17 2001,Miramax,Based on Book/Short Story,Drama,29.0,5.7,14706.0
74205.0,543306.0,14200000.0,Jan 27 2006,IFC Films,Original Screenplay,Drama,55.0,7.4,8986.0
25078937.0,25078937.0,35000000.0,Nov 21 1997,Warner Bros.,Based on Book/Short Story,Drama,50.0,6.5,18960.0
56968169.0,56968169.0,35000000.0,Mar 13 1998,MGM,Based on Book/Short Story,Adventure,31.0,7.2,561.0
82931301.0,155931301.0,45000000.0,May 13 2005,New Line,Original Screenplay,Comedy,16.0,5.1,16320.0
6830957.0,6830957.0,21000000.0,Sep 27 2002,Walt Disney Pictures,Original Screenplay,Drama,62.0,6.7,8346.0
63803100.0,121598309.0,65000000.0,Dec 19 2003,Sony Pictures,Original Screenplay,Drama,35.0,6.1,23657.0
31273922.0,44873922.0,4000000.0,Dec 26 2001,Lionsgate,Original Screenplay,Drama,85.0,7.2,38023.0
635733.0,791154.0,21600000.0,Jul 27 2007,Sony Pictures Classics,Original Screenplay,Comedy,55.0,7.2,265.0
17396.0,17396.0,21000000.0,Oct 22 1999,MGM,Original Screenplay,Drama,14.0,5.6,1563.0
73661010.0,140161010.0,75000000.0,Jul 21 2006,Sony Pictures,Original Screenplay,Adventure,74.0,6.8,20689.0
2374107.0,150350000.0,20000000.0,Oct 29 1999,Miramax,Original Screenplay,Adventure,55.0,8.3,65773.0
13876974.0,13876974.0,1200000.0,Feb 22 2002,USA Films,Original Screenplay,Comedy,55.0,7.2,11314.0
34469210.0,58003694.0,5000000.0,Dec 24 2003,Newmarket Films,Based on Real Life Events,Drama,82.0,7.4,39908.0
255870172.0,526864330.0,115000000.0,Nov 02 2001,Walt Disney Pictures,Original Screenplay,Adventure,95.0,7.4,39908.0
146402.0,146402.0,4000000.0,Jul 25 2003,Warner Bros.,Original Screenplay,Drama,55.0,6.4,15106.0
41076865.0,41076865.0,25000000.0,Aug 22 1997,New Line,Original Screenplay,Action,17.0,5.7,8640.0
5010163.0,6934829.0,5000000.0,Jun 12 2009,Sony Pictures Classics,Original Screenplay,Thriller/Suspense,55.0,8.0,55251.0
14469428.0,14469428.0,26000000.0,Feb 20 2004,20th Century Fox,Original Screenplay,Comedy,13.0,5.2,6907.0
267194.0,267194.0,6000000.0,Dec 20 2002,Warner Bros.,Original Screenplay,Drama,84.0,6.4,3831.0
35228696.0,54639865.0,42000000.0,Jan 25 2002,Sony Pictures,Based on Book/Short Story,Thriller/Suspense,52.0,6.5,26948.0
57386369.0,179213196.0,53000000.0,May 18 2001,20th Century Fox,Original Screenplay,Musical,55.0,7.3,2105.0
1190003.0,1190003.0,25000000.0,Nov 25 2009,Freestyle Releasing,Based on Book/Short Story,Drama,84.0,7.1,2417.0
279167575.0,516567575.0,60000000.0,Dec 22 2004,Universal,Original Screenplay,Comedy,38.0,6.4,69613.0
166225040.0,301500000.0,55000000.0,Oct 06 2000,Universal,Original Screenplay,Comedy,84.0,7.0,84924.0
21800302.0,21827296.0,30000000.0,Sep 17 2004,Walt Disney Pictures,Original Screenplay,Comedy,55.0,5.6,6202.0
64378093.0,64445708.0,28000000.0,Feb 06 2004,Walt Disney Pictures,Based on Real Life Events,Drama,55.0,6.1,126.0
132024714.0,358824714.0,102000000.0,Jun 21 2002,20th Century Fox,Based on Book/Short Story,Action,91.0,7.7,135142.0
20999103.0,46467231.0,40000000.0,Nov 13 2009,20th Century Fox,Based on Book/Short Story,Adventure,55.0,6.4,15106.0
12716953.0,31716953.0,6000000.0,Mar 20 1998,New Line,Original Screenplay,Action,55.0,5.2,174.0
11036366.0,14466366.0,20000000.0,Dec 09 2005,Weinstein Co.,Original Screenplay,Comedy,66.0,7.1,8831.0
35927406.0,51327406.0,30000000.0,Nov 21 1997,New Line,Based on Game,Action,7.0,3.2,16672.0
12803305.0,12803305.0,23000000.0,Dec 20 1996,Miramax,Based on Play,Drama,81.0,6.6,9684.0
7916887.0,9110458.0,45000000.0,Sep 26 2008,Walt Disney Pictures,Based on Book/Short Story,Drama,34.0,5.9,8559.0
61894591.0,61894591.0,38000000.0,Dec 19 1997,Dreamworks SKG,Original Screenplay,Comedy,55.0,6.1,14934.0
533344.0,533344.0,7500000.0,Jul 24 2003,Sony Pictures,Original Screenplay,Drama,25.0,5.3,2762.0
3005605.0,35025861.0,30000000.0,Dec 29 2006,MGM,Based on Real Life Events,Drama,66.0,7.1,10236.0
17896.0,17896.0,2000000.0,Nov 20 2009,Strand,Original Screenplay,Drama,55.0,6.1,416.0
38233676.0,84646831.0,30000000.0,Jan 25 2008,20th Century Fox,Original Screenplay,Comedy,2.0,2.4,47281.0
8891623.0,8891623.0,28000000.0,Oct 01 1999,Walt Disney Pictures,Original Screenplay,Comedy,37.0,5.5,1338.0
23089926.0,87989926.0,15000000.0,Dec 28 2005,Dreamworks SKG,Original Screenplay,Thriller/Suspense,77.0,7.8,65704.0
1105266.0,1105266.0,7000000.0,May 07 2010,Warner Bros.,Original Screenplay,Drama,55.0,7.2,900.0
9176787.0,18932117.0,15000000.0,Jun 22 2007,Paramount Vantage,Based on Book/Short Story,Drama,78.0,6.7,13881.0
673414.0,673414.0,15000000.0,Jan 25 2002,Sony Pictures,Based on Comic/Graphic Novel,Adventure,55.0,6.4,15106.0
281553689.0,738576929.0,127000000.0,May 15 2003,Warner Bros.,Original Screenplay,Action,73.0,7.1,148874.0
139259759.0,424259759.0,110000000.0,Nov 05 2003,Warner Bros.,Original Screenplay,Action,37.0,6.5,123347.0
62544.0,62544.0,800000.0,May 07 2004,Strand,Original Screenplay,Drama,55.0,7.1,1576.0
120620254.0,303500000.0,90000000.0,Jun 19 1998,Walt Disney Pictures,Traditional/Legend/Fairytale,Adventure,86.0,7.2,34256.0
7219578.0,11919578.0,15000000.0,Oct 08 2001,Universal,Original Screenplay,Drama,81.0,7.9,103026.0
155385488.0,416385488.0,80000000.0,May 07 1999,Universal,Remake,Adventure,54.0,6.8,95658.0
202007640.0,433007640.0,98000000.0,May 04 2001,Universal,Remake,Adventure,47.0,6.2,68084.0
102491776.0,397912118.0,175000000.0,Aug 01 2008,Universal,Remake,Adventure,13.0,5.1,41570.0
47379090.0,130279090.0,75000000.0,Dec 23 2005,Universal,Based on Real Life Events,Drama,78.0,7.8,79529.0
16304786.0,16304786.0,24000000.0,Jul 14 1999,Sony Pictures,Based on TV,Comedy,62.0,6.1,5945.0
31874869.0,56643267.0,50000000.0,Apr 19 2002,Warner Bros.,Original Screenplay,Thriller/Suspense,31.0,5.9,22318.0
11614954.0,11614954.0,15000000.0,Aug 27 1999,October Films,Original Screenplay,Comedy,51.0,5.5,6507.0
250863268.0,574480841.0,110000000.0,Dec 22 2006,20th Century Fox,Based on Book/Short Story,Comedy,43.0,6.4,67133.0
27053815.0,27053815.0,40000000.0,Sep 07 2001,Universal,Based on Book/Short Story,Adventure,10.0,4.4,7812.0
50572589.0,145556146.0,40000000.0,Feb 14 2007,Warner Bros.,Original Screenplay,Romantic Comedy,63.0,6.6,32307.0
3765585.0,18765585.0,30000000.0,Dec 29 2004,Sony Pictures Classics,Based on Book/Short Story,Drama,55.0,7.1,14021.0
63478838.0,163818556.0,135000000.0,Jul 28 2006,Universal,Based on TV,Action,47.0,6.0,51921.0
198351526.0,381687380.0,175000000.0,Mar 27 2009,Paramount Pictures,Based on Comic/Graphic Novel,Adventure,72.0,6.8,26582.0
17583468.0,18552708.0,6000000.0,Apr 16 2003,Warner Bros.,Original Screenplay,Comedy,88.0,7.2,13602.0
66808615.0,147808615.0,40000000.0,Mar 02 2001,Dreamworks SKG,Original Screenplay,Action,55.0,5.9,37696.0
126813153.0,287200000.0,46000000.0,Jun 20 1997,Sony Pictures,Original Screenplay,Comedy,72.0,6.2,37287.0
46729374.0,73180297.0,14000000.0,Dec 15 2000,20th Century Fox,Original Screenplay,Comedy,19.0,6.4,15106.0
34099640.0,35512760.0,7000000.0,Jan 12 2000,Warner Bros.,Original Screenplay,Drama,72.0,6.9,9029.0
181041.0,181041.0,1100.0,Aug 05 2005,DEJ Productions,Based on Real Life Events,Documentary,55.0,6.5,2961.0
3885134.0,5409058.0,2000000.0,Jun 17 2005,IFC Films,Original Screenplay,Drama,82.0,7.4,17135.0
36850101.0,36850101.0,60000000.0,Feb 12 1999,Walt Disney Pictures,Based on TV,Comedy,13.0,4.5,4918.0
22331846.0,22331846.0,21500000.0,Dec 20 1996,Warner Bros.,Original Screenplay,Comedy,50.0,6.3,6366.0
49200230.0,89053995.0,27500000.0,Jun 26 2009,Warner Bros.,Based on Book/Short Story,Drama,48.0,7.4,13839.0
1000915.0,3800915.0,1700000.0,Jun 17 2005,Focus Features,Based on Book/Short Story,Drama,55.0,7.0,7242.0
29762011.0,29762011.0,68000000.0,Aug 06 1999,Universal,Based on Comic/Graphic Novel,Comedy,55.0,6.4,15106.0
90135191.0,156835191.0,30000000.0,Oct 08 2003,Warner Bros.,Based on Book/Short Story,Drama,87.0,8.0,119484.0
80197993.0,99197993.0,32000000.0,Jun 16 2006,Paramount Pictures,Original Screenplay,Comedy,40.0,5.7,31455.0
10465659.0,10465659.0,7500000.0,Dec 20 2002,Paramount Pictures,Original Screenplay,Thriller/Suspense,83.0,7.3,19248.0
141621490.0,419490286.0,225000000.0,May 16 2008,Walt Disney Pictures,Based on Book/Short Story,Adventure,67.0,6.9,46608.0
173005002.0,347405002.0,100000000.0,Nov 19 2004,Walt Disney Pictures,Original Screenplay,Adventure,44.0,6.9,83989.0
37629831.0,46432264.0,35000000.0,Dec 01 2006,New Line,Based on Book/Short Story,Drama,37.0,6.6,4701.0
24850922.0,39319801.0,21000000.0,Mar 14 2008,Summit Entertainment,Original Screenplay,Action,23.0,6.2,21708.0
18782227.0,41982227.0,50000000.0,Sep 30 2005,Sony Pictures,Original Screenplay,Adventure,21.0,5.7,22859.0
0.0,0.0,25000000.0,Feb 05 2010,Sony Pictures Classics,Original Screenplay,Drama,55.0,6.4,15106.0
74273505.0,162103209.0,25000000.0,Nov 09 2007,Miramax,Based on Book/Short Story,Action,95.0,8.3,197898.0
261441092.0,632882184.0,92000000.0,Nov 05 2004,Walt Disney Pictures,Original Screenplay,Adventure,97.0,8.1,159123.0
44705766.0,49105766.0,50000000.0,Jul 29 1998,Warner Bros.,Original Screenplay,Action,81.0,7.2,46511.0
63075011.0,105175011.0,35000000.0,Apr 30 2010,Warner Bros.,Original Screenplay,Horror,13.0,5.3,12554.0
10572742.0,10572742.0,5000000.0,Jan 09 2009,Sony Pictures,Based on Book/Short Story,Drama,35.0,5.2,1010.0
28972187.0,28972187.0,13000000.0,May 10 2002,Sony Pictures,Original Screenplay,Comedy,7.0,5.4,14268.0
10341093.0,10341093.0,27000000.0,Mar 27 1998,20th Century Fox,Based on Real Life Events,Drama,61.0,5.7,4443.0
14983572.0,24355762.0,25000000.0,Mar 03 2000,Paramount Pictures,Original Screenplay,Drama,19.0,4.4,6104.0
1420578.0,1445140.0,1900000.0,Jul 11 2003,Paramount Vantage,Original Screenplay,Drama,57.0,6.3,3776.0
45489752.0,63489752.0,26000000.0,Dec 29 2004,Universal,Original Screenplay,Comedy,84.0,6.8,25695.0
116089678.0,363728226.0,42000000.0,May 28 1999,Universal,Original Screenplay,Romantic Comedy,82.0,6.9,66362.0
39442871.0,58270391.0,80000000.0,Nov 10 2000,New Line,Original Screenplay,Comedy,21.0,5.0,35082.0
1562800.0,1562800.0,10000000.0,Dec 27 2002,United Artists,Based on Book/Short Story,Drama,77.0,7.3,4968.0
48006762.0,94081683.0,37000000.0,Apr 04 2008,20th Century Fox,Based on Book/Short Story,Adventure,50.0,6.0,10391.0
38122883.0,57422883.0,50000000.0,Nov 25 2009,Warner Bros.,Original Screenplay,Action,25.0,6.3,20078.0
18653746.0,58394308.0,38000000.0,Mar 10 2000,Artisan,Original Screenplay,Thriller/Suspense,55.0,6.6,50510.0
186830.0,186830.0,15000000.0,Sep 15 2010,Fox Searchlight,Based on Book/Short Story,Drama,62.0,7.3,252.0
10014234.0,10014234.0,65000000.0,Oct 27 2000,Paramount Pictures,Original Screenplay,Comedy,23.0,4.9,5461.0
177243721.0,413054631.0,150000000.0,May 22 2009,20th Century Fox,Based on Book/Short Story,Comedy,55.0,5.9,25631.0
31487293.0,31487293.0,10000000.0,Oct 03 2008,Sony Pictures,Based on Book/Short Story,Drama,73.0,6.8,24021.0
36842118.0,44473591.0,19000000.0,Jan 16 2009,Fox Searchlight,Based on Real Life Events,Drama,50.0,6.3,9811.0
1433319.0,1433319.0,2000000.0,Jul 27 2007,Magnolia Pictures,Based on Real Life Events,Documentary,94.0,8.3,4086.0
79123.0,79123.0,40000000.0,Mar 16 2007,Weinstein Co.,Original Screenplay,Drama,55.0,5.5,1224.0
1067481.0,2684207.0,1000000.0,Dec 07 2001,MGM,Original Screenplay,Drama,93.0,8.0,19600.0
43107979.0,92107979.0,28000000.0,Jul 27 2007,Warner Bros.,Remake,Romantic Comedy,40.0,6.3,16952.0
81001787.0,102276787.0,30000000.0,Jun 25 2004,New Line,Based on Book/Short Story,Drama,52.0,8.0,95850.0
191862.0,191862.0,250000.0,Jul 22 2005,Sony Pictures Classics,Original Screenplay,Drama,55.0,5.5,2189.0
2025238.0,2522928.0,6000000.0,Nov 16 2001,Artisan,Original Screenplay,Comedy,37.0,5.8,6233.0
6173485.0,6173485.0,6500000.0,Mar 07 2003,Zeitgeist,Based on Book/Short Story,Drama,55.0,6.4,15106.0
44540956.0,46140956.0,400000.0,Jun 11 2004,Fox Searchlight,Based on Short Film,Comedy,70.0,6.9,76557.0
18324242.0,23624242.0,30000000.0,Oct 21 2005,Warner Bros.,Based on Real Life Events,Drama,69.0,7.2,16497.0
13610521.0,20180109.0,8500000.0,Mar 09 2007,Fox Searchlight,Based on Book/Short Story,Drama,55.0,7.5,9700.0
691880.0,691880.0,2000000.0,Feb 11 2005,Universal,Based on Real Life Events,Documentary,55.0,6.9,3264.0
35327628.0,121327628.0,60000000.0,Oct 10 2003,Universal,Original Screenplay,Romantic Comedy,75.0,6.4,36323.0
72708161.0,163954076.0,90000000.0,Apr 22 2005,Universal,Original Screenplay,Thriller/Suspense,58.0,6.5,38227.0
7836393.0,10547755.0,4000000.0,Aug 04 2006,Miramax,Based on Real Life Events,Drama,40.0,5.9,8437.0
25450527.0,53850527.0,50000000.0,Feb 13 2009,Sony Pictures,Original Screenplay,Thriller/Suspense,59.0,6.4,15106.0
35193167.0,76593167.0,32000000.0,Feb 23 2007,New Line,Original Screenplay,Thriller/Suspense,8.0,6.2,59174.0
25170054.0,27732366.0,24000000.0,Sep 08 2000,USA Films,Original Screenplay,Black Comedy,84.0,6.4,20354.0
80936232.0,102992536.0,25000000.0,Dec 21 2001,Paramount Pictures,Based on TV,Adventure,55.0,5.9,5379.0
123307945.0,161600000.0,84000000.0,Jul 28 2000,Universal,Remake,Comedy,55.0,4.3,17075.0
307631.0,307631.0,500000.0,Jul 12 2002,Warner Bros.,Original Screenplay,Romantic Comedy,55.0,5.8,511.0
51676606.0,118676606.0,25000000.0,Nov 12 2004,Miramax,Based on Play,Drama,82.0,7.9,86828.0
18354356.0,53813837.0,20000000.0,Sep 21 2007,Paramount Vantage,Based on Book/Short Story,Drama,82.0,8.2,99464.0
12712093.0,26184400.0,30000000.0,Dec 25 2005,New Line,Original Screenplay,Adventure,60.0,6.9,33248.0
1502188.0,33923550.0,4200000.0,Feb 17 2006,Fox Searchlight,Based on Book/Short Story,Action,55.0,6.5,25136.0
14018364.0,21215882.0,40000000.0,May 07 2004,Warner Bros.,Original Screenplay,Comedy,11.0,6.4,15106.0
29145924.0,29145924.0,15000000.0,Apr 17 1998,20th Century Fox,Based on Book/Short Story,Romantic Comedy,50.0,5.9,8492.0
41059716.0,43308707.0,18000000.0,Jan 11 2002,Paramount Pictures,Original Screenplay,Comedy,47.0,6.1,23742.0
183417150.0,450728529.0,110000000.0,Dec 07 2001,Warner Bros.,Remake,Comedy,81.0,7.6,139034.0
125531634.0,363531634.0,85000000.0,Dec 10 2004,Warner Bros.,Remake,Adventure,55.0,6.0,89861.0
117144465.0,311744465.0,85000000.0,Jun 08 2007,Warner Bros.,Remake,Adventure,70.0,6.9,76884.0
19422319.0,72965951.0,80000000.0,Apr 22 2010,Walt Disney Pictures,Based on Real Life Events,Documentary,55.0,7.6,1429.0
10827813.0,12827813.0,10000000.0,Feb 19 1999,Miramax,Based on Short Film,Black Comedy,80.0,7.9,80972.0
16357770.0,21657770.0,16000000.0,Oct 11 2002,Warner Bros.,Based on Book/Short Story,Drama,69.0,7.0,13755.0
54607383.0,119607383.0,25000000.0,Jun 06 2006,20th Century Fox,Remake,Horror,26.0,5.4,24523.0
75530832.0,100230832.0,60000000.0,Dec 22 1999,Warner Bros.,Original Screenplay,Drama,49.0,6.6,48477.0
9445857.0,18997174.0,150000.0,Jun 16 2007,Fox Searchlight,Original Screenplay,Drama,97.0,8.0,34348.0
144601.0,206351.0,1000000.0,Jul 07 2006,Miramax,Based on Real Life Events,Documentary,82.0,7.1,643.0
31597131.0,52223306.0,12000000.0,Aug 21 2002,Fox Searchlight,Original Screenplay,Drama,81.0,7.0,42134.0
23337196.0,26708196.0,30000000.0,Sep 18 1998,Universal,Based on Book/Short Story,Drama,88.0,6.9,5591.0
102458.0,7583050.0,15000000.0,Sep 25 2009,Magnolia Pictures,Original Screenplay,Action,55.0,4.7,887.0
4356743.0,4356743.0,10000000.0,Oct 26 2001,Miramax,Original Screenplay,Romantic Comedy,18.0,3.4,2617.0
13395961.0,13395961.0,20000000.0,Oct 13 2006,Rocky Mountain Pictures,Based on Book/Short Story,Drama,16.0,6.0,2993.0
14443.0,14443.0,9000000.0,Nov 22 2006,Strand,Based on Book/Short Story,Drama,55.0,6.5,468.0
85105259.0,189901703.0,85000000.0,Sep 29 2006,Sony Pictures,Original Screenplay,Adventure,47.0,6.0,52.0
30500882.0,52100882.0,500000.0,Aug 06 2004,Lionsgate,Original Screenplay,Thriller/Suspense,55.0,5.9,23667.0
58328680.0,68293719.0,26000000.0,Aug 15 2003,Walt Disney Pictures,Based on Book/Short Story,Western,79.0,7.5,26438.0
7659747.0,11559747.0,35000000.0,Sep 05 2003,20th Century Fox,Original Screenplay,Thriller/Suspense,55.0,4.9,9119.0
582024.0,627287.0,1000000.0,Oct 23 1998,October Films,Original Screenplay,Comedy,55.0,6.0,15592.0
16521410.0,16521410.0,26000000.0,Aug 03 2001,MGM,Based on Book/Short Story,Thriller/Suspense,12.0,5.6,15939.0
1127331.0,1971479.0,500000.0,Jan 30 2004,MGM,Original Screenplay,Drama,55.0,7.4,4737.0
1612957.0,1612957.0,12500000.0,Dec 31 1997,Fox Searchlight,Based on Book/Short Story,Drama,65.0,6.7,3782.0
75155000.0,86325829.0,24000000.0,Feb 21 2003,Dreamworks SKG,Original Screenplay,Comedy,60.0,7.0,60477.0
13596911.0,13596911.0,70000000.0,Aug 10 2001,Warner Bros.,Original Screenplay,Comedy,54.0,6.0,10959.0
13264986.0,13264986.0,35000000.0,Aug 17 2001,Warner Bros.,Original Screenplay,Western,13.0,5.6,7396.0
2070920.0,26670920.0,65000000.0,Sep 23 2005,Sony/TriStar,Based on Book/Short Story,Drama,59.0,7.0,10748.0
13906394.0,13906394.0,11000000.0,Nov 21 2001,Walt Disney Pictures,Original Screenplay,Comedy,8.0,5.8,7153.0
166003.0,1250617.0,50000000.0,Jan 23 2009,Third Rail,Original Screenplay,Adventure,55.0,6.4,18299.0
37562568.0,37562568.0,48000000.0,Jun 26 1998,Universal,Based on Book/Short Story,Drama,93.0,7.1,38263.0
41083108.0,55489826.0,50000000.0,Oct 03 2003,MGM,Original Screenplay,Thriller/Suspense,65.0,4.9,151.0
28544120.0,28544120.0,40000000.0,Apr 02 1999,Paramount Pictures,Remake,Comedy,24.0,4.9,6338.0
1011054.0,1011054.0,10000000.0,May 02 2003,Sony Pictures Classics,Based on Book/Short Story,Drama,78.0,7.0,5789.0
113006880.0,198006880.0,56000000.0,Mar 04 2005,Walt Disney Pictures,Original Screenplay,Comedy,20.0,5.3,22590.0
37634615.0,83234615.0,16000000.0,Dec 29 2006,Picturehouse,Original Screenplay,Horror,55.0,8.4,153762.0
370782930.0,611899420.0,25000000.0,Feb 25 2004,Newmarket Films,Based on Book/Short Story,Drama,50.0,7.1,87326.0
135041968.0,202200000.0,50000000.0,Dec 25 1998,Universal,Based on Real Life Events,Comedy,24.0,6.3,31481.0
81526121.0,161626121.0,50000000.0,Feb 05 1999,Paramount Pictures,Based on Book/Short Story,Action,51.0,5.8,304.0
53789313.0,89350576.0,60000000.0,Dec 25 2003,Paramount Pictures,Based on Book/Short Story,Thriller/Suspense,28.0,6.1,35660.0
40687294.0,85761789.0,35000000.0,Oct 17 2008,20th Century Fox,Based on Game,Action,17.0,5.4,47541.0
95149435.0,122071435.0,45000000.0,Aug 11 2004,Walt Disney Pictures,Based on Book/Short Story,Romantic Comedy,55.0,5.3,12439.0
108244774.0,165334774.0,30000000.0,Aug 03 2001,Walt Disney Pictures,Based on Book/Short Story,Comedy,46.0,5.9,23486.0
41263140.0,62967368.0,50000000.0,Sep 26 1997,Dreamworks SKG,Based on Magazine Article,Action,45.0,5.8,21524.0
48417850.0,95255485.0,100000000.0,Dec 25 2003,Universal,Based on Book/Short Story,Adventure,76.0,7.1,16894.0
121972.0,121972.0,20000000.0,Apr 25 2003,Miramax,Original Screenplay,Drama,55.0,5.5,6305.0
828.0,828.0,6600000.0,May 21 2010,Warner Bros.,Original Screenplay,Drama,55.0,6.2,808.0
15515460.0,20613298.0,14000000.0,Aug 07 2009,Universal,Original Screenplay,Thriller/Suspense,60.0,6.5,16324.0
7061128.0,7271305.0,3000000.0,Apr 07 2006,Fox Searchlight,Original Screenplay,Romantic Comedy,23.0,2.2,6343.0
563711.0,563711.0,4000000.0,Feb 28 2003,Gold Circle Films,Original Screenplay,Drama,55.0,6.8,5233.0
51225796.0,158225796.0,55000000.0,Dec 22 2004,Warner Bros.,Based on Musical/Opera,Musical,33.0,7.2,42832.0
46566212.0,97837138.0,11000000.0,Apr 04 2003,20th Century Fox,Original Screenplay,Thriller/Suspense,71.0,7.2,68874.0
32519322.0,120000000.0,35000000.0,Dec 27 2002,Focus Features,Based on Real Life Events,Drama,55.0,8.5,134516.0
82226474.0,158926474.0,80000000.0,Feb 10 2006,Sony Pictures,Original Screenplay,Comedy,22.0,5.1,28456.0
305411224.0,655011224.0,125000000.0,Jul 09 2003,Walt Disney Pictures,Disney Ride,Adventure,55.0,8.0,232719.0
423315812.0,1065659812.0,225000000.0,Jul 07 2006,Walt Disney Pictures,Disney Ride,Adventure,54.0,7.3,150446.0
309420425.0,960996492.0,300000000.0,May 25 2007,Walt Disney Pictures,Disney Ride,Adventure,45.0,7.0,133241.0
57712751.0,107212751.0,120000000.0,Jun 11 2004,Universal,Original Screenplay,Adventure,29.0,6.4,49383.0
39235088.0,53182088.0,23000000.0,Feb 18 2000,USA Films,Original Screenplay,Horror,55.0,7.0,55217.0
8427204.0,8427204.0,24000000.0,Dec 24 1999,Walt Disney Pictures,Original Screenplay,Comedy,55.0,5.1,6039.0
6982680.0,6982680.0,12000000.0,May 12 2000,Universal,Original Screenplay,Comedy,13.0,5.1,4411.0
88761720.0,226435277.0,95000000.0,Feb 12 2010,20th Century Fox,Based on Book/Short Story,Adventure,50.0,5.8,20451.0
4857374.0,4857374.0,13000000.0,May 04 2007,First Look,Original Screenplay,Drama,55.0,6.6,175.0
883454.0,883454.0,9000000.0,May 14 2010,Roadside Attractions,Based on Real Life Events,Drama,55.0,5.3,224.0
31770413.0,31770413.0,27000000.0,Jul 16 1999,20th Century Fox,Original Screenplay,Thriller/Suspense,38.0,5.3,19382.0
37490007.0,77090007.0,35000000.0,Apr 23 2010,CBS Films,Original Screenplay,Romantic Comedy,20.0,4.4,6981.0
19719930.0,29406132.0,45000000.0,Jan 19 2001,Warner Bros.,Based on Book/Short Story,Drama,77.0,6.9,22609.0
32598931.0,62761005.0,65000000.0,Dec 08 2000,Warner Bros.,Based on Magazine Article,Action,39.0,6.1,23099.0
8596914.0,10557291.0,6000000.0,Dec 15 2000,Sony Pictures Classics,Based on Real Life Events,Drama,82.0,7.1,9669.0
180011740.0,362211740.0,100000000.0,Jul 27 2001,20th Century Fox,Remake,Adventure,44.0,5.5,72763.0
4028339.0,4028339.0,3000000.0,Apr 30 2010,Sony Pictures Classics,Original Screenplay,Drama,88.0,7.4,1023.0
42194060.0,108005745.0,50000000.0,Nov 20 2009,Sony Pictures,Original Screenplay,Adventure,22.0,6.1,9645.0
4411102.0,7094995.0,100000000.0,Aug 16 2002,Warner Bros.,Original Screenplay,Comedy,6.0,3.7,9207.0
23047939.0,23047939.0,5000000.0,Apr 08 1998,New Line,Original Screenplay,Drama,27.0,4.8,2072.0
107918810.0,193770453.0,15000.0,Sep 25 2009,Paramount Pictures,Original Screenplay,Horror,82.0,6.7,53455.0
87341380.0,100941380.0,26000000.0,Aug 06 2008,Sony Pictures,Original Screenplay,Comedy,55.0,6.4,15106.0
3681811.0,31681811.0,45000000.0,Dec 25 2002,Miramax,Based on Book/Short Story,Adventure,55.0,3.5,3215.0
0.0,0.0,15000000.0,Jun 29 2001,Warner Bros.,Original Screenplay,Drama,55.0,6.5,496.0
10330853.0,17033431.0,40000000.0,Sep 25 2009,Overture Films,Original Screenplay,Horror,28.0,6.9,29428.0
33664370.0,54664370.0,33000000.0,Apr 16 2004,Lionsgate,Based on Comic/Graphic Novel,Action,30.0,6.4,50482.0
43746923.0,133946923.0,30000000.0,Jul 21 2000,Warner Bros.,Based on TV,Adventure,55.0,6.4,15106.0
17052128.0,68452128.0,3000000.0,Apr 06 2001,Warner Bros.,Based on TV,Adventure,23.0,3.5,2577.0
181320597.0,305420597.0,170000000.0,Nov 10 2004,Warner Bros.,Based on Book/Short Story,Adventure,56.0,6.7,28550.0
88073507.0,170360435.0,42000000.0,Jan 16 2004,Universal,Original Screenplay,Romantic Comedy,26.0,5.8,38276.0
15090399.0,199090399.0,34000000.0,Aug 14 2009,Walt Disney Pictures,Original Screenplay,Adventure,55.0,7.8,13821.0
3293258.0,3293258.0,3500000.0,Jun 29 2001,Paramount Pictures,Original Screenplay,Comedy,27.0,4.5,6183.0
60674817.0,181674817.0,160000000.0,May 12 2006,Warner Bros.,Remake,Adventure,33.0,5.6,35930.0
10103647.0,14805812.0,25000000.0,Aug 16 2002,Focus Features,Based on Book/Short Story,Drama,64.0,6.4,6789.0
48430258.0,109862682.0,20000000.0,Feb 15 2002,Walt Disney Pictures,Based on Play,Adventure,46.0,6.4,15106.0
46850558.0,68336997.0,60000000.0,Oct 16 1998,Warner Bros.,Based on Book/Short Story,Comedy,21.0,5.5,20196.0
124740460.0,326551094.0,35000000.0,Jun 30 2006,20th Century Fox,Based on Book/Short Story,Comedy,75.0,6.8,66627.0
8017467.0,37472651.0,50000000.0,Nov 13 2009,Focus Features,Original Screenplay,Comedy,55.0,7.5,25415.0
15712072.0,16612072.0,20000000.0,Sep 03 2004,20th Century Fox,Original Screenplay,Thriller/Suspense,18.0,5.7,9058.0
39017984.0,39017984.0,65000000.0,Mar 20 1998,Universal,Based on Book/Short Story,Comedy,80.0,6.7,15340.0
47566524.0,63471431.0,10000000.0,Nov 06 2009,Lionsgate,Based on Book/Short Story,Drama,55.0,7.5,24504.0
15740721.0,43440721.0,30000000.0,Oct 24 2008,Warner Bros.,Original Screenplay,Drama,34.0,6.7,24596.0
38372662.0,120918508.0,28000000.0,Nov 11 2005,Focus Features,Based on Book/Short Story,Drama,85.0,5.5,1230.0
104054514.0,181054514.0,80000000.0,Jul 12 2002,Dreamworks SKG,Based on Comic/Graphic Novel,Drama,55.0,6.4,15106.0
51920690.0,124549380.0,40000000.0,Jul 09 2010,20th Century Fox,Original Screenplay,Action,63.0,6.9,22257.0
590817.0,590817.0,8000000.0,Jan 24 1997,Walt Disney Pictures,Based on Real Life Events,Drama,62.0,6.2,2580.0
2223293.0,132180323.0,63700000.0,Dec 27 2006,Paramount Pictures,Based on Book/Short Story,Drama,58.0,7.5,51704.0
28165882.0,29356757.0,30000000.0,Apr 02 2004,Paramount Pictures,Original Screenplay,Romantic Comedy,55.0,5.6,9547.0
16535005.0,19535005.0,10000000.0,Jun 17 2005,Universal,Original Screenplay,Romantic Comedy,5.0,5.1,7278.0
162586036.0,306086036.0,55000000.0,Dec 15 2006,Sony Pictures,Based on Real Life Events,Drama,66.0,7.8,77939.0
424760.0,565846.0,7000.0,Oct 08 2004,ThinkFilm,Original Screenplay,Drama,55.0,6.9,17454.0
198539855.0,449239855.0,151500000.0,May 25 2001,Walt Disney Pictures,Based on Real Life Events,Action,26.0,5.4,96186.0
47852604.0,81461343.0,20000000.0,Mar 16 2007,Sony Pictures,Original Screenplay,Thriller/Suspense,8.0,6.4,15106.0
101413188.0,218600000.0,60000000.0,Dec 18 1998,Dreamworks SKG,Based on Book/Short Story,Adventure,79.0,6.8,24569.0
19398532.0,32952995.0,45000000.0,Dec 16 2005,Universal,Remake,Musical,55.0,6.4,15106.0
43869350.0,57109687.0,18000000.0,Apr 11 2008,Sony/Screen Gems,Remake,Horror,8.0,5.1,4263.0
7535331.0,8284331.0,20000000.0,Sep 16 2005,Miramax,Based on Play,Drama,64.0,6.9,18622.0
95308367.0,196308367.0,48000000.0,Mar 29 2002,Sony Pictures,Original Screenplay,Thriller/Suspense,76.0,6.9,68737.0
163958031.0,317358031.0,40000000.0,Jun 19 2009,Walt Disney Pictures,Original Screenplay,Romantic Comedy,43.0,5.4,397.0
90755643.0,335055643.0,200000000.0,May 28 2010,Walt Disney Pictures,Based on Game,Action,55.0,6.4,15106.0
53089891.0,107896006.0,40000000.0,Oct 20 2006,Walt Disney Pictures,Based on Book/Short Story,Thriller/Suspense,75.0,8.4,207322.0
0.0,0.0,1000000.0,Oct 24 2003,Film Movement,Original Screenplay,Drama,55.0,6.4,15106.0
17650704.0,17650704.0,80000000.0,Dec 25 1997,Warner Bros.,Based on Book/Short Story,Action,10.0,5.5,24045.0
267972.0,267972.0,4000000.0,Aug 04 2000,Warner Bros.,Original Screenplay,Comedy,55.0,6.0,3085.0
21541218.0,37226218.0,20000000.0,Dec 04 1998,Universal,Remake,Horror,35.0,4.5,19769.0
113330342.0,215300000.0,110000000.0,Jun 28 2000,Sony Pictures,Original Screenplay,Drama,62.0,6.9,78302.0
97104620.0,210379983.0,102500000.0,Jul 01 2009,Universal,Based on Book/Short Story,Drama,68.0,7.1,71323.0
11411644.0,16425701.0,25000000.0,Jul 03 2002,Warner Bros.,Based on TV,Adventure,55.0,5.9,3234.0
20264436.0,29771485.0,7500000.0,Aug 11 2006,Weinstein/Dimension,Remake,Horror,11.0,5.0,846.0
17791031.0,24591031.0,25000000.0,Oct 11 2002,Sony Pictures,Original Screenplay,Comedy,79.0,7.4,49786.0
8050977.0,8199130.0,35000000.0,Dec 05 2008,Lionsgate,Based on Comic/Graphic Novel,Action,26.0,6.1,20865.0
31811527.0,44411527.0,38000000.0,Feb 06 2009,Summit Entertainment,Original Screenplay,Thriller/Suspense,23.0,6.0,26623.0
8408835.0,8408835.0,33000000.0,Apr 23 1999,20th Century Fox,Based on Magazine Article,Comedy,49.0,5.9,16160.0
8060487.0,15118795.0,19400000.0,Dec 20 2006,Warner Independent,Based on Book/Short Story,Drama,74.0,7.6,26331.0
33508922.0,33508922.0,40000000.0,Oct 20 2000,Warner Bros.,Based on Book/Short Story,Drama,40.0,6.8,36762.0
30307804.0,30307804.0,35000000.0,Feb 22 2002,Warner Bros.,Based on Book/Short Story,Horror,17.0,4.7,20268.0
12987647.0,12987647.0,20000000.0,Nov 22 2002,Miramax,Based on Book/Short Story,Drama,87.0,7.2,14285.0
22723.0,22723.0,15000000.0,Oct 25 2002,Strand,Original Screenplay,Comedy,55.0,3.5,1591.0
31691811.0,36091811.0,12000000.0,Oct 10 2008,Sony/Screen Gems,Original Screenplay,Horror,58.0,6.1,21939.0
56441711.0,122840603.0,15000000.0,Sep 30 2006,Miramax,Based on Real Life Events,Drama,97.0,7.6,34785.0
22772500.0,38172500.0,40000000.0,May 15 1998,Warner Bros.,Based on Book/Short Story,Adventure,33.0,5.0,3053.0
381420.0,381420.0,900000.0,Aug 25 2006,Sony Pictures Classics,Original Screenplay,Drama,55.0,6.5,7689.0
1692693.0,2522787.0,400000.0,Aug 02 2006,Sony Pictures Classics,Original Screenplay,Drama,55.0,7.1,2577.0
6199600.0,16199600.0,7000000.0,Nov 29 2002,Miramax,Based on Book/Short Story,Drama,87.0,7.6,13241.0
52333738.0,53293628.0,35000000.0,Oct 24 2003,Sony Pictures,Based on Real Life Events,Drama,35.0,6.9,12070.0
45916769.0,45916769.0,40000000.0,Nov 21 1997,Paramount Pictures,Based on Book/Short Story,Drama,84.0,6.9,20514.0
42754105.0,116754105.0,47500000.0,Jan 25 2008,Lionsgate,Based on Book/Short Story,Action,55.0,7.3,82600.0
31054924.0,63200000.0,64000000.0,Oct 08 1999,Sony Pictures,Based on Book/Short Story,Drama,15.0,4.8,11100.0
76501438.0,103284813.0,30000000.0,Nov 17 2000,Paramount Pictures,Based on TV,Adventure,55.0,6.4,15106.0
39402572.0,55443032.0,25000000.0,Jun 13 2003,Paramount Pictures,Based on TV,Adventure,40.0,5.0,1847.0
206445654.0,620495432.0,150000000.0,Jun 29 2007,Walt Disney Pictures,Original Screenplay,Comedy,96.0,8.1,131929.0
75305995.0,125305995.0,40000000.0,Oct 29 2004,Universal,Based on Real Life Events,Drama,81.0,6.4,15106.0
2405420.0,2405420.0,25000000.0,Jan 06 2006,Romar,Based on Game,Action,4.0,2.7,20137.0
18990542.0,25852508.0,70000000.0,Feb 08 2002,MGM,Remake,Action,3.0,2.8,13827.0
105269730.0,310885538.0,210000000.0,May 14 2010,Universal,Traditional/Legend/Fairytale,Action,43.0,6.9,34501.0
128200012.0,260700012.0,80000000.0,Mar 11 2005,20th Century Fox,Original Screenplay,Adventure,64.0,6.4,27361.0
20097.0,20097.0,5250000.0,Oct 27 2000,Warner Bros.,Original Screenplay,Drama,55.0,7.6,2393.0
152257509.0,308007919.0,70000000.0,Jul 30 1999,Paramount Pictures,Original Screenplay,Romantic Comedy,45.0,5.2,28497.0
49772522.0,93772522.0,30000000.0,Jan 14 2005,Warner Bros.,Original Screenplay,Comedy,35.0,5.2,5086.0
70269899.0,155720088.0,24000000.0,Dec 20 2006,MGM,Original Screenplay,Drama,76.0,7.4,63717.0
50802661.0,65700000.0,95000000.0,Mar 31 2000,Dreamworks SKG,Original Screenplay,Adventure,49.0,6.4,8876.0
2276368.0,3216111.0,2600000.0,Jul 09 2004,Sony Pictures,Based on Real Life Events,Documentary,93.0,7.7,2193.0
92955420.0,206455420.0,78000000.0,Oct 04 2002,Universal,Based on Book/Short Story,Thriller/Suspense,68.0,7.3,66386.0
34192652.0,106107610.0,33000000.0,Dec 10 2008,Weinstein Co.,Based on Book/Short Story,Drama,61.0,7.7,46984.0
25126214.0,62226214.0,40000000.0,Apr 05 2007,Warner Bros.,Original Screenplay,Horror,8.0,5.6,19881.0
16809014.0,17492014.0,45000000.0,Jul 01 2005,20th Century Fox,Original Screenplay,Comedy,14.0,4.7,4485.0
36696761.0,44451470.0,10000000.0,Feb 16 2001,Walt Disney Pictures,Based on TV,Comedy,62.0,6.2,2176.0
65388.0,65388.0,5000000.0,Nov 16 2007,Magnolia Pictures,Based on Real Life Events,Drama,44.0,6.1,5759.0
57891803.0,95891803.0,26000000.0,Aug 19 2005,Dreamworks SKG,Original Screenplay,Thriller/Suspense,55.0,6.5,42489.0
19661987.0,20081987.0,20000000.0,Mar 23 2007,Sony Pictures,Original Screenplay,Drama,63.0,7.7,39234.0
33956608.0,33956608.0,60000000.0,Jan 10 1997,Paramount Pictures,Based on Book/Short Story,Horror,32.0,5.4,10249.0
13011160.0,13136074.0,2500000.0,Oct 01 2008,Lionsgate,Based on Real Life Events,Documentary,69.0,7.8,23094.0
19068240.0,55343435.0,16000000.0,Mar 12 2010,Summit Entertainment,Original Screenplay,Drama,28.0,7.0,16319.0
223878.0,223878.0,6700000.0,Sep 03 2004,IDP Distribution,Original Screenplay,Comedy,55.0,7.0,16319.0
29077547.0,31670620.0,40000000.0,Nov 23 2005,Sony Pictures,Based on Musical/Opera,Musical,47.0,6.9,22605.0
44737059.0,50054511.0,50000000.0,Aug 11 2000,Warner Bros.,Original Screenplay,Comedy,39.0,6.2,21542.0
19035741.0,19035741.0,30000000.0,Feb 06 1998,Sony Pictures,Original Screenplay,Action,39.0,5.9,13905.0
50740078.0,128940078.0,50000000.0,Sep 10 2004,Sony Pictures,Based on Game,Horror,55.0,5.8,52753.0
50648679.0,146162920.0,45000000.0,Sep 21 2007,Sony/Screen Gems,Based on Game,Action,22.0,6.2,49502.0
46368993.0,149568993.0,57500000.0,Sep 10 2010,Sony/Screen Gems,Based on Game,Horror,55.0,6.4,15106.0
40119709.0,103787401.0,35000000.0,Mar 15 2002,Sony Pictures,Based on Game,Horror,34.0,6.4,68342.0
32662299.0,32662299.0,24000000.0,Apr 07 2000,MGM,Original Screenplay,Romantic Comedy,61.0,6.6,9565.0
22911480.0,76989671.0,35000000.0,Dec 26 2008,Paramount Vantage,Based on Book/Short Story,Drama,68.0,7.6,45887.0
11175164.0,28505302.0,20000000.0,Feb 22 2008,New Line,Original Screenplay,Comedy,65.0,6.6,42470.0
43061982.0,82150183.0,60000000.0,Feb 19 2002,Walt Disney Pictures,Original Screenplay,Action,40.0,5.9,38414.0
23360779.0,23360779.0,36000000.0,Feb 25 2000,Miramax,Original Screenplay,Action,55.0,5.5,16822.0
12796277.0,13326280.0,12000000.0,Oct 03 2008,Sony Pictures Classics,Original Screenplay,Drama,86.0,6.9,20451.0
100494685.0,140894685.0,28000000.0,Nov 20 1998,Paramount Pictures,Based on TV,Adventure,57.0,5.4,4857.0
29781453.0,29781453.0,47000000.0,Oct 19 2001,Sony Pictures,Based on Real Life Events,Drama,48.0,6.2,11895.0
630779.0,630779.0,35000000.0,Nov 24 1999,USA Films,Based on Book/Short Story,Western,63.0,6.4,1873.0
75941727.0,161941727.0,50000000.0,Mar 18 2005,Dreamworks SKG,Remake,Horror,20.0,5.1,28408.0
3278611.0,4462763.0,700000.0,Jun 24 2005,Lionsgate,Based on Real Life Events,Documentary,55.0,6.8,2052.0
26000610.0,35129610.0,76000000.0,Jun 30 2000,Universal,Based on TV,Comedy,42.0,4.1,10320.0
549666.0,703020.0,1000000.0,Feb 14 2003,Sony Pictures Classics,Original Screenplay,Drama,71.0,7.1,5632.0
5853194.0,5853194.0,3000000.0,Oct 18 2002,Newmarket Films,Based on Play,Comedy,83.0,7.0,4396.0
1785505.0,10573083.0,2000000.0,May 02 2008,Paramount Vantage,Original Screenplay,Comedy,55.0,6.4,15106.0
551002.0,3231251.0,11000000.0,Sep 07 2007,Borotoro,Original Screenplay,Comedy,55.0,6.2,5362.0
20342161.0,20342161.0,10000000.0,Feb 23 2007,20th Century Fox,Based on TV,Comedy,35.0,5.8,15684.0
22921898.0,22921898.0,12000000.0,Sep 11 1998,Miramax,Original Screenplay,Drama,64.0,7.3,45439.0
9736045.0,20437142.0,27500000.0,Oct 19 2007,New Line,Original Screenplay,Thriller/Suspense,46.0,6.9,23223.0
6409528.0,8767338.0,15000000.0,Aug 20 2008,20th Century Fox,Original Screenplay,Comedy,40.0,6.3,11859.0
16991902.0,19317765.0,38000000.0,Sep 07 2001,Warner Bros.,Original Screenplay,Drama,52.0,5.8,15806.0
75600072.0,80693537.0,22000000.0,Mar 29 2002,Walt Disney Pictures,Original Screenplay,Drama,82.0,5.5,8453.0
17380866.0,17500866.0,10000000.0,Sep 23 2005,Fox Searchlight,Original Screenplay,Comedy,64.0,5.0,3167.0
55973336.0,91036760.0,25000000.0,Mar 22 2000,Warner Bros.,Original Screenplay,Action,33.0,5.9,25309.0
41610884.0,41610884.0,55000000.0,Sep 25 1998,MGM,Original Screenplay,Action,68.0,7.2,57484.0
712294.0,712294.0,1500000.0,Mar 25 2005,IFC Films,Original Screenplay,Drama,55.0,6.8,5223.0
17480890.0,33463969.0,80000000.0,Nov 10 2000,Warner Bros.,Original Screenplay,Action,12.0,5.3,20989.0
3635482.0,7390108.0,4500000.0,Oct 06 2000,Artisan,Based on Book/Short Story,Drama,78.0,8.5,185226.0
56607223.0,86607223.0,48000000.0,Aug 17 2001,Paramount Pictures,Original Screenplay,Comedy,43.0,6.4,40087.0
5490423.0,7037886.0,10000000.0,Jul 04 2007,MGM,Based on Real Life Events,Action,55.0,7.5,37764.0
3816594.0,3816594.0,4000000.0,Apr 25 2003,New Line,Based on TV,Documentary,35.0,2.3,3211.0
0.0,0.0,15000000.0,Jan 28 2011,Sony Pictures,Original Screenplay,Drama,55.0,6.7,300.0
115654751.0,136706683.0,30000000.0,Sep 29 2000,Walt Disney Pictures,Based on Real Life Events,Drama,72.0,7.5,49844.0
40081410.0,76781410.0,60000000.0,Sep 12 2008,Overture Films,Original Screenplay,Thriller/Suspense,20.0,6.0,34641.0
68525609.0,119739110.0,16000000.0,May 19 2000,Dreamworks SKG,Original Screenplay,Comedy,59.0,6.4,44702.0
17432844.0,22177122.0,25000000.0,Apr 04 2008,Paramount Pictures,Based on Book/Short Story,Horror,47.0,6.0,23752.0
61322858.0,71719931.0,60000000.0,Apr 07 2000,Paramount Pictures,Based on Book/Short Story,Thriller/Suspense,37.0,6.2,18462.0
47641743.0,80831893.0,85000000.0,Sep 26 2003,Universal,Original Screenplay,Action,55.0,6.6,30855.0
6855137.0,8345277.0,17000000.0,Feb 24 2006,New Line,Original Screenplay,Action,40.0,7.5,39447.0
6775659.0,7213629.0,12000000.0,Oct 20 2006,Sony Pictures,Based on Book/Short Story,Comedy,30.0,6.0,12926.0
226164286.0,347425832.0,90000000.0,Aug 03 2001,New Line,Original Screenplay,Action,51.0,6.4,52049.0
140125968.0,253025968.0,180000000.0,Aug 10 2007,New Line,Original Screenplay,Action,19.0,6.0,39312.0
141186864.0,245300000.0,35000000.0,Sep 18 1998,New Line,Original Screenplay,Action,60.0,6.8,55248.0
17105219.0,19080435.0,10000000.0,Dec 11 1998,Walt Disney Pictures,Original Screenplay,Black Comedy,87.0,7.8,53192.0
71724497.0,87524497.0,55000000.0,Apr 28 2006,Sony Pictures,Original Screenplay,Comedy,55.0,6.4,15106.0
2062406.0,2062406.0,12000000.0,Mar 19 1999,20th Century Fox,Original Screenplay,Horror,39.0,6.9,15804.0
10411980.0,14811980.0,15000000.0,Oct 08 2004,New Line,Original Screenplay,Drama,16.0,5.2,8634.0
23519128.0,33919128.0,17500000.0,Dec 22 2004,MGM,Original Screenplay,Drama,90.0,8.3,92106.0
68671925.0,121671925.0,145000000.0,Apr 08 2005,Paramount Pictures,Based on Book/Short Story,Adventure,39.0,5.9,30739.0
61363304.0,169400000.0,90000000.0,Apr 04 1997,Paramount Pictures,Based on TV,Action,30.0,5.9,27413.0
139084.0,139084.0,1500000.0,May 11 2007,Freestyle Releasing,Based on Play,Comedy,12.0,3.5,308.0
40270895.0,40270895.0,22000000.0,Dec 28 2001,New Line,Original Screenplay,Drama,34.0,7.4,36448.0
676698.0,676698.0,18000000.0,Apr 26 2002,Warner Bros.,Original Screenplay,Thriller/Suspense,63.0,7.1,16415.0
95347692.0,288347692.0,95000000.0,May 27 2010,Warner Bros.,Based on TV,Comedy,15.0,3.9,13796.0
8886160.0,10102511.0,5000000.0,May 28 2004,MGM,Original Screenplay,Comedy,55.0,7.0,22784.0
19351569.0,19351569.0,22000000.0,Feb 09 2001,Sony Pictures,Original Screenplay,Comedy,55.0,5.6,18748.0
55185045.0,103096345.0,1200000.0,Oct 29 2004,Lionsgate,Original Screenplay,Horror,48.0,7.7,112785.0
87025093.0,152925093.0,5000000.0,Oct 28 2005,Lionsgate,Original Screenplay,Horror,36.0,6.8,76530.0
80238724.0,163876815.0,10000000.0,Oct 27 2006,Lionsgate,Original Screenplay,Horror,25.0,6.3,60784.0
63300095.0,134528909.0,10000000.0,Oct 26 2007,Lionsgate,Original Screenplay,Horror,17.0,6.0,44730.0
56746769.0,113146769.0,10800000.0,Oct 24 2008,Lionsgate,Original Screenplay,Horror,13.0,5.7,31219.0
27693292.0,61259697.0,11000000.0,Oct 23 2009,Lionsgate,Original Screenplay,Horror,42.0,6.2,18091.0
5516708.0,5516708.0,25000000.0,Mar 23 2001,20th Century Fox,Original Screenplay,Comedy,9.0,4.6,7736.0
5361.0,5361.0,2000000.0,Jun 23 2006,TLA Releasing,Original Screenplay,Comedy,55.0,5.7,431.0
39177684.0,69425966.0,50000000.0,Jun 10 2005,Miramax/Dimension,Original Screenplay,Adventure,20.0,3.6,5619.0
120277854.0,148336445.0,86000000.0,Jul 25 2003,Universal,Based on Book/Short Story,Drama,77.0,7.4,31033.0
5501616.0,7405084.0,20000000.0,Jul 07 2006,Warner Independent,Based on Book/Short Story,Thriller/Suspense,68.0,7.2,41928.0
71277420.0,141189101.0,45000000.0,Jul 04 2001,Miramax/Dimension,Original Screenplay,Comedy,14.0,4.7,43941.0
110000082.0,155200000.0,45000000.0,Oct 24 2003,Miramax/Dimension,Original Screenplay,Comedy,37.0,5.4,42829.0
90710620.0,178710620.0,40000000.0,Apr 14 2006,Weinstein/Dimension,Original Screenplay,Comedy,37.0,5.0,39542.0
84185387.0,181185387.0,25000000.0,Mar 26 2004,Warner Bros.,Based on TV,Comedy,55.0,4.8,10749.0
153294164.0,276294164.0,84000000.0,Jun 14 2002,Warner Bros.,Based on TV,Comedy,28.0,4.7,26018.0
65005217.0,105823486.0,30000000.0,Dec 13 2002,New Line,Based on Book/Short Story,Drama,85.0,7.3,53760.0
81261177.0,131161177.0,20000000.0,Oct 03 2003,Paramount Pictures,Original Screenplay,Comedy,55.0,7.2,63188.0
17807569.0,17807569.0,20000000.0,Sep 29 2006,MGM,Remake,Comedy,26.0,6.0,15536.0
10525717.0,39125717.0,4000000.0,Jul 28 2006,Focus/Rogue Pictures,Original Screenplay,Romantic Comedy,39.0,6.8,30336.0
71069884.0,113542091.0,68000000.0,Jul 13 2001,Paramount Pictures,Original Screenplay,Thriller/Suspense,74.0,6.8,42616.0
103046663.0,173046663.0,15000000.0,Dec 20 1996,Miramax,Original Screenplay,Horror,81.0,2.9,217.0
101363301.0,101363301.0,24000000.0,Dec 12 1997,Miramax,Original Screenplay,Horror,80.0,5.9,48196.0
89138076.0,161838076.0,40000000.0,Feb 04 2000,Miramax,Original Screenplay,Horror,38.0,5.3,38230.0
90580000.0,164529000.0,60000000.0,Apr 19 2002,Universal,Spin-Off,Action,40.0,5.3,30359.0
101740.0,101740.0,4200000.0,May 28 2010,Magnolia Pictures,Original Screenplay,Horror,55.0,6.4,15106.0
38634938.0,135556675.0,70000000.0,Aug 10 2007,Paramount Pictures,Based on Book/Short Story,Adventure,76.0,7.9,87883.0
2086345.0,39686345.0,13300000.0,Dec 17 2004,Fine Line,Based on Real Life Events,Drama,55.0,7.2,466.0
35450113.0,35450113.0,20000000.0,Mar 21 1997,Warner Bros.,Based on Real Life Events,Drama,63.0,6.3,7996.0
36280697.0,77280697.0,60000000.0,Apr 21 2006,20th Century Fox,Based on Book/Short Story,Thriller/Suspense,33.0,6.1,23567.0
901857.0,901857.0,10100000.0,Aug 24 2007,Black Diamond Pictures,Original Screenplay,Western,13.0,5.5,1823.0
40066497.0,48066497.0,8000000.0,Jan 30 2004,Sony Pictures,Original Screenplay,Drama,16.0,2.6,17830.0
16930185.0,20146150.0,29000000.0,Aug 23 2002,Paramount Pictures,Original Screenplay,Romantic Comedy,5.0,5.0,7973.0
378176.0,1619602.0,1500000.0,Aug 10 2001,Warner Bros.,Original Screenplay,Drama,60.0,6.8,14685.0
37945884.0,131445884.0,70000000.0,Oct 10 1997,Sony Pictures,Based on Real Life Events,Drama,59.0,6.7,29020.0
152647258.0,416047258.0,57500000.0,May 30 2008,Warner Bros.,Based on TV,Comedy,49.0,5.4,46837.0
69772969.0,147080413.0,80000000.0,Jun 08 2001,Warner Bros.,Original Screenplay,Action,25.0,6.3,57952.0
124685242.0,266685242.0,80000000.0,Dec 12 2003,Sony Pictures,Original Screenplay,Romantic Comedy,70.0,6.8,36303.0
178095.0,178095.0,250000.0,Sep 17 1999,October Films,Original Screenplay,Comedy,67.0,5.6,566.0
22183.0,22183.0,6800000.0,Apr 09 2004,Warner Bros.,Original Screenplay,Drama,55.0,6.3,950.0
8279017.0,8279017.0,8000000.0,Dec 29 2000,Lionsgate,Original Screenplay,Drama,81.0,6.8,18221.0
70327868.0,107190108.0,53012938.0,Jun 16 2000,Paramount Pictures,Remake,Action,68.0,5.9,32881.0
61123569.0,87123569.0,60000000.0,Mar 10 2006,Walt Disney Pictures,Remake,Comedy,27.0,4.1,6116.0
157019771.0,277200000.0,19000000.0,Jul 07 2000,Miramax/Dimension,Original Screenplay,Comedy,53.0,6.0,68541.0
13542874.0,29629128.0,5000000.0,Sep 24 2004,Focus/Rogue Pictures,Original Screenplay,Comedy,91.0,8.0,134693.0
1985292.0,1985292.0,2000000.0,Oct 04 2006,ThinkFilm,Original Screenplay,Comedy,66.0,6.7,14276.0
63465522.0,63465522.0,10000000.0,Jan 29 1999,Miramax,Original Screenplay,Romantic Comedy,38.0,5.4,28498.0
33889159.0,56889159.0,25000000.0,Mar 17 2006,Paramount Pictures,Based on Play,Romantic Comedy,44.0,6.4,26513.0
199176.0,622806.0,2000000.0,Sep 08 2006,IFC Films,Original Screenplay,Drama,74.0,6.7,6372.0
70836296.0,70836296.0,40000000.0,Nov 09 2001,20th Century Fox,Original Screenplay,Romantic Comedy,50.0,6.0,35878.0
46982632.0,99982632.0,50000000.0,Apr 21 2006,Sony Pictures,Based on Game,Horror,29.0,6.5,65485.0
128012934.0,294512934.0,80000000.0,Feb 19 2010,Paramount Pictures,Based on Book/Short Story,Thriller/Suspense,67.0,8.0,105706.0
100317794.0,279500000.0,26000000.0,Dec 11 1998,Miramax,Original Screenplay,Romantic Comedy,93.0,7.4,77911.0
1134358.0,1134358.0,2000000.0,Sep 07 2007,ThinkFilm,Based on Real Life Events,Documentary,94.0,8.0,2974.0
209028679.0,518249844.0,80000000.0,Dec 25 2009,Warner Bros.,Based on Book/Short Story,Adventure,69.0,7.5,91555.0
31628317.0,49219151.0,20000000.0,Mar 12 2010,Paramount Pictures,Original Screenplay,Romantic Comedy,57.0,6.7,17449.0
47003582.0,95203582.0,60000000.0,Mar 23 2007,Paramount Pictures,Based on Book/Short Story,Thriller/Suspense,48.0,7.2,149.0
267655011.0,484399218.0,50000000.0,May 18 2001,Dreamworks SKG,Based on Book/Short Story,Adventure,89.0,8.0,163855.0
441226247.0,919838758.0,70000000.0,May 19 2004,Dreamworks SKG,Based on Book/Short Story,Adventure,89.0,7.5,95658.0
322719944.0,798958162.0,160000000.0,May 18 2007,Paramount Pictures,Based on Book/Short Story,Adventure,41.0,6.1,59778.0
238395990.0,729395990.0,165000000.0,May 21 2010,Paramount Pictures,Based on Book/Short Story,Adventure,55.0,6.7,12193.0
160861908.0,367275019.0,75000000.0,Oct 01 2004,Dreamworks SKG,Original Screenplay,Adventure,35.0,5.9,40019.0
2207975.0,2932719.0,6000000.0,Oct 31 2003,Lionsgate,Based on Real Life Events,Drama,91.0,7.4,14575.0
13973532.0,13973532.0,25000000.0,Sep 13 2002,Sony Pictures,Original Screenplay,Comedy,8.0,4.7,6899.0
37948765.0,78948765.0,85000000.0,Mar 15 2002,Warner Bros.,Original Screenplay,Comedy,24.0,5.3,22128.0
24538513.0,33538513.0,9000000.0,Jun 22 2007,Lionsgate,Based on Real Life Events,Documentary,93.0,8.2,40886.0
40934175.0,116625798.0,70000000.0,Nov 06 1998,20th Century Fox,Original Screenplay,Action,44.0,6.4,15106.0
227965690.0,408265690.0,70702619.0,Aug 02 2002,Walt Disney Pictures,Original Screenplay,Thriller/Suspense,74.0,6.9,111561.0
18253415.0,18253415.0,20000000.0,Sep 11 1998,Walt Disney Pictures,Based on Book/Short Story,Drama,44.0,6.7,11371.0
8165213.0,8165213.0,28000000.0,Jul 11 1997,Universal,Original Screenplay,Comedy,27.0,4.9,1545.0
183135014.0,527071022.0,72500000.0,Jul 27 2007,20th Century Fox,Based on TV,Comedy,89.0,7.6,117656.0
26483452.0,80767884.0,60000000.0,Jul 02 2003,Dreamworks SKG,Traditional/Legend/Fairytale,Adventure,55.0,6.6,7895.0
74103820.0,158753820.0,40000000.0,Apr 01 2005,Miramax/Dimension,Based on Comic/Graphic Novel,Action,77.0,8.3,255814.0
336456.0,524747.0,8000000.0,Oct 24 2003,Paramount Pictures,Based on TV,Comedy,38.0,5.6,4441.0
293506292.0,672806292.0,40000000.0,Aug 06 1999,Walt Disney Pictures,Original Screenplay,Thriller/Suspense,85.0,8.2,238745.0
11529368.0,29529368.0,65000.0,May 07 2004,IDP Distribution,Based on Real Life Events,Documentary,55.0,7.6,33805.0
47907715.0,92907715.0,40000000.0,Aug 12 2005,Universal,Original Screenplay,Horror,38.0,6.5,29810.0
35007180.0,35007180.0,15000000.0,Mar 31 2000,Universal,Original Screenplay,Thriller/Suspense,8.0,5.3,14903.0
63939454.0,81627454.0,60000000.0,Jul 29 2005,Walt Disney Pictures,Original Screenplay,Adventure,73.0,6.6,20923.0
4814244.0,4814244.0,11000000.0,Feb 01 2002,Sony Pictures,Original Screenplay,Comedy,11.0,4.9,7934.0
12372410.0,12372410.0,24000000.0,Apr 07 2000,Warner Bros.,Original Screenplay,Comedy,25.0,6.4,15106.0
14623082.0,14623082.0,75000000.0,Oct 23 1998,Warner Bros.,Original Screenplay,Action,55.0,6.4,15106.0
101068340.0,207068340.0,70000000.0,Nov 19 1999,Paramount Pictures,Based on Book/Short Story,Horror,68.0,7.5,107511.0
22495466.0,55495466.0,27000000.0,Apr 07 2006,MGM,Original Screenplay,Thriller/Suspense,51.0,7.8,91145.0
37766350.0,39612166.0,11000000.0,Oct 17 2008,Fox Searchlight,Based on Book/Short Story,Drama,57.0,7.0,7077.0
165092266.0,350100280.0,87000000.0,Feb 09 2001,MGM,Based on Book/Short Story,Horror,39.0,6.4,74862.0
275380.0,364607.0,17000000.0,Nov 14 2007,Samuel Goldwyn Films,Original Screenplay,Musical,55.0,5.6,20172.0
1237615.0,1237615.0,15500000.0,Apr 13 2007,Lionsgate,Original Screenplay,Thriller/Suspense,12.0,5.9,2318.0
9408183.0,9408183.0,10000000.0,Jul 09 2004,MGM,Original Screenplay,Comedy,15.0,4.6,4774.0
49981.0,1696765.0,24000000.0,Jun 10 2005,Fine Line,Based on Book/Short Story,Drama,4.0,5.0,1913.0
7802450.0,12834936.0,15250000.0,Mar 31 2006,Universal,Original Screenplay,Horror,85.0,6.6,26101.0
141319928.0,365257315.0,14000000.0,Nov 12 2008,Fox Searchlight,Original Screenplay,Drama,94.0,8.3,176325.0
5502773.0,5502773.0,5000000.0,Aug 14 1998,Fox Searchlight,Based on Real Life Events,Comedy,79.0,6.4,5821.0
55143823.0,71743823.0,40000000.0,Jul 10 1998,Dreamworks SKG,Original Screenplay,Comedy,46.0,5.9,20571.0
186336279.0,478336279.0,110000000.0,Jun 10 2005,20th Century Fox,Original Screenplay,Action,55.0,4.7,189.0
35662731.0,56047261.0,17000000.0,Jan 26 2007,Universal,Original Screenplay,Comedy,28.0,6.6,57313.0
27338033.0,38684906.0,23000000.0,Mar 30 2001,20th Century Fox,Based on Book/Short Story,Romantic Comedy,41.0,5.8,10073.0
8355815.0,8374062.0,50000000.0,Mar 29 2002,Warner Bros.,Original Screenplay,Black Comedy,42.0,6.2,22379.0
4398989.0,4398989.0,6000000.0,Feb 05 1999,20th Century Fox,Original Screenplay,Romantic Comedy,14.0,4.8,6927.0
19693891.0,19693891.0,17000000.0,Aug 24 2001,Warner Bros.,Original Screenplay,Comedy,7.0,4.6,6848.0
176484651.0,360099999.0,22000000.0,Jul 15 1998,20th Century Fox,Original Screenplay,Romantic Comedy,83.0,7.2,96443.0
55591409.0,103891409.0,73000000.0,Aug 07 1998,Paramount Pictures,Original Screenplay,Thriller/Suspense,41.0,5.8,29321.0
34020814.0,62020814.0,33000000.0,Aug 18 2006,New Line,Original Screenplay,Thriller/Suspense,68.0,6.0,65841.0
118627117.0,201627117.0,100000000.0,Dec 17 2004,Paramount Pictures,Based on Book/Short Story,Comedy,71.0,6.9,51614.0
13005485.0,16157923.0,16500000.0,Dec 19 2003,Dreamworks SKG,Based on Book/Short Story,Drama,75.0,7.8,29777.0
1900451.0,6300451.0,80000000.0,Sep 02 2005,Warner Bros.,Based on Book/Short Story,Action,6.0,4.1,9915.0
15032800.0,15387513.0,8000000.0,May 19 2006,Lionsgate,Original Screenplay,Horror,9.0,5.0,10035.0
11405825.0,24405825.0,35000000.0,Dec 25 2001,Miramax,Based on Book/Short Story,Drama,55.0,6.7,17338.0
60470220.0,60470220.0,50000000.0,Feb 07 2003,Walt Disney Pictures,Original Screenplay,Adventure,66.0,6.2,24893.0
56932305.0,71189835.0,55000000.0,May 26 2000,Walt Disney Pictures,Original Screenplay,Western,78.0,6.6,32446.0
81150692.0,115010692.0,32000000.0,Jan 18 2002,Walt Disney Pictures,Based on Book/Short Story,Comedy,23.0,4.9,7561.0
14378353.0,14378353.0,36000000.0,Dec 24 1999,Universal,Based on Book/Short Story,Drama,40.0,6.7,8444.0
3688560.0,32030610.0,40000000.0,Jul 20 2007,Fox Searchlight,Original Screenplay,Thriller/Suspense,74.0,7.3,74535.0
30093107.0,83593107.0,10000000.0,Dec 08 2000,Sony Pictures,Original Screenplay,Black Comedy,55.0,8.2,173919.0
60008303.0,62452927.0,13000000.0,Feb 11 2000,Paramount Pictures,Original Screenplay,Comedy,26.0,4.4,4611.0
10198766.0,12516222.0,12000000.0,Mar 22 2002,Walt Disney Pictures,Original Screenplay,Comedy,13.0,5.1,7392.0
14970038.0,14970038.0,47000000.0,Nov 27 2002,20th Century Fox,Remake,Drama,65.0,6.2,33151.0
4354546.0,4354546.0,12500000.0,May 21 2010,Anchor Bay Entertainment,Original Screenplay,Drama,55.0,6.7,1936.0
31720158.0,38286958.0,60000000.0,Apr 24 2009,Paramount Pictures,Based on Real Life Events,Drama,55.0,6.7,14257.0
3050934.0,3050934.0,1800000.0,Jun 15 2001,Lionsgate,Original Screenplay,Drama,55.0,6.9,1997.0
17639.0,17639.0,4000000.0,Dec 27 2002,Warner Bros.,Original Screenplay,Drama,23.0,5.7,1941.0
228830.0,228830.0,5000000.0,Apr 25 2008,Sony Pictures Classics,Based on Real Life Events,Documentary,80.0,7.5,1640.0
62492818.0,200092818.0,160000000.0,Jul 14 2010,Walt Disney Pictures,Based on Short Film,Adventure,42.0,6.4,9108.0
43492389.0,43492389.0,7500000.0,Sep 26 1997,20th Century Fox,Original Screenplay,Comedy,80.0,6.4,2636.0
13922211.0,14553807.0,16000000.0,May 28 2004,MGM,Original Screenplay,Comedy,19.0,3.7,9143.0
52037603.0,52037603.0,21000000.0,Jun 30 1999,Paramount Pictures,Based on TV,Comedy,80.0,6.4,15106.0
90463534.0,250200000.0,80000000.0,Nov 15 1996,Warner Bros.,Original Screenplay,Comedy,36.0,5.6,29293.0
42044321.0,54344321.0,75000000.0,Dec 17 2004,Sony Pictures,Original Screenplay,Comedy,52.0,6.7,30660.0
54979992.0,87949859.0,40000000.0,Jul 31 1997,New Line,Based on Comic/Graphic Novel,Action,20.0,4.8,21366.0
121463226.0,169863226.0,17500000.0,Aug 17 2007,Sony Pictures,Original Screenplay,Comedy,87.0,7.8,134212.0
85416609.0,140416609.0,30000000.0,Nov 19 2004,Paramount Pictures,Based on TV,Adventure,55.0,6.4,15106.0
30105968.0,59517784.0,37000000.0,Jul 18 2008,20th Century Fox,Original Screenplay,Adventure,36.0,4.5,4324.0
90454043.0,128874043.0,65000000.0,Aug 04 2000,Warner Bros.,Original Screenplay,Adventure,79.0,6.3,29983.0
1641788.0,1641788.0,10000000.0,Feb 28 2003,Sony Pictures Classics,Based on Book/Short Story,Drama,55.0,7.8,560.0
43945766.0,93394462.0,120000000.0,May 09 2008,Warner Bros.,Based on TV,Action,38.0,6.3,32672.0
71195053.0,162839667.0,92500000.0,Feb 14 2008,Paramount Pictures,Based on Book/Short Story,Adventure,79.0,6.8,18715.0
17127.0,17127.0,1000000.0,Aug 31 2001,Warner Bros.,Original Screenplay,Drama,55.0,3.7,1205.0
48097081.0,150468000.0,110000000.0,Jun 13 1997,20th Century Fox,Original Screenplay,Action,55.0,3.4,30896.0
37068294.0,50168294.0,73000000.0,Feb 13 1998,Warner Bros.,Based on Book/Short Story,Horror,12.0,5.6,31461.0
29342592.0,56042592.0,25000000.0,Jan 23 1998,Sony Pictures,Musical Group Movie,Comedy,55.0,2.9,18010.0
373524485.0,783705001.0,200000000.0,Jun 30 2004,Sony Pictures,Based on Comic/Graphic Novel,Adventure,93.0,7.7,141940.0
336530303.0,890871626.0,258000000.0,May 04 2007,Sony Pictures,Based on Comic/Graphic Novel,Adventure,63.0,6.4,141513.0
403706375.0,821708551.0,139000000.0,May 03 2002,Sony Pictures,Based on Comic/Graphic Novel,Adventure,89.0,7.4,167524.0
31167395.0,43149143.0,85000000.0,Aug 13 2010,Universal,Based on Comic/Graphic Novel,Comedy,81.0,8.1,17461.0
33357476.0,43057552.0,16000000.0,Mar 02 2001,Warner Bros.,Original Screenplay,Comedy,24.0,4.9,3673.0
200120000.0,391120000.0,232000000.0,Jun 28 2006,Warner Bros.,Based on Comic/Graphic Novel,Adventure,76.0,6.6,102751.0
14218868.0,14218868.0,60000000.0,Jan 14 2000,MGM,Original Screenplay,Action,10.0,6.8,127.0
10049886.0,274949886.0,19000000.0,Sep 20 2002,Walt Disney Pictures,Original Screenplay,Adventure,55.0,6.4,15106.0
410241.0,1022649.0,4500000.0,Mar 14 2003,Warner Bros.,Original Screenplay,Drama,55.0,6.6,16011.0
62362560.0,143049560.0,90000000.0,Nov 21 2001,Universal,Original Screenplay,Action,65.0,6.9,44850.0
85846296.0,119721296.0,38000000.0,Aug 07 2002,Miramax/Dimension,Original Screenplay,Adventure,75.0,6.4,15106.0
111760631.0,167851995.0,40000000.0,Jul 25 2003,Miramax/Dimension,Original Screenplay,Adventure,55.0,4.1,12352.0
112692062.0,197692062.0,35000000.0,Mar 30 2001,Miramax/Dimension,Original Screenplay,Adventure,93.0,5.7,23479.0
406216.0,406216.0,1900000.0,Apr 09 2010,Apparition,Original Screenplay,Thriller/Suspense,55.0,6.8,1303.0
7372734.0,11098131.0,1500000.0,Oct 05 2005,IDP/Goldwyn/Roadside,Based on Real Life Events,Drama,93.0,7.6,23521.0
50255310.0,75294136.0,28000000.0,Oct 05 2001,Miramax,Original Screenplay,Romantic Comedy,58.0,6.6,32014.0
795126.0,795126.0,5200000.0,Aug 05 2005,Samuel Goldwyn Films,Original Screenplay,Comedy,55.0,7.5,3492.0
488872.0,42776032.0,10000000.0,Apr 02 2004,Miramax,Original Screenplay,Comedy,91.0,6.4,15106.0
30628981.0,30628981.0,14000000.0,Oct 08 1999,Paramount Pictures,Based on TV,Comedy,33.0,6.0,103.0
3100650.0,4288246.0,14000000.0,Sep 07 2001,Artisan,Original Screenplay,Horror,4.0,3.6,5116.0
73215310.0,106515310.0,80000000.0,May 24 2002,Dreamworks SKG,Original Screenplay,Adventure,55.0,6.6,8622.0
310676740.0,656695615.0,115000000.0,May 16 2002,20th Century Fox,Original Screenplay,Adventure,55.0,6.4,15106.0
380270577.0,848998877.0,115000000.0,May 19 2005,20th Century Fox,Original Screenplay,Adventure,55.0,6.4,15106.0
54768952.0,121100000.0,100000000.0,Nov 07 1997,Sony Pictures,Based on Book/Short Story,Action,60.0,7.1,83516.0
5801558.0,7773824.0,500000.0,Oct 03 2003,Miramax,Original Screenplay,Drama,95.0,7.8,22274.0
23086480.0,23187506.0,20000000.0,Mar 24 2006,Walt Disney Pictures,Original Screenplay,Horror,9.0,4.5,13658.0
17266359.0,29934477.0,18000000.0,May 19 2000,Dreamworks SKG,Original Screenplay,Comedy,66.0,6.5,15636.0
1686429.0,1686429.0,16000000.0,Aug 15 1997,Warner Bros.,Based on Comic/Graphic Novel,Action,12.0,2.7,4409.0
37672944.0,37672944.0,20000000.0,Aug 14 1998,20th Century Fox,Based on Book/Short Story,Drama,49.0,5.1,3080.0
59475623.0,96221971.0,100000000.0,Jun 11 2004,Paramount Pictures,Remake,Comedy,26.0,5.1,26712.0
91137662.0,119709917.0,50000000.0,Dec 25 1998,Sony/TriStar,Original Screenplay,Drama,43.0,6.2,18505.0
61356221.0,76356221.0,14000000.0,Jan 12 2007,Sony/Screen Gems,Original Screenplay,Drama,26.0,4.3,13737.0
40435190.0,45235190.0,30000000.0,Nov 10 2006,Sony Pictures,Original Screenplay,Comedy,72.0,7.8,74218.0
454255.0,454255.0,9000000.0,Jun 20 2003,Warner Bros.,Original Screenplay,Drama,55.0,6.4,15106.0
26910736.0,30399714.0,20000000.0,Apr 28 2006,Walt Disney Pictures,Original Screenplay,Comedy,31.0,5.9,9556.0
50041732.0,89441732.0,32000000.0,Sep 10 1999,MGM,Original Screenplay,Horror,22.0,6.0,29411.0
21133087.0,21133087.0,12000000.0,Sep 10 1999,Artisan,Based on Book/Short Story,Thriller/Suspense,55.0,7.1,26752.0
26415649.0,65589243.0,20000000.0,Apr 11 2008,Fox Searchlight,Original Screenplay,Thriller/Suspense,36.0,7.0,40291.0
140015224.0,298800000.0,105000000.0,Dec 17 1999,Sony Pictures,Based on Book/Short Story,Comedy,65.0,5.8,23226.0
64956806.0,166000000.0,120000000.0,Jul 19 2002,Sony Pictures,Based on Book/Short Story,Comedy,83.0,5.6,7534.0
32116746.0,76416746.0,138000000.0,Jul 29 2005,Sony Pictures,Original Screenplay,Action,13.0,4.8,21664.0
468867.0,10468867.0,20000000.0,Mar 18 2005,Sony Pictures,Original Screenplay,Action,55.0,6.4,15106.0
765637.0,1545064.0,27000000.0,Dec 12 2003,Sony Pictures,Original Screenplay,Thriller/Suspense,23.0,6.0,2735.0
119841.0,119841.0,1500000.0,Mar 22 2002,Miramax,Original Screenplay,Drama,35.0,6.4,1733.0
10915744.0,11179472.0,25000000.0,Mar 28 2008,Paramount Pictures,Based on Real Life Events,Drama,55.0,6.5,9268.0
182618434.0,328711434.0,120000000.0,Jun 30 2000,Warner Bros.,Based on Book/Short Story,Drama,47.0,6.2,55716.0
27100030.0,27100030.0,50000000.0,Oct 15 1999,Universal,Original Screenplay,Romantic Comedy,28.0,5.6,10720.0
29062561.0,29227561.0,20000000.0,Oct 16 2009,Sony/Screen Gems,Remake,Thriller/Suspense,11.0,5.3,6263.0
37017955.0,91445389.0,60000000.0,Apr 17 2009,Universal,Based on TV,Thriller/Suspense,84.0,7.3,34067.0
44089964.0,44154645.0,27000000.0,Aug 06 2008,Warner Bros.,Based on Book/Short Story,Adventure,64.0,6.2,6557.0
39053061.0,41560117.0,25000000.0,Jun 01 2005,Warner Bros.,Based on Book/Short Story,Drama,55.0,6.4,15106.0
65328121.0,115328121.0,12000000.0,Aug 11 2006,Walt Disney Pictures,Original Screenplay,Drama,19.0,6.1,21691.0
6197866.0,6197866.0,10000000.0,Oct 15 1999,Walt Disney Pictures,Based on Real Life Events,Drama,95.0,8.0,36265.0
92027888.0,150000000.0,46000000.0,Nov 22 1996,Paramount Pictures,Based on TV,Adventure,55.0,7.6,45106.0
70187658.0,117800000.0,70000000.0,Dec 11 1998,Paramount Pictures,Based on TV,Adventure,55.0,6.4,26559.0
43254409.0,67312826.0,60000000.0,Dec 13 2002,Paramount Pictures,Based on TV,Adventure,55.0,6.4,28449.0
659210.0,9351567.0,40000000.0,Oct 13 2006,Weinstein Co.,Based on Book/Short Story,Action,55.0,6.4,15106.0
52597610.0,80597610.0,9000000.0,May 30 2008,Focus Features,Original Screenplay,Thriller/Suspense,44.0,6.0,35078.0
18492362.0,23046142.0,3000000.0,Feb 15 2002,Fox Searchlight,Original Screenplay,Comedy,55.0,6.8,29514.0
2072645.0,2077844.0,2000000.0,Jun 28 2006,ThinkFilm,Based on TV,Comedy,55.0,5.9,4941.0
431088297.0,924288297.0,115000000.0,May 19 1999,20th Century Fox,Original Screenplay,Adventure,55.0,6.4,15106.0
33832741.0,63537164.0,55000000.0,Dec 12 2003,20th Century Fox,Original Screenplay,Comedy,60.0,5.9,23196.0
58017783.0,150017783.0,17500000.0,Feb 14 2008,Walt Disney Pictures,Original Screenplay,Drama,25.0,5.6,20345.0
118471320.0,193500000.0,68000000.0,May 31 2002,Paramount Pictures,Based on Book/Short Story,Action,59.0,6.3,38586.0
3064356.0,3064356.0,5600000.0,Jun 21 2002,Sony Pictures Classics,Original Screenplay,Drama,80.0,6.8,2769.0
3102550.0,3252550.0,30000000.0,Aug 17 2005,20th Century Fox,Original Screenplay,Action,6.0,2.9,2514.0
58867694.0,145395745.0,100000000.0,Jun 08 2007,Sony Pictures,Original Screenplay,Adventure,77.0,7.0,20974.0
38577772.0,119668350.0,80000000.0,Sep 25 2009,Walt Disney Pictures,Based on Comic/Graphic Novel,Action,39.0,6.3,36940.0
19288130.0,19288130.0,22000000.0,Jul 02 1999,Walt Disney Pictures,Based on Real Life Events,Drama,50.0,6.5,18431.0
434417.0,968805.0,4600000.0,May 28 2008,IFC Films,Based on Book/Short Story,Drama,55.0,5.7,3838.0
216335085.0,481635085.0,65000000.0,Jul 24 1998,Dreamworks SKG,Original Screenplay,Drama,91.0,8.5,270540.0
116877597.0,198100000.0,70000000.0,Aug 08 2003,Sony Pictures,Based on TV,Action,48.0,5.9,43260.0
71502303.0,109705641.0,17000000.0,Oct 22 2004,Fox Searchlight,Based on Book/Short Story,Drama,97.0,7.8,69778.0
57887882.0,118097882.0,40000000.0,Oct 15 2004,Miramax,Remake,Romantic Comedy,55.0,7.6,2192.0
47958031.0,92958031.0,40000000.0,Mar 12 2004,Sony Pictures,Based on Book/Short Story,Thriller/Suspense,46.0,6.5,53868.0
598645.0,598645.0,10000000.0,Oct 11 2002,Sony Pictures,Remake,Romantic Comedy,5.0,3.4,7665.0
10130108.0,22441323.0,7800000.0,Jul 04 2003,Focus Features,Original Screenplay,Thriller/Suspense,84.0,6.8,19992.0
2402459.0,3100834.0,1000000.0,Nov 21 2001,Paramount Vantage,Original Screenplay,Comedy,55.0,6.4,15106.0
28563926.0,28563926.0,10000000.0,Sep 06 2002,20th Century Fox,Original Screenplay,Drama,15.0,4.6,9577.0
25288103.0,65754228.0,40000000.0,Feb 16 2001,Warner Bros.,Remake,Drama,16.0,6.0,20891.0
11892415.0,12778631.0,16500000.0,Sep 21 2007,Universal,Traditional/Legend/Fairytale,Comedy,37.0,6.2,9309.0
6504442.0,6504442.0,38000000.0,Oct 31 1997,Paramount Pictures,Original Screenplay,Action,32.0,6.1,5141.0
35161554.0,68161554.0,8500000.0,Aug 15 2008,Warner Bros.,Original Screenplay,Adventure,19.0,5.4,17513.0
24430272.0,44633441.0,43000000.0,Apr 12 2002,Sony Pictures,Original Screenplay,Romantic Comedy,25.0,4.7,23378.0
74339294.0,164800000.0,80000000.0,Jun 12 1998,Walt Disney Pictures,Original Screenplay,Romantic Comedy,37.0,4.7,48.0
8402485.0,10412485.0,19000000.0,Oct 17 2008,Summit Entertainment,Based on Book/Short Story,Comedy,46.0,6.8,26920.0
6946056.0,6946056.0,4300000.0,Jun 13 2001,Fox Searchlight,Original Screenplay,Drama,55.0,7.1,20916.0
211667.0,23471871.0,4500000.0,May 05 2006,Tartan Films,Original Screenplay,Thriller/Suspense,55.0,7.7,19341.0
3081925.0,3081925.0,20000000.0,Oct 24 2008,Sony Pictures Classics,Original Screenplay,Drama,67.0,6.4,15106.0
50824620.0,95024620.0,50000000.0,Nov 23 2005,Warner Bros.,Based on Book/Short Story,Thriller/Suspense,72.0,7.1,53265.0
8712564.0,8712564.0,27000000.0,Aug 27 2004,Paramount Pictures,Original Screenplay,Thriller/Suspense,18.0,5.8,9804.0
2891288.0,3200241.0,150000.0,Jul 19 2002,Miramax,Original Screenplay,Comedy,78.0,6.1,3800.0
13491653.0,27491653.0,18000000.0,Mar 30 2001,Sony Pictures,Based on Book/Short Story,Thriller/Suspense,55.0,6.4,15106.0
145000989.0,225461461.0,25000000.0,Jan 30 2009,20th Century Fox,Original Screenplay,Thriller/Suspense,55.0,4.8,1125.0
34742066.0,65742066.0,30000000.0,Apr 01 2006,New Line,Based on Real Life Events,Drama,44.0,6.5,10015.0
148213377.0,163013377.0,73000000.0,Aug 04 2006,Sony Pictures,Original Screenplay,Comedy,72.0,6.4,50407.0
81292135.0,81292135.0,40000000.0,Dec 25 1999,Paramount Pictures,Based on Book/Short Story,Drama,82.0,7.2,63319.0
592014.0,1162014.0,218.0,Oct 06 2004,WellSpring,Based on Real Life Events,Documentary,55.0,7.1,3847.0
9871.0,9871.0,3500000.0,Sep 17 1999,Warner Bros.,Original Screenplay,Comedy,55.0,6.8,520.0
6768055.0,28231444.0,55000000.0,Jul 30 2004,Universal,Based on TV,Adventure,19.0,4.0,5397.0
34102780.0,34572780.0,9000000.0,Oct 22 1999,Universal,Original Screenplay,Romantic Comedy,71.0,6.1,2019.0
26421314.0,47721314.0,15000000.0,Oct 27 2000,Artisan,Original Screenplay,Horror,55.0,4.0,16122.0
15007991.0,27147991.0,30000000.0,Aug 26 2005,Sony/Screen Gems,Original Screenplay,Horror,12.0,4.8,13025.0
49121934.0,49778552.0,13000000.0,Nov 21 2007,Sony/Screen Gems,Original Screenplay,Drama,55.0,5.4,3351.0
31111260.0,74132631.0,85000000.0,Mar 28 2003,Paramount Pictures,Original Screenplay,Action,42.0,5.3,27375.0
69304264.0,124304264.0,48000000.0,Aug 06 1999,MGM,Remake,Drama,67.0,6.7,37692.0
449865.0,4054204.0,6400000.0,Oct 09 2009,Sony Pictures Classics,Based on Factual Book/Article,Drama,94.0,7.5,7560.0
50877145.0,88717945.0,60000000.0,Dec 19 2008,Universal,Based on Book/Short Story,Adventure,55.0,6.1,7460.0
32774834.0,50274834.0,20000000.0,Oct 15 2004,Paramount Pictures,Original Screenplay,Comedy,55.0,7.3,58763.0
14395874.0,14395874.0,14000000.0,May 14 1999,MGM,Based on Real Life Events,Drama,67.0,6.7,5435.0
43632458.0,85632458.0,75000000.0,Mar 07 2003,Sony Pictures,Original Screenplay,Action,34.0,6.4,34304.0
185577.0,185577.0,4000000.0,Jan 28 2000,Warner Bros.,Original Screenplay,Comedy,55.0,6.1,1610.0
37882551.0,62401343.0,15000000.0,Dec 14 2001,Sony Pictures,Original Screenplay,Comedy,28.0,5.5,36678.0
347578.0,2300349.0,2000000.0,Jan 18 2008,Roadside Attractions,Original Screenplay,Comedy,55.0,5.5,18.0
82234139.0,136934139.0,25000000.0,Feb 16 2007,Walt Disney Pictures,Based on Book/Short Story,Drama,85.0,7.4,34482.0
150358296.0,433058296.0,170000000.0,Jul 01 2003,Warner Bros.,Original Screenplay,Action,55.0,6.6,107667.0
125322469.0,371628539.0,200000000.0,May 21 2009,Warner Bros.,Original Screenplay,Action,55.0,6.4,15106.0
319246193.0,708272592.0,151000000.0,Jul 03 2007,Paramount Pictures,Based on TV,Action,57.0,7.3,197131.0
402111870.0,836303693.0,210000000.0,Jun 24 2009,Paramount Pictures,Based on TV,Action,20.0,6.0,95786.0
15122676.0,15122676.0,10000000.0,Aug 14 2009,Paramount Vantage,Original Screenplay,Comedy,26.0,6.4,15106.0
15331289.0,15425073.0,25000000.0,Sep 30 2005,Walt Disney Pictures,Based on Book/Short Story,Drama,62.0,7.3,7876.0
15541549.0,63241549.0,45000000.0,Feb 19 2010,Summit Entertainment,Based on Book/Short Story,Thriller/Suspense,84.0,7.6,22875.0
128486.0,42226657.0,10000000.0,Apr 23 2010,Warner Bros.,Original Screenplay,Action,55.0,7.4,5548.0
39778599.0,39778599.0,50000000.0,Feb 11 2000,20th Century Fox,Based on Book/Short Story,Drama,19.0,4.5,229.0
15051977.0,26341896.0,25000000.0,Nov 06 2009,Warner Bros.,Based on Book/Short Story,Thriller/Suspense,45.0,6.8,418.0
40108697.0,60694737.0,25000000.0,Dec 20 2002,Paramount Pictures,Based on TV,Adventure,55.0,6.7,1104.0
7006708.0,7006708.0,4000000.0,May 25 2007,Lionsgate,Based on Play,Drama,55.0,6.0,14164.0
12840842.0,12840842.0,17000000.0,Nov 27 2002,Miramax/Dimension,Original Screenplay,Horror,37.0,4.6,6550.0
31418697.0,56706727.0,12000000.0,Feb 01 2008,Lionsgate,Remake,Thriller/Suspense,22.0,5.3,17304.0
29511112.0,37048526.0,18000000.0,Oct 14 2005,Sony Pictures,Remake,Horror,5.0,3.3,15760.0
36400491.0,36400491.0,52000000.0,Dec 23 1998,20th Century Fox,Based on Book/Short Story,Drama,78.0,7.5,60966.0
34566746.0,66554547.0,80000000.0,Dec 25 2000,New Line,Based on Real Life Events,Drama,82.0,7.3,23578.0
69688384.0,69688384.0,65000000.0,Jul 07 2000,Walt Disney Pictures,Original Screenplay,Comedy,49.0,5.9,14927.0
8330720.0,10393696.0,20000000.0,Sep 09 2005,New Line,Original Screenplay,Comedy,11.0,5.4,9356.0
40846082.0,40846082.0,19000000.0,Oct 29 1999,Warner Bros.,Original Screenplay,Horror,25.0,5.2,22795.0
43905746.0,43905746.0,49000000.0,Nov 02 2001,Sony Pictures,Original Screenplay,Action,13.0,5.6,24416.0
2201923.0,89006691.0,12000000.0,Mar 09 2007,Magnolia Pictures,Original Screenplay,Action,55.0,7.1,26783.0
1008849.0,1060418.0,2400000.0,Jan 05 2007,The Bigger Picture,Based on Book/Short Story,Thriller/Suspense,5.0,5.0,2825.0
10570375.0,10570375.0,20000000.0,Oct 22 1999,Warner Bros.,Original Screenplay,Romantic Comedy,28.0,5.8,11148.0
11810854.0,11810854.0,16000000.0,May 28 1999,Sony Pictures,Based on Book/Short Story,Thriller/Suspense,28.0,6.7,19939.0
32698899.0,61698899.0,125000000.0,Aug 27 1999,Walt Disney Pictures,Based on Book/Short Story,Action,33.0,6.3,36151.0
50586000.0,50586000.0,60000000.0,Sep 27 2002,Dreamworks SKG,Original Screenplay,Action,22.0,5.0,19370.0
4554533.0,55159800.0,20000000.0,Feb 11 2000,Walt Disney Pictures,Spin-Off,Adventure,61.0,6.0,2986.0
19480739.0,26703184.0,80000000.0,Nov 26 2003,Paramount Pictures,Based on Book/Short Story,Adventure,11.0,5.3,19318.0
0.0,0.0,130000000.0,Dec 23 2011,Paramount Pictures,Based on Comic/Graphic Novel,Adventure,55.0,6.4,15106.0
4601043.0,6302406.0,2000000.0,Aug 20 2003,Fox Searchlight,Original Screenplay,Drama,55.0,7.0,31482.0
22751979.0,36751979.0,75000000.0,Jun 16 2000,20th Century Fox,Original Screenplay,Adventure,51.0,6.4,22286.0
600788188.0,1842879955.0,200000000.0,Dec 19 1997,Paramount Pictures,Original Screenplay,Thriller/Suspense,82.0,7.4,240732.0
20553799.0,20553799.0,4000000.0,Jul 09 2010,Focus Features,Original Screenplay,Comedy,96.0,7.8,3093.0
66465204.0,179265204.0,78000000.0,Jul 11 2003,20th Century Fox,Based on Comic/Graphic Novel,Adventure,17.0,5.5,50710.0
56684819.0,98983590.0,80000000.0,Mar 08 2002,Dreamworks SKG,Based on Book/Short Story,Adventure,28.0,5.6,32465.0
13558739.0,13558739.0,11000000.0,Mar 30 2001,Sony Pictures,Original Screenplay,Comedy,15.0,4.9,9505.0
25593755.0,54777490.0,13000000.0,Nov 21 2007,MGM,Based on Book/Short Story,Horror,73.0,7.4,76830.0
54149098.0,95009888.0,35000000.0,Mar 23 2007,Warner Bros.,Based on Comic/Graphic Novel,Action,55.0,6.6,26178.0
125304276.0,339504276.0,110000000.0,Dec 19 1997,MGM,Based on Book/Short Story,Action,55.0,6.4,46650.0
52353636.0,71430876.0,28000000.0,Dec 14 2001,Walt Disney Pictures,Original Screenplay,Black Comedy,79.0,7.6,82349.0
65653758.0,156453758.0,90000000.0,Jul 25 2003,Paramount Pictures,Based on Game,Adventure,55.0,5.2,32832.0
131144183.0,274644183.0,94000000.0,Jun 15 2001,Paramount Pictures,Based on Game,Adventure,55.0,5.4,55582.0
186740799.0,544272402.0,125000000.0,May 28 2004,20th Century Fox,Original Screenplay,Adventure,46.0,6.3,92241.0
6201757.0,6201757.0,20000000.0,Dec 17 1999,USA Films,Based on Real Life Events,Musical,55.0,7.1,6215.0
21176322.0,46176322.0,40000000.0,Jan 16 2004,Warner Bros.,Original Screenplay,Action,23.0,3.5,12986.0
96522687.0,209947037.0,17000000.0,Aug 10 2001,Miramax,Original Screenplay,Horror,84.0,7.8,86091.0
30980607.0,33180607.0,37000000.0,Sep 17 2010,Warner Bros.,Based on Book/Short Story,Drama,84.0,8.7,493.0
245852179.0,484966906.0,90000000.0,Nov 19 1999,Walt Disney Pictures,Original Screenplay,Adventure,100.0,8.0,119357.0
410640665.0,1046340665.0,200000000.0,Jun 18 2010,Walt Disney Pictures,Original Screenplay,Adventure,99.0,8.9,67380.0
65452312.0,148989667.0,110000000.0,Jun 12 2009,Sony Pictures,Remake,Action,55.0,6.5,33452.0
38120554.0,91800000.0,100000000.0,Nov 27 2002,Walt Disney Pictures,Based on Book/Short Story,Adventure,69.0,6.6,12099.0
124107476.0,208300000.0,48000000.0,Dec 27 2000,USA Films,Based on TV,Drama,91.0,7.8,85759.0
15911332.0,15911332.0,19000000.0,Jul 26 2000,Destination Films,Based on Book/Short Story,Adventure,19.0,2.7,1613.0
76261036.0,104505362.0,45000000.0,Oct 05 2001,Warner Bros.,Original Screenplay,Drama,72.0,7.6,82057.0
23530831.0,27664173.0,22000000.0,Aug 27 2008,Overture Films,Original Screenplay,Thriller/Suspense,61.0,7.1,22468.0
6916869.0,6916869.0,30000000.0,Sep 20 2002,Sony Pictures,Based on Book/Short Story,Thriller/Suspense,18.0,6.0,10685.0
129094024.0,249094024.0,48000000.0,Oct 18 2002,Dreamworks SKG,Remake,Horror,71.0,5.5,589.0
9017070.0,9017070.0,3000000.0,May 12 1999,October Films,Original Screenplay,Comedy,8.0,4.6,673.0
257730019.0,385680447.0,140000000.0,May 08 2009,Paramount Pictures,Based on TV,Adventure,94.0,8.2,134187.0
77073959.0,218673959.0,75000000.0,Jun 18 2004,Dreamworks SKG,Based on Real Life Events,Drama,60.0,7.1,79803.0
9015303.0,15151744.0,1000000.0,Dec 02 2005,Weinstein Co.,Original Screenplay,Drama,76.0,7.6,19343.0
43095856.0,85095856.0,32000000.0,Sep 02 2005,20th Century Fox,Original Screenplay,Action,55.0,6.6,51005.0
25296447.0,43928932.0,21000000.0,Oct 11 2002,20th Century Fox,Original Screenplay,Action,53.0,6.6,51005.0
8114270.0,23914270.0,25000000.0,Nov 25 2009,Weinstein Co.,Based on Book/Short Story,Drama,75.0,7.5,39124.0
110461307.0,188163455.0,90000000.0,Aug 13 2008,Paramount Pictures,Original Screenplay,Comedy,83.0,7.2,104839.0
133298577.0,497398577.0,150000000.0,May 14 2004,Warner Bros.,Based on Book/Short Story,Action,54.0,7.0,129575.0
141930000.0,267200000.0,70000000.0,Aug 09 2002,Sony Pictures,Original Screenplay,Action,48.0,5.5,52636.0
872643.0,9443864.0,7400000.0,Apr 27 2007,Yash Raj Films,Original Screenplay,Comedy,67.0,5.1,1051.0
125618201.0,248400000.0,60000000.0,Jun 05 1998,Paramount Pictures,Original Screenplay,Drama,95.0,8.0,156346.0
1530535.0,2548378.0,9000000.0,Aug 18 2006,Fox Searchlight,Original Screenplay,Comedy,27.0,5.8,5262.0
872142.0,1415656.0,25000000.0,Oct 14 2005,ThinkFilm,Based on Book/Short Story,Drama,41.0,6.6,8951.0
171091819.0,448191819.0,145000000.0,Jun 16 1999,Walt Disney Pictures,Based on Book/Short Story,Adventure,88.0,6.9,26871.0
6374789.0,6374789.0,3500000.0,Apr 16 2010,Sony Pictures Classics,Original Screenplay,Drama,55.0,6.4,15106.0
2912606.0,9879971.0,3000000.0,Feb 24 2006,Miramax,Based on Book/Short Story,Drama,55.0,7.4,13167.0
6491969.0,6491969.0,10000000.0,Jan 16 2004,Walt Disney Pictures,Based on TV,Comedy,55.0,6.4,15106.0
63414846.0,98666635.0,39000000.0,Aug 14 2009,Warner Bros.,Based on Book/Short Story,Drama,37.0,7.1,23908.0
0.0,5918742.0,20000000.0,Mar 31 2004,Miramax,Original Screenplay,Drama,55.0,4.5,1031.0
19161999.0,19344615.0,15000000.0,Oct 11 2002,Walt Disney Pictures,Based on Book/Short Story,Drama,61.0,6.5,6639.0
1328679.0,1919197.0,4000000.0,Sep 16 2005,Sony Pictures Classics,Based on Book/Short Story,Comedy,70.0,6.7,12109.0
11532774.0,11532774.0,55000000.0,Jan 10 1997,MGM,Original Screenplay,Thriller/Suspense,17.0,4.5,5147.0
7027762.0,14321070.0,10000000.0,Dec 01 2006,20th Century Fox,Original Screenplay,Thriller/Suspense,55.0,6.9,83.0
10097096.0,10097096.0,4000000.0,Nov 14 2001,Lionsgate,Original Screenplay,Comedy,8.0,3.6,3095.0
2057193.0,2315026.0,1000000.0,Apr 24 1998,Fox Searchlight,Original Screenplay,Drama,55.0,5.6,3722.0
37384046.0,99384046.0,80000000.0,Apr 14 2006,Walt Disney Pictures,Original Screenplay,Adventure,19.0,5.4,8498.0
15055091.0,15055091.0,20000000.0,Mar 06 1998,Paramount Pictures,Original Screenplay,Drama,60.0,6.1,4840.0
25195050.0,40119848.0,50000000.0,Feb 27 2004,Paramount Pictures,Original Screenplay,Thriller/Suspense,2.0,4.8,83.0
296623634.0,702623634.0,50000000.0,Nov 20 2009,Summit Entertainment,Based on Book/Short Story,Drama,28.0,6.4,15106.0
300155447.0,688155447.0,68000000.0,Jun 30 2010,Summit Entertainment,Based on Book/Short Story,Drama,51.0,6.4,15106.0
192769854.0,396439854.0,37000000.0,Nov 21 2008,Summit Entertainment,Based on Book/Short Story,Drama,50.0,6.1,4840.0
6712451.0,10364769.0,105000000.0,Apr 27 2001,New Line,Original Screenplay,Romantic Comedy,13.0,4.4,2889.0
6852450.0,6852450.0,6000000.0,Feb 26 1999,Paramount Pictures,Original Screenplay,Romantic Comedy,30.0,5.4,8645.0
39517763.0,50517763.0,16000000.0,Oct 06 2006,New Line,Remake,Horror,55.0,5.8,20196.0
80571655.0,107071655.0,9000000.0,Oct 17 2003,New Line,Remake,Horror,36.0,6.1,39172.0
623374.0,623374.0,38000000.0,Nov 30 2001,Miramax,Based on Book/Short Story,Western,55.0,5.0,2645.0
12044087.0,43044087.0,5700000.0,Sep 08 2006,Weinstein Co.,Original Screenplay,Action,55.0,6.9,13929.0
24793509.0,39232211.0,7500000.0,Mar 17 2006,Fox Searchlight,Based on Book/Short Story,Black Comedy,55.0,7.8,65340.0
10363341.0,22664070.0,15000000.0,Jan 23 2008,National Geographic Entertainment,Based on Real Life Events,Concert/Performance,55.0,8.3,2090.0
77086030.0,127630030.0,62000000.0,Apr 21 2000,Universal,Original Screenplay,Action,68.0,6.4,32528.0
38230435.0,38230435.0,25000000.0,May 31 2002,Universal,Original Screenplay,Comedy,76.0,5.7,14237.0
5654777.0,5654777.0,25000000.0,Sep 02 2005,Miramax,Original Screenplay,Thriller/Suspense,55.0,3.3,3249.0
114326736.0,167726736.0,30000000.0,Jun 18 2004,20th Century Fox,Original Screenplay,Comedy,55.0,6.6,65329.0
88915214.0,203115214.0,38000000.0,Jul 24 2009,Sony Pictures,Original Screenplay,Romantic Comedy,14.0,6.4,27888.0
18522064.0,20722064.0,30000000.0,Mar 03 2006,Sony/Screen Gems,Original Screenplay,Action,9.0,4.0,28547.0
16655224.0,21949214.0,25000000.0,Dec 08 2006,Warner Bros.,Original Screenplay,Comedy,55.0,3.7,4133.0
94999143.0,248099143.0,73243106.0,Nov 22 2000,Walt Disney Pictures,Original Screenplay,Thriller/Suspense,68.0,7.3,97324.0
42670410.0,77208315.0,16000000.0,Jan 09 2009,Universal,Original Screenplay,Horror,11.0,4.5,15331.0
41196.0,187847.0,750000.0,Jul 01 2005,Lionsgate,Original Screenplay,Horror,55.0,5.6,6957.0
51970690.0,95708457.0,22000000.0,Sep 19 2003,Sony Pictures,Original Screenplay,Action,30.0,6.7,65690.0
1069318.0,1069318.0,9000000.0,Aug 26 2005,Lionsgate,Original Screenplay,Romantic Comedy,8.0,3.7,1981.0
12398628.0,12398628.0,20000000.0,Aug 23 2002,Miramax,Original Screenplay,Drama,49.0,5.8,6837.0
62318875.0,111318875.0,45000000.0,Jan 20 2006,Sony/Screen Gems,Original Screenplay,Action,15.0,6.6,48551.0
8535575.0,18535575.0,30000000.0,Sep 09 2005,Miramax,Original Screenplay,Drama,53.0,7.1,11770.0
52752475.0,119114494.0,50000000.0,May 08 2002,20th Century Fox,Remake,Drama,48.0,6.6,23998.0
10447421.0,10717421.0,40000000.0,Aug 20 1999,Sony Pictures,Original Screenplay,Action,55.0,3.4,10233.0
26403.0,3080493.0,3700000.0,Nov 03 2006,IFC Films,Original Screenplay,Thriller/Suspense,39.0,6.6,11986.0
24537621.0,49037621.0,43000000.0,May 13 2005,Focus/Rogue Pictures,Original Screenplay,Action,55.0,7.1,36119.0
28687835.0,52649951.0,35000000.0,Jan 25 2008,Sony/Screen Gems,Original Screenplay,Thriller/Suspense,15.0,6.1,21922.0
293004164.0,731304609.0,175000000.0,May 29 2009,Walt Disney Pictures,Original Screenplay,Adventure,98.0,8.4,110491.0
83823381.0,166077420.0,30000000.0,Dec 04 2009,Paramount Pictures,Based on Book/Short Story,Drama,90.0,6.4,15106.0
18761993.0,27361993.0,12000000.0,Mar 11 2005,New Line,Original Screenplay,Drama,55.0,7.0,12317.0
38116707.0,72571864.0,14000000.0,Sep 25 1998,Sony Pictures,Original Screenplay,Horror,21.0,5.2,19113.0
21468807.0,38574362.0,15000000.0,Sep 22 2000,Sony Pictures,Original Screenplay,Horror,9.0,3.7,7609.0
1032075.0,1032075.0,225000.0,Sep 15 2000,Lionsgate,Based on Play,Drama,73.0,6.7,2218.0
83077470.0,198686497.0,75000000.0,Dec 25 2008,United Artists,Based on Real Life Events,Thriller/Suspense,61.0,7.3,54343.0
19478106.0,61746888.0,35000000.0,Aug 19 2005,Walt Disney Pictures,Original Screenplay,Adventure,30.0,5.6,7158.0
20384136.0,20384136.0,10000000.0,Feb 02 2001,Warner Bros.,Based on Book/Short Story,Horror,9.0,4.3,11435.0
14046595.0,34372469.0,40000000.0,Oct 23 2009,Universal,Based on Book/Short Story,Action,37.0,6.1,9539.0
30695227.0,39235486.0,60000000.0,Nov 03 2000,Dreamworks SKG,Based on Book/Short Story,Drama,43.0,6.4,21995.0
2073984.0,2811439.0,800000.0,Mar 28 2003,Samuel Goldwyn Films,Original Screenplay,Drama,55.0,7.1,3719.0
6777741.0,24489150.0,23000000.0,Sep 14 2007,Warner Bros.,Based on Real Life Events,Drama,73.0,7.4,27529.0
881745.0,881745.0,25000000.0,Sep 16 2005,Miramax/Dimension,Original Screenplay,Horror,10.0,4.6,4220.0
3347411.0,4022411.0,6000000.0,Dec 21 2006,Miramax,Original Screenplay,Drama,89.0,6.4,15106.0
16123851.0,19123851.0,23000000.0,Sep 01 2004,Focus Features,Based on Book/Short Story,Drama,50.0,6.2,9343.0
70511035.0,132511035.0,50000000.0,Mar 17 2006,Warner Bros.,Based on Comic/Graphic Novel,Action,73.0,8.2,224636.0
34145.0,34145.0,4000000.0,Jul 16 1999,Sony Pictures,Original Screenplay,Drama,55.0,6.4,15106.0
120150546.0,300150546.0,170000000.0,May 07 2004,Universal,Original Screenplay,Action,22.0,5.5,68846.0
114197520.0,260197520.0,71682975.0,Jul 30 2004,Walt Disney Pictures,Original Screenplay,Thriller/Suspense,42.0,6.6,88928.0
4859475.0,4859475.0,6000000.0,Apr 21 2000,Paramount Vantage,Based on Book/Short Story,Black Comedy,55.0,7.2,49110.0
14010690.0,30626690.0,75000000.0,Jan 15 1999,Universal,Based on Comic/Graphic Novel,Action,9.0,4.5,10487.0
9427026.0,16194905.0,4000000.0,Apr 11 2008,Overture Films,Original Screenplay,Comedy,90.0,6.8,318.0
6167817.0,59606587.0,55000000.0,Nov 26 2004,Warner Bros.,Based on Book/Short Story,Drama,55.0,6.4,15106.0
68473360.0,213500000.0,75000000.0,Dec 08 2000,Sony Pictures,Original Screenplay,Action,47.0,5.6,24294.0
20268825.0,20268825.0,20000000.0,Oct 30 1998,Sony Pictures,Based on Book/Short Story,Horror,33.0,6.8,54.0
100614858.0,202726605.0,70000000.0,Dec 14 2001,Paramount Pictures,Remake,Thriller/Suspense,39.0,6.9,87820.0
47546796.0,120100000.0,90000000.0,Apr 25 1997,20th Century Fox,Original Screenplay,Action,42.0,5.2,21313.0
12899867.0,85599867.0,9400000.0,Nov 03 2006,Sony Pictures Classics,Original Screenplay,Comedy,92.0,4.4,288.0
0.0,24906717.0,8300000.0,Nov 24 2006,Warner Bros.,Original Screenplay,Action,55.0,5.7,7936.0
35231365.0,59431365.0,58000000.0,Apr 28 2000,Universal,Based on TV,Comedy,24.0,3.3,5491.0
52894169.0,54294169.0,16000000.0,Jan 15 1999,Paramount Pictures,Original Screenplay,Drama,39.0,6.0,18066.0
110485654.0,215771698.0,52000000.0,Feb 12 2010,Warner Bros.,Original Screenplay,Romantic Comedy,17.0,5.7,17599.0
21005329.0,37975553.0,6000000.0,Apr 05 2002,Artisan,Original Screenplay,Comedy,55.0,6.4,15106.0
2077046.0,2635650.0,6000000.0,Jul 03 2008,Sony Pictures Classics,Original Screenplay,Comedy,69.0,7.1,13257.0
43057470.0,64252038.0,15000000.0,Dec 25 1997,New Line,Based on Book/Short Story,Drama,84.0,7.0,36092.0
234750.0,463039.0,7000000.0,May 12 2006,IDP/Goldwyn/Roadside,Original Screenplay,Drama,55.0,6.8,1889.0
16124543.0,16285543.0,1125000.0,Oct 07 2005,Lionsgate,Original Screenplay,Comedy,30.0,6.4,15106.0
24793251.0,55193251.0,3000000.0,Nov 20 1998,20th Century Fox,Original Screenplay,Comedy,82.0,6.4,15106.0
223808164.0,532743103.0,180000000.0,Jun 27 2008,Walt Disney Pictures,Original Screenplay,Comedy,96.0,8.5,182257.0
22466994.0,40666994.0,25000000.0,Aug 24 2007,Lionsgate,Original Screenplay,Action,55.0,6.2,28771.0
580862.0,1296184.0,10000000.0,May 23 2008,First Look,Original Screenplay,Black Comedy,29.0,6.4,15106.0
627047.0,119627047.0,40000000.0,Nov 20 2009,Magnolia Pictures,Based on Real Life Events,Action,55.0,6.4,15106.0
234280354.0,591745532.0,132000000.0,Jun 29 2005,Paramount Pictures,Remake,Action,55.0,7.2,12074.0
107509799.0,184068357.0,138000000.0,Mar 06 2009,Warner Bros.,Based on Comic/Graphic Novel,Action,64.0,7.8,132250.0
5529144.0,8119205.0,3000000.0,Apr 28 2006,Fox Searchlight,Original Screenplay,Drama,55.0,6.4,15106.0
19097550.0,22202180.0,1500000.0,May 02 2007,Fox Searchlight,Original Screenplay,Romantic Comedy,89.0,7.2,20384.0
127188.0,127188.0,8000000.0,May 18 2007,ThinkFilm,Original Screenplay,Comedy,55.0,5.5,3535.0
5951693.0,5951693.0,2000000.0,Jun 11 2010,Roadside Attractions,Original Screenplay,Drama,95.0,8.2,1704.0
19389454.0,33422485.0,35000000.0,Feb 23 2000,Paramount Pictures,Based on Book/Short Story,Comedy,81.0,7.5,31572.0
2283849.0,11125664.0,2000000.0,Dec 25 2008,Sony Pictures Classics,Based on Real Life Events,Documentary,55.0,6.4,15106.0
69148997.0,111448997.0,20000000.0,Jun 23 2004,Sony Pictures,Original Screenplay,Comedy,15.0,5.0,25970.0
16186348.0,27649774.0,1100000.0,Dec 25 2005,Weinstein Co.,Based on Real Life Events,Horror,55.0,6.3,22594.0
60400856.0,94728529.0,28000000.0,Jan 26 2001,Sony Pictures,Original Screenplay,Romantic Comedy,16.0,4.8,18717.0
1060512.0,1060512.0,5500000.0,Oct 03 2003,Lionsgate,Based on Real Life Events,Drama,35.0,6.6,11966.0
7460204.0,10061080.0,29000000.0,Aug 26 2009,Focus Features,Based on Book/Short Story,Drama,48.0,6.8,8778.0
3058380.0,3058380.0,13000000.0,Mar 02 2001,Lionsgate,Based on Real Life Events,Drama,55.0,6.4,15106.0
209218368.0,283218368.0,40000000.0,Jul 15 2005,New Line,Original Screenplay,Comedy,55.0,6.4,15106.0
31726995.0,47175038.0,15000000.0,Feb 04 2005,Universal,Based on Book/Short Story,Romantic Comedy,10.0,5.5,12205.0
1350248.0,1788168.0,312000.0,Nov 24 1999,Fine Line,Based on Real Life Events,Drama,84.0,6.4,2152.0
28563179.0,54700285.0,28000000.0,Oct 12 2007,Sony Pictures,Original Screenplay,Drama,56.0,7.0,38163.0
78120196.0,114658262.0,70000000.0,Mar 01 2002,Paramount Pictures,Based on Book/Short Story,Drama,62.0,6.9,42580.0
5128124.0,16509706.0,25000000.0,Dec 07 2005,Magnolia Pictures,Based on Real Life Events,Drama,82.0,7.9,19687.0
377556.0,1877556.0,14000000.0,Jun 25 2010,Sony Pictures Classics,Based on Book/Short Story,Thriller/Suspense,55.0,6.7,915.0
35990505.0,35990505.0,25000000.0,Apr 04 2003,Warner Bros.,Remake,Comedy,34.0,5.7,12561.0
20779666.0,38833352.0,4300000.0,Jun 06 2003,Palm Pictures,Based on Book/Short Story,Drama,90.0,7.7,21814.0
18317151.0,20575121.0,35000000.0,Dec 21 2007,Sony Pictures,Original Screenplay,Comedy,74.0,6.7,28032.0
33771174.0,40862054.0,15000000.0,Apr 28 2000,20th Century Fox,Based on Book/Short Story,Drama,34.0,6.4,13302.0
4142507.0,4142507.0,3000000.0,Sep 01 2000,Destination Films,Original Screenplay,Comedy,13.0,4.2,2973.0
13043363.0,13043363.0,15000000.0,Oct 02 2009,Fox Searchlight,Based on Book/Short Story,Comedy,84.0,7.1,14068.0
42436517.0,43607627.0,27500000.0,Feb 08 2008,Universal,Original Screenplay,Comedy,23.0,4.5,5700.0
47860214.0,66966987.0,15000000.0,Feb 03 2006,Sony/Screen Gems,Remake,Horror,9.0,4.7,16505.0
55485043.0,71485043.0,80000000.0,Oct 02 1998,Polygram,Based on Book/Short Story,Drama,55.0,6.6,30486.0
1669971.0,2814566.0,16000000.0,Dec 21 2005,Sony Pictures Classics,Original Screenplay,Drama,51.0,6.5,2855.0
12831121.0,13400080.0,30000000.0,Sep 03 2004,MGM,Remake,Thriller/Suspense,24.0,6.9,18987.0
77233467.0,99123656.0,100000000.0,Oct 16 2009,Warner Bros.,Based on Book/Short Story,Adventure,73.0,7.2,30669.0
29795299.0,55576699.0,20000000.0,Mar 20 1998,Sony Pictures,Original Screenplay,Thriller/Suspense,64.0,6.6,40110.0
16862585.0,41862585.0,35000000.0,Sep 17 2004,Universal,Original Screenplay,Romantic Comedy,60.0,6.3,21996.0
40914068.0,77628265.0,115000000.0,Jun 14 2002,MGM,Original Screenplay,Action,32.0,5.8,26421.0
32647042.0,33589427.0,15000000.0,Feb 18 2005,20th Century Fox,Based on Book/Short Story,Comedy,53.0,6.1,3720.0
11578022.0,11578022.0,30000000.0,Mar 12 1999,20th Century Fox,Based on Game,Action,11.0,3.7,9460.0
780326.0,780326.0,25000000.0,Sep 11 1998,Warner Bros.,Based on Real Life Events,Drama,78.0,6.9,3369.0
1090947.0,2412123.0,27000000.0,Oct 17 2008,Magnolia Pictures,Based on Book/Short Story,Comedy,55.0,5.9,12537.0
155464351.0,288693989.0,90000000.0,Jul 21 2000,Dreamworks SKG,Original Screenplay,Thriller/Suspense,45.0,6.5,45633.0
119519402.0,184319402.0,29000000.0,Nov 18 2005,20th Century Fox,Based on Real Life Events,Drama,82.0,7.9,85235.0
41227069.0,46060915.0,11000000.0,Jan 25 2002,Warner Bros.,Based on Book/Short Story,Drama,28.0,7.1,38045.0
6882696.0,6882696.0,20000000.0,Mar 14 2003,New Line,Remake,Horror,65.0,6.2,7702.0
113805681.0,222105681.0,175000000.0,Jun 30 1999,Warner Bros.,Based on TV,Adventure,21.0,4.3,54183.0
0.0,8243567.0,10000000.0,Jan 08 2008,Focus Features,Original Screenplay,Horror,86.0,5.9,5647.0
56094360.0,92094360.0,10000000.0,Jan 07 2005,Universal,Original Screenplay,Drama,9.0,6.4,15106.0
134508551.0,340934768.0,75000000.0,Jun 27 2008,Universal,Based on Comic/Graphic Novel,Action,71.0,6.4,1089.0
5018450.0,10192613.0,8000000.0,Sep 22 2000,Fox Searchlight,Original Screenplay,Romantic Comedy,35.0,4.9,4743.0
61979680.0,142422252.0,150000000.0,Feb 12 2010,Universal,Remake,Horror,55.0,7.4,6099.0
179883157.0,374825760.0,150000000.0,May 01 2009,20th Century Fox,Spin-Off,Action,55.0,6.7,79499.0
26902075.0,50042410.0,16000000.0,Sep 12 2008,Picturehouse,Original Screenplay,Comedy,13.0,7.9,5519.0
8064972.0,8064972.0,13000000.0,May 08 1998,New Line,Original Screenplay,Romantic Comedy,5.0,3.4,982.0
25059640.0,25059640.0,6000000.0,Jul 16 1999,Paramount Pictures,Original Screenplay,Comedy,61.0,6.1,3224.0
58156435.0,65121280.0,30000000.0,Aug 20 2004,Paramount Pictures,Based on Book/Short Story,Comedy,15.0,5.7,17207.0
32267774.0,38462071.0,30000000.0,Jun 01 2001,MGM,Original Screenplay,Comedy,10.0,5.0,6727.0
107492.0,113783.0,3500000.0,Feb 17 2006,Focus Features,Original Screenplay,Drama,40.0,6.4,4360.0
6291602.0,6291602.0,50000000.0,Mar 03 2000,Sony Pictures,Original Screenplay,Comedy,42.0,5.4,5304.0
3121270.0,3177636.0,500000.0,Jun 16 2006,IFC Films,Based on Real Life Events,Documentary,55.0,7.4,2222.0
26236603.0,43236603.0,6000000.0,Dec 17 2008,Fox Searchlight,Original Screenplay,Drama,98.0,8.2,93301.0
46213824.0,47313824.0,56000000.0,Apr 02 2004,MGM,Remake,Action,25.0,6.0,20517.0
70278893.0,163278893.0,65000000.0,Aug 09 2006,Paramount Pictures,Based on Real Life Events,Drama,69.0,6.2,34341.0
28946615.0,47267829.0,33000000.0,Sep 08 2000,Universal,Original Screenplay,Thriller/Suspense,10.0,3.7,959.0
12482775.0,15466961.0,20000000.0,Oct 28 2005,Paramount Pictures,Original Screenplay,Drama,58.0,6.9,35394.0
37760080.0,49730854.0,70000000.0,Sep 17 2004,Paramount Pictures,Original Screenplay,Adventure,72.0,6.3,40281.0
10275638.0,12254746.0,35000000.0,Sep 11 2009,Warner Bros.,Based on Comic/Graphic Novel,Thriller/Suspense,7.0,5.3,10044.0
161491646.0,190191646.0,23000000.0,Nov 06 1998,Walt Disney Pictures,Original Screenplay,Comedy,32.0,5.7,43251.0
15417771.0,28649556.0,10000000.0,May 30 2003,20th Century Fox,Original Screenplay,Horror,40.0,5.8,119.0
182805123.0,372100000.0,65000000.0,Dec 15 2000,Paramount Pictures,Original Screenplay,Romantic Comedy,53.0,6.3,54525.0
6047856.0,13061935.0,9000000.0,Sep 08 2000,Artisan,Original Screenplay,Action,48.0,6.5,17513.0
20982478.0,68369434.0,35000000.0,Jul 25 2008,20th Century Fox,Based on TV,Action,55.0,5.9,35433.0
83898313.0,189176423.0,66000000.0,Jun 19 1998,20th Century Fox,Based on TV,Action,55.0,6.4,15106.0
12482741.0,12697741.0,31000000.0,Jan 22 2010,CBS Films,Based on Real Life Events,Drama,27.0,6.4,3770.0
157299717.0,334627820.0,75000000.0,Jul 14 2000,20th Century Fox,Based on Comic/Graphic Novel,Action,82.0,7.4,120706.0
214949694.0,407711549.0,125000000.0,May 02 2003,20th Century Fox,Based on Comic/Graphic Novel,Action,55.0,7.8,112320.0
234362462.0,459359555.0,150000000.0,May 26 2006,20th Century Fox,Based on Comic/Graphic Novel,Action,57.0,6.9,109125.0
25572.0,25572.0,40000.0,Mar 12 2010,Oscilloscope Pictures,Original Screenplay,Drama,55.0,6.2,260.0
101384023.0,240484023.0,82000000.0,Aug 13 2010,Lionsgate,Original Screenplay,Action,40.0,7.1,42427.0
26873932.0,71073932.0,60000000.0,Apr 29 2005,Sony Pictures,Original Screenplay,Action,55.0,4.1,19527.0
882710.0,2282710.0,20000000.0,Oct 20 2000,Miramax,Original Screenplay,Drama,64.0,6.3,8784.0
69586544.0,73826768.0,27000000.0,Jun 07 2002,Warner Bros.,Based on Book/Short Story,Comedy,55.0,6.4,15106.0
9180275.0,11005992.0,1200000.0,Nov 10 2000,Paramount Vantage,Original Screenplay,Drama,95.0,7.7,14261.0
43337279.0,57604723.0,60000000.0,Jun 19 2009,Sony Pictures,Original Screenplay,Comedy,14.0,5.0,23091.0
396035.0,661221.0,1700000.0,Jun 24 2005,Sony Pictures Classics,Original Screenplay,Drama,55.0,6.4,15106.0
97690976.0,225990976.0,50000000.0,Dec 19 2008,Warner Bros.,Based on Book/Short Story,Comedy,43.0,7.0,62150.0
2426851.0,2426851.0,4000000.0,Jun 22 2007,IFC Films,Original Screenplay,Black Comedy,78.0,6.7,9498.0
53359917.0,72359917.0,45000000.0,Nov 23 2005,Paramount Pictures,Remake,Comedy,55.0,7.6,259.0
115821495.0,250800000.0,65000000.0,Dec 18 1998,Warner Bros.,Based on Play,Drama,68.0,6.2,52587.0
15285588.0,17585588.0,18000000.0,Jan 08 2010,Weinstein/Dimension,Based on Book/Short Story,Comedy,55.0,6.7,14670.0
13649881.0,33649881.0,5000000.0,Mar 15 2002,IFC Films,Original Screenplay,Drama,55.0,6.4,15106.0
19762690.0,28762690.0,20000000.0,Aug 13 2004,Warner Bros.,Based on TV,Adventure,55.0,6.4,15106.0
58163.0,58163.0,800000.0,Apr 11 2003,Indican Pictures,Original Screenplay,Drama,55.0,4.5,98.0
11001272.0,11001272.0,35000000.0,Dec 18 2009,Apparition,Based on Real Life Events,Drama,76.0,7.2,8408.0
28045540.0,58545540.0,65000000.0,Nov 11 2005,Sony Pictures,Based on Book/Short Story,Adventure,75.0,6.4,15106.0
2080693.0,2080693.0,5000000.0,Jan 30 1998,Sony Pictures,Original Screenplay,Comedy,66.0,6.8,8489.0
45172250.0,60780981.0,28000000.0,Sep 28 2001,Paramount Pictures,Original Screenplay,Comedy,62.0,6.4,69296.0
75590286.0,98690286.0,23600000.0,Oct 02 2009,Sony Pictures,Original Screenplay,Comedy,89.0,7.8,81629.0
31452765.0,36851125.0,24000000.0,Oct 31 2008,Weinstein Co.,Original Screenplay,Comedy,65.0,7.0,55687.0
33080084.0,83080084.0,85000000.0,Mar 02 2007,Paramount Pictures,Based on Book/Short Story,Thriller/Suspense,89.0,6.4,15106.0
11989328.0,12506188.0,35000000.0,Aug 11 2006,Sony Pictures,Based on Comic/Graphic Novel,Adventure,3.0,3.4,7424.0
45575336.0,141475336.0,80000000.0,Oct 28 2005,Sony Pictures,Remake,Adventure,26.0,5.7,21161.0
93828745.0,233700000.0,65000000.0,Jul 17 1998,Sony Pictures,Remake,Adventure,82.0,6.7,4789.0
